 (44275) CMD_U0: waiting for pending UART response ch=8 before next command
 (44296) CMD_U0: waiting for pending UART response ch=8 before next command
 (44322) CMD_U0: waiting for pending UART response ch=8 before next command
I (44347) CMD_U0: waiting for pending UART response ch=8 before next command
I (44372) CMD_U0: waiting for pending UART response ch=8 before next command
I (44398) CMD_U0: waiting for pending UART response ch=8 before next command
I (44423) CMD_U0: waiting for pending UART response ch=8 before next command
I (44448) CMD_U0: waiting for pending UART response ch=8 before next command
I (44474) CMD_U0: waiting for pending UART response ch=8 before next command
I (44499) CMD_U0: waiting for pending UART response ch=8 before next command
I (44525) CMD_U0: waiting for pending UART response ch=8 before next command
I (44550) CMD_U0: waiting for pending UART response ch=8 before next command
W (44559) RX_TASK: RX timeout slot1 type=1 reqID=0 (1001ms)
I (44575) CMD_U0: waiting for pending UART response ch=8 before next command
I (44601) CMD_U0: waiting for pending UART response ch=8 before next command
I (44626) CMD_U0: waiting for pending UART response ch=8 before next command
I (44652) CMD_U0: waiting for pending UART response ch=8 before next command
I (44677) CMD_U0: waiting for pending UART response ch=8 before next command
I (44702) CMD_U0: waiting for pending UART response ch=8 before next command
I (44728) CMD_U0: waiting for pending UART response ch=8 before next command
I (44753) CMD_U0: waiting for pending UART response ch=8 before next command
I (44779) CMD_U0: waiting for pending UART response ch=8 before next command
I (44805) CMD_U0: waiting for pending UART response ch=8 before next command
I (44831) CMD_U0: waiting for pending UART response ch=8 before next command
I (44856) CMD_U0: waiting for pending UART response ch=8 before next command
I (44881) CMD_U0: waiting for pending UART response ch=8 before next command
I (44906) CMD_U0: waiting for pending UART response ch=8 before next command
I (44931) CMD_U0: waiting for pending UART response ch=8 before next command
I (44957) CMD_U0: waiting for pending UART response ch=8 before next command
I (44978) CMD_U0: waiting for pending UART response ch=8 before next command
I (45003) CMD_U0: waiting for pending UART response ch=8 before next command
I (45028) CMD_U0: waiting for pending UART response ch=8 before next command
I (45054) CMD_U0: waiting for pending UART response ch=8 before next command
I (45079) CMD_U0: waiting for pending UART response ch=8 before next command
E (45101) MQTT: Publish failed
W (45101) TRANSPORT: No transport connected for broadcast
W (45101) MSG: Broadcast failed, falling back to MQTT
E (45102) MQTT: Publish failed
I (45104) CMD_U0: waiting for pending UART response ch=8 before next command
E (45126) MQTT: Publish failed
W (45126) TRANSPORT: No transport connected for broadcast
W (45126) MSG: Broadcast failed, falling back to MQTT
E (45127) MQTT: Publish failed
I (45130) CMD_U0: waiting for pending UART response ch=8 before next command
I (45132) CMD_U1: waiting for pending UART response ch=9 before next command
E (45152) MQTT: Publish failed
W (45152) TRANSPORT: No transport connected for broadcast
W (45152) MSG: Broadcast failed, falling back to MQTT
E (45153) MQTT: Publish failed
I (45156) CMD_U0: waiting for pending UART response ch=8 before next command
E (45177) MQTT: Publish failed
W (45177) TRANSPORT: No transport connected for broadcast
I (45177) CMD_U0: waiting for pending UART response ch=8 before next command
W (45177) MSG: Broadcast failed, falling back to MQTT
E (45178) MQTT: Publish failed
E (45198) MQTT: Publish failed
W (45198) TRANSPORT: No transport connected for broadcast
W (45198) MSG: Broadcast failed, falling back to MQTT
E (45199) MQTT: Publish failed
I (45203) CMD_U0: waiting for pending UART response ch=8 before next command
E (45224) MQTT: Publish failed
W (45224) TRANSPORT: No transport connected for broadcast
W (45224) MSG: Broadcast failed, falling back to MQTT
E (45225) MQTT: Publish failed
I (45229) CMD_U0: waiting for pending UART response ch=8 before next command
I (45249) CMD_U0: waiting for pending UART response ch=8 before next command
E (45249) MQTT: Publish failed
W (45250) TRANSPORT: No transport connected for broadcast
W (45250) MSG: Broadcast failed, falling back to MQTT
E (45250) MQTT: Publish failed
I (45274) CMD_U0: waiting for pending UART response ch=8 before next command
I (45299) CMD_U0: waiting for pending UART response ch=8 before next command
I (45324) CMD_U0: waiting for pending UART response ch=8 before next command
I (45350) CMD_U0: waiting for pending UART response ch=8 before next command
I (45375) CMD_U0: waiting for pending UART response ch=8 before next command
I (45400) CMD_U0: waiting for pending UART response ch=8 before next command
I (45425) CMD_U0: waiting for pending UART response ch=8 before next command
I (45451) CMD_U0: waiting for pending UART response ch=8 before next command
I (45476) CMD_U0: waiting for pending UART response ch=8 before next command
I (45501) CMD_U0: waiting for pending UART response ch=8 before next command
I (45526) CMD_U0: waiting for pending UART response ch=8 before next command
I (45552) CMD_U0: waiting for pending UART response ch=8 before next command
I (45572) CMD_U0: waiting for pending UART response ch=8 before next command
W (45584) RX_TASK: RX timeout slot1 type=1 reqID=0 (1001ms)
E (45592) MQTT: Publish failed
W (45592) TRANSPORT: No transport connected for broadcast
W (45592) MSG: Broadcast failed, falling back to MQTT
E (45593) MQTT: Publish failed
I (45593) CMD_U0: waiting for pending UART response ch=8 before next command
E (45613) MQTT: Publish failed
W (45613) TRANSPORT: No transport connected for broadcast
W (45613) MSG: Broadcast failed, falling back to MQTT
E (45614) MQTT: I (45614) CMD_U0: waiting for pending UART response ch=8 before next command
Publish failed
E (45638) MQTT: Publish failed
W (45638) TRANSPORT: No transport connected for broadcast
W (45638) MSG: Broadcast failed, falling back to MQTT
I (45639) CMD_U0: E (45639) MQTT: waiting for pending UART response ch=8 before next command
Publish failed
E (45659) MQTT: Publish failed
W (45659) TRANSPORT: No transport connected for broadcast
W (45659) MSG: Broadcast failed, falling back to MQTT
E (45660) MQTT: Publish failed
I (45664) CMD_U0: waiting for pending UART response ch=8 before next command
E (45684) MQTT: Publish failed
W (45684) TRANSPORT: No transport connected for broadcast
W (45684) MSG: Broadcast failed, falling back to MQTT
E (45685) MQTT: Publish failed
I (45685) CMD_U0: waiting for pending UART response ch=8 before next command
E (45705) MQTT: Publish failed
W (45705) TRANSPORT: No transport connected for broadcast
W (45705) MSG: Broadcast failed, falling back to MQTT
E (45706) MQTT: Publish failed
I (45706) CMD_U0: waiting for pending UART response ch=8 before next command
E (45726) MQTT: Publish failed
W (45726) TRANSPORT: No transport connected for broadcast
W (45726) MSG: Broadcast failed, falling back to MQTT
E (45727) MQTT: I (45727) CMD_U0: waiting for pending UART response ch=8 before next command
Publish failed
E (45751) MQTT: Publish failed
W (45751) TRANSPORT: No transport connected for broadcast
W (45751) MSG: Broadcast failed, falling back to MQTT
I (45752) CMD_U0: waiting for pending UART response ch=8 before next command
E (45752) MQTT: Publish failed
E (45772) MQTT: Publish failed
W (45772) TRANSPORT: No transport connected for broadcast
W (45772) MSG: Broadcast failed, falling back to MQTT
E (45773) MQTT: Publish failed
I (45777) CMD_U0: waiting for pending UART response ch=8 before next command
E (45797) MQTT: Publish failed
W (45797) TRANSPORT: No transport connected for broadcast
W (45797) MSG: Broadcast failed, falling back to MQTT
E (45798) MQTT: Publish failed
I (45798) CMD_U0: waiting for pending UART response ch=8 before next command
E (45818) MQTT: Publish failed
W (45818) TRANSPORT: No transport connected for broadcast
W (45818) MSG: Broadcast failed, falling back to MQTT
E (45819) MQTT: Publish failed
I (45819) CMD_U0: waiting for pending UART response ch=8 before next command
E (45839) MQTT: Publish failed
W (45839) TRANSPORT: No transport connected for broadcast
W (45839) MSG: Broadcast failed, falling back to MQTT
E (45840) MQTT: Publish failed
I (45840) CMD_U0: waiting for pending UART response ch=8 before next command
E (45860) MQTT: Publish failed
W (45860) TRANSPORT: No transport connected for broadcast
W (45860) MSG: Broadcast failed, falling back to MQTT
E (45861) MQTT: Publish failed
I (45865) CMD_U0: waiting for pending UART response ch=8 before next command
E (45885) MQTT: Publish failed
W (45885) TRANSPORT: No transport connected for broadcast
W (45885) MSG: Broadcast failed, falling back to MQTT
E (45886) MQTT: Publish failed
I (45886) CMD_U0: waiting for pending UART response ch=8 before next command
E (45908) MQTT: Publish failed
W (45908) TRANSPORT: No transport connected for broadcast
W (45908) MSG: Broadcast failed, falling back to MQTT
E (45909) MQTT: Publish failed
I (45912) CMD_U0: waiting for pending UART response ch=8 before next command
E (45934) MQTT: Publish failed
W (45934) TRANSPORT: No transport connected for broadcast
W (45934) MSG: Broadcast failed, falling back to MQTT
E (45935) MQTT: Publish failed
I (45938) CMD_U0: waiting for pending UART response ch=8 before next command
E (45960) MQTT: Publish failed
W (45960) TRANSPORT: No transport connected for broadcast
W (45960) MSG: Broadcast failed, falling back to MQTT
E (45961) MQTT: Publish failed
I (45963) CMD_U0: waiting for pending UART response ch=8 before next command
E (45986) MQTT: Publish failed
W (45986) TRANSPORT: No transport connected for broadcast
W (45986) MSG: Broadcast failed, falling back to MQTT
E (45987) MQTT: Publish failed
I (45989) CMD_U0: waiting for pending UART response ch=8 before next command
E (46012) MQTT: Publish failed
W (46012) TRANSPORT: No transport connected for broadcast
W (46012) MSG: Broadcast failed, falling back to MQTT
E (46013) MQTT: Publish failed
I (46015) CMD_U0: waiting for pending UART response ch=8 before next command
E (46038) MQTT: Publish failed
W (46038) TRANSPORT: No transport connected for broadcast
W (46039) MSG: Broadcast failed, falling back to MQTT
E (46039) MQTT: Publish failed
I (46040) CMD_U0: waiting for pending UART response ch=8 before next command
E (46064) MQTT: Publish failed
W (46064) TRANSPORT: No transport connected for broadcast
W (46064) MSG: Broadcast failed, falling back to MQTT
E (46065) MQTT: Publish failed
I (46065) CMD_U0: waiting for pending UART response ch=8 before next command
E (46085) MQTT: Publish failed
W (46085) TRANSPORT: No transport connected for broadcast
W (46085) MSG: Broadcast failed, falling back to MQTT
E (46086) MQTT: Publish failed
I (46086) CMD_U0: waiting for pending UART response ch=8 before next command
E (46106) MQTT: Publish failed
W (46106) TRANSPORT: No transport connected for broadcast
W (46106) MSG: Broadcast failed, falling back to MQTT
E (46107) MQTT: Publish failed
I (46107) CMD_U0: waiting for pending UART response ch=8 before next command
I (46132) CMD_U1: waiting for pending UART response ch=9 before next command
E (46132) MQTT: Publish failed
W (46132) TRANSPORT: No transport connected for broadcast
W (46133) MSG: Broadcast failed, falling back to MQTT
E (46133) MQTT: Publish failed
I (46133) CMD_U0: waiting for pending UART response ch=8 before next command
E (46152) MQTT: Publish failed
W (46152) TRANSPORT: No transport connected for broadcast
W (46152) MSG: Broadcast failed, falling back to MQTT
E (46153) MQTT: Publish failed
I (46154) CMD_U0: waiting for pending UART response ch=8 before next command
E (46178) MQTT: Publish failed
W (46178) TRANSPORT: No transport connected for broadcast
W (46178) MSG: Broadcast failed, falling back to MQTT
E (46179) MQTT: Publish failed
I (46180) CMD_U0: waiting for pending UART response ch=8 before next command
E (46203) MQTT: Publish failed
W (46203) TRANSPORT: No transport connected for broadcast
W (46203) MSG: Broadcast failed, falling back to MQTT
E (46204) MQTT: Publish failed
I (46206) CMD_U0: waiting for pending UART response ch=8 before next command
E (46229) MQTT: Publish failed
W (46229) TRANSPORT: No transport connected for broadcast
W (46229) MSG: Broadcast failed, falling back to MQTT
E (46230) MQTT: Publish failed
I (46232) CMD_U0: waiting for pending UART response ch=8 before next command
E (46254) MQTT: Publish failed
W (46254) TRANSPORT: No transport connected for broadcast
W (46254) MSG: Broadcast failed, falling back to MQTT
E (46255) MQTT: Publish failed
I (46258) CMD_U0: waiting for pending UART response ch=8 before next command
E (46279) MQTT: Publish failed
W (46279) TRANSPORT: No transport connected for broadcast
W (46279) MSG: Broadcast failed, falling back to MQTT
E (46280) MQTT: Publish failed
I (46284) CMD_U0: waiting for pending UART response ch=8 before next command
E (46305) MQTT: Publish failed
W (46305) TRANSPORT: No transport connected for broadcast
W (46305) MSG: Broadcast failed, falling back to MQTT
E (46306) MQTT: Publish failed
I (46310) CMD_U0: waiting for pending UART response ch=8 before next command
E (46330) MQTT: Publish failed
W (46330) TRANSPORT: No transport connected for broadcast
W (46330) MSG: Broadcast failed, falling back to MQTT
E (46331) MQTT: Publish failed
I (46335) CMD_U0: waiting for pending UART response ch=8 before next command
E (46355) MQTT: Publish failed
W (46355) TRANSPORT: No transport connected for broadcast
W (46355) MSG: Broadcast failed, falling back to MQTT
I (46356) CMD_U0: waiting for pending UART response ch=8 before next command
E (46356) MQTT: Publish failed
E (46376) MQTT: Publish failed
W (46376) TRANSPORT: No transport connected for broadcast
W (46376) MSG: Broadcast failed, falling back to MQTT
E (46377) MQTT: Publish failed
I (46381) CMD_U0: waiting for pending UART response ch=8 before next command
E (46401) MQTT: Publish failed
W (46401) TRANSPORT: No transport connected for broadcast
W (46401) MSG: Broadcast failed, falling back to MQTT
E (46402) MQTT: Publish failed
I (46406) CMD_U0: waiting for pending UART response ch=8 before next command
I (46426) CMD_U0: waiting for pending UART response ch=8 before next command
I (46451) CMD_U0: waiting for pending UART response ch=8 before next command
I (46476) CMD_U0: waiting for pending UART response ch=8 before next command
I (46501) CMD_U0: waiting for pending UART response ch=8 before next command
I (46526) CMD_U0: waiting for pending UART response ch=8 before next command
I (46552) CMD_U0: waiting for pending UART response ch=8 before next command
I (46578) CMD_U0: waiting for pending UART response ch=8 before next command
I (46603) CMD_U0: waiting for pending UART response ch=8 before next command
W (46609) RX_TASK: RX timeout slot1 type=1 reqID=0 (1001ms)
I (46628) CMD_U0: waiting for pending UART response ch=8 before next command
I (46654) CMD_U0: waiting for pending UART response ch=8 before next command
I (46681) CMD_U0: waiting for pending UART response ch=8 before next command
I (46702) CMD_U0: waiting for pending UART response ch=8 before next command
I (46727) CMD_U0: waiting for pending UART response ch=8 before next command
I (46757) CMD_U0: waiting for pending UART response ch=8 before next command
I (46782) CMD_U0: waiting for pending UART response ch=8 before next command
I (46803) CMD_U0: waiting for pending UART response ch=8 before next command
I (46829) CMD_U0: waiting for pending UART response ch=8 before next command
I (46855) CMD_U0: waiting for pending UART response ch=8 before next command
I (46881) CMD_U0: waiting for pending UART response ch=8 before next command
I (46906) CMD_U0: waiting for pending UART response ch=8 before next command
I (46932) CMD_U0: waiting for pending UART response ch=8 before next command
I (46957) CMD_U0: waiting for pending UART response ch=8 before next command
I (46983) CMD_U0: waiting for pending UART response ch=8 before next command
I (47009) CMD_U0: waiting for pending UART response ch=8 before next command
I (47035) CMD_U0: waiting for pending UART response ch=8 before next command
I (47060) CMD_U0: waiting for pending UART response ch=8 before next command
I (47085) CMD_U0: waiting for pending UART response ch=8 before next command
I (47110) CMD_U0: waiting for pending UART response ch=8 before next command
I (47132) CMD_U1: waiting for pending UART response ch=9 before next command
I (47135) CMD_U0: waiting for pending UART response ch=8 before next command
I (47161) CMD_U0: waiting for pending UART response ch=8 before next command
I (47187) CMD_U0: waiting for pending UART response ch=8 before next command
I (47212) CMD_U0: waiting for pending UART response ch=8 before next command
E (47233) MQTT: Publish failed
W (47233) TRANSPORT: No transport connected for broadcast
W (47233) MSG: Broadcast failed, falling back to MQTT
E (47234) MQTT: Publish failed
I (47238) CMD_U0: waiting for pending UART response ch=8 before next command
E (47258) MQTT: Publish failed
W (47258) TRANSPORT: No transport connected for broadcast
W (47258) MSG: Broadcast failed, falling back to MQTT
E (47259) MQTT: Publish failed
I (47259) CMD_U0: waiting for pending UART response ch=8 before next command
E (47280) MQTT: Publish failed
W (47280) TRANSPORT: No transport connected for broadcast
W (47280) MSG: Broadcast failed, falling back to MQTT
E (47281) MQTT: Publish failed
I (47285) CMD_U0: waiting for pending UART response ch=8 before next command
E (47306) MQTT: Publish failed
W (47306) TRANSPORT: No transport connected for broadcast
W (47306) MSG: Broadcast failed, falling back to MQTT
E (47307) MQTT: Publish failed
I (47311) CMD_U0: waiting for pending UART response ch=8 before next command
E (47331) MQTT: Publish failed
W (47331) TRANSPORT: No transport connected for broadcast
W (47331) MSG: Broadcast failed, falling back to MQTT
E (47332) MQTT: Publish failedI (47332) CMD_U0: waiting for pending UART response ch=8 before next command

E (47353) MQTT: Publish failed
W (47353) TRANSPORT: No transport connected for broadcast
W (47353) MSG: Broadcast failed, falling back to MQTT
E (47354) MQTT: Publish failed
I (47357) CMD_U0: waiting for pending UART response ch=8 before next command
E (47378) MQTT: Publish failed
W (47378) TRANSPORT: No transport connected for broadcast
W (47378) MSG: Broadcast failed, falling back to MQTT
E (47379) MQTT: Publish failed
I (47383) CMD_U0: waiting for pending UART response ch=8 before next command
E (47404) MQTT: Publish failed
W (47404) TRANSPORT: No transport connected for broadcast
W (47404) MSG: Broadcast failed, falling back to MQTT
E (47405) MQTT: Publish failed
I (47408) CMD_U0: waiting for pending UART response ch=8 before next command
E (47431) MQTT: Publish failed
W (47431) TRANSPORT: No transport connected for broadcast
W (47431) MSG: Broadcast failed, falling back to MQTT
E (47432) MQTT: Publish failed
I (47434) CMD_U0: waiting for pending UART response ch=8 before next command
E (47456) MQTT: Publish failed
W (47456) TRANSPORT: No transport connected for broadcast
W (47456) MSG: Broadcast failed, falling back to MQTT
E (47457) MQTT: Publish failed
I (47460) CMD_U0: waiting for pending UART response ch=8 before next command
W (47475) EHOME: [intdiag] t=45 internal free=48283 largest=23552 min_ever=31628 | total free=8327703 largest=8257536 | floor=16384
E (47478) MQTT: Publish failed
W (47478) TRANSPORT: No transport connected for broadcast
W (47479) MSG: Broadcast failed, falling back to MQTT
E (47479) MQTT: Publish failed
E (47483) MQTT: Publish failed
W (47483) TRANSPORT: No transport connected for broadcast
W (47483) MSG: Broadcast failed, falling back to MQTT
E (47483) MQTT: Publish failed
I (47486) CMD_U0: waiting for pending UART response ch=8 before next command
E (47507) MQTT: Publish failed
W (47507) TRANSPORT: No transport connected for broadcast
W (47507) MSG: Broadcast failed, falling back to MQTT
E (47508) MQTT: Publish failed
I (47511) CMD_U0: waiting for pending UART response ch=8 before next command
E (47532) MQTT: Publish failed
W (47532) TRANSPORT: No transport connected for broadcast
I (47532) CMD_U0: waiting for pending UART response ch=8 before next command
W (47532) MSG: Broadcast failed, falling back to MQTT
E (47533) MQTT: Publish failed
E (47554) MQTT: Publish failed
W (47554) TRANSPORT: No transport connected for broadcast
W (47554) MSG: Broadcast failed, falling back to MQTT
E (47555) MQTT: Publish failed
I (47558) CMD_U0: waiting for pending UART response ch=8 before next command
E (47561) MQTT: Publish failed
W (47561) TRANSPORT: No transport connected for broadcast
W (47561) MSG: Broadcast failed, falling back to MQTT
E (47561) MQTT: Publish failed
E (47581) MQTT: Publish failed
W (47581) TRANSPORT: No transport connected for broadcast
W (47581) MSG: Broadcast failed, falling back to MQTT
E (47582) MQTT: Publish failed
I (47583) CMD_U0: waiting for pending UART response ch=8 before next command
E (47606) MQTT: Publish failed
W (47606) TRANSPORT: No transport connected for broadcast
W (47606) MSG: Broadcast failed, falling back to MQTT
E (47607) MQTT: Publish failed
I (47608) CMD_U0: waiting for pending UART response ch=8 before next command
W (47613) RX_TASK: RX timeout slot1 type=1 reqID=0 (1001ms)
E (47634) MQTT: Publish failed
W (47634) TRANSPORT: No transport connected for broadcast
W (47634) MSG: Broadcast failed, falling back to MQTT
E (47635) MQTT: Publish failed
I (47639) CMD_U0: waiting for pending UART response ch=8 before next command
E (47660) MQTT: Publish failed
W (47660) TRANSPORT: No transport connected for broadcast
W (47660) MSG: Broadcast failed, falling back to MQTT
E (47661) MQTT: Publish failed
I (47664) CMD_U0: waiting for pending UART response ch=8 before next command
E (47685) MQTT: Publish failed
W (47685) TRANSPORT: No transport connected for broadcast
W (47685) MSG: Broadcast failed, falling back to MQTT
E (47686) MQTT: Publish failed
I (47690) CMD_U0: waiting for pending UART response ch=8 before next command
E (47711) MQTT: Publish failed
W (47711) TRANSPORT: No transport connected for broadcast
W (47711) MSG: Broadcast failed, falling back to MQTT
E (47712) MQTT: Publish failed
I (47715) CMD_U0: waiting for pending UART response ch=8 before next command
E (47738) MQTT: Publish failed
W (47738) TRANSPORT: No transport connected for broadcast
W (47738) MSG: Broadcast failed, falling back to MQTT
E (47739) MQTT: Publish failed
I (47740) CMD_U0: waiting for pending UART response ch=8 before next command
E (47765) MQTT: Publish failed
I (47766) CMD_U0: waiting for pending UART response ch=8 before next command
W (47767) TRANSPORT: No transport connected for broadcast
W (47768) MSG: Broadcast failed, falling back to MQTT
E (47768) MQTT: Publish failed
I (47787) CMD_U0: waiting for pending UART response ch=8 before next command
I (47813) CMD_U0: waiting for pending UART response ch=8 before next command
I (47839) CMD_U0: waiting for pending UART response ch=8 before next command
I (47864) CMD_U0: waiting for pending UART response ch=8 before next command
I (47889) CMD_U0: waiting for pending UART response ch=8 before next command
I (47914) CMD_U0: waiting for pending UART response ch=8 before next command
I (47939) CMD_U0: waiting for pending UART response ch=8 before next command
I (47965) CMD_U0: waiting for pending UART response ch=8 before next command
I (47990) CMD_U0: waiting for pending UART response ch=8 before next command
I (48016) CMD_U0: waiting for pending UART response ch=8 before next command
I (48041) CMD_U0: waiting for pending UART response ch=8 before next command
E (48064) MQTT: Publish failed
W (48064) TRANSPORT: No transport connected for broadcast
W (48064) MSG: Broadcast failed, falling back to MQTT
E (48065) MQTT: Publish failed
I (48067) CMD_U0: waiting for pending UART response ch=8 before next command
E (48089) MQTT: Publish failed
W (48089) TRANSPORT: No transport connected for broadcast
W (48089) MSG: Broadcast failed, falling back to MQTT
E (48090) MQTT: Publish failed
I (48093) CMD_U0: waiting for pending UART response ch=8 before next command
E (48114) MQTT: Publish failed
W (48114) TRANSPORT: No transport connected for broadcast
W (48114) MSG: Broadcast failed, falling back to MQTT
E (48115) MQTT: Publish failed
I (48118) CMD_U0: waiting for pending UART response ch=8 before next command
I (48132) CMD_U1: waiting for pending UART response ch=9 before next command
E (48141) MQTT: Publish failed
W (48141) TRANSPORT: No transport connected for broadcast
W (48141) MSG: Broadcast failed, falling back to MQTT
E (48142) MQTT: Publish failed
I (48144) CMD_U0: waiting for pending UART response ch=8 before next command
E (48167) MQTT: Publish failed
W (48167) TRANSPORT: No transport connected for broadcast
W (48167) MSG: Broadcast failed, falling back to MQTT
E (48168) MQTT: Publish failed
I (48170) CMD_U0: waiting for pending UART response ch=8 before next command
E (48192) MQTT: Publish failed
W (48192) TRANSPORT: No transport connected for broadcast
W (48192) MSG: Broadcast failed, falling back to MQTT
E (48193) MQTT: Publish failed
I (48196) CMD_U0: waiting for pending UART response ch=8 before next command
E (48219) MQTT: Publish failed
W (48219) TRANSPORT: No transport connected for broadcast
W (48219) MSG: Broadcast failed, falling back to MQTT
E (48220) MQTT: Publish failed
I (48221) CMD_U0: waiting for pending UART response ch=8 before next command
E (48241) MQTT: Publish failed
W (48241) TRANSPORT: No transport connected for broadcast
W (48241) MSG: Broadcast failed, falling back to MQTT
E (48242) MQTT: Publish failed
I (48242) CMD_U0: waiting for pending UART response ch=8 before next command
E (48266) MQTT: Publish failed
W (48266) TRANSPORT: No transport connected for broadcast
W (48266) MSG: Broadcast failed, falling back to MQTT
E (48267) MQTT: Publish failed
I (48267) CMD_U0: waiting for pending UART response ch=8 before next command
E (48286) MQTT: Publish failed
W (48286) TRANSPORT: No transport connected for broadcast
W (48286) MSG: Broadcast failed, falling back to MQTT
I (48287) CMD_U0: waiting for pending UART response ch=8 before next commandE (48287) MQTT: 
Publish failed
E (48307) MQTT: Publish failed
W (48307) TRANSPORT: No transport connected for broadcast
I (48308) CMD_U0: waiting for pending UART response ch=8 before next command
W (48308) MSG: Broadcast failed, falling back to MQTT
E (48308) MQTT: Publish failed
E (48327) MQTT: Publish failed
W (48327) TRANSPORT: No transport connected for broadcast
W (48327) MSG: Broadcast failed, falling back to MQTT
E (48328) MQTT: I (48328) CMD_U0: waiting for pending UART response ch=8 before next command
Publish failed
E (48347) MQTT: Publish failed
W (48347) TRANSPORT: No transport connected for broadcast
W (48347) MSG: Broadcast failed, falling back to MQTT
E (48348) MQTT: Publish failed
I (48348) CMD_U0: waiting for pending UART response ch=8 before next command
W (48368) TRANSPORT: No transport connected for broadcast
 (48368) MSG: Broadcast failed, falling back to MQTT
 (48369) MQTT: I (48369) CMD_U0: waiting for pending UART response ch=8 before next command
Publish failed
48388) MQTT: Publish failed
TRANSPORT: No transport connected for broadcast
W (48388) MSG: Broadcast failed, falling back to MQTT
E (48389) MQTT: Publish failed
8389) CMD_U0: waiting for pending UART response ch=8 before next command
 (48409) MQTT: Publish failed
Publish failed
I (48414) CMD_U0: waiting for pending UART response ch=8 before next command
E (48434) MQTT: Publish failed
W (48434) TRANSPORT: No transport connected for broadcast
W (48434) MSG: Broadcast failed, falling back to MQTT
E (48435) MQTT: Publish failedI (48435) CMD_U0: waiting for pending UART response ch=8 before next command

E (48455) MQTT: Publish failed
W (48455) TRANSPORT: No transport connected for broadcast
W (48455) MSG: Broadcast failed, falling back to MQTT
E (48456) MQTT: Publish failed
I (48460) CMD_U0: waiting for pending UART response ch=8 before next command
E (48480) MQTT: Publish failed
W (48480) TRANSPORT: No transport connected for broadcast
W (48480) MSG: Broadcast failed, falling back to MQTT
E (48481) MQTT: Publish failed
I (48482) CMD_U0: waiting for pending UART response ch=8 before next command
E (48482) MQTT: Publish failed
W (48483) TRANSPORT: No transport connected for broadcast
W (48483) MSG: Broadcast failed, falling back to MQTT
E (48483) MQTT: Publish failed
E (48501) MQTT: Publish failed
W (48501) TRANSPORT: No transport connected for broadcast
W (48501) MSG: Broadcast failed, falling back to MQTT
E (48502) MQTT: Publish failed
I (48502) CMD_U0: waiting for pending UART response ch=8 before next command
E (48522) MQTT: Publish failed
W (48522) TRANSPORT: No transport connected for broadcast
W (48522) MSG: Broadcast failed, falling back to MQTT
E (48523) MQTT: Publish failed
I (48523) CMD_U0: waiting for pending UART response ch=8 before next command
E (48547) MQTT: Publish failed
W (48547) TRANSPORT: No transport connected for broadcast
W (48547) MSG: Broadcast failed, falling back to MQTT
E (48548) MQTT: Publish failed
I (48549) CMD_U0: waiting for pending UART response ch=8 before next command
E (48561) MQTT: Publish failed
W (48561) TRANSPORT: No transport connected for broadcast
W (48561) MSG: Broadcast failed, falling back to MQTT
E (48562) MQTT: Publish failed
E (48573) MQTT: Publish failed
W (48573) TRANSPORT: No transport connected for broadcast
W (48573) MSG: Broadcast failed, falling back to MQTT
E (48574) MQTT: Publish failed
I (48574) CMD_U0: waiting for pending UART response ch=8 before next command
E (48598) MQTT: Publish failed
W (48598) TRANSPORT: No transport connected for broadcast
W (48599) MSG: Broadcast failed, falling back to MQTT
I (48599) CMD_U0: waiting for pending UART response ch=8 before next command
E (48599) MQTT: Publish failed
E (48619) MQTT: Publish failed
W (48619) TRANSPORT: No transport connected for broadcast
W (48619) MSG: Broadcast failed, falling back to MQTT
E (48620) MQTT: Publish failed
I (48624) CMD_U0: waiting for pending UART response ch=8 before next command
W (48639) RX_TASK: RX timeout slot1 type=1 reqID=0 (1001ms)
E (48645) MQTT: Publish failed
W (48645) TRANSPORT: No transport connected for broadcast
W (48645) MSG: Broadcast failed, falling back to MQTT
E (48646) MQTT: Publish failed
I (48650) CMD_U0: waiting for pending UART response ch=8 before next command
E (48670) MQTT: Publish failed
W (48670) TRANSPORT: No transport connected for broadcast
W (48670) MSG: Broadcast failed, falling back to MQTT
I (48671) CMD_U0: waiting for pending UART response ch=8 before next command
E (48671) MQTT: Publish failed
E (48691) MQTT: Publish failed
W (48691) TRANSPORT: No transport connected for broadcast
W (48691) MSG: Broadcast failed, falling back to MQTT
E (48692) MQTT: Publish failed
I (48696) CMD_U0: waiting for pending UART response ch=8 before next command
E (48716) MQTT: Publish failed
W (48716) TRANSPORT: No transport connected for broadcast
W (48716) MSG: Broadcast failed, falling back to MQTT
E (48717) MQTT: Publish failed
I (48721) CMD_U0: waiting for pending UART response ch=8 before next command
E (48741) MQTT: Publish failed
W (48741) TRANSPORT: No transport connected for broadcast
W (48741) MSG: Broadcast failed, falling back to MQTT
E (48742) MQTT: Publish failed
I (48746) CMD_U0: waiting for pending UART response ch=8 before next command
E (48769) MQTT: Publish failed
W (48769) TRANSPORT: No transport connected for broadcast
W (48769) MSG: Broadcast failed, falling back to MQTT
E (48770) MQTT: Publish failed
I (48772) CMD_U0: waiting for pending UART response ch=8 before next command
E (48794) MQTT: Publish failed
W (48794) TRANSPORT: No transport connected for broadcast
W (48794) MSG: Broadcast failed, falling back to MQTT
E (48795) MQTT: Publish failed
I (48797) CMD_U0: waiting for pending UART response ch=8 before next command
E (48820) MQTT: Publish failed
W (48820) TRANSPORT: No transport connected for broadcast
W (48820) MSG: Broadcast failed, falling back to MQTT
E (48821) MQTT: Publish failed
I (48822) CMD_U0: waiting for pending UART response ch=8 before next command
E (48846) MQTT: Publish failed
W (48846) TRANSPORT: No transport connected for broadcast
W (48846) MSG: Broadcast failed, falling back to MQTT
E (48847) MQTT: Publish failed
I (48848) CMD_U0: waiting for pending UART response ch=8 before next command
E (48871) MQTT: Publish failed
W (48871) TRANSPORT: No transport connected for broadcast
W (48872) MSG: Broadcast failed, falling back to MQTT
E (48872) MQTT: Publish failed
I (48874) CMD_U0: waiting for pending UART response ch=8 before next command
I (48899) CMD_U0: waiting for pending UART response ch=8 before next command
I (48925) CMD_U0: waiting for pending UART response ch=8 before next command
I (48950) CMD_U0: waiting for pending UART response ch=8 before next command
I (48975) CMD_U0: waiting for pending UART response ch=8 before next command
I (49001) CMD_U0: waiting for pending UART response ch=8 before next command
I (49026) CMD_U0: waiting for pending UART response ch=8 before next command
I (49051) CMD_U0: waiting for pending UART response ch=8 before next command
I (49076) CMD_U0: waiting for pending UART response ch=8 before next command
I (49102) CMD_U0: waiting for pending UART response ch=8 before next command
I (49127) CMD_U0: waiting for pending UART response ch=8 before next command
I (49132) CMD_U1: waiting for pending UART response ch=9 before next command
I (49152) CMD_U0: waiting for pending UART response ch=8 before next command
I (49178) CMD_U0: waiting for pending UART response ch=8 before next command
I (49203) CMD_U0: waiting for pending UART response ch=8 before next command
I (49229) CMD_U0: waiting for pending UART response ch=8 before next command
I (49255) CMD_U0: waiting for pending UART response ch=8 before next command
I (49280) CMD_U0: waiting for pending UART response ch=8 before next command
I (49306) CMD_U0: waiting for pending UART response ch=8 before next command
I (49332) CMD_U0: waiting for pending UART response ch=8 before next command
I (49358) CMD_U0: waiting for pending UART response ch=8 before next command
I (49383) CMD_U0: waiting for pending UART response ch=8 before next command
I (49408) CMD_U0: waiting for pending UART response ch=8 before next command
I (49434) CMD_U0: waiting for pending UART response ch=8 before next command
I (49460) CMD_U0: waiting for pending UART response ch=8 before next command
I (49486) CMD_U0: waiting for pending UART response ch=8 before next command
I (49511) CMD_U0: waiting for pending UART response ch=8 before next command
I (49532) CMD_U0: waiting for pending UART response ch=8 before next command
I (49552) CMD_U0: waiting for pending UART response ch=8 before next command
I (49573) CMD_U0: waiting for pending UART response ch=8 before next command
I (49594) CMD_U0: waiting for pending UART response ch=8 before next command
I (49620) CMD_U0: waiting for pending UART response ch=8 before next command
W (49643) RX_TASK: RX timeout slot1 type=1 reqID=0 (1001ms)
I (49646) CMD_U0: waiting for pending UART response ch=8 before next command
I (49672) CMD_U0: waiting for pending UART response ch=8 before next command
I (49697) CMD_U0: waiting for pending UART response ch=8 before next command
I (49722) CMD_U0: waiting for pending UART response ch=8 before next command
I (49747) CMD_U0: waiting for pending UART response ch=8 before next command
I (49773) CMD_U0: waiting for pending UART response ch=8 before next command
I (49798) CMD_U0: waiting for pending UART response ch=8 before next command
I (49824) CMD_U0: waiting for pending UART response ch=8 before next command
I (49849) CMD_U0: waiting for pending UART response ch=8 before next command
I (49875) CMD_U0: waiting for pending UART response ch=8 before next command
I (49900) CMD_U0: waiting for pending UART response ch=8 before next command
I (49925) CMD_U0: waiting for pending UART response ch=8 before next command
I (49951) CMD_U0: waiting for pending UART response ch=8 before next command
I (49977) CMD_U0: waiting for pending UART response ch=8 before next command
I (50003) CMD_U0: waiting for pending UART response ch=8 before next command
I (50029) CMD_U0: waiting for pending UART response ch=8 before next command
I (50055) CMD_U0: waiting for pending UART response ch=8 before next command
I (50080) CMD_U0: waiting for pending UART response ch=8 before next command
I (50106) CMD_U0: waiting for pending UART response ch=8 before next command
I (50132) CMD_U1: waiting for pending UART response ch=9 before next command
I (50132) CMD_U0: waiting for pending UART response ch=8 before next command
I (50158) CMD_U0: waiting for pending UART response ch=8 before next command
I (50178) CMD_U0: waiting for pending UART response ch=8 before next command
I (50199) CMD_U0: waiting for pending UART response ch=8 before next command
I (50224) CMD_U0: waiting for pending UART response ch=8 before next command
I (50249) CMD_U0: waiting for pending UART response ch=8 before next command
E (50270) MQTT: Publish failed
W (50270) TRANSPORT: No transport connected for broadcast
W (50270) MSG: Broadcast failed, falling back to MQTT
E (50271) MQTT: Publish failed
I (50275) CMD_U0: waiting for pending UART response ch=8 before next command
E (50295) MQTT: Publish failed
W (50295) TRANSPORT: No transport connected for broadcast
W (50295) MSG: Broadcast failed, falling back to MQTT
I (50296) CMD_U0: waiting for pending UART response ch=8 before next command
E (50296) MQTT: Publish failed
E (50316) MQTT: Publish failed
W (50316) TRANSPORT: No transport connected for broadcast
W (50316) MSG: Broadcast failed, falling back to MQTT
E (50317) MQTT: Publish failed
I (50321) CMD_U0: waiting for pending UART response ch=8 before next command
E (50342) MQTT: Publish failed
W (50342) TRANSPORT: No transport connected for broadcast
W (50342) MSG: Broadcast failed, falling back to MQTT
E (50343) MQTT: Publish failed
I (50347) CMD_U0: waiting for pending UART response ch=8 before next command
E (50368) MQTT: Publish failed
W (50368) TRANSPORT: No transport connected for broadcast
W (50368) MSG: Broadcast failed, falling back to MQTT
E (50369) MQTT: Publish failed
I (50373) CMD_U0: waiting for pending UART response ch=8 before next command
E (50395) MQTT: Publish failed
W (50395) TRANSPORT: No transport connected for broadcast
W (50395) MSG: Broadcast failed, falling back to MQTT
E (50396) MQTT: Publish failed
I (50398) CMD_U0: waiting for pending UART response ch=8 before next command
 (50421) MQTT: Publish failed
W (50421) TRANSPORT: No transport connected for broadcast
W (50421) MSG: Broadcast failed, falling back to MQTT
E (50422) MQTT: Publish failed
I (50423) CMD_U0: waiting for pending UART response ch=8 before next command
I (50450) CMD_U0: waiting for pending UART response ch=8 before next command
I (50476) CMD_U0: waiting for pending UART response ch=8 before next command
I (50501) CMD_U0: waiting for pending UART response ch=8 before next command
I (50526) CMD_U0: waiting for pending UART response ch=8 before next command
I (50551) CMD_U0: waiting for pending UART response ch=8 before next command
I (50576) CMD_U0: waiting for pending UART response ch=8 before next command
E (50596) MQTT: Publish failed
W (50596) TRANSPORT: No transport connected for broadcast
W (50596) MSG: Broadcast failed, falling back to MQTT
E (50597) MQTT: Publish failed
I (50597) CMD_U0: waiting for pending UART response ch=8 before next command
E (50618) MQTT: Publish failed
W (50618) TRANSPORT: No transport connected for broadcast
W (50618) MSG: Broadcast failed, falling back to MQTT
E (50619) MQTT: Publish failed
I (50623) CMD_U0: waiting for pending UART response ch=8 before next command
E (50647) MQTT: Publish failed
W (50647) TRANSPORT: No transport connected for broadcast
W (50648) MSG: Broadcast failed, falling back to MQTT
W (50648) RX_TASK: RX timeout slot1 type=1 reqID=0 (1001ms)
I (50648) CMD_U0: waiting for pending UART response ch=8 before next command
E (50648) MQTT: Publish failed
E (50649) MQTT: Publish failed
W (50649) TRANSPORT: No transport connected for broadcast
W (50649) MSG: Broadcast failed, falling back to MQTT
E (50649) MQTT: Publish failed
E (50668) MQTT: Publish failed
W (50668) TRANSPORT: No transport connected for broadcast
W (50668) MSG: Broadcast failed, falling back to MQTT
E (50669) MQTT: Publish failed
I (50673) CMD_U0: waiting for pending UART response ch=8 before next command
E (50695) MQTT: Publish failed
W (50695) TRANSPORT: No transport connected for broadcast
W (50695) MSG: Broadcast failed, falling back to MQTT
E (50696) MQTT: Publish failed
I (50698) CMD_U0: waiting for pending UART response ch=8 before next command
E (50721) MQTT: Publish failed
W (50721) TRANSPORT: No transport connected for broadcast
W (50721) MSG: Broadcast failed, falling back to MQTT
E (50722) MQTT: Publish failed
I (50724) CMD_U0: waiting for pending UART response ch=8 before next command
E (50747) MQTT: Publish failed
W (50747) TRANSPORT: No transport connected for broadcast
W (50747) MSG: Broadcast failed, falling back to MQTT
E (50748) MQTT: Publish failed
I (50750) CMD_U0: waiting for pending UART response ch=8 before next command
E (50773) MQTT: Publish failed
W (50773) TRANSPORT: No transport connected for broadcast
W (50773) MSG: Broadcast failed, falling back to MQTT
E (50774) MQTT: Publish failed
I (50776) CMD_U0: waiting for pending UART response ch=8 before next command
E (50799) MQTT: Publish failed
W (50799) TRANSPORT: No transport connected for broadcast
W (50799) MSG: Broadcast failed, falling back to MQTT
E (50800) MQTT: Publish failed
I (50801) CMD_U0: waiting for pending UART response ch=8 before next command
E (50822) MQTT: Publish failed
W (50822) TRANSPORT: No transport connected for broadcast
W (50822) MSG: Broadcast failed, falling back to MQTT
E (50823) MQTT: Publish failed
I (50826) CMD_U0: waiting for pending UART response ch=8 before next command
E (50847) MQTT: Publish failed
W (50847) TRANSPORT: No transport connected for broadcast
W (50847) MSG: Broadcast failed, falling back to MQTT
E (50848) MQTT: Publish failed
I (50852) CMD_U0: waiting for pending UART response ch=8 before next command
E (50876) MQTT: Publish failed
W (50876) TRANSPORT: No transport connected for broadcast
W (50876) MSG: Broadcast failed, falling back to MQTT
E (50877) MQTT: Publish failed
I (50878) CMD_U0: waiting for pending UART response ch=8 before next command
E (50901) MQTT: Publish failed
W (50901) TRANSPORT: No transport connected for broadcast
W (50901) MSG: Broadcast failed, falling back to MQTT
E (50902) MQTT: Publish failed
I (50903) CMD_U0: waiting for pending UART response ch=8 before next command
E (50927) MQTT: Publish failed
W (50927) TRANSPORT: No transport connected for broadcast
W (50927) MSG: Broadcast failed, falling back to MQTT
E (50928) MQTT: Publish failed
I (50928) CMD_U0: waiting for pending UART response ch=8 before next command
E (50948) MQTT: Publish failed
W (50948) TRANSPORT: No transport connected for broadcast
W (50948) MSG: Broadcast failed, falling back to MQTT
E (50949) MQTT: I (50949) CMD_U0: waiting for pending UART response ch=8 before next command
Publish failed
E (50972) MQTT: Publish failed
W (50972) TRANSPORT: No transport connected for broadcast
W (50972) MSG: Broadcast failed, falling back to MQTT
E (50973) MQTT: Publish failed
I (50974) CMD_U0: waiting for pending UART response ch=8 before next command
I (50993) SCHEDULER: Stats: samples=413 full=592 min_free=2
E (50997) MQTT: Publish failed
W (50997) TRANSPORT: No transport connected for broadcast
W (50997) MSG: Broadcast failed, falling back to MQTT
E (50998) MQTT: Publish failed
I (51000) CMD_U0: waiting for pending UART response ch=8 before next command
E (51022) MQTT: Publish failed
W (51022) TRANSPORT: No transport connected for broadcast
W (51022) MSG: Broadcast failed, falling back to MQTT
E (51023) MQTT: Publish failed
I (51026) CMD_U0: waiting for pending UART response ch=8 before next command
E (51048) MQTT: Publish failed
W (51048) TRANSPORT: No transport connected for broadcast
W (51048) MSG: Broadcast failed, falling back to MQTT
E (51049) MQTT: Publish failed
I (51052) CMD_U0: waiting for pending UART response ch=8 before next command
E (51073) MQTT: Publish failed
W (51073) TRANSPORT: No transport connected for broadcast
W (51073) MSG: Broadcast failed, falling back to MQTT
E (51074) MQTT: Publish failed
I (51078) CMD_U0: waiting for pending UART response ch=8 before next command
E (51100) MQTT: Publish failed
W (51100) TRANSPORT: No transport connected for broadcast
W (51100) MSG: Broadcast failed, falling back to MQTT
E (51101) MQTT: Publish failed
I (51103) CMD_U0: waiting for pending UART response ch=8 before next command
E (51125) MQTT: Publish failed
W (51125) TRANSPORT: No transport connected for broadcast
W (51125) MSG: Broadcast failed, falling back to MQTT
E (51126) MQTT: Publish failed
I (51130) CMD_U0: waiting for pending UART response ch=8 before next command
I (51132) CMD_U1: waiting for pending UART response ch=9 before next command
E (51152) MQTT: Publish failed
W (51152) TRANSPORT: No transport connected for broadcast
W (51152) MSG: Broadcast failed, falling back to MQTT
E (51153) MQTT: Publish failed
I (51155) CMD_U0: waiting for pending UART response ch=8 before next command
E (51177) MQTT: Publish failed
W (51177) TRANSPORT: No transport connected for broadcast
W (51177) MSG: Broadcast failed, falling back to MQTT
E (51178) MQTT: Publish failed
I (51181) CMD_U0: waiting for pending UART response ch=8 before next command
E (51203) MQTT: Publish failed
W (51203) TRANSPORT: No transport connected for broadcast
W (51203) MSG: Broadcast failed, falling back to MQTT
E (51204) MQTT: Publish failed
I (51207) CMD_U0: waiting for pending UART response ch=8 before next command
E (51231) MQTT: Publish failed
W (51231) TRANSPORT: No transport connected for broadcast
W (51231) MSG: Broadcast failed, falling back to MQTT
E (51232) MQTT: Publish failed
I (51233) CMD_U0: waiting for pending UART response ch=8 before next command
E (51257) MQTT: Publish failed
W (51257) TRANSPORT: No transport connected for broadcast
W (51257) MSG: Broadcast failed, falling back to MQTT
E (51258) MQTT: Publish failed
I (51259) CMD_U0: waiting for pending UART response ch=8 before next command
E (51283) MQTT: Publish failed
W (51283) TRANSPORT: No transport connected for broadcast
W (51283) MSG: Broadcast failed, falling back to MQTT
E (51284) MQTT: Publish failed
I (51285) CMD_U0: waiting for pending UART response ch=8 before next command
E (51304) MQTT: Publish failed
W (51304) TRANSPORT: No transport connected for broadcast
W (51304) MSG: Broadcast failed, falling back to MQTT
E (51305) MQTT: Publish failed
I (51306) CMD_U0: waiting for pending UART response ch=8 before next command
E (51330) MQTT: Publish failed
W (51330) TRANSPORT: No transport connected for broadcast
W (51330) MSG: Broadcast failed, falling back to MQTT
E (51331) MQTT: Publish failed
I (51331) CMD_U0: waiting for pending UART response ch=8 before next command
E (51355) MQTT: Publish failed
W (51355) TRANSPORT: No transport connected for broadcast
W (51355) MSG: Broadcast failed, falling back to MQTT
E (51356) MQTT: Publish failed
I (51357) CMD_U0: waiting for pending UART response ch=8 before next command
E (51379) MQTT: Publish failed
W (51379) TRANSPORT: No transport connected for broadcast
W (51379) MSG: Broadcast failed, falling back to MQTT
E (51380) MQTT: Publish failed
I (51382) CMD_U0: waiting for pending UART response ch=8 before next command
E (51405) MQTT: Publish failed
W (51405) TRANSPORT: No transport connected for broadcast
W (51405) MSG: Broadcast failed, falling back to MQTT
E (51406) MQTT: Publish failed
I (51408) CMD_U0: waiting for pending UART response ch=8 before next command
E (51432) MQTT: Publish failed
W (51432) TRANSPORT: No transport connected for broadcast
W (51432) MSG: Broadcast failed, falling back to MQTT
E (51433) MQTT: Publish failed
I (51433) CMD_U0: waiting for pending UART response ch=8 before next command
E (51457) MQTT: Publish failed
W (51457) TRANSPORT: No transport connected for broadcast
W (51457) MSG: Broadcast failed, falling back to MQTT
E (51458) MQTT: Publish failed
I (51459) CMD_U0: waiting for pending UART response ch=8 before next command
E (51478) MQTT: Publish failed
W (51478) TRANSPORT: No transport connected for broadcast
W (51478) MSG: Broadcast failed, falling back to MQTT
E (51479) MQTT: Publish failed
I (51480) CMD_U0: waiting for pending UART response ch=8 before next command
E (51500) MQTT: Publish failed
W (51500) TRANSPORT: No transport connected for broadcast
W (51500) MSG: Broadcast failed, falling back to MQTT
E (51501) MQTT: Publish failed
E (51504) MQTT: Publish failed
W (51504) TRANSPORT: No transport connected for broadcast
W (51504) MSG: Broadcast failed, falling back to MQTT
E (51505) MQTT: Publish failed
I (51506) CMD_U0: waiting for pending UART response ch=8 before next command
I (51531) CMD_U0: waiting for pending UART response ch=8 before next command
I (51556) CMD_U0: waiting for pending UART response ch=8 before next command
I (51576) CMD_U0: waiting for pending UART response ch=8 before next command
I (51601) CMD_U0: waiting for pending UART response ch=8 before next command
I (51627) CMD_U0: waiting for pending UART response ch=8 before next command
W (51653) RX_TASK: RX timeout slot1 type=1 reqID=0 (1001ms)
I (51652) CMD_U0: waiting for pending UART response ch=8 before next command
I (51679) CMD_U0: waiting for pending UART response ch=8 before next command
I (51704) CMD_U0: waiting for pending UART response ch=8 before next command
I (51725) CMD_U0: waiting for pending UART response ch=8 before next command
I (51745) CMD_U0: waiting for pending UART response ch=8 before next command
I (51766) CMD_U0: waiting for pending UART response ch=8 before next command
I (51792) CMD_U0: waiting for pending UART response ch=8 before next command
I (51818) CMD_U0: waiting for pending UART response ch=8 before next command
I (51843) CMD_U0: waiting for pending UART response ch=8 before next command
I (51869) CMD_U0: waiting for pending UART response ch=8 before next command
I (51894) CMD_U0: waiting for pending UART response ch=8 before next command
I (51919) CMD_U0: waiting for pending UART response ch=8 before next command
I (51944) CMD_U0: waiting for pending UART response ch=8 before next command
I (51969) CMD_U0: waiting for pending UART response ch=8 before next command
I (51995) CMD_U0: waiting for pending UART response ch=8 before next command
I (52020) CMD_U0: waiting for pending UART response ch=8 before next command
I (52046) CMD_U0: waiting for pending UART response ch=8 before next command
I (52072) CMD_U0: waiting for pending UART response ch=8 before next command
I (52097) CMD_U0: waiting for pending UART response ch=8 before next command
I (52123) CMD_U0: waiting for pending UART response ch=8 before next command
I (52132) CMD_U1: waiting for pending UART response ch=9 before next command
I (52148) CMD_U0: waiting for pending UART response ch=8 before next command
I (52173) CMD_U0: waiting for pending UART response ch=8 before next command
I (52198) CMD_U0: waiting for pending UART response ch=8 before next command
I (52223) CMD_U0: waiting for pending UART response ch=8 before next command
I (52249) CMD_U0: waiting for pending UART response ch=8 before next command
I (52275) CMD_U0: waiting for pending UART response ch=8 before next command
I (52300) CMD_U0: waiting for pending UART response ch=8 before next command
I (52325) CMD_U0: waiting for pending UART response ch=8 before next command
I (52337) RX_TASK: Stats: events=404 completions=414 report_drop=0 report_q_high=2
I (52350) CMD_U0: Stats: txn=404 err=0 (100%) no_ctx=0
I (52351) CMD_U0: waiting for pending UART response ch=8 before next command
I (52376) CMD_U0: waiting for pending UART response ch=8 before next command
E (52399) MQTT: Publish failed
W (52399) TRANSPORT: No transport connected for broadcast
W (52399) MSG: Broadcast failed, falling back to MQTT
E (52400) MQTT: Publish failed
I (52402) CMD_U0: waiting for pending UART response ch=8 before next command
 (52425) MQTT: Publish failed
 (52425) TRANSPORT: No transport connected for broadcast
 (52425) MSG: Broadcast failed, falling back to MQTT
E (52426) MQTT: Publish failed
I (52428) CMD_U0: waiting for pending UART response ch=8 before next command
E (52450) MQTT: Publish failed
W (52450) TRANSPORT: No transport connected for broadcast
W (52450) MSG: Broadcast failed, falling back to MQTT
E (52451) MQTT: Publish failed
I (52454) CMD_U0: waiting for pending UART response ch=8 before next command
E (52476) MQTT: Publish failed
W (52476) TRANSPORT: No transport connected for broadcast
W (52476) MSG: Broadcast failed, falling back to MQTT
E (52477) MQTT: Publish failed
I (52480) CMD_U0: waiting for pending UART response ch=8 before next command
E (52501) MQTT: Publish failed
W (52501) TRANSPORT: No transport connected for broadcast
W (52502) MSG: Broadcast failed, falling back to MQTT
W (52501) EHOME: [intdiag] t=50 internal free=48279 largest=23552 min_ever=31628 | total free=8327635 largest=8257536 | floor=16384E (52502) MQTT: Publish failed

E (52505) MQTT: Publish failed
W (52505) TRANSPORT: No transport connected for broadcast
W (52505) MSG: Broadcast failed, falling back to MQTT
I (52506) CMD_U0: waiting for pending UART response ch=8 before next command
E (52506) MQTT: Publish failed
E (52526) MQTT: Publish failed
W (52526) TRANSPORT: No transport connected for broadcast
W (52526) MSG: Broadcast failed, falling back to MQTT
E (52527) MQTT: Publish failed
I (52531) CMD_U0: waiting for pending UART response ch=8 before next command
E (52552) MQTT: Publish failed
W (52552) TRANSPORT: No transport connected for broadcast
I (52552) CMD_U0: waiting for pending UART response ch=8 before next command
W (52553) MSG: Broadcast failed, falling back to MQTT
E (52553) MQTT: Publish failed
E (52561) MQTT: Publish failed
W (52561) TRANSPORT: No transport connected for broadcast
W (52561) MSG: Broadcast failed, falling back to MQTT
E (52562) MQTT: Publish failed
E (52572) MQTT: Publish failed
W (52572) TRANSPORT: No transport connected for broadcast
W (52572) MSG: Broadcast failed, falling back to MQTT
E (52573) MQTT: Publish failed
I (52573) CMD_U0: waiting for pending UART response ch=8 before next command
E (52592) MQTT: Publish failed
I (52593) CMD_U0: waiting for pending UART response ch=8 before next command
W (52593) TRANSPORT: No transport connected for broadcast
W (52593) MSG: Broadcast failed, falling back to MQTT
E (52594) MQTT: Publish failed
E (52613) MQTT: Publish failed
W (52613) TRANSPORT: No transport connected for broadcast
W (52613) MSG: Broadcast failed, falling back to MQTT
E (52614) MQTT: Publish failed
I (52618) CMD_U0: waiting for pending UART response ch=8 before next command
E (52638) MQTT: Publish failed
W (52638) TRANSPORT: No transport connected for broadcast
W (52638) MSG: Broadcast failed, falling back to MQTT
E (52639) MQTT: Publish failed
I (52639) CMD_U0: waiting for pending UART response ch=8 before next command
W (52658) RX_TASK: RX timeout slot1 type=1 reqID=0 (1001ms)
E (52658) MQTT: Publish failed
W (52658) TRANSPORT: No transport connected for broadcast
W (52659) MSG: Broadcast failed, falling back to MQTT
E (52659) MQTT: Publish failed
E (52659) MQTT: Publish failed
W (52659) TRANSPORT: No transport connected for broadcast
W (52660) MSG: Broadcast failed, falling back to MQTT
E (52660) MQTT: Publish failed
I (52660) CMD_U0: waiting for pending UART response ch=8 before next command
E (52684) MQTT: Publish failed
W (52684) TRANSPORT: No transport connected for broadcast
W (52684) MSG: Broadcast failed, falling back to MQTT
E (52685) MQTT: Publish failed
I (52686) CMD_U0: waiting for pending UART response ch=8 before next command
E (52709) MQTT: Publish failed
W (52709) TRANSPORT: No transport connected for broadcast
W (52709) MSG: Broadcast failed, falling back to MQTT
E (52710) MQTT: Publish failed
I (52712) CMD_U0: waiting for pending UART response ch=8 before next command
E (52735) MQTT: Publish failed
W (52735) TRANSPORT: No transport connected for broadcast
W (52735) MSG: Broadcast failed, falling back to MQTT
E (52736) MQTT: Publish failed
I (52737) CMD_U0: waiting for pending UART response ch=8 before next command
E (52760) MQTT: Publish failed
W (52760) TRANSPORT: No transport connected for broadcast
W (52760) MSG: Broadcast failed, falling back to MQTT
E (52761) MQTT: Publish failed
I (52763) CMD_U0: waiting for pending UART response ch=8 before next command
E (52785) MQTT: Publish failed
W (52785) TRANSPORT: No transport connected for broadcast
W (52785) MSG: Broadcast failed, falling back to MQTT
E (52786) MQTT: Publish failed
I (52788) CMD_U0: waiting for pending UART response ch=8 before next command
E (52811) MQTT: Publish failed
W (52811) TRANSPORT: No transport connected for broadcast
W (52811) MSG: Broadcast failed, falling back to MQTT
E (52812) MQTT: Publish failed
I (52814) CMD_U0: waiting for pending UART response ch=8 before next command
E (52836) MQTT: Publish failed
W (52836) TRANSPORT: No transport connected for broadcast
W (52836) MSG: Broadcast failed, falling back to MQTT
E (52837) MQTT: Publish failed
I (52840) CMD_U0: waiting for pending UART response ch=8 before next command
E (52862) MQTT: Publish failed
W (52862) TRANSPORT: No transport connected for broadcast
W (52862) MSG: Broadcast failed, falling back to MQTT
E (52863) MQTT: Publish failed
I (52866) CMD_U0: waiting for pending UART response ch=8 before next command
E (52887) MQTT: Publish failed
W (52887) TRANSPORT: No transport connected for broadcast
W (52888) MSG: Broadcast failed, falling back to MQTT
E (52888) MQTT: Publish failed
I (52893) CMD_U0: waiting for pending UART response ch=8 before next command
I (52913) CMD_U0: waiting for pending UART response ch=8 before next command
I (52938) CMD_U0: waiting for pending UART response ch=8 before next command
I (52963) CMD_U0: waiting for pending UART response ch=8 before next command
I (52988) CMD_U0: waiting for pending UART response ch=8 before next command
I (53014) CMD_U0: waiting for pending UART response ch=8 before next command
E (53034) MQTT: Publish failed
W (53034) TRANSPORT: No transport connected for broadcast
W (53034) MSG: Broadcast failed, falling back to MQTT
E (53035) MQTT: Publish failed
I (53039) CMD_U0: waiting for pending UART response ch=8 before next command
E (53060) MQTT: Publish failed
W (53060) TRANSPORT: No transport connected for broadcast
W (53060) MSG: Broadcast failed, falling back to MQTT
E (53061) MQTT: Publish failed
I (53065) CMD_U0: waiting for pending UART response ch=8 before next command
E (53085) MQTT: Publish failed
W (53085) TRANSPORT: No transport connected for broadcast
W (53085) MSG: Broadcast failed, falling back to MQTT
E (53086) MQTT: Publish failed
I (53090) CMD_U0: waiting for pending UART response ch=8 before next command
E (53110) MQTT: Publish failed
W (53110) TRANSPORT: No transport connected for broadcast
W (53111) MSG: Broadcast failed, falling back to MQTT
E (53111) MQTT: Publish failed
I (53115) CMD_U0: waiting for pending UART response ch=8 before next command
I (53132) CMD_U1: waiting for pending UART response ch=9 before next command
E (53136) MQTT: Publish failed
W (53136) TRANSPORT: No transport connected for broadcast
W (53136) MSG: Broadcast failed, falling back to MQTT
E (53137) MQTT: Publish failed
I (53140) CMD_U0: waiting for pending UART response ch=8 before next command
E (53161) MQTT: Publish failed
W (53161) TRANSPORT: No transport connected for broadcast
W (53161) MSG: Broadcast failed, falling back to MQTT
E (53162) MQTT: Publish failed
I (53165) CMD_U0: waiting for pending UART response ch=8 before next command
E (53187) MQTT: Publish failed
W (53187) TRANSPORT: No transport connected for broadcast
W (53187) MSG: Broadcast failed, falling back to MQTT
E (53188) MQTT: Publish failed
I (53191) CMD_U0: waiting for pending UART response ch=8 before next command
E (53212) MQTT: I (53213) CMD_U0: waiting for pending UART response ch=8 before next command
Publish failed
W (53213) TRANSPORT: No transport connected for broadcast
W (53214) MSG: Broadcast failed, falling back to MQTT
E (53214) MQTT: Publish failed
E (53232) MQTT: Publish failed
W (53232) TRANSPORT: No transport connected for broadcast
W (53232) MSG: Broadcast failed, falling back to MQTT
E (53233) MQTT: I (53233) CMD_U0: waiting for pending UART response ch=8 before next command
Publish failed
E (53253) MQTT: Publish failed
W (53253) TRANSPORT: No transport connected for broadcast
W (53253) MSG: Broadcast failed, falling back to MQTT
E (53254) MQTT: Publish failed
I (53258) CMD_U0: waiting for pending UART response ch=8 before next command
E (53278) MQTT: Publish failed
W (53278) TRANSPORT: No transport connected for broadcast
W (53278) MSG: Broadcast failed, falling back to MQTT
E (53279) MQTT: Publish failed
I (53279) CMD_U0: waiting for pending UART response ch=8 before next command
E (53298) MQTT: Publish failed
W (53298) TRANSPORT: No transport connected for broadcast
W (53298) MSG: Broadcast failed, falling back to MQTT
E (53299) MQTT: Publish failed
I (53300) CMD_U0: waiting for pending UART response ch=8 before next command
E (53324) MQTT: Publish failed
W (53324) TRANSPORT: No transport connected for broadcast
W (53324) MSG: Broadcast failed, falling back to MQTT
E (53325) MQTT: Publish failed
I (53326) CMD_U0: waiting for pending UART response ch=8 before next command
E (53349) MQTT: Publish failed
W (53349) TRANSPORT: No transport connected for broadcast
W (53349) MSG: Broadcast failed, falling back to MQTT
E (53350) MQTT: Publish failed
I (53352) CMD_U0: waiting for pending UART response ch=8 before next command
E (53375) MQTT: Publish failed
W (53375) TRANSPORT: No transport connected for broadcast
W (53375) MSG: Broadcast failed, falling back to MQTT
E (53376) MQTT: Publish failed
I (53378) CMD_U0: waiting for pending UART response ch=8 before next command
E (53400) MQTT: Publish failed
W (53400) TRANSPORT: No transport connected for broadcast
W (53400) MSG: Broadcast failed, falling back to MQTT
E (53401) MQTT: Publish failed
I (53403) CMD_U0: waiting for pending UART response ch=8 before next command
E (53425) MQTT: Publish failed
W (53425) TRANSPORT: No transport connected for broadcast
W (53425) MSG: Broadcast failed, falling back to MQTT
E (53426) MQTT: Publish failed
I (53428) CMD_U0: waiting for pending UART response ch=8 before next command
E (53451) MQTT: Publish failed
W (53451) TRANSPORT: No transport connected for broadcast
W (53451) MSG: Broadcast failed, falling back to MQTT
E (53452) MQTT: Publish failed
I (53454) CMD_U0: waiting for pending UART response ch=8 before next command
E (53476) MQTT: Publish failed
W (53476) TRANSPORT: No transport connected for broadcast
W (53476) MSG: Broadcast failed, falling back to MQTT
E (53477) MQTT: Publish failed
I (53480) CMD_U0: waiting for pending UART response ch=8 before next command
E (53501) MQTT: Publish failed
W (53501) TRANSPORT: No transport connected for broadcast
W (53501) MSG: Broadcast failed, falling back to MQTT
E (53502) MQTT: Publish failed
I (53506) CMD_U0: waiting for pending UART response ch=8 before next command
E (53509) MQTT: Publish failed
W (53509) TRANSPORT: No transport connected for broadcast
W (53509) MSG: Broadcast failed, falling back to MQTT
E (53509) MQTT: Publish failed
E (53527) MQTT: Publish failed
W (53527) TRANSPORT: No transport connected for broadcast
W (53527) MSG: Broadcast failed, falling back to MQTT
E (53528) MQTT: Publish failed
I (53531) CMD_U0: waiting for pending UART response ch=8 before next command
E (53552) MQTT: Publish failed
W (53552) TRANSPORT: No transport connected for broadcast
I (53552) CMD_U0: waiting for pending UART response ch=8 before next command
W (53553) MSG: Broadcast failed, falling back to MQTT
E (53553) MQTT: Publish failed
E (53561) MQTT: Publish failed
W (53561) TRANSPORT: No transport connected for broadcast
W (53561) MSG: Broadcast failed, falling back to MQTT
E (53562) MQTT: Publish failed
E (53573) MQTT: Publish failed
W (53573) TRANSPORT: No transport connected for broadcast
W (53573) MSG: Broadcast failed, falling back to MQTT
E (53574) MQTT: Publish failed
I (53578) CMD_U0: waiting for pending UART response ch=8 before next command
E (53598) MQTT: Publish failed
W (53598) TRANSPORT: No transport connected for broadcast
W (53598) MSG: Broadcast failed, falling back to MQTT
E (53599) MQTT: Publish failed
I (53599) CMD_U0: waiting for pending UART response ch=8 before next command
E (53618) MQTT: Publish failed
W (53618) TRANSPORT: No transport connected for broadcast
W (53618) MSG: Broadcast failed, falling back to MQTT
E (53619) MQTT: Publish failed
I (53620) CMD_U0: waiting for pending UART response ch=8 before next command
E (53644) MQTT: Publish failed
W (53644) TRANSPORT: No transport connected for broadcast
W (53644) MSG: Broadcast failed, falling back to MQTT
E (53645) MQTT: I (53645) CMD_U0: waiting for pending UART response ch=8 before next command
Publish failed
W (53663) RX_TASK: RX timeout slot1 type=1 reqID=0 (1001ms)
E (53663) MQTT: Publish failed
W (53664) TRANSPORT: No transport connected for broadcast
W (53664) MSG: Broadcast failed, falling back to MQTT
E (53664) MQTT: Publish failed
E (53669) MQTT: Publish failed
W (53669) TRANSPORT: No transport connected for broadcast
W (53669) MSG: Broadcast failed, falling back to MQTT
E (53670) MQTT: I (53670) CMD_U0: waiting for pending UART response ch=8 before next command
Publish failed
I (53684) CMD_U1: Stats: txn=10 err=0 (100%) no_ctx=0
E (53689) MQTT: Publish failed
W (53689) TRANSPORT: No transport connected for broadcast
W (53689) MSG: Broadcast failed, falling back to MQTT
E (53690) MQTT: Publish failed
I (53690) CMD_U0: waiting for pending UART response ch=8 before next command
E (53710) MQTT: Publish failed
W (53710) TRANSPORT: No transport connected for broadcast
W (53710) MSG: Broadcast failed, falling back to MQTT
E (53711) MQTT: Publish failed
I (53715) CMD_U0: waiting for pending UART response ch=8 before next command
E (53735) MQTT: Publish failed
W (53735) TRANSPORT: No transport connected for broadcast
W (53735) MSG: Broadcast failed, falling back to MQTT
E (53736) MQTT: Publish failed
I (53736) CMD_U0: waiting for pending UART response ch=8 before next command
E (53755) MQTT: Publish failed
W (53755) TRANSPORT: No transport connected for broadcast
W (53755) MSG: Broadcast failed, falling back to MQTT
E (53756) MQTT: I (53756) CMD_U0: waiting for pending UART response ch=8 before next command
Publish failed
E (53776) MQTT: Publish failed
W (53776) TRANSPORT: No transport connected for broadcast
W (53776) MSG: Broadcast failed, falling back to MQTT
E (53777) MQTT: Publish failed
I (53781) CMD_U0: waiting for pending UART response ch=8 before next command
E (53802) MQTT: Publish failed
W (53802) TRANSPORT: No transport connected for broadcast
W (53802) MSG: Broadcast failed, falling back to MQTT
E (53803) MQTT: Publish failed
I (53807) CMD_U0: waiting for pending UART response ch=8 before next command
E (53826) MQTT: Publish failed
W (53826) TRANSPORT: No transport connected for broadcast
W (53826) MSG: Broadcast failed, falling back to MQTT
E (53827) MQTT: Publish failed
I (53828) CMD_U0: waiting for pending UART response ch=8 before next command
E (53852) MQTT: Publish failed
W (53852) TRANSPORT: No transport connected for broadcast
W (53852) MSG: Broadcast failed, falling back to MQTT
E (53853) MQTT: I (53853) CMD_U0: waiting for pending UART response ch=8 before next command
Publish failed
E (53877) MQTT: Publish failed
W (53877) TRANSPORT: No transport connected for broadcast
W (53877) MSG: Broadcast failed, falling back to MQTT
E (53878) MQTT: Publish failed
I (53878) CMD_U0: waiting for pending UART response ch=8 before next command
E (53898) MQTT: Publish failed
W (53898) TRANSPORT: No transport connected for broadcast
W (53898) MSG: Broadcast failed, falling back to MQTT
E (53899) MQTT: Publish failed
I (53903) CMD_U0: waiting for pending UART response ch=8 before next command
E (53923) MQTT: Publish failed
W (53924) TRANSPORT: No transport connected for broadcast
W (53924) MSG: Broadcast failed, falling back to MQTT
E (53924) MQTT: Publish failed
I (53928) CMD_U0: waiting for pending UART response ch=8 before next command
I (53953) CMD_U0: waiting for pending UART response ch=8 before next command
I (53978) CMD_U0: waiting for pending UART response ch=8 before next command
I (54004) CMD_U0: waiting for pending UART response ch=8 before next command
I (54030) CMD_U0: waiting for pending UART response ch=8 before next command
I (54051) CMD_U0: waiting for pending UART response ch=8 before next command
I (54072) CMD_U0: waiting for pending UART response ch=8 before next command
I (54097) CMD_U0: waiting for pending UART response ch=8 before next command
I (54123) CMD_U0: waiting for pending UART response ch=8 before next command
I (54132) CMD_U1: waiting for pending UART response ch=9 before next command
I (54144) CMD_U0: waiting for pending UART response ch=8 before next command
I (54170) CMD_U0: waiting for pending UART response ch=8 before next command
I (54195) CMD_U0: waiting for pending UART response ch=8 before next command
I (54222) CMD_U0: waiting for pending UART response ch=8 before next command
I (54247) CMD_U0: waiting for pending UART response ch=8 before next command
I (54272) CMD_U0: waiting for pending UART response ch=8 before next command
I (54298) CMD_U0: waiting for pending UART response ch=8 before next command
I (54323) CMD_U0: waiting for pending UART response ch=8 before next command
I (54349) CMD_U0: waiting for pending UART response ch=8 before next command
I (54374) CMD_U0: waiting for pending UART response ch=8 before next command
I (54399) CMD_U0: waiting for pending UART response ch=8 before next command
I (54424) CMD_U0: waiting for pending UART response ch=8 before next command
for pending UART response ch=8 before next command
I (54465) CMD_U0: waiting for pending UART response ch=8 before next command
I (54486) CMD_U0: waiting for pending UART response ch=8 before next command
I (54512) CMD_U0: waiting for pending UART response ch=8 before next command
I (54537) CMD_U0: waiting for pending UART response ch=8 before next command
I (54563) CMD_U0: waiting for pending UART response ch=8 before next command
I (54589) CMD_U0: waiting for pending UART response ch=8 before next command
I (54615) CMD_U0: waiting for pending UART response ch=8 before next command
I (54640) CMD_U0: waiting for pending UART response ch=8 before next command
I (54666) CMD_U0: waiting for pending UART response ch=8 before next command
W (54668) RX_TASK: RX timeout slot1 type=1 reqID=0 (1001ms)
I (54692) CMD_U0: waiting for pending UART response ch=8 before next command
I (54717) CMD_U0: waiting for pending UART response ch=8 before next command
I (54742) CMD_U0: waiting for pending UART response ch=8 before next command
I (54767) CMD_U0: waiting for pending UART response ch=8 before next command
I (54793) CMD_U0: waiting for pending UART response ch=8 before next command
I (54819) CMD_U0: waiting for pending UART response ch=8 before next command
I (54846) CMD_U0: waiting for pending UART response ch=8 before next command
I (54871) CMD_U0: waiting for pending UART response ch=8 before next command
I (54897) CMD_U0: waiting for pending UART response ch=8 before next command
I (54918) CMD_U0: waiting for pending UART response ch=8 before next command
I (54943) CMD_U0: waiting for pending UART response ch=8 before next command
I (54964) CMD_U0: waiting for pending UART response ch=8 before next command
I (54989) CMD_U0: waiting for pending UART response ch=8 before next command
I (55014) CMD_U0: waiting for pending UART response ch=8 before next command
I (55040) CMD_U0: waiting for pending UART response ch=8 before next command
I (55065) CMD_U0: waiting for pending UART response ch=8 before next command
I (55090) CMD_U0: waiting for pending UART response ch=8 before next command
I (55116) CMD_U0: waiting for pending UART response ch=8 before next command
I (55132) CMD_U1: waiting for pending UART response ch=9 before next command
I (55141) CMD_U0: waiting for pending UART response ch=8 before next command
I (55166) CMD_U0: waiting for pending UART response ch=8 before next command
I (55191) CMD_U0: waiting for pending UART response ch=8 before next command
I (55216) CMD_U0: waiting for pending UART response ch=8 before next command
I (55241) CMD_U0: waiting for pending UART response ch=8 before next command
I (55267) CMD_U0: waiting for pending UART response ch=8 before next command
I (55292) CMD_U0: waiting for pending UART response ch=8 before next command
I (55318) CMD_U0: waiting for pending UART response ch=8 before next command
I (55343) CMD_U0: waiting for pending UART response ch=8 before next command
I (55368) CMD_U0: waiting for pending UART response ch=8 before next command
I (55393) CMD_U0: waiting for pending UART response ch=8 before next command
I (55418) CMD_U0: waiting for pending UART response ch=8 before next command
I (55438) CMD_U0: waiting for pending UART response ch=8 before next command
I (55463) CMD_U0: waiting for pending UART response ch=8 before next command
I (55488) CMD_U0: waiting for pending UART response ch=8 before next command
I (55514) CMD_U0: waiting for pending UART response ch=8 before next command
E (55519) MQTT: Publish failed
W (55519) TRANSPORT: No transport connected for broadcast
W (55520) MSG: Broadcast failed, falling back to MQTT
E (55520) MQTT: Publish failed
E (55536) MQTT: Publish failed
W (55536) TRANSPORT: No transport connected for broadcast
W (55536) MSG: Broadcast failed, falling back to MQTT
E (55537) MQTT: Publish failed
I (55539) CMD_U0: waiting for pending UART response ch=8 before next command
E (55561) MQTT: Publish failedE (55562) MQTT: Publish failed

W (55562) TRANSPORT: No transport connected for broadcast
W (55563) MSG: Broadcast failed, falling back to MQTT
E (55563) MQTT: Publish failed
W (55563) TRANSPORT: No transport connected for broadcast
W (55563) MSG: Broadcast failed, falling back to MQTT
E (55563) MQTT: Publish failed
I (55565) CMD_U0: waiting for pending UART response ch=8 before next command
E (55587) MQTT: Publish failed
W (55587) TRANSPORT: No transport connected for broadcast
W (55587) MSG: Broadcast failed, falling back to MQTT
E (55588) MQTT: Publish failed
I (55590) CMD_U0: waiting for pending UART response ch=8 before next command
I (55615) CMD_U0: waiting for pending UART response ch=8 before next command
I (55641) CMD_U0: waiting for pending UART response ch=8 before next command
I (55662) CMD_U0: waiting for pending UART response ch=8 before next command
I (55682) CMD_U0: waiting for pending UART response ch=8 before next command
W (55694) RX_TASK: RX timeout slot1 type=1 reqID=0 (1001ms)
I (55707) CMD_U0: waiting for pending UART response ch=8 before next command
I (55732) CMD_U0: waiting for pending UART response ch=8 before next command
I (55758) CMD_U0: waiting for pending UART response ch=8 before next command
I (55779) CMD_U0: waiting for pending UART response ch=8 before next command
I (55804) CMD_U0: waiting for pending UART response ch=8 before next command
I (55829) CMD_U0: waiting for pending UART response ch=8 before next command
I (55854) CMD_U0: waiting for pending UART response ch=8 before next command
I (55874) CMD_U0: waiting for pending UART response ch=8 before next command
I (55899) CMD_U0: waiting for pending UART response ch=8 before next command
I (55924) CMD_U0: waiting for pending UART response ch=8 before next command
I (55950) CMD_U0: waiting for pending UART response ch=8 before next command
I (55976) CMD_U0: waiting for pending UART response ch=8 before next command
I (56001) CMD_U0: waiting for pending UART response ch=8 before next command
I (56027) CMD_U0: waiting for pending UART response ch=8 before next command
I (56053) CMD_U0: waiting for pending UART response ch=8 before next command
I (56079) CMD_U0: waiting for pending UART response ch=8 before next command
I (56104) CMD_U0: waiting for pending UART response ch=8 before next command
I (56130) CMD_U0: waiting for pending UART response ch=8 before next command
I (56132) CMD_U1: waiting for pending UART response ch=9 before next command
I (56160) CMD_U0: waiting for pending UART response ch=8 before next command
I (56181) CMD_U0: waiting for pending UART response ch=8 before next command
I (56202) CMD_U0: waiting for pending UART response ch=8 before next command
I (56224) CMD_U0: waiting for pending UART response ch=8 before next command
I (56244) CMD_U0: waiting for pending UART response ch=8 before next command
I (56270) CMD_U0: waiting for pending UART response ch=8 before next command
I (56292) CMD_U0: waiting for pending UART response ch=8 before next command
I (56313) CMD_U0: waiting for pending UART response ch=8 before next command
I (56334) CMD_U0: waiting for pending UART response ch=8 before next command
I (56359) CMD_U0: waiting for pending UART response ch=8 before next command
I (56384) CMD_U0: waiting for pending UART response ch=8 before next command
I (56409) CMD_U0: waiting for pending UART response ch=8 before next command
I (56434) CMD_U0: waiting for pending UART response ch=8 before next command
I (56459) CMD_U0: waiting for pending UART response ch=8 before next command
I (56485) CMD_U0: waiting for pending UART response ch=8 before next command
I (56511) CMD_U0: waiting for pending UART response ch=8 before next command
I (56536) CMD_U0: waiting for pending UART response ch=8 before next command
I (56561) CMD_U0: waiting for pending UART response ch=8 before next command
I (56586) CMD_U0: waiting for pending UART response ch=8 before next command
I (56611) CMD_U0: waiting for pending UART response ch=8 before next command
I (56637) CMD_U0: waiting for pending UART response ch=8 before next command
I (56662) CMD_U0: waiting for pending UART response ch=8 before next command
I (56689) CMD_U0: waiting for pending UART response ch=8 before next command
I (56714) CMD_U0: waiting for pending UART response ch=8 before next command
W (56719) RX_TASK: RX timeout slot1 type=1 reqID=0 (1001ms)
I (56735) CMD_U0: waiting for pending UART response ch=8 before next command
I (56760) CMD_U0: waiting for pending UART response ch=8 before next command
I (56785) CMD_U0: waiting for pending UART response ch=8 before next command
I (56810) CMD_U0: waiting for pending UART response ch=8 before next command
I (56835) CMD_U0: waiting for pending UART response ch=8 before next command
I (56861) CMD_U0: waiting for pending UART response ch=8 before next command
I (56886) CMD_U0: waiting for pending UART response ch=8 before next command
I (56912) CMD_U0: waiting for pending UART response ch=8 before next command
I (56937) CMD_U0: waiting for pending UART response ch=8 before next command
I (56963) CMD_U0: waiting for pending UART response ch=8 before next command
I (56988) CMD_U0: waiting for pending UART response ch=8 before next command
I (57013) CMD_U0: waiting for pending UART response ch=8 before next command
I (57038) CMD_U0: waiting for pending UART response ch=8 before next command
I (57063) CMD_U0: waiting for pending UART response ch=8 before next command
I (57088) CMD_U0: waiting for pending UART response ch=8 before next command
I (57113) CMD_U0: waiting for pending UART response ch=8 before next command
I (57132) CMD_U1: waiting for pending UART response ch=9 before next command
E (57135) MQTT: Publish failed
W (57135) TRANSPORT: No transport connected for broadcast
W (57135) MSG: Broadcast failed, falling back to MQTT
E (57136) MQTT: Publish failed
I (57138) CMD_U0: waiting for pending UART response ch=8 before next command
E (57161) MQTT: Publish failed
W (57161) TRANSPORT: No transport connected for broadcast
W (57161) MSG: Broadcast failed, falling back to MQTT
E (57162) MQTT: Publish failed
I (57163) CMD_U0: waiting for pending UART response ch=8 before next command
E (57186) MQTT: Publish failed
W (57186) TRANSPORT: No transport connected for broadcast
W (57186) MSG: Broadcast failed, falling back to MQTT
E (57187) MQTT: Publish failed
I (57189) CMD_U0: waiting for pending UART response ch=8 before next command
E (57211) MQTT: Publish failed
W (57211) TRANSPORT: No transport connected for broadcast
W (57211) MSG: Broadcast failed, falling back to MQTT
E (57212) MQTT: Publish failed
I (57215) CMD_U0: waiting for pending UART response ch=8 before next command
E (57237) MQTT: Publish failed
W (57237) TRANSPORT: No transport connected for broadcast
W (57237) MSG: Broadcast failed, falling back to MQTT
E (57238) MQTT: Publish failed
I (57240) CMD_U0: waiting for pending UART response ch=8 before next command
E (57262) MQTT: Publish failed
W (57262) TRANSPORT: No transport connected for broadcast
W (57262) MSG: Broadcast failed, falling back to MQTT
E (57263) MQTT: Publish failed
I (57266) CMD_U0: waiting for pending UART response ch=8 before next command
E (57287) MQTT: Publish failed
W (57287) TRANSPORT: No transport connected for broadcast
I (57287) CMD_U0: waiting for pending UART response ch=8 before next command
W (57287) MSG: Broadcast failed, falling back to MQTT
E (57288) MQTT: Publish failed
I (57313) CMD_U0: waiting for pending UART response ch=8 before next command
I (57339) CMD_U0: waiting for pending UART response ch=8 before next command
I (57360) CMD_U0: waiting for pending UART response ch=8 before next command
I (57386) CMD_U0: waiting for pending UART response ch=8 before next command
I (57412) CMD_U0: waiting for pending UART response ch=8 before next command
I (57437) CMD_U0: waiting for pending UART response ch=8 before next command
I (57462) CMD_U0: waiting for pending UART response ch=8 before next command
I (57487) CMD_U0: waiting for pending UART response ch=8 before next command
I (57513) CMD_U0: waiting for pending UART response ch=8 before next command
W (57523) EHOME: [intdiag] t=55 internal free=48503 largest=23552 min_ever=31628 | total free=8328627 largest=8257536 | floor=16384
I (57539) CMD_U0: waiting for pending UART response ch=8 before next command
I (57565) CMD_U0: waiting for pending UART response ch=8 before next command
E (57587) MQTT: Publish failed
W (57587) TRANSPORT: No transport connected for broadcast
W (57587) MSG: Broadcast failed, falling back to MQTT
E (57588) MQTT: Publish failed
I (57591) CMD_U0: waiting for pending UART response ch=8 before next command
E (57612) MQTT: Publish failed
W (57612) TRANSPORT: No transport connected for broadcast
W (57612) MSG: Broadcast failed, falling back to MQTT
E (57613) MQTT: Publish failed
I (57617) CMD_U0: waiting for pending UART response ch=8 before next command
E (57637) MQTT: Publish failed
W (57637) TRANSPORT: No transport connected for broadcast
I (57637) CMD_U0: waiting for pending UART response ch=8 before next command
W (57638) MSG: Broadcast failed, falling back to MQTT
E (57638) MQTT: Publish failed
E (57658) MQTT: Publish failed
W (57658) TRANSPORT: No transport connected for broadcast
W (57658) MSG: Broadcast failed, falling back to MQTT
E (57659) MQTT: Publish failed
I (57663) CMD_U0: waiting for pending UART response ch=8 before next command
E (57683) MQTT: Publish failed
W (57683) TRANSPORT: No transport connected for broadcast
W (57683) MSG: Broadcast failed, falling back to MQTT
E (57684) MQTT: Publish failed
I (57684) CMD_U0: waiting for pending UART response ch=8 before next command
E (57703) MQTT: Publish failed
W (57703) TRANSPORT: No transport connected for broadcast
W (57703) MSG: Broadcast failed, falling back to MQTT
E (57704) MQTT: Publish failed
I (57705) CMD_U0: waiting for pending UART response ch=8 before next command
W (57724) RX_TASK: RX timeout slot1 type=1 reqID=0 (1001ms)
E (57729) MQTT: Publish failed
W (57729) TRANSPORT: No transport connected for broadcast
W (57729) MSG: Broadcast failed, falling back to MQTT
E (57730) MQTT: Publish failed
I (57731) CMD_U0: waiting for pending UART response ch=8 before next command
E (57754) MQTT: Publish failed
W (57754) TRANSPORT: No transport connected for broadcast
W (57754) MSG: Broadcast failed, falling back to MQTT
E (57755) MQTT: Publish failed
I (57756) CMD_U0: waiting for pending UART response ch=8 before next command
E (57779) MQTT: Publish failed
W (57779) TRANSPORT: No transport connected for broadcast
W (57779) MSG: Broadcast failed, falling back to MQTT
E (57780) MQTT: Publish failed
I (57782) CMD_U0: waiting for pending UART response ch=8 before next command
E (57808) MQTT: Publish failed
W (57808) TRANSPORT: No transport connected for broadcast
W (57808) MSG: Broadcast failed, falling back to MQTT
E (57809) MQTT: Publish failed
I (57813) CMD_U0: waiting for pending UART response ch=8 before next command
E (57835) MQTT: Publish failed
W (57835) TRANSPORT: No transport connected for broadcast
W (57835) MSG: Broadcast failed, falling back to MQTT
E (57836) MQTT: Publish failed
I (57839) CMD_U0: waiting for pending UART response ch=8 before next command
E (57860) MQTT: Publish failed
W (57860) TRANSPORT: No transport connected for broadcast
W (57860) MSG: Broadcast failed, falling back to MQTT
E (57861) MQTT: Publish failed
I (57864) CMD_U0: waiting for pending UART response ch=8 before next command
E (57886) MQTT: Publish failed
W (57886) TRANSPORT: No transport connected for broadcast
W (57886) MSG: Broadcast failed, falling back to MQTT
E (57887) MQTT: Publish failed
I (57890) CMD_U0: waiting for pending UART response ch=8 before next command
E (57911) MQTT: Publish failed
W (57911) TRANSPORT: No transport connected for broadcast
I (57912) CMD_U0: waiting for pending UART response ch=8 before next command
W (57912) MSG: Broadcast failed, falling back to MQTT
E (57912) MQTT: Publish failed
E (57931) MQTT: Publish failed
W (57931) TRANSPORT: No transport connected for broadcast
W (57931) MSG: Broadcast failed, falling back to MQTT
E (57932) MQTT: Publish failed
I (57932) CMD_U0: waiting for pending UART response ch=8 before next command
E (57952) MQTT: Publish failed
W (57952) TRANSPORT: No transport connected for broadcast
W (57952) MSG: Broadcast failed, falling back to MQTT
E (57953) MQTT: Publish failed
I (57953) CMD_U0: waiting for pending UART response ch=8 before next command
E (57977) MQTT: Publish failed
W (57977) TRANSPORT: No transport connected for broadcast
W (57977) MSG: Broadcast failed, falling back to MQTT
E (57978) MQTT: Publish failed
I (57979) CMD_U0: waiting for pending UART response ch=8 before next command
E (58003) MQTT: Publish failed
W (58003) TRANSPORT: No transport connected for broadcast
W (58003) MSG: Broadcast failed, falling back to MQTT
E (58004) MQTT: Publish failedI (58004) CMD_U0: waiting for pending UART response ch=8 before next command

E (58028) MQTT: Publish failed
W (58028) TRANSPORT: No transport connected for broadcast
W (58028) MSG: Broadcast failed, falling back to MQTT
I (58029) CMD_U0: waiting for pending UART response ch=8 before next commandE (58029) MQTT: 
Publish failed
E (58053) MQTT: Publish failed
W (58053) TRANSPORT: No transport connected for broadcast
W (58053) MSG: Broadcast failed, falling back to MQTT
E (58054) MQTT: Publish failed
I (58054) CMD_U0: waiting for pending UART response ch=8 before next command
E (58074) MQTT: Publish failed
W (58074) TRANSPORT: No transport connected for broadcast
W (58074) MSG: Broadcast failed, falling back to MQTT
I (58075) CMD_U0: waiting for pending UART response ch=8 before next command
E (58075) MQTT: Publish failed
E (58099) MQTT: Publish failed
W (58099) TRANSPORT: No transport connected for broadcast
W (58099) MSG: Broadcast failed, falling back to MQTT
E (58100) MQTT: Publish failedI (58100) CMD_U0: waiting for pending UART response ch=8 before next command

E (58119) MQTT: Publish failed
W (58119) TRANSPORT: No transport connected for broadcast
W (58119) MSG: Broadcast failed, falling back to MQTT
E (58120) MQTT: I (58120) CMD_U0: waiting for pending UART response ch=8 before next command
Publish failed
I (58132) CMD_U1: waiting for pending UART response ch=9 before next command
E (58140) MQTT: Publish failed
W (58140) TRANSPORT: No transport connected for broadcast
W (58140) MSG: Broadcast failed, falling back to MQTT
E (58141) MQTT: Publish failed
I (58145) CMD_U0: waiting for pending UART response ch=8 before next command
E (58165) MQTT: Publish failed
W (58165) TRANSPORT: No transport connected for broadcast
W (58165) MSG: Broadcast failed, falling back to MQTT
E (58166) MQTT: I (58166) CMD_U0: waiting for pending UART response ch=8 before next command
Publish failed
E (58185) MQTT: Publish failed
W (58185) TRANSPORT: No transport connected for broadcast
W (58185) MSG: Broadcast failed, falling back to MQTT
E (58186) MQTT: Publish failed
I (58186) CMD_U0: waiting for pending UART response ch=8 before next command
E (58205) MQTT: Publish failed
W (58205) TRANSPORT: No transport connected for broadcast
W (58205) MSG: Broadcast failed, falling back to MQTT
E (58206) MQTT: Publish failed
I (58207) CMD_U0: waiting for pending UART response ch=8 before next command
E (58231) MQTT: Publish failed
W (58231) TRANSPORT: No transport connected for broadcast
W (58231) MSG: Broadcast failed, falling back to MQTT
E (58232) MQTT: Publish failed
I (58233) CMD_U0: waiting for pending UART response ch=8 before next command
E (58256) MQTT: Publish failed
W (58256) TRANSPORT: No transport connected for broadcast
W (58256) MSG: Broadcast failed, falling back to MQTT
E (58257) MQTT: Publish failed
I (58258) CMD_U0: waiting for pending UART response ch=8 before next command
E (58282) MQTT: Publish failed
W (58282) TRANSPORT: No transport connected for broadcast
W (58282) MSG: Broadcast failed, falling back to MQTT
E (58283) MQTT: I (58283) CMD_U0: waiting for pending UART response ch=8 before next command
Publish failed
E (58307) MQTT: Publish failed
W (58307) TRANSPORT: No transport connected for broadcast
W (58307) MSG: Broadcast failed, falling back to MQTT
E (58308) MQTT: Publish failed
I (58308) CMD_U0: waiting for pending UART response ch=8 before next command
E (58327) MQTT: Publish failed
W (58327) TRANSPORT: No transport connected for broadcast
W (58327) MSG: Broadcast failed, falling back to MQTT
E (58328) MQTT: Publish failed
I (58329) CMD_U0: waiting for pending UART response ch=8 before next command
E (58353) MQTT: Publish failed
W (58353) TRANSPORT: No transport connected for broadcast
W (58353) MSG: Broadcast failed, falling back to MQTT
E (58354) MQTT: Publish failed
I (58355) CMD_U0: waiting for pending UART response ch=8 before next command
E (58378) MQTT: Publish failed
W (58378) TRANSPORT: No transport connected for broadcast
W (58378) MSG: Broadcast failed, falling back to MQTT
E (58379) MQTT: Publish failed
I (58381) CMD_U0: waiting for pending UART response ch=8 before next command
E (58403) MQTT: Publish failed
W (58403) TRANSPORT: No transport connected for broadcast
W (58403) MSG: Broadcast failed, falling back to MQTT
E (58404) MQTT: Publish failed
I (58407) CMD_U0: waiting for pending UART response ch=8 before next command
E (58429) MQTT: Publish failed
W (58429) TRANSPORT: No transport connected for broadcast
W (58430) MSG: Broadcast failed, falling back to MQTT
E (58430) MQTT: Publish failed
I (58433) CMD_U0: waiting for pending UART response ch=8 before next command
I (58459) CMD_U0: waiting for pending UART response ch=8 before next command
I (58485) CMD_U0: waiting for pending UART response ch=8 before next command
I (58506) CMD_U0: waiting for pending UART response ch=8 before next command
I (58531) CMD_U0: waiting for pending UART response ch=8 before next command
I (58552) CMD_U0: waiting for pending UART response ch=8 before next command
I (58578) CMD_U0: waiting for pending UART response ch=8 before next command
I (58604) CMD_U0: waiting for pending UART response ch=8 before next command
I (58630) CMD_U0: waiting for pending UART response ch=8 before next command
I (58655) CMD_U0: waiting for pending UART response ch=8 before next command
I (58680) CMD_U0: waiting for pending UART response ch=8 before next command
I (58705) CMD_U0: waiting for pending UART response ch=8 before next command
I (58731) CMD_U0: waiting for pending UART response ch=8 before next command
W (58749) RX_TASK: RX timeout slot1 type=1 reqID=0 (1001ms)
I (58756) CMD_U0: waiting for pending UART response ch=8 before next command
I (58781) CMD_U0: waiting for pending UART response ch=8 before next command
I (58807) CMD_U0: waiting for pending UART response ch=8 before next command
I (58833) CMD_U0: waiting for pending UART response ch=8 before next command
I (58854) CMD_U0: waiting for pending UART response ch=8 before next command
I (58875) CMD_U0: waiting for pending UART response ch=8 before next command
I (58896) CMD_U0: waiting for pending UART response ch=8 before next command
I (58921) CMD_U0: waiting for pending UART response ch=8 before next command
I (58942) CMD_U0: waiting for pending UART response ch=8 before next command
I (58967) CMD_U0: waiting for pending UART response ch=8 before next command
I (58988) CMD_U0: waiting for pending UART response ch=8 before next command
I (59009) CMD_U0: waiting for pending UART response ch=8 before next command
I (59029) CMD_U0: waiting for pending UART response ch=8 before next command
I (59050) CMD_U0: waiting for pending UART response ch=8 before next command
I (59075) CMD_U0: waiting for pending UART response ch=8 before next command
I (59095) CMD_U0: waiting for pending UART response ch=8 before next command
I (59116) CMD_U0: waiting for pending UART response ch=8 before next command
I (59132) CMD_U1: waiting for pending UART response ch=9 before next command
I (59141) CMD_U0: waiting for pending UART response ch=8 before next command
I (59161) CMD_U0: waiting for pending UART response ch=8 before next command
I (59181) CMD_U0: waiting for pending UART response ch=8 before next command
I (59206) CMD_U0: waiting for pending UART response ch=8 before next command
E (59226) MQTT: Publish failed
W (59226) TRANSPORT: No transport connected for broadcast
W (59226) MSG: Broadcast failed, falling back to MQTT
E (59227) MQTT: Publish failed
I (59231) CMD_U0: waiting for pending UART response ch=8 before next command
E (59251) MQTT: Publish failed
W (59251) TRANSPORT: No transport connected for broadcast
W (59251) MSG: Broadcast failed, falling back to MQTT
E (59252) MQTT: Publish failed
I (59256) CMD_U0: waiting for pending UART response ch=8 before next command
E (59277) MQTT: Publish failed
W (59277) TRANSPORT: No transport connected for broadcast
W (59277) MSG: Broadcast failed, falling back to MQTT
E (59278) MQTT: Publish failed
I (59281) CMD_U0: waiting for pending UART response ch=8 before next command
E (59302) MQTT: Publish failed
W (59302) TRANSPORT: No transport connected for broadcast
I (59302) CMD_U0: waiting for pending UART response ch=8 before next commandW (59302) MSG: 
Broadcast failed, falling back to MQTT
E (59303) MQTT: Publish failed
E (59322) MQTT: Publish failed
W (59322) TRANSPORT: No transport connected for broadcast
W (59322) MSG: Broadcast failed, falling back to MQTT
E (59323) MQTT: I (59323) CMD_U0: waiting for pending UART response ch=8 before next command
Publish failed
E (59345) MQTT: Publish failed
W (59345) TRANSPORT: No transport connected for broadcast
W (59345) MSG: Broadcast failed, falling back to MQTT
E (59346) MQTT: Publish failed
I (59348) CMD_U0: waiting for pending UART response ch=8 before next command
E (59371) MQTT: Publish failed
W (59371) TRANSPORT: No transport connected for broadcast
W (59371) MSG: Broadcast failed, falling back to MQTT
E (59372) MQTT: Publish failed
I (59374) CMD_U0: waiting for pending UART response ch=8 before next command
E (59397) MQTT: Publish failed
W (59397) TRANSPORT: No transport connected for broadcast
W (59397) MSG: Broadcast failed, falling back to MQTT
E (59398) MQTT: Publish failed
I (59399) CMD_U0: waiting for pending UART response ch=8 before next command
E (59423) MQTT: Publish failed
W (59423) TRANSPORT: No transport connected for broadcast
W (59423) MSG: Broadcast failed, falling back to MQTT
E (59424) MQTT: Publish failed
I (59425) CMD_U0: waiting for pending UART response ch=8 before next command
E (59448) MQTT: Publish failed
W (59448) TRANSPORT: No transport connected for broadcast
W (59448) MSG: Broadcast failed, falling back to MQTT
E (59449) MQTT: Publish failed
I (59451) CMD_U0: waiting for pending UART response ch=8 before next command
E (59473) MQTT: Publish failed
W (59473) TRANSPORT: No transport connected for broadcast
W (59473) MSG: Broadcast failed, falling back to MQTT
E (59474) MQTT: Publish failed
I (59477) CMD_U0: waiting for pending UART response ch=8 before next command
E (59499) MQTT: Publish failed
W (59499) TRANSPORT: No transport connected for broadcast
W (59499) MSG: Broadcast failed, falling back to MQTT
E (59500) MQTT: Publish failed
I (59503) CMD_U0: waiting for pending UART response ch=8 before next command
E (59524) MQTT: Publish failed
W (59524) TRANSPORT: No transport connected for broadcast
W (59524) MSG: Broadcast failed, falling back to MQTT
E (59525) MQTT: Publish failed
I (59528) CMD_U0: waiting for pending UART response ch=8 before next command
E (59538) MQTT: Publish failed
W (59539) TRANSPORT: No transport connected for broadcast
W (59539) MSG: Broadcast failed, falling back to MQTT
E (59539) MQTT: Publish failed
E (59551) MQTT: Publish failed
W (59551) TRANSPORT: No transport connected for broadcast
W (59551) MSG: Broadcast failed, falling back to MQTT
E (59552) MQTT: Publish failed
I (59554) CMD_U0: waiting for pending UART response ch=8 before next command
E (59561) MQTT: Publish failed
W (59561) TRANSPORT: No transport connected for broadcast
W (59562) MSG: Broadcast failed, falling back to MQTT
E (59562) MQTT: Publish failed
E (59575) MQTT: Publish failed
W (59575) TRANSPORT: No transport connected for broadcast
W (59575) MSG: Broadcast failed, falling back to MQTT
E (59576) MQTT: Publish failed
I (59580) CMD_U0: waiting for pending UART response ch=8 before next command
E (59601) MQTT: Publish failed
W (59601) TRANSPORT: No transport connected for broadcast
W (59601) MSG: Broadcast failed, falling back to MQTT
E (59602) MQTT: Publish failed
I (59606) CMD_U0: waiting for pending UART response ch=8 before next command
E (59626) MQTT: Publish failed
W (59626) TRANSPORT: No transport connected for broadcast
W (59626) MSG: Broadcast failed, falling back to MQTT
E (59627) MQTT: Publish failedI (59627) CMD_U0: waiting for pending UART response ch=8 before next command

E (59646) MQTT: Publish failed
W (59646) TRANSPORT: No transport connected for broadcast
W (59646) MSG: Broadcast failed, falling back to MQTT
E (59647) MQTT: Publish failed
I (59647) CMD_U0: waiting for pending UART response ch=8 before next command
E (59667) MQTT: Publish failed
W (59667) TRANSPORT: No transport connected for broadcast
W (59667) MSG: Broadcast failed, falling back to MQTT
I (59668) CMD_U0: waiting for pending UART response ch=8 before next command
E (59668) MQTT: Publish failed
E (59692) MQTT: Publish failed
W (59692) TRANSPORT: No transport connected for broadcast
W (59692) MSG: Broadcast failed, falling back to MQTT
E (59693) MQTT: I (59693) CMD_U0: waiting for pending UART response ch=8 before next command
Publish failed
E (59712) MQTT: Publish failed
W (59712) TRANSPORT: No transport connected for broadcast
W (59712) MSG: Broadcast failed, falling back to MQTT
E (59713) MQTT: Publish failed
I (59713) CMD_U0: waiting for pending UART response ch=8 before next command
E (59733) MQTT: Publish failed
W (59733) TRANSPORT: No transport connected for broadcast
W (59733) MSG: Broadcast failed, falling back to MQTT
E (59734) MQTT: Publish failed
I (59734) CMD_U0: waiting for pending UART response ch=8 before next command
W (59754) RX_TASK: RX timeout slot1 type=1 reqID=0 (1001ms)
E (59758) MQTT: Publish failed
W (59758) TRANSPORT: No transport connected for broadcast
W (59758) MSG: Broadcast failed, falling back to MQTT
E (59759) MQTT: Publish failed
I (59761) CMD_U0: waiting for pending UART response ch=8 before next command
E (59783) MQTT: Publish failed
W (59783) TRANSPORT: No transport connected for broadcast
W (59783) MSG: Broadcast failed, falling back to MQTT
E (59784) MQTT: Publish failed
I (59786) CMD_U0: waiting for pending UART response ch=8 before next command
I (59812) CMD_U0: waiting for pending UART response ch=8 before next command
E (59812) MQTT: Publish failed
W (59813) TRANSPORT: No transport connected for broadcast
W (59813) MSG: Broadcast failed, falling back to MQTT
E (59813) MQTT: Publish failed
I (59837) CMD_U0: waiting for pending UART response ch=8 before next command
I (59863) CMD_U0: waiting for pending UART response ch=8 before next command
I (59889) CMD_U0: waiting for pending UART response ch=8 before next command
I (59910) CMD_U0: waiting for pending UART response ch=8 before next command
I (59930) CMD_U0: waiting for pending UART response ch=8 before next command
I (59951) CMD_U0: waiting for pending UART response ch=8 before next command
I (59976) CMD_U0: waiting for pending UART response ch=8 before next command
I (59996) CMD_U0: waiting for pending UART response ch=8 before next command
I (60021) CMD_U0: waiting for pending UART response ch=8 before next command
E (60042) MQTT: Publish failed
W (60042) TRANSPORT: No transport connected for broadcast
W (60042) MSG: Broadcast failed, falling back to MQTT
E (60043) MQTT: Publish failed
I (60047) CMD_U0: waiting for pending UART response ch=8 before next command
E (60067) MQTT: Publish failed
W (60067) TRANSPORT: No transport connected for broadcast
I (60068) CMD_U0: waiting for pending UART response ch=8 before next command
W (60068) MSG: Broadcast failed, falling back to MQTT
E (60069) MQTT: Publish failed
E (60087) MQTT: Publish failed
W (60087) TRANSPORT: No transport connected for broadcast
W (60087) MSG: Broadcast failed, falling back to MQTT
E (60088) MQTT: I (60088) CMD_U0: waiting for pending UART response ch=8 before next command
Publish failed
E (60108) MQTT: Publish failed
W (60108) TRANSPORT: No transport connected for broadcast
W (60108) MSG: Broadcast failed, falling back to MQTT
E (60109) MQTT: Publish failed
I (60113) CMD_U0: waiting for pending UART response ch=8 before next command
I (60132) CMD_U1: waiting for pending UART response ch=9 before next command
E (60133) MQTT: Publish failed
W (60133) TRANSPORT: No transport connected for broadcast
W (60133) MSG: Broadcast failed, falling back to MQTT
E (60134) MQTT: Publish failedI (60134) CMD_U0: waiting for pending UART response ch=8 before next command

E (60158) MQTT: Publish failed
W (60158) TRANSPORT: No transport connected for broadcast
W (60158) MSG: Broadcast failed, falling back to MQTT
E (60159) MQTT: Publish failedI (60159) CMD_U0: 
waiting for pending UART response ch=8 before next command
E (60179) MQTT: Publish failed
W (60179) TRANSPORT: No transport connected for broadcast
W (60179) MSG: Broadcast failed, falling back to MQTT
E (60180) MQTT: Publish failed
I (60184) CMD_U0: waiting for pending UART response ch=8 before next command
E (60204) MQTT: Publish failed
W (60204) TRANSPORT: No transport connected for broadcast
W (60204) MSG: Broadcast failed, falling back to MQTT
E (60205) MQTT: Publish failed
I (60209) CMD_U0: waiting for pending UART response ch=8 before next command
E (60229) MQTT: Publish failed
W (60229) TRANSPORT: No transport connected for broadcast
W (60229) MSG: Broadcast failed, falling back to MQTT
E (60230) MQTT: Publish failed
I (60230) CMD_U0: waiting for pending UART response ch=8 before next command
E (60250) MQTT: Publish failed
W (60250) TRANSPORT: No transport connected for broadcast
W (60250) MSG: Broadcast failed, falling back to MQTT
E (60251) MQTT: Publish failed
I (60251) CMD_U0: waiting for pending UART response ch=8 before next command
E (60275) MQTT: Publish failed
W (60275) TRANSPORT: No transport connected for broadcast
W (60275) MSG: Broadcast failed, falling back to MQTT
E (60276) MQTT: Publish failed
I (60277) CMD_U0: waiting for pending UART response ch=8 before next command
E (60300) MQTT: Publish failed
W (60300) TRANSPORT: No transport connected for broadcast
W (60300) MSG: Broadcast failed, falling back to MQTT
E (60301) MQTT: Publish failed
I (60302) CMD_U0: waiting for pending UART response ch=8 before next command
E (60326) MQTT: Publish failed
W (60326) TRANSPORT: No transport connected for broadcast
W (60326) MSG: Broadcast failed, falling back to MQTT
E (60327) MQTT: Publish failed
I (60328) CMD_U0: waiting for pending UART response ch=8 before next command
E (60351) MQTT: Publish failed
W (60351) TRANSPORT: No transport connected for broadcast
W (60351) MSG: Broadcast failed, falling back to MQTT
E (60352) MQTT: Publish failed
I (60354) CMD_U0: waiting for pending UART response ch=8 before next command
E (60376) MQTT: Publish failed
W (60376) TRANSPORT: No transport connected for broadcast
W (60376) MSG: Broadcast failed, falling back to MQTT
E (60377) MQTT: Publish failed
I (60380) CMD_U0: waiting for pending UART response ch=8 before next command
E (60402) MQTT: Publish failed
W (60402) TRANSPORT: No transport connected for broadcast
W (60402) MSG: Broadcast failed, falling back to MQTT
E (60403) MQTT: Publish failed
I (60406) CMD_U0: waiting for pending UART response ch=8 before next command
E (60427) MQTT: Publish failed
W (60427) TRANSPORT: No transport connected for broadcast
I (60427) CMD_U0: waiting for pending UART response ch=8 before next command
W (60427) MSG: Broadcast failed, falling back to MQTT
E (60428) MQTT: Publish failed
E (60448) MQTT: Publish failed
W (60448) TRANSPORT: No transport connected for broadcast
W (60448) MSG: Broadcast failed, falling back to MQTT
E (60449) MQTT: Publish failed
I (60453) CMD_U0: waiting for pending UART response ch=8 before next command
E (60473) MQTT: Publish failed
W (60473) TRANSPORT: No transport connected for broadcast
W (60473) MSG: Broadcast failed, falling back to MQTT
E (60474) MQTT: Publish failed
I (60474) CMD_U0: waiting for pending UART response ch=8 before next command
E (60493) MQTT: Publish failed
W (60493) TRANSPORT: No transport connected for broadcast
W (60493) MSG: Broadcast failed, falling back to MQTT
E (60494) MQTT: Publish failed
I (60495) CMD_U0: waiting for pending UART response ch=8 before next command
E (60519) MQTT: Publish failed
W (60519) TRANSPORT: No transport connected for broadcast
W (60519) MSG: Broadcast failed, falling back to MQTT
E (60520) MQTT: Publish failedI (60520) CMD_U0: waiting for pending UART response ch=8 before next command

E (60541) MQTT: Publish failed
W (60542) TRANSPORT: No transport connected for broadcast
W (60542) MSG: Broadcast failed, falling back to MQTT
E (60542) MQTT: Publish failed
E (60544) MQTT: Publish failed
W (60544) TRANSPORT: No transport connected for broadcast
W (60544) MSG: Broadcast failed, falling back to MQTT
E (60545) MQTT: Publish failed
I (60545) CMD_U0: waiting for pending UART response ch=8 before next command
E (60561) MQTT: Publish failed
W (60561) TRANSPORT: No transport connected for broadcast
W (60561) MSG: Broadcast failed, falling back to MQTT
E (60562) MQTT: Publish failed
E (60564) MQTT: Publish failed
W (60564) TRANSPORT: No transport connected for broadcast
W (60564) MSG: Broadcast failed, falling back to MQTT
E (60565) MQTT: Publish failed
I (60565) CMD_U0: waiting for pending UART response ch=8 before next command
E (60585) MQTT: Publish failed
W (60585) TRANSPORT: No transport connected for broadcast
W (60586) MSG: Broadcast failed, falling back to MQTT
E (60586) MQTT: Publish failed
I (60590) CMD_U0: waiting for pending UART response ch=8 before next command
E (60610) MQTT: Publish failed
W (60610) TRANSPORT: No transport connected for broadcast
W (60610) MSG: Broadcast failed, falling back to MQTT
E (60611) MQTT: Publish failed
I (60615) CMD_U0: waiting for pending UART response ch=8 before next command
E (60635) MQTT: Publish failed
W (60635) TRANSPORT: No transport connected for broadcast
W (60635) MSG: Broadcast failed, falling back to MQTT
E (60636) MQTT: Publish failed
I (60636) CMD_U0: waiting for pending UART response ch=8 before next command
E (60656) MQTT: Publish failed
W (60656) TRANSPORT: No transport connected for broadcast
W (60656) MSG: Broadcast failed, falling back to MQTT
E (60657) MQTT: Publish failedI (60657) CMD_U0: 
waiting for pending UART response ch=8 before next command
E (60681) MQTT: Publish failed
W (60681) TRANSPORT: No transport connected for broadcast
W (60681) MSG: Broadcast failed, falling back to MQTT
E (60682) MQTT: I (60682) CMD_U0: waiting for pending UART response ch=8 before next command
Publish failed
E (60706) MQTT: Publish failed
W (60706) TRANSPORT: No transport connected for broadcast
W (60706) MSG: Broadcast failed, falling back to MQTT
E (60707) MQTT: Publish failedI (60707) CMD_U0: waiting for pending UART response ch=8 before next command

E (60726) MQTT: Publish failed
W (60726) TRANSPORT: No transport connected for broadcast
W (60726) MSG: Broadcast failed, falling back to MQTT
E (60727) MQTT: Publish failedI (60727) CMD_U0: waiting for pending UART response ch=8 before next command

E (60747) MQTT: Publish failed
W (60747) TRANSPORT: No transport connected for broadcast
I (60747) CMD_U0: waiting for pending UART response ch=8 before next command
W (60747) MSG: Broadcast failed, falling back to MQTT
E (60748) MQTT: Publish failed
W (60758) RX_TASK: RX timeout slot1 type=1 reqID=0 (1001ms)
E (60767) MQTT: Publish failed
W (60767) TRANSPORT: No transport connected for broadcast
W (60767) MSG: Broadcast failed, falling back to MQTT
I (60768) CMD_U0: waiting for pending UART response ch=8 before next command
E (60768) MQTT: Publish failed
E (60788) MQTT: Publish failed
W (60788) TRANSPORT: No transport connected for broadcast
W (60788) MSG: Broadcast failed, falling back to MQTT
E (60789) MQTT: Publish failed
I (60793) CMD_U0: waiting for pending UART response ch=8 before next command
E (60814) MQTT: Publish failed
W (60814) TRANSPORT: No transport connected for broadcast
W (60814) MSG: Broadcast failed, falling back to MQTT
E (60815) MQTT: Publish failed
I (60818) CMD_U0: waiting for pending UART response ch=8 before next command
E (60839) MQTT: Publish failed
W (60839) TRANSPORT: No transport connected for broadcast
W (60839) MSG: Broadcast failed, falling back to MQTT
E (60840) MQTT: Publish failed
I (60844) CMD_U0: waiting for pending UART response ch=8 before next command
E (60865) MQTT: Publish failed
W (60865) TRANSPORT: No transport connected for broadcast
W (60865) MSG: Broadcast failed, falling back to MQTT
E (60866) MQTT: Publish failed
I (60870) CMD_U0: waiting for pending UART response ch=8 before next command
I (60896) CMD_U0: waiting for pending UART response ch=8 before next command
I (60916) CMD_U0: waiting for pending UART response ch=8 before next command
I (60937) CMD_U0: waiting for pending UART response ch=8 before next command
I (60957) CMD_U0: waiting for pending UART response ch=8 before next command
I (60977) CMD_U0: waiting for pending UART response ch=8 before next command
I (60994) SCHEDULER: Stats: samples=421 full=586 min_free=2
I (61002) CMD_U0: waiting for pending UART response ch=8 before next command
I (61023) CMD_U0: waiting for pending UART response ch=8 before next command
I (61043) CMD_U0: waiting for pending UART response ch=8 before next command
I (61064) CMD_U0: waiting for pending UART response ch=8 before next command
I (61068) BOOT_GUARD: Uptime 60002 ms exceeds the 60s reboot window; clearing counter
I (61089) CMD_U0: waiting for pending UART response ch=8 before next command
I (61110) CMD_U0: waiting for pending UART response ch=8 before next command
I (61132) CMD_U1: waiting for pending UART response ch=9 before next command
I (61135) CMD_U0: waiting for pending UART response ch=8 before next command
I (61161) CMD_U0: waiting for pending UART response ch=8 before next command
I (61187) CMD_U0: waiting for pending UART response ch=8 before next command
I (61213) CMD_U0: waiting for pending UART response ch=8 before next command
I (61238) CMD_U0: waiting for pending UART response ch=8 before next command
I (61264) CMD_U0: waiting for pending UART response ch=8 before next command
I (61290) CMD_U0: waiting for pending UART response ch=8 before next command
I (61315) CMD_U0: waiting for pending UART response ch=8 before next command
I (61341) CMD_U0: waiting for pending UART response ch=8 before next command
I (61366) CMD_U0: waiting for pending UART response ch=8 before next command
I (61391) CMD_U0: waiting for pending UART response ch=8 before next command
I (61416) CMD_U0: waiting for pending UART response ch=8 before next command
I (61442) CMD_U0: waiting for pending UART response ch=8 before next command
I (61467) CMD_U0: waiting for pending UART response ch=8 before next command
I (61493) CMD_U0: waiting for pending UART response ch=8 before next command
I (61519) CMD_U0: waiting for pending UART response ch=8 before next command
I (61544) CMD_U0: waiting for pending UART response ch=8 before next command
I (61570) CMD_U0: waiting for pending UART response ch=8 before next command
I (61595) CMD_U0: waiting for pending UART response ch=8 before next command
I (61620) CMD_U0: waiting for pending UART response ch=8 before next command
I (61645) CMD_U0: waiting for pending UART response ch=8 before next command
I (61670) CMD_U0: waiting for pending UART response ch=8 before next command
I (61695) CMD_U0: waiting for pending UART response ch=8 before next command
I (61721) CMD_U0: waiting for pending UART response ch=8 before next command
I (61746) CMD_U0: waiting for pending UART response ch=8 before next command
W (61763) RX_TASK: RX timeout slot1 type=1 reqID=0 (1001ms)
I (61772) CMD_U0: waiting for pending UART response ch=8 before next command
I (61797) CMD_U0: waiting for pending UART response ch=8 before next command
I (61822) CMD_U0: waiting for pending UART response ch=8 before next command
I (61847) CMD_U0: waiting for pending UART response ch=8 before next command
I (61868) CMD_U0: waiting for pending UART response ch=8 before next command
I (61893) CMD_U0: waiting for pending UART response ch=8 before next command
I (61914) CMD_U0: waiting for pending UART response ch=8 before next command
I (61935) CMD_U0: waiting for pending UART response ch=8 before next command
I (61955) CMD_U0: waiting for pending UART response ch=8 before next command
I (61976) CMD_U0: waiting for pending UART response ch=8 before next command
I (62002) CMD_U0: waiting for pending UART response ch=8 before next command
I (62027) CMD_U0: waiting for pending UART response ch=8 before next command
I (62052) CMD_U0: waiting for pending UART response ch=8 before next command
I (62077) CMD_U0: waiting for pending UART response ch=8 before next command
I (62098) CMD_U0: waiting for pending UART response ch=8 before next command
I (62124) CMD_U0: waiting for pending UART response ch=8 before next command
I (62132) CMD_U1: waiting for pending UART response ch=9 before next command
I (62150) CMD_U0: waiting for pending UART response ch=8 before next command
I (62176) CMD_U0: waiting for pending UART response ch=8 before next command
I (62202) CMD_U0: waiting for pending UART response ch=8 before next command
I (62228) CMD_U0: waiting for pending UART response ch=8 before next command
I (62253) CMD_U0: waiting for pending UART response ch=8 before next command
I (62278) CMD_U0: waiting for pending UART response ch=8 before next command
I (62304) CMD_U0: waiting for pending UART response ch=8 before next command
I (62330) CMD_U0: waiting for pending UART response ch=8 before next command
I (62340) RX_TASK: Stats: events=412 completions=422 report_drop=0 report_q_high=2
I (62355) CMD_U0: Stats: txn=412 err=0 (100%) no_ctx=0
I (62356) CMD_U0: waiting for pending UART response ch=8 before next command
I (62376) CMD_U0: waiting for pending UART response ch=8 before next command
I (62397) CMD_U0: waiting for pending UART response ch=8 before next command
I (62422) CMD_U0: waiting for pending UART response ch=8 before next command
I (62442) CMD_U0: waiting for pending UART response ch=8 before next command
I (62462) CMD_U0: waiting for pending UART response ch=8 before next command
I (62483) CMD_U0: waiting for pending UART response ch=8 before next command
E (62507) MQTT: Publish failed
W (62507) TRANSPORT: No transport connected for broadcast
W (62507) MSG: Broadcast failed, falling back to MQTT
E (62508) MQTT: Publish failed
I (62509) CMD_U0: waiting for pending UART response ch=8 before next command
E (62533) MQTT: Publish failed
W (62533) TRANSPORT: No transport connected for broadcast
W (62533) MSG: Broadcast failed, falling back to MQTT
E (62534) MQTT: Publish failed
I (62535) CMD_U0: waiting for pending UART response ch=8 before next command
W (62557) EHOME: [intdiag] t=60 internal free=48235 largest=23552 min_ever=31628 | total free=8327575 largest=8257536 | floor=16384E (62558) MQTT: Publish failed
W (62558) TRANSPORT: No transport connected for broadcast
W (62558) MSG: Broadcast failed, falling back to MQTT
E (62559) MQTT: Publish failed

I (62560) CMD_U0: waiting for pending UART response ch=8 before next command
E (62561) MQTT: Publish failed
W (62562) TRANSPORT: No transport connected for broadcast
W (62562) MSG: E (62562) MQTT: Publish failed
W (62562) TRANSPORT: No transport connected for broadcast
W (62563) MSG: Broadcast failed, falling back to MQTT
E (62563) MQTT: Publish failed
Broadcast failed, falling back to MQTT
E (62563) MQTT: Publish failed
E (62583) MQTT: Publish failed
W (62583) TRANSPORT: No transport connected for broadcast
W (62583) MSG: Broadcast failed, falling back to MQTT
E (62584) MQTT: Publish failed
I (62586) CMD_U0: waiting for pending UART response ch=8 before next command
E (62609) MQTT: Publish failed
W (62609) TRANSPORT: No transport connected for broadcast
W (62609) MSG: Broadcast failed, falling back to MQTT
E (62610) MQTT: Publish failed
I (62612) CMD_U0: waiting for pending UART response ch=8 before next command
I (62639) CMD_U0: waiting for pending UART response ch=8 before next command
I (62664) CMD_U0: waiting for pending UART response ch=8 before next command
I (62689) CMD_U0: waiting for pending UART response ch=8 before next command
I (62715) CMD_U0: waiting for pending UART response ch=8 before next command
I (62737) CMD_U0: waiting for pending UART response ch=8 before next command
I (62757) CMD_U0: waiting for pending UART response ch=8 before next command
W (62768) RX_TASK: RX timeout slot1 type=1 reqID=0 (1001ms)
I (62782) CMD_U0: waiting for pending UART response ch=8 before next command
I (62807) CMD_U0: waiting for pending UART response ch=8 before next command
I (62828) CMD_U0: waiting for pending UART response ch=8 before next command
I (62854) CMD_U0: waiting for pending UART response ch=8 before next command
I (62879) CMD_U0: waiting for pending UART response ch=8 before next command
I (62904) CMD_U0: waiting for pending UART response ch=8 before next command
I (62929) CMD_U0: waiting for pending UART response ch=8 before next command
I (62950) CMD_U0: waiting for pending UART response ch=8 before next command
I (62976) CMD_U0: waiting for pending UART response ch=8 before next command
I (63001) CMD_U0: waiting for pending UART response ch=8 before next command
I (63026) CMD_U0: waiting for pending UART response ch=8 before next command
I (63046) CMD_U0: waiting for pending UART response ch=8 before next command
I (63071) CMD_U0: waiting for pending UART response ch=8 before next command
I (63096) CMD_U0: waiting for pending UART response ch=8 before next command
I (63122) CMD_U0: waiting for pending UART response ch=8 before next command
I (63132) CMD_U1: waiting for pending UART response ch=9 before next command
I (63147) CMD_U0: waiting for pending UART response ch=8 before next command
I (63172) CMD_U0: waiting for pending UART response ch=8 before next command
I (63197) CMD_U0: waiting for pending UART response ch=8 before next command
I (63222) CMD_U0: waiting for pending UART response ch=8 before next command
I (63248) CMD_U0: waiting for pending UART response ch=8 before next command
I (63273) CMD_U0: waiting for pending UART response ch=8 before next command
I (63298) CMD_U0: waiting for pending UART response ch=8 before next command
I (63323) CMD_U0: waiting for pending UART response ch=8 before next command
I (63349) CMD_U0: waiting for pending UART response ch=8 before next command
I (63375) CMD_U0: waiting for pending UART response ch=8 before next command
I (63400) CMD_U0: waiting for pending UART response ch=8 before next command
I (63426) CMD_U0: waiting for pending UART response ch=8 before next command
I (63451) CMD_U0: waiting for pending UART response ch=8 before next command
I (63476) CMD_U0: waiting for pending UART response ch=8 before next command
I (63502) CMD_U0: waiting for pending UART response ch=8 before next command
I (63527) CMD_U0: waiting for pending UART response ch=8 before next command
I (63552) CMD_U0: waiting for pending UART response ch=8 before next command
I (63564) SCHEDULER: sched: ch=8 edge_device_count=1, choosing v2 path
I (63569) SCHEDULER: sched: ch=9 edge_device_count=1, choosing v2 path
I (63578) CMD_U0: waiting for pending UART response ch=8 before next command
I (63604) CMD_U0: waiting for pending UART response ch=8 before next command
I (63625) CMD_U0: waiting for pending UART response ch=8 before next command
I (63650) CMD_U0: waiting for pending UART response ch=8 before next command
I (63675) CMD_U0: waiting for pending UART response ch=8 before next command
I (63696) CMD_U0: waiting for pending UART response ch=8 before next command
I (63717) CMD_U0: waiting for pending UART response ch=8 before next command
I (63742) CMD_U0: waiting for pending UART response ch=8 before next command
I (63768) CMD_U0: waiting for pending UART response ch=8 before next command
W (63773) RX_TASK: RX timeout slot1 type=1 reqID=0 (1001ms)
I (63793) CMD_U0: waiting for pending UART response ch=8 before next command
I (63815) CMD_U1: Stats: txn=10 err=0 (100%) no_ctx=0
I (63818) CMD_U0: waiting for pending UART response ch=8 before next command
I (63843) CMD_U0: waiting for pending UART response ch=8 before next command
I (63868) CMD_U0: waiting for pending UART response ch=8 before next command
I (63893) CMD_U0: waiting for pending UART response ch=8 before next command
I (63918) CMD_U0: waiting for pending UART response ch=8 before next command
I (63944) CMD_U0: waiting for pending UART response ch=8 before next command
I (63969) CMD_U0: waiting for pending UART response ch=8 before next command
I (63990) CMD_U0: waiting for pending UART response ch=8 before next command
I (64012) CMD_U0: waiting for pending UART response ch=8 before next command
I (64032) CMD_U0: waiting for pending UART response ch=8 before next command
I (64052) CMD_U0: waiting for pending UART response ch=8 before next command
I (64077) CMD_U0: waiting for pending UART response ch=8 before next command
E (64097) MQTT: Publish failed
W (64097) TRANSPORT: No transport connected for broadcast
W (64097) MSG: Broadcast failed, falling back to MQTT
E (64098) MQTT: Publish failed
I (64102) CMD_U0: waiting for pending UART response ch=8 before next command
E (64122) MQTT: Publish failed
W (64122) TRANSPORT: No transport connected for broadcast
W (64122) MSG: Broadcast failed, falling back to MQTT
E (64123) MQTT: Publish failed
I (64123) CMD_U0: waiting for pending UART response ch=8 before next command
I (64132) CMD_U1: waiting for pending UART response ch=9 before next command
E (64143) MQTT: Publish failed
W (64143) TRANSPORT: No transport connected for broadcast
W (64143) MSG: Broadcast failed, falling back to MQTT
E (64144) MQTT: Publish failedI (64144) CMD_U0: waiting for pending UART response ch=8 before next command

E (64168) MQTT: Publish failed
W (64168) TRANSPORT: No transport connected for broadcast
W (64168) MSG: Broadcast failed, falling back to MQTT
I (64169) CMD_U0: waiting for pending UART response ch=8 before next command
E (64169) MQTT: Publish failed
E (64188) MQTT: Publish failed
W (64188) TRANSPORT: No transport connected for broadcast
W (64188) MSG: Broadcast failed, falling back to MQTT
I (64189) CMD_U0: waiting for pending UART response ch=8 before next command
E (64189) MQTT: Publish failed
E (64209) MQTT: Publish failed
W (64209) TRANSPORT: No transport connected for broadcast
W (64209) MSG: Broadcast failed, falling back to MQTT
E (64210) MQTT: Publish failed
I (64214) CMD_U0: waiting for pending UART response ch=8 before next command
E (64234) MQTT: Publish failed
W (64234) TRANSPORT: No transport connected for broadcast
W (64234) MSG: Broadcast failed, falling back to MQTT
E (64235) MQTT: I (64235) CMD_U0: waiting for pending UART response ch=8 before next command
Publish failed
E (64254) MQTT: Publish failed
W (64254) TRANSPORT: No transport connected for broadcast
W (64254) MSG: Broadcast failed, falling back to MQTT
E (64255) MQTT: I (64255) CMD_U0: waiting for pending UART response ch=8 before next command
Publish failed
E (64274) MQTT: Publish failed
W (64274) TRANSPORT: No transport connected for broadcast
W (64274) MSG: Broadcast failed, falling back to MQTT
I (64275) CMD_U0: waiting for pending UART response ch=8 before next command
E (64275) MQTT: Publish failed
E (64295) MQTT: Publish failed
W (64295) TRANSPORT: No transport connected for broadcast
W (64295) MSG: Broadcast failed, falling back to MQTT
E (64296) MQTT: Publish failed
I (64300) CMD_U0: waiting for pending UART response ch=8 before next command
I (64320) CMD_U0: waiting for pending UART response ch=8 before next command
I (64342) CMD_U0: waiting for pending UART response ch=8 before next command
I (64362) CMD_U0: waiting for pending UART response ch=8 before next command
I (64388) CMD_U0: waiting for pending UART response ch=8 before next command
I (64408) CMD_U0: waiting for pending UART response ch=8 before next command
I (64433) CMD_U0: waiting for pending UART response ch=8 before next command
I (64459) CMD_U0: waiting for pending UART response ch=8 before next command
I (64484) CMD_U0: waiting for pending UART response ch=8 before next command
I (64509) CMD_U0: waiting for pending UART response ch=8 before next command
I (64534) CMD_U0: waiting for pending UART response ch=8 before next command
I (64560) CMD_U0: waiting for pending UART response ch=8 before next command
I (64581) CMD_U0: waiting for pending UART response ch=8 before next command
I (64606) CMD_U0: waiting for pending UART response ch=8 before next command
I (64631) CMD_U0: waiting for pending UART response ch=8 before next command
I (64657) CMD_U0: waiting for pending UART response ch=8 before next command
I (64683) CMD_U0: waiting for pending UART response ch=8 before next command
I (64709) CMD_U0: waiting for pending UART response ch=8 before next command
I (64735) CMD_U0: waiting for pending UART response ch=8 before next command
I (64760) CMD_U0: waiting for pending UART response ch=8 before next command
I (64785) CMD_U0: waiting for pending UART response ch=8 before next command
W (64799) RX_TASK: RX timeout slot1 type=1 reqID=0 (1001ms)
I (64806) CMD_U0: waiting for pending UART response ch=8 before next command
I (64832) CMD_U0: waiting for pending UART response ch=8 before next command
I (64857) CMD_U0: waiting for pending UART response ch=8 before next command
I (64882) CMD_U0: waiting for pending UART response ch=8 before next command
(64908) CMD_U0: waiting for pending UART response ch=8 before next command
(64929) CMD_U0: waiting for pending UART response ch=8 before next command
 (64954) CMD_U0: waiting for pending UART response ch=8 before next command
ending UART response ch=8 before next command
5005) CMD_U0: waiting for pending UART response ch=8 before next command
 (65030) CMD_U0: waiting for pending UART response ch=8 before next command
I (65051) CMD_U0: waiting for pending UART response ch=8 before next command
I (65077) CMD_U0: waiting for pending UART response ch=8 before next command
I (65102) CMD_U0: waiting for pending UART response ch=8 before next command
I (65128) CMD_U0: waiting for pending UART response ch=8 before next command
I (65132) CMD_U1: waiting for pending UART response ch=9 before next command
I (65153) CMD_U0: waiting for pending UART response ch=8 before next command
I (65179) CMD_U0: waiting for pending UART response ch=8 before next command
I (65204) CMD_U0: waiting for pending UART response ch=8 before next command
I (65229) CMD_U0: waiting for pending UART response ch=8 before next command
I (65255) CMD_U0: waiting for pending UART response ch=8 before next command
I (65281) CMD_U0: waiting for pending UART response ch=8 before next command
I (65306) CMD_U0: waiting for pending UART response ch=8 before next command
I (65327) CMD_U0: waiting for pending UART response ch=8 before next command
I (65353) CMD_U0: waiting for pending UART response ch=8 before next command
I (65378) CMD_U0: waiting for pending UART response ch=8 before next command
I (65404) CMD_U0: waiting for pending UART response ch=8 before next command
I (65430) CMD_U0: waiting for pending UART response ch=8 before next command
I (65456) CMD_U0: waiting for pending UART response ch=8 before next command
I (65477) CMD_U0: waiting for pending UART response ch=8 before next command
I (65498) CMD_U0: waiting for pending UART response ch=8 before next command
E (65517) MQTT: Publish failed
W (65517) TRANSPORT: No transport connected for broadcast
W (65517) MSG: Broadcast failed, falling back to MQTT
I (65518) CMD_U0: waiting for pending UART response ch=8 before next command
E (65518) MQTT: Publish failed
E (65538) MQTT: Publish failed
W (65538) TRANSPORT: No transport connected for broadcast
W (65538) MSG: Broadcast failed, falling back to MQTT
E (65539) MQTT: Publish failed
I (65543) CMD_U0: waiting for pending UART response ch=8 before next command
E (65561) MQTT: Publish failed
W (65561) TRANSPORT: No transport connected for broadcast
W (65561) MSG: Broadcast failed, falling back to MQTT
E (65562) MQTT: Publish failed
E (65564) MQTT: Publish failed
W (65564) TRANSPORT: No transport connected for broadcast
W (65564) MSG: Broadcast failed, falling back to MQTT
E (65564) MQTT: Publish failed
I (65569) CMD_U0: waiting for pending UART response ch=8 before next command
E (65572) MQTT: Publish failed
W (65572) TRANSPORT: No transport connected for broadcast
W (65573) MSG: Broadcast failed, falling back to MQTT
E (65573) MQTT: Publish failed
E (65590) MQTT: Publish failed
W (65590) TRANSPORT: No transport connected for broadcast
W (65590) MSG: Broadcast failed, falling back to MQTT
E (65591) MQTT: Publish failed
I (65594) CMD_U0: waiting for pending UART response ch=8 before next command
E (65615) MQTT: Publish failed
W (65615) TRANSPORT: No transport connected for broadcast
W (65615) MSG: Broadcast failed, falling back to MQTT
E (65616) MQTT: Publish failed
I (65620) CMD_U0: waiting for pending UART response ch=8 before next command
E (65641) MQTT: Publish failed
W (65641) TRANSPORT: No transport connected for broadcast
W (65641) MSG: Broadcast failed, falling back to MQTT
E (65642) MQTT: Publish failed
I (65646) CMD_U0: waiting for pending UART response ch=8 before next command
E (65666) MQTT: Publish failed
W (65666) TRANSPORT: No transport connected for broadcast
W (65666) MSG: Broadcast failed, falling back to MQTT
E (65667) MQTT: Publish failed
I (65671) CMD_U0: waiting for pending UART response ch=8 before next command
E (65691) MQTT: Publish failed
W (65691) TRANSPORT: No transport connected for broadcast
W (65691) MSG: Broadcast failed, falling back to MQTT
E (65692) MQTT: I (65692) CMD_U0: waiting for pending UART response ch=8 before next command
Publish failed
E (65712) MQTT: Publish failed
W (65712) TRANSPORT: No transport connected for broadcast
I (65713) CMD_U0: waiting for pending UART response ch=8 before next command
W (65713) MSG: Broadcast failed, falling back to MQTT
E (65713) MQTT: Publish failed
E (65732) MQTT: Publish failed
W (65732) TRANSPORT: No transport connected for broadcast
W (65732) MSG: Broadcast failed, falling back to MQTT
E (65733) MQTT: I (65733) CMD_U0: waiting for pending UART response ch=8 before next command
Publish failed
E (65752) MQTT: Publish failed
W (65752) TRANSPORT: No transport connected for broadcast
W (65752) MSG: Broadcast failed, falling back to MQTT
E (65753) MQTT: Publish failed
I (65753) CMD_U0: waiting for pending UART response ch=8 before next command
E (65773) MQTT: Publish failed
W (65773) TRANSPORT: No transport connected for broadcast
W (65773) MSG: Broadcast failed, falling back to MQTT
E (65774) MQTT: I (65774) CMD_U0: waiting for pending UART response ch=8 before next command
Publish failed
E (65798) MQTT: Publish failed
W (65798) TRANSPORT: No transport connected for broadcast
W (65798) MSG: Broadcast failed, falling back to MQTT
E (65799) MQTT: Publish failed
I (65799) CMD_U0: waiting for pending UART response ch=8 before next command
W (65804) RX_TASK: RX timeout slot1 type=1 reqID=0 (1001ms)
E (65804) MQTT: Publish failed
W (65805) TRANSPORT: No transport connected for broadcast
W (65805) MSG: Broadcast failed, falling back to MQTT
E (65805) MQTT: Publish failed
E (65819) MQTT: Publish failed
W (65819) TRANSPORT: No transport connected for broadcast
W (65819) MSG: Broadcast failed, falling back to MQTT
E (65820) MQTT: I (65820) CMD_U0: waiting for pending UART response ch=8 before next command
Publish failed
I (65845) CMD_U0: waiting for pending UART response ch=8 before next command
I (65875) CMD_U0: waiting for pending UART response ch=8 before next command
I (65896) CMD_U0: waiting for pending UART response ch=8 before next command
I (65921) CMD_U0: waiting for pending UART response ch=8 before next command
I (65947) CMD_U0: waiting for pending UART response ch=8 before next command
I (65972) CMD_U0: waiting for pending UART response ch=8 before next command
I (65998) CMD_U0: waiting for pending UART response ch=8 before next command
I (66023) CMD_U0: waiting for pending UART response ch=8 before next command
I (66049) CMD_U0: waiting for pending UART response ch=8 before next command
I (66075) CMD_U0: waiting for pending UART response ch=8 before next command
I (66100) CMD_U0: waiting for pending UART response ch=8 before next command
I (66126) CMD_U0: waiting for pending UART response ch=8 before next command
I (66132) CMD_U1: waiting for pending UART response ch=9 before next command
I (66151) CMD_U0: waiting for pending UART response ch=8 before next command
I (66177) CMD_U0: waiting for pending UART response ch=8 before next command
I (66202) CMD_U0: waiting for pending UART response ch=8 before next command
I (66227) CMD_U0: waiting for pending UART response ch=8 before next command
I (66253) CMD_U0: waiting for pending UART response ch=8 before next command
I (66278) CMD_U0: waiting for pending UART response ch=8 before next command
I (66303) CMD_U0: waiting for pending UART response ch=8 before next command
I (66329) CMD_U0: waiting for pending UART response ch=8 before next command
I (66355) CMD_U0: waiting for pending UART response ch=8 before next command
I (66380) CMD_U0: waiting for pending UART response ch=8 before next command
I (66405) CMD_U0: waiting for pending UART response ch=8 before next command
I (66430) CMD_U0: waiting for pending UART response ch=8 before next command
I (66456) CMD_U0: waiting for pending UART response ch=8 before next command
I (66481) CMD_U0: waiting for pending UART response ch=8 before next command
I (66506) CMD_U0: waiting for pending UART response ch=8 before next command
I (66532) CMD_U0: waiting for pending UART response ch=8 before next command
I (66557) CMD_U0: waiting for pending UART response ch=8 before next command
I (66582) CMD_U0: waiting for pending UART response ch=8 before next command
I (66607) CMD_U0: waiting for pending UART response ch=8 before next command
I (66632) CMD_U0: waiting for pending UART response ch=8 before next command
I (66658) CMD_U0: waiting for pending UART response ch=8 before next command
I (66683) CMD_U0: waiting for pending UART response ch=8 before next command
I (66708) CMD_U0: waiting for pending UART response ch=8 before next command
I (66734) CMD_U0: waiting for pending UART response ch=8 before next command
I (66759) CMD_U0: waiting for pending UART response ch=8 before next command
I (66785) CMD_U0: waiting for pending UART response ch=8 before next command
W (66808) RX_TASK: RX timeout slot1 type=1 reqID=0 (1001ms)
I (66811) CMD_U0: waiting for pending UART response ch=8 before next command
I (66836) CMD_U0: waiting for pending UART response ch=8 before next command
I (66861) CMD_U0: waiting for pending UART response ch=8 before next command
I (66887) CMD_U0: waiting for pending UART response ch=8 before next command
I (66913) CMD_U0: waiting for pending UART response ch=8 before next command
I (66939) CMD_U0: waiting for pending UART response ch=8 before next command
I (66964) CMD_U0: waiting for pending UART response ch=8 before next command
I (66989) CMD_U0: waiting for pending UART response ch=8 before next command
I (67014) CMD_U0: waiting for pending UART response ch=8 before next command
 (67040) CMD_U0: waiting for pending UART response ch=8 before next command
 (67065) CMD_U0: waiting for pending UART response ch=8 before next command
7) CMD_U0: waiting for pending UART response ch=8 before next command
I (67107) CMD_U0: waiting for pending UART response ch=8 before next command
I (67128) CMD_U0: waiting for pending UART response ch=8 before next command
I (67132) CMD_U1: waiting for pending UART response ch=9 before next command
I (67153) CMD_U0: waiting for pending UART response ch=8 before next command
I (67178) CMD_U0: waiting for pending UART response ch=8 before next command
I (67198) CMD_U0: waiting for pending UART response ch=8 before next command
I (67223) CMD_U0: waiting for pending UART response ch=8 before next command
I (67244) CMD_U0: waiting for pending UART response ch=8 before next command
I (67269) CMD_U0: waiting for pending UART response ch=8 before next command
I (67294) CMD_U0: waiting for pending UART response ch=8 before next command
I (67319) CMD_U0: waiting for pending UART response ch=8 before next command
E (67339) MQTT: Publish failed
W (67339) TRANSPORT: No transport connected for broadcast
W (67339) MSG: Broadcast failed, falling back to MQTT
E (67340) MQTT: Publish failed
I (67340) CMD_U0: waiting for pending UART response ch=8 before next command
E (67359) MQTT: Publish failed
W (67359) TRANSPORT: No transport connected for broadcast
W (67359) MSG: Broadcast failed, falling back to MQTT
E (67360) MQTT: Publish failed
I (67361) CMD_U0: waiting for pending UART response ch=8 before next command
E (67385) MQTT: Publish failed
W (67385) TRANSPORT: No transport connected for broadcast
W (67385) MSG: Broadcast failed, falling back to MQTT
E (67386) MQTT: Publish failed
I (67386) CMD_U0: waiting for pending UART response ch=8 before next command
E (67410) MQTT: Publish failed
W (67410) TRANSPORT: No transport connected for broadcast
W (67410) MSG: Broadcast failed, falling back to MQTT
E (67411) MQTT: Publish failed
I (67411) CMD_U0: waiting for pending UART response ch=8 before next command
E (67430) MQTT: Publish failed
W (67430) TRANSPORT: No transport connected for broadcast
W (67430) MSG: Broadcast failed, falling back to MQTT
E (67431) MQTT: I (67431) CMD_U0: Publish failedwaiting for pending UART response ch=8 before next command

E (67451) MQTT: Publish failed
W (67451) TRANSPORT: No transport connected for broadcast
W (67451) MSG: Broadcast failed, falling back to MQTT
E (67452) MQTT: Publish failed
I (67456) CMD_U0: waiting for pending UART response ch=8 before next command
E (67476) MQTT: Publish failed
W (67476) TRANSPORT: No transport connected for broadcast
W (67476) MSG: Broadcast failed, falling back to MQTT
E (67477) MQTT: Publish failed
I (67481) CMD_U0: waiting for pending UART response ch=8 before next command
E (67501) MQTT: Publish failed
W (67501) TRANSPORT: No transport connected for broadcast
W (67501) MSG: Broadcast failed, falling back to MQTT
E (67502) MQTT: Publish failed
I (67507) CMD_U0: waiting for pending UART response ch=8 before next command
I (67528) CMD_U0: waiting for pending UART response ch=8 before next command
I (67554) CMD_U0: waiting for pending UART response ch=8 before next command
W (67575) EHOME: [intdiag] t=65 internal free=48327 largest=23552 min_ever=31628 | total free=8326227 largest=8257536 | floor=16384
I (67579) CMD_U0: waiting for pending UART response ch=8 before next command
E (67579) MQTT: Publish failed
W (67580) TRANSPORT: No transport connected for broadcast
W (67580) MSG: Broadcast failed, falling back to MQTT
E (67580) MQTT: Publish failed
E (67603) MQTT: Publish failed
W (67603) TRANSPORT: No transport connected for broadcast
W (67603) MSG: Broadcast failed, falling back to MQTT
E (67604) MQTT: Publish failed
I (67604) CMD_U0: waiting for pending UART response ch=8 before next command
E (67628) MQTT: Publish failed
W (67628) TRANSPORT: No transport connected for broadcast
W (67629) MSG: Broadcast failed, falling back to MQTT
E (67629) MQTT: Publish failed
I (67630) CMD_U0: waiting for pending UART response ch=8 before next command
E (67653) MQTT: Publish failed
W (67653) TRANSPORT: No transport connected for broadcast
W (67653) MSG: Broadcast failed, falling back to MQTT
E (67654) MQTT: Publish failed
I (67655) CMD_U0: waiting for pending UART response ch=8 before next command
E (67679) MQTT: Publish failed
W (67679) TRANSPORT: No transport connected for broadcast
W (67679) MSG: Broadcast failed, falling back to MQTT
E (67680) MQTT: I (67680) CMD_U0: waiting for pending UART response ch=8 before next command
Publish failed
E (67704) MQTT: Publish failed
W (67704) TRANSPORT: No transport connected for broadcast
W (67704) MSG: Broadcast failed, falling back to MQTT
E (67705) MQTT: I (67705) CMD_U0: waiting for pending UART response ch=8 before next command
Publish failed
E (67729) MQTT: Publish failed
W (67729) TRANSPORT: No transport connected for broadcast
W (67729) MSG: Broadcast failed, falling back to MQTT
I (67730) CMD_U0: waiting for pending UART response ch=8 before next command
E (67730) MQTT: Publish failed
E (67749) MQTT: Publish failed
W (67749) TRANSPORT: No transport connected for broadcast
W (67749) MSG: Broadcast failed, falling back to MQTT
I (67750) CMD_U0: waiting for pending UART response ch=8 before next command
E (67750) MQTT: Publish failed
E (67770) MQTT: Publish failed
W (67770) TRANSPORT: No transport connected for broadcast
W (67770) MSG: Broadcast failed, falling back to MQTT
E (67771) MQTT: Publish failed
I (67775) CMD_U0: waiting for pending UART response ch=8 before next command
E (67795) MQTT: Publish failed
W (67795) TRANSPORT: No transport connected for broadcast
W (67795) MSG: Broadcast failed, falling back to MQTT
E (67796) MQTT: Publish failed
I (67800) CMD_U0: waiting for pending UART response ch=8 before next command
W (67813) RX_TASK: RX timeout slot1 type=1 reqID=0 (1001ms)
E (67813) MQTT: Publish failed
W (67813) TRANSPORT: No transport connected for broadcast
W (67814) MSG: Broadcast failed, falling back to MQTT
E (67814) MQTT: Publish failed
E (67820) MQTT: Publish failed
W (67820) TRANSPORT: No transport connected for broadcast
W (67820) MSG: Broadcast failed, falling back to MQTT
E (67821) MQTT: I (67821) CMD_U0: waiting for pending UART response ch=8 before next command
Publish failed
E (67841) MQTT: Publish failed
W (67841) TRANSPORT: No transport connected for broadcast
W (67841) MSG: Broadcast failed, falling back to MQTT
E (67842) MQTT: Publish failed
I (67846) CMD_U0: waiting for pending UART response ch=8 before next command
E (67867) MQTT: Publish failed
W (67867) TRANSPORT: No transport connected for broadcast
W (67867) MSG: Broadcast failed, falling back to MQTT
E (67868) MQTT: Publish failed
I (67871) CMD_U0: waiting for pending UART response ch=8 before next command
E (67891) MQTT: Publish failed
W (67891) TRANSPORT: No transport connected for broadcast
W (67891) MSG: Broadcast failed, falling back to MQTT
E (67892) MQTT: Publish failed
I (67896) CMD_U0: waiting for pending UART response ch=8 before next command
E (67917) MQTT: Publish failed
W (67917) TRANSPORT: No transport connected for broadcast
W (67917) MSG: Broadcast failed, falling back to MQTT
E (67918) MQTT: Publish failed
I (67922) CMD_U0: waiting for pending UART response ch=8 before next command
E (67942) MQTT: Publish failed
W (67942) TRANSPORT: No transport connected for broadcast
W (67942) MSG: Broadcast failed, falling back to MQTT
E (67943) MQTT: Publish failed
I (67943) CMD_U0: waiting for pending UART response ch=8 before next command
E (67963) MQTT: Publish failed
W (67963) TRANSPORT: No transport connected for broadcast
W (67963) MSG: Broadcast failed, falling back to MQTT
E (67964) MQTT: I (67964) CMD_U0: waiting for pending UART response ch=8 before next command
Publish failed
E (67988) MQTT: Publish failed
W (67988) TRANSPORT: No transport connected for broadcast
W (67988) MSG: Broadcast failed, falling back to MQTT
E (67989) MQTT: I (67989) CMD_U0: waiting for pending UART response ch=8 before next command
Publish failed
E (68013) MQTT: Publish failed
W (68013) TRANSPORT: No transport connected for broadcast
W (68013) MSG: Broadcast failed, falling back to MQTT
E (68014) MQTT: I (68014) CMD_U0: waiting for pending UART response ch=8 before next command
Publish failed
E (68038) MQTT: Publish failed
W (68038) TRANSPORT: No transport connected for broadcast
W (68038) MSG: Broadcast failed, falling back to MQTT
E (68039) MQTT: I (68039) CMD_U0: waiting for pending UART response ch=8 before next command
Publish failed
E (68058) MQTT: Publish failed
W (68058) TRANSPORT: No transport connected for broadcast
W (68058) MSG: Broadcast failed, falling back to MQTT
I (68059) CMD_U0: waiting for pending UART response ch=8 before next command
E (68059) MQTT: Publish failed
E (68079) MQTT: Publish failed
W (68079) TRANSPORT: No transport connected for broadcast
W (68079) MSG: Broadcast failed, falling back to MQTT
E (68080) MQTT: Publish failed
I (68084) CMD_U0: waiting for pending UART response ch=8 before next command
E (68104) MQTT: Publish failed
W (68104) TRANSPORT: No transport connected for broadcast
W (68104) MSG: Broadcast failed, falling back to MQTT
E (68105) MQTT: Publish failed
I (68105) CMD_U0: waiting for pending UART response ch=8 before next command
E (68124) MQTT: Publish failed
W (68124) TRANSPORT: No transport connected for broadcast
W (68124) MSG: Broadcast failed, falling back to MQTT
E (68125) MQTT: Publish failed
I (68126) CMD_U0: waiting for pending UART response ch=8 before next command
I (68132) CMD_U1: waiting for pending UART response ch=9 before next command
E (68150) MQTT: Publish failed
W (68150) TRANSPORT: No transport connected for broadcast
W (68150) MSG: Broadcast failed, falling back to MQTT
E (68151) MQTT: Publish failed
I (68152) CMD_U0: waiting for pending UART response ch=8 before next command
E (68176) MQTT: Publish failed
W (68176) TRANSPORT: No transport connected for broadcast
W (68176) MSG: Broadcast failed, falling back to MQTT
E (68177) MQTT: Publish failed
I (68177) CMD_U0: waiting for pending UART response ch=8 before next command
E (68200) MQTT: Publish failed
W (68200) TRANSPORT: No transport connected for broadcast
W (68200) MSG: Broadcast failed, falling back to MQTT
E (68201) MQTT: Publish failed
I (68202) CMD_U0: waiting for pending UART response ch=8 before next command
E (68226) MQTT: Publish failed
W (68226) TRANSPORT: No transport connected for broadcast
W (68226) MSG: Broadcast failed, falling back to MQTT
E (68227) MQTT: Publish failed
I (68227) CMD_U0: waiting for pending UART response ch=8 before next command
E (68251) MQTT: Publish failed
W (68251) TRANSPORT: No transport connected for broadcast
W (68251) MSG: Broadcast failed, falling back to MQTT
E (68252) MQTT: Publish failedI (68252) CMD_U0: waiting for pending UART response ch=8 before next command

E (68277) MQTT: Publish failed
W (68277) TRANSPORT: No transport connected for broadcast
I (68278) CMD_U0: waiting for pending UART response ch=8 before next command
W (68278) MSG: Broadcast failed, falling back to MQTT
E (68278) MQTT: Publish failed
E (68297) MQTT: Publish failed
W (68297) TRANSPORT: No transport connected for broadcast
W (68297) MSG: Broadcast failed, falling back to MQTT
E (68298) MQTT: I (68298) CMD_U0: waiting for pending UART response ch=8 before next command
Publish failed
E (68322) MQTT: Publish failed
W (68322) TRANSPORT: No transport connected for broadcast
W (68322) MSG: Broadcast failed, falling back to MQTT
E (68323) MQTT: I (68323) CMD_U0: waiting for pending UART response ch=8 before next command
Publish failed
E (68347) MQTT: Publish failed
W (68347) TRANSPORT: No transport connected for broadcast
W (68347) MSG: Broadcast failed, falling back to MQTT
E (68348) MQTT: Publish failed
I (68348) CMD_U0: waiting for pending UART response ch=8 before next command
E (68367) MQTT: Publish failed
W (68367) TRANSPORT: No transport connected for broadcast
W (68367) MSG: Broadcast failed, falling back to MQTT
E (68368) MQTT: Publish failed
I (68369) CMD_U0: waiting for pending UART response ch=8 before next command
E (68393) MQTT: Publish failed
W (68393) TRANSPORT: No transport connected for broadcast
W (68393) MSG: Broadcast failed, falling back to MQTT
E (68394) MQTT: I (68394) CMD_U0: waiting for pending UART response ch=8 before next command
Publish failed
E (68418) MQTT: Publish failed
W (68418) TRANSPORT: No transport connected for broadcast
W (68418) MSG: Broadcast failed, falling back to MQTT
E (68419) MQTT: Publish failedI (68419) CMD_U0: waiting for pending UART response ch=8 before next command

E (68438) MQTT: Publish failed
W (68438) TRANSPORT: No transport connected for broadcast
W (68438) MSG: Broadcast failed, falling back to MQTT
E (68439) MQTT: I (68439) CMD_U0: waiting for pending UART response ch=8 before next commandPublish failed

E (68459) MQTT: Publish failed
W (68459) TRANSPORT: No transport connected for broadcast
W (68459) MSG: Broadcast failed, falling back to MQTT
E (68460) MQTT: Publish failed
I (68464) CMD_U0: waiting for pending UART response ch=8 before next command
E (68489) MQTT: Publish failed
W (68489) TRANSPORT: No transport connected for broadcast
W (68489) MSG: Broadcast failed, falling back to MQTT
I (68490) CMD_U0: waiting for pending UART response ch=8 before next command
E (68490) MQTT: Publish failed
E (68509) MQTT: Publish failed
W (68509) TRANSPORT: No transport connected for broadcast
W (68509) MSG: Broadcast failed, falling back to MQTT
E (68510) MQTT: Publish failed
I (68510) CMD_U0: waiting for pending UART response ch=8 before next command
E (68530) MQTT: Publish failed
W (68530) TRANSPORT: No transport connected for broadcast
W (68530) MSG: Broadcast failed, falling back to MQTT
E (68531) MQTT: I (68531) CMD_U0: waiting for pending UART response ch=8 before next command
Publish failed
E (68555) MQTT: Publish failed
W (68555) TRANSPORT: No transport connected for broadcast
I (68556) CMD_U0: waiting for pending UART response ch=8 before next command
W (68556) MSG: Broadcast failed, falling back to MQTT
E (68561) MQTT: Publish failed
W (68562) TRANSPORT: No transport connected for broadcast
W (68562) MSG: Broadcast failed, falling back to MQTT
E (68562) MQTT: Publish failed
I (68582) CMD_U0: waiting for pending UART response ch=8 before next command
I (68608) CMD_U0: waiting for pending UART response ch=8 before next command
I (68633) CMD_U0: waiting for pending UART response ch=8 before next command
I (68659) CMD_U0: waiting for pending UART response ch=8 before next command
I (68684) CMD_U0: waiting for pending UART response ch=8 before next command
I (68709) CMD_U0: waiting for pending UART response ch=8 before next command
I (68735) CMD_U0: waiting for pending UART response ch=8 before next command
I (68760) CMD_U0: waiting for pending UART response ch=8 before next command
I (68786) CMD_U0: waiting for pending UART response ch=8 before next command
I (68812) CMD_U0: waiting for pending UART response ch=8 before next command
W (68818) RX_TASK: RX timeout slot1 type=1 reqID=0 (1001ms)
I (68833) CMD_U0: waiting for pending UART response ch=8 before next command
I (68860) CMD_U0: waiting for pending UART response ch=8 before next command
I (68886) CMD_U0: waiting for pending UART response ch=8 before next command
I (68911) CMD_U0: waiting for pending UART response ch=8 before next command
I (68936) CMD_U0: waiting for pending UART response ch=8 before next command
I (68961) CMD_U0: waiting for pending UART response ch=8 before next command
I (68981) CMD_U0: waiting for pending UART response ch=8 before next command
I (69006) CMD_U0: waiting for pending UART response ch=8 before next command
I (69031) CMD_U0: waiting for pending UART response ch=8 before next command
I (69057) CMD_U0: waiting for pending UART response ch=8 before next command
I (69082) CMD_U0: waiting for pending UART response ch=8 before next command
I (69107) CMD_U0: waiting for pending UART response ch=8 before next command
I (69132) CMD_U1: waiting for pending UART response ch=9 before next command
I (69133) CMD_U0: waiting for pending UART response ch=8 before next command
I (69158) CMD_U0: waiting for pending UART response ch=8 before next command
I (69184) CMD_U0: waiting for pending UART response ch=8 before next command
I (69205) CMD_U0: waiting for pending UART response ch=8 before next command
I (69225) CMD_U0: waiting for pending UART response ch=8 before next command
I (69246) CMD_U0: waiting for pending UART response ch=8 before next command
I (69272) CMD_U0: waiting for pending UART response ch=8 before next command
I (69298) CMD_U0: waiting for pending UART response ch=8 before next command
I (69323) CMD_U0: waiting for pending UART response ch=8 before next command
I (69348) CMD_U0: waiting for pending UART response ch=8 before next command
I (69374) CMD_U0: waiting for pending UART response ch=8 before next command
I (69400) CMD_U0: waiting for pending UART response ch=8 before next command
E (69423) MQTT: Publish failed
W (69423) TRANSPORT: No transport connected for broadcast
W (69423) MSG: Broadcast failed, falling back to MQTT
E (69424) MQTT: Publish failed
I (69425) CMD_U0: waiting for pending UART response ch=8 before next command
E (69449) MQTT: Publish failed
W (69449) TRANSPORT: No transport connected for broadcast
W (69449) MSG: Broadcast failed, falling back to MQTT
E (69450) MQTT: Publish failed
I (69451) CMD_U0: waiting for pending UART response ch=8 before next command
E (69474) MQTT: Publish failed
W (69474) TRANSPORT: No transport connected for broadcast
W (69474) MSG: Broadcast failed, falling back to MQTT
E (69475) MQTT: Publish failed
I (69477) CMD_U0: waiting for pending UART response ch=8 before next command
E (69499) MQTT: Publish failed
W (69499) TRANSPORT: No transport connected for broadcast
W (69499) MSG: Broadcast failed, falling back to MQTT
E (69500) MQTT: Publish failed
I (69503) CMD_U0: waiting for pending UART response ch=8 before next command
E (69525) MQTT: Publish failed
W (69525) TRANSPORT: No transport connected for broadcast
W (69525) MSG: Broadcast failed, falling back to MQTT
E (69526) MQTT: Publish failed
I (69529) CMD_U0: waiting for pending UART response ch=8 before next command
E (69550) MQTT: Publish failed
W (69550) TRANSPORT: No transport connected for broadcast
W (69550) MSG: Broadcast failed, falling back to MQTT
E (69551) MQTT: Publish failed
I (69555) CMD_U0: waiting for pending UART response ch=8 before next command
E (69561) MQTT: Publish failed
W (69561) TRANSPORT: No transport connected for broadcast
W (69561) MSG: Broadcast failed, falling back to MQTT
E (69561) MQTT: Publish failed
E (69575) MQTT: Publish failed
W (69575) TRANSPORT: No transport connected for broadcast
W (69575) MSG: Broadcast failed, falling back to MQTT
E (69576) MQTT: I (69576) CMD_U0: waiting for pending UART response ch=8 before next command
Publish failed
E (69593) MQTT: Publish failed
W (69594) TRANSPORT: No transport connected for broadcast
W (69594) MSG: Broadcast failed, falling back to MQTT
E (69594) MQTT: Publish failed
E (69596) MQTT: Publish failed
W (69596) TRANSPORT: No transport connected for broadcast
W (69596) MSG: Broadcast failed, falling back to MQTT
E (69597) MQTT: Publish failed
I (69601) CMD_U0: waiting for pending UART response ch=8 before next command
E (69621) MQTT: Publish failed
W (69621) TRANSPORT: No transport connected for broadcast
W (69621) MSG: Broadcast failed, falling back to MQTT
E (69622) MQTT: Publish failed
I (69626) CMD_U0: waiting for pending UART response ch=8 before next command
E (69646) MQTT: Publish failed
W (69646) TRANSPORT: No transport connected for broadcast
W (69646) MSG: Broadcast failed, falling back to MQTT
E (69647) MQTT: Publish failed
I (69647) CMD_U0: waiting for pending UART response ch=8 before next command
E (69667) MQTT: Publish failed
W (69667) TRANSPORT: No transport connected for broadcast
W (69667) MSG: Broadcast failed, falling back to MQTT
E (69668) MQTT: Publish failed
I (69668) CMD_U0: waiting for pending UART response ch=8 before next command
E (69692) MQTT: Publish failed
W (69692) TRANSPORT: No transport connected for broadcast
W (69692) MSG: Broadcast failed, falling back to MQTT
E (69693) MQTT: Publish failed
I (69694) CMD_U0: waiting for pending UART response ch=8 before next command
E (69718) MQTT: Publish failed
W (69718) TRANSPORT: No transport connected for broadcast
W (69718) MSG: Broadcast failed, falling back to MQTT
I (69719) CMD_U0: waiting for pending UART response ch=8 before next command
E (69719) MQTT: Publish failed
E (69743) MQTT: Publish failed
W (69743) TRANSPORT: No transport connected for broadcast
W (69743) MSG: Broadcast failed, falling back to MQTT
E (69744) MQTT: I (69744) CMD_U0: waiting for pending UART response ch=8 before next command
Publish failed
E (69763) MQTT: Publish failed
W (69763) TRANSPORT: No transport connected for broadcast
W (69763) MSG: Broadcast failed, falling back to MQTT
E (69764) MQTT: Publish failed
I (69764) CMD_U0: waiting for pending UART response ch=8 before next command
E (69784) MQTT: Publish failed
W (69784) TRANSPORT: No transport connected for broadcast
W (69784) MSG: Broadcast failed, falling back to MQTT
E (69785) MQTT: Publish failed
I (69785) CMD_U0: waiting for pending UART response ch=8 before next command
E (69809) MQTT: Publish failed
W (69809) TRANSPORT: No transport connected for broadcast
W (69809) MSG: Broadcast failed, falling back to MQTT
E (69810) MQTT: Publish failed
I (69811) CMD_U0: waiting for pending UART response ch=8 before next command
W (69825) RX_TASK: RX timeout slot1 type=1 reqID=0 (1002ms)
E (69825) MQTT: Publish failed
W (69825) TRANSPORT: No transport connected for broadcast
W (69826) MSG: Broadcast failed, falling back to MQTT
E (69826) MQTT: Publish failed
E (69835) MQTT: Publish failed
W (69835) TRANSPORT: No transport connected for broadcast
W (69835) MSG: Broadcast failed, falling back to MQTT
E (69836) MQTT: Publish failed
I (69837) CMD_U0: waiting for pending UART response ch=8 before next command
E (69860) MQTT: Publish failed
W (69860) TRANSPORT: No transport connected for broadcast
W (69860) MSG: Broadcast failed, falling back to MQTT
E (69861) MQTT: Publish failed
I (69862) CMD_U0: waiting for pending UART response ch=8 before next command
E (69885) MQTT: Publish failed
W (69885) TRANSPORT: No transport connected for broadcast
W (69885) MSG: Broadcast failed, falling back to MQTT
E (69886) MQTT: Publish failed
I (69888) CMD_U0: waiting for pending UART response ch=8 before next command
E (69911) MQTT: Publish failed
W (69911) TRANSPORT: No transport connected for broadcast
W (69912) MSG: Broadcast failed, falling back to MQTT
E (69912) MQTT: Publish failed
I (69913) CMD_U0: waiting for pending UART response ch=8 before next command
I (69938) CMD_U0: waiting for pending UART response ch=8 before next command
I (69963) CMD_U0: waiting for pending UART response ch=8 before next command
I (69994) CMD_U0: waiting for pending UART response ch=8 before next command
I (70014) CMD_U0: waiting for pending UART response ch=8 before next command
I (70040) CMD_U0: waiting for pending UART response ch=8 before next command
I (70066) CMD_U0: waiting for pending UART response ch=8 before next command
I (70091) CMD_U0: waiting for pending UART response ch=8 before next command
I (70117) CMD_U0: waiting for pending UART response ch=8 before next command
I (70133) CMD_U1: waiting for pending UART response ch=9 before next command
I (70143) CMD_U0: waiting for pending UART response ch=8 before next command
I (70169) CMD_U0: waiting for pending UART response ch=8 before next command
I (70194) CMD_U0: waiting for pending UART response ch=8 before next command
I (70219) CMD_U0: waiting for pending UART response ch=8 before next command
I (70244) CMD_U0: waiting for pending UART response ch=8 before next command
I (70270) CMD_U0: waiting for pending UART response ch=8 before next command
I (70295) CMD_U0: waiting for pending UART response ch=8 before next command
I (70321) CMD_U0: waiting for pending UART response ch=8 before next command
I (70346) CMD_U0: waiting for pending UART response ch=8 before next command
I (70371) CMD_U0: waiting for pending UART response ch=8 before next command
I (70397) CMD_U0: waiting for pending UART response ch=8 before next command
I (70422) CMD_U0: waiting for pending UART response ch=8 before next command
I (70448) CMD_U0: waiting for pending UART response ch=8 before next command
I (70474) CMD_U0: waiting for pending UART response ch=8 before next command
I (70500) CMD_U0: waiting for pending UART response ch=8 before next command
I (70525) CMD_U0: waiting for pending UART response ch=8 before next command
I (70550) CMD_U0: waiting for pending UART response ch=8 before next command
I (70575) CMD_U0: waiting for pending UART response ch=8 before next command
I (70601) CMD_U0: waiting for pending UART response ch=8 before next command
I (70626) CMD_U0: waiting for pending UART response ch=8 before next command
I (70652) CMD_U0: waiting for pending UART response ch=8 before next command
I (70678) CMD_U0: waiting for pending UART response ch=8 before next command
I (70703) CMD_U0: waiting for pending UART response ch=8 before next command
I (70728) CMD_U0: waiting for pending UART response ch=8 before next command
I (70749) CMD_U0: waiting for pending UART response ch=8 before next command
I (70774) CMD_U0: waiting for pending UART response ch=8 before next command
I (70795) CMD_U0: waiting for pending UART response ch=8 before next command
I (70821) CMD_U0: waiting for pending UART response ch=8 before next command
W (70828) RX_TASK: RX timeout slot1 type=1 reqID=0 (1001ms)
I (70847) CMD_U0: waiting for pending UART response ch=8 before next command
I (70872) CMD_U0: waiting for pending UART response ch=8 before next command
I (70897) CMD_U0: waiting for pending UART response ch=8 before next command
I (70923) CMD_U0: waiting for pending UART response ch=8 before next command
I (70948) CMD_U0: waiting for pending UART response ch=8 before next command
I (70974) CMD_U0: waiting for pending UART response ch=8 before next command
I (70995) SCHEDULER: Stats: samples=419 full=585 min_free=2
I (71000) CMD_U0: waiting for pending UART response ch=8 before next command
I (71026) CMD_U0: waiting for pending UART response ch=8 before next command
I (71052) CMD_U0: waiting for pending UART response ch=8 before next command
I (71077) CMD_U0: waiting for pending UART response ch=8 before next command
I (71103) CMD_U0: waiting for pending UART response ch=8 before next command
I (71128) CMD_U0: waiting for pending UART response ch=8 before next command
 (71133) CMD_U1: waiting for pending UART response ch=9 before next command
I (71153) CMD_U0: waiting for pending UART response ch=8 before next command
I (71178) CMD_U0: waiting for pending UART response ch=8 before next command
I (71204) CMD_U0: waiting for pending UART response ch=8 before next command
I (71230) CMD_U0: waiting for pending UART response ch=8 before next command
I (71255) CMD_U0: waiting for pending UART response ch=8 before next command
I (71280) CMD_U0: waiting for pending UART response ch=8 before next command
I (71306) CMD_U0: waiting for pending UART response ch=8 before next command
I (71332) CMD_U0: waiting for pending UART response ch=8 before next command
I (71353) CMD_U0: waiting for pending UART response ch=8 before next command
E (71374) MQTT: Publish failed
W (71374) TRANSPORT: No transport connected for broadcast
W (71374) MSG: Broadcast failed, falling back to MQTT
E (71375) MQTT: Publish failed
I (71379) CMD_U0: waiting for pending UART response ch=8 before next command
E (71399) MQTT: Publish failed
W (71399) TRANSPORT: No transport connected for broadcast
W (71399) MSG: Broadcast failed, falling back to MQTT
E (71400) MQTT: Publish failed
I (71404) CMD_U0: waiting for pending UART response ch=8 before next command
E (71424) MQTT: Publish failed
W (71424) TRANSPORT: No transport connected for broadcast
W (71424) MSG: Broadcast failed, falling back to MQTT
E (71425) MQTT: Publish failed
I (71425) CMD_U0: waiting for pending UART response ch=8 before next command
E (71445) MQTT: Publish failed
W (71445) TRANSPORT: No transport connected for broadcast
W (71445) MSG: Broadcast failed, falling back to MQTT
E (71446) MQTT: Publish failed
I (71446) CMD_U0: waiting for pending UART response ch=8 before next command
E (71470) MQTT: Publish failed
W (71470) TRANSPORT: No transport connected for broadcast
W (71470) MSG: Broadcast failed, falling back to MQTT
E (71471) MQTT: Publish failed
I (71472) CMD_U0: waiting for pending UART response ch=8 before next command
E (71496) MQTT: Publish failed
W (71496) TRANSPORT: No transport connected for broadcast
W (71496) MSG: Broadcast failed, falling back to MQTT
E (71497) MQTT: Publish failedI (71497) CMD_U0: waiting for pending UART response ch=8 before next command

E (71521) MQTT: Publish failed
W (71521) TRANSPORT: No transport connected for broadcast
W (71521) MSG: Broadcast failed, falling back to MQTT
E (71522) MQTT: Publish failed
I (71522) CMD_U0: waiting for pending UART response ch=8 before next command
I (71544) CMD_U0: waiting for pending UART response ch=8 before next command
I (71570) CMD_U0: waiting for pending UART response ch=8 before next command
E (71593) MQTT: Publish failed
W (71593) TRANSPORT: No transport connected for broadcast
W (71593) MSG: Broadcast failed, falling back to MQTT
E (71594) MQTT: Publish failed
I (71595) CMD_U0: waiting for pending UART response ch=8 before next command
E (71599) MQTT: Publish failed
W (71599) TRANSPORT: No transport connected for broadcast
W (71599) MSG: Broadcast failed, falling back to MQTT
E (71599) MQTT: Publish failed
E (71619) MQTT: Publish failed
W (71619) TRANSPORT: No transport connected for broadcast
W (71619) MSG: Broadcast failed, falling back to MQTT
E (71620) MQTT: Publish failedI (71620) CMD_U0: waiting for pending UART response ch=8 before next command

E (71639) MQTT: Publish failed
W (71639) TRANSPORT: No transport connected for broadcast
W (71639) MSG: Broadcast failed, falling back to MQTT
I (71640) CMD_U0: E (71640) MQTT: waiting for pending UART response ch=8 before next command
Publish failed
E (71660) MQTT: Publish failed
W (71660) TRANSPORT: No transport connected for broadcast
W (71660) MSG: Broadcast failed, falling back to MQTT
E (71661) MQTT: Publish failed
I (71665) CMD_U0: waiting for pending UART response ch=8 before next command
E (71686) MQTT: Publish failed
W (71686) TRANSPORT: No transport connected for broadcast
I (71686) CMD_U0: waiting for pending UART response ch=8 before next command
W (71687) MSG: Broadcast failed, falling back to MQTT
E (71687) MQTT: Publish failed
E (71706) MQTT: Publish failed
W (71706) TRANSPORT: No transport connected for broadcast
W (71706) MSG: Broadcast failed, falling back to MQTT
E (71707) MQTT: I (71707) CMD_U0: waiting for pending UART response ch=8 before next command
Publish failed
E (71731) MQTT: Publish failed
W (71731) TRANSPORT: No transport connected for broadcast
W (71731) MSG: Broadcast failed, falling back to MQTT
E (71732) MQTT: Publish failed
I (71732) CMD_U0: waiting for pending UART response ch=8 before next command
E (71752) MQTT: Publish failed
W (71752) TRANSPORT: No transport connected for broadcast
W (71752) MSG: Broadcast failed, falling back to MQTT
E (71753) MQTT: Publish failed
I (71753) CMD_U0: waiting for pending UART response ch=8 before next command
E (71777) MQTT: Publish failed
W (71777) TRANSPORT: No transport connected for broadcast
W (71777) MSG: Broadcast failed, falling back to MQTT
E (71778) MQTT: Publish failed
I (71778) CMD_U0: waiting for pending UART response ch=8 before next command
E (71797) MQTT: Publish failed
W (71797) TRANSPORT: No transport connected for broadcast
W (71797) MSG: Broadcast failed, falling back to MQTT
E (71798) MQTT: I (71798) CMD_U0: waiting for pending UART response ch=8 before next command
Publish failed
E (71818) MQTT: Publish failed
W (71818) TRANSPORT: No transport connected for broadcast
I (71818) CMD_U0: waiting for pending UART response ch=8 before next command
W (71818) MSG: Broadcast failed, falling back to MQTT
E (71819) MQTT: Publish failed
E (71838) MQTT: Publish failed
W (71838) TRANSPORT: No transport connected for broadcast
W (71838) MSG: Broadcast failed, falling back to MQTT
E (71839) MQTT: Publish failed
I (71839) CMD_U0: waiting for pending UART response ch=8 before next command
W (71850) RX_TASK: RX timeout slot1 type=1 reqID=0 (1001ms)
E (71851) MQTT: Publish failed
W (71851) TRANSPORT: No transport connected for broadcast
W (71851) MSG: Broadcast failed, falling back to MQTT
E (71852) MQTT: Publish failed
E (71858) MQTT: Publish failed
W (71858) TRANSPORT: No transport connected for broadcast
W (71858) MSG: Broadcast failed, falling back to MQTT
E (71859) MQTT: Publish failed
I (71860) CMD_U0: waiting for pending UART response ch=8 before next command
E (71884) MQTT: Publish failed
W (71884) TRANSPORT: No transport connected for broadcast
W (71884) MSG: Broadcast failed, falling back to MQTT
E (71885) MQTT: Publish failed
I (71886) CMD_U0: waiting for pending UART response ch=8 before next command
E (71909) MQTT: Publish failed
W (71909) TRANSPORT: No transport connected for broadcast
W (71909) MSG: Broadcast failed, falling back to MQTT
E (71910) MQTT: Publish failed
I (71912) CMD_U0: waiting for pending UART response ch=8 before next command
E (71934) MQTT: Publish failed
W (71934) TRANSPORT: No transport connected for broadcast
W (71934) MSG: Broadcast failed, falling back to MQTT
E (71935) MQTT: Publish failed
I (71938) CMD_U0: waiting for pending UART response ch=8 before next command
E (71960) MQTT: Publish failed
W (71960) TRANSPORT: No transport connected for broadcast
W (71960) MSG: Broadcast failed, falling back to MQTT
E (71961) MQTT: Publish failed
I (71963) CMD_U0: waiting for pending UART response ch=8 before next command
E (71985) MQTT: Publish failed
W (71985) TRANSPORT: No transport connected for broadcast
W (71985) MSG: Broadcast failed, falling back to MQTT
E (71986) MQTT: Publish failed
I (71989) CMD_U0: waiting for pending UART response ch=8 before next command
E (72010) MQTT: Publish failed
W (72010) TRANSPORT: No transport connected for broadcast
W (72010) MSG: Broadcast failed, falling back to MQTT
E (72011) MQTT: Publish failed
I (72015) CMD_U0: waiting for pending UART response ch=8 before next command
E (72036) MQTT: Publish failed
W (72036) TRANSPORT: No transport connected for broadcast
I (72037) CMD_U0: waiting for pending UART response ch=8 before next command
W (72037) MSG: Broadcast failed, falling back to MQTT
E (72037) MQTT: Publish failed
E (72056) MQTT: Publish failed
W (72056) TRANSPORT: No transport connected for broadcast
W (72056) MSG: Broadcast failed, falling back to MQTT
I (72057) CMD_U0: waiting for pending UART response ch=8 before next command
E (72057) MQTT: Publish failed
E (72081) MQTT: Publish failed
W (72081) TRANSPORT: No transport connected for broadcast
W (72081) MSG: Broadcast failed, falling back to MQTT
E (72082) MQTT: I (72082) CMD_U0: waiting for pending UART response ch=8 before next command
Publish failed
E (72101) MQTT: Publish failed
W (72101) TRANSPORT: No transport connected for broadcast
W (72101) MSG: Broadcast failed, falling back to MQTT
E (72102) MQTT: I (72102) CMD_U0: waiting for pending UART response ch=8 before next command
Publish failed
E (72122) MQTT: Publish failed
W (72122) TRANSPORT: No transport connected for broadcast
W (72122) MSG: Broadcast failed, falling back to MQTT
E (72123) MQTT: Publish failed
I (72127) CMD_U0: waiting for pending UART response ch=8 before next command
I (72133) CMD_U1: waiting for pending UART response ch=9 before next command
E (72147) MQTT: Publish failed
W (72147) TRANSPORT: No transport connected for broadcast
W (72147) MSG: Broadcast failed, falling back to MQTT
E (72148) MQTT: I (72148) CMD_U0: waiting for pending UART response ch=8 before next commandPublish failed

E (72168) MQTT: Publish failed
W (72168) TRANSPORT: No transport connected for broadcast
I (72168) CMD_U0: waiting for pending UART response ch=8 before next command
W (72169) MSG: Broadcast failed, falling back to MQTT
E (72169) MQTT: Publish failed
E (72188) MQTT: Publish failed
W (72188) TRANSPORT: No transport connected for broadcast
W (72188) MSG: Broadcast failed, falling back to MQTT
E (72189) MQTT: I (72189) CMD_U0: waiting for pending UART response ch=8 before next command
Publish failed
E (72213) MQTT: Publish failed
W (72213) TRANSPORT: No transport connected for broadcast
W (72213) MSG: Broadcast failed, falling back to MQTT
E (72214) MQTT: Publish failed
I (72214) CMD_U0: waiting for pending UART response ch=8 before next command
E (72238) MQTT: Publish failed
W (72238) TRANSPORT: No transport connected for broadcast
W (72238) MSG: Broadcast failed, falling back to MQTT
E (72239) MQTT: Publish failed
I (72240) CMD_U0: waiting for pending UART response ch=8 before next command
E (72264) MQTT: Publish failed
W (72264) TRANSPORT: No transport connected for broadcast
W (72264) MSG: Broadcast failed, falling back to MQTT
E (72265) MQTT: Publish failed
I (72266) CMD_U0: waiting for pending UART response ch=8 before next command
E (72289) MQTT: Publish failed
W (72289) TRANSPORT: No transport connected for broadcast
W (72289) MSG: Broadcast failed, falling back to MQTT
E (72290) MQTT: Publish failed
I (72292) CMD_U0: waiting for pending UART response ch=8 before next command
E (72314) MQTT: Publish failed
W (72314) TRANSPORT: No transport connected for broadcast
W (72314) MSG: Broadcast failed, falling back to MQTT
E (72315) MQTT: Publish failed
I (72318) CMD_U0: waiting for pending UART response ch=8 before next command
E (72339) MQTT: Publish failed
W (72339) TRANSPORT: No transport connected for broadcast
W (72339) MSG: Broadcast failed, falling back to MQTT
E (72340) MQTT: Publish failed
I (72344) CMD_U0: waiting for pending UART response ch=8 before next command
I (72355) RX_TASK: Stats: events=411 completions=421 report_drop=0 report_q_high=2
E (72366) MQTT: Publish failed
W (72366) TRANSPORT: No transport connected for broadcast
W (72366) MSG: Broadcast failed, falling back to MQTT
E (72367) MQTT: Publish failed
I (72370) CMD_U0: Stats: txn=411 err=0 (100%) no_ctx=0
I (72371) CMD_U0: waiting for pending UART response ch=8 before next command
E (72390) MQTT: Publish failed
W (72390) TRANSPORT: No transport connected for broadcast
W (72390) MSG: Broadcast failed, falling back to MQTT
E (72391) MQTT: Publish failed
I (72391) CMD_U0: waiting for pending UART response ch=8 before next command
E (72410) MQTT: Publish failed
W (72410) TRANSPORT: No transport connected for broadcast
W (72410) MSG: Broadcast failed, falling back to MQTT
E (72411) MQTT: Publish failed
I (72412) CMD_U0: waiting for pending UART response ch=8 before next command
E (72436) MQTT: Publish failed
W (72436) TRANSPORT: No transport connected for broadcast
W (72436) MSG: Broadcast failed, falling back to MQTT
E (72437) MQTT: Publish failed
I (72437) CMD_U0: waiting for pending UART response ch=8 before next command
E (72461) MQTT: Publish failed
W (72461) TRANSPORT: No transport connected for broadcast
W (72462) MSG: Broadcast failed, falling back to MQTT
E (72462) MQTT: Publish failed
I (72463) CMD_U0: waiting for pending UART response ch=8 before next command
E (72486) MQTT: Publish failed
W (72486) TRANSPORT: No transport connected for broadcast
W (72486) MSG: Broadcast failed, falling back to MQTT
E (72487) MQTT: Publish failed
I (72489) CMD_U0: waiting for pending UART response ch=8 before next command
E (72512) MQTT: Publish failed
W (72512) TRANSPORT: No transport connected for broadcast
W (72512) MSG: Broadcast failed, falling back to MQTT
E (72513) MQTT: Publish failed
I (72515) CMD_U0: waiting for pending UART response ch=8 before next command
E (72537) MQTT: Publish failed
W (72537) TRANSPORT: No transport connected for broadcast
W (72537) MSG: Broadcast failed, falling back to MQTT
E (72538) MQTT: Publish failed
I (72540) CMD_U0: waiting for pending UART response ch=8 before next command
E (72561) MQTT: Publish failed
W (72561) TRANSPORT: No transport connected for broadcast
W (72562) MSG: Broadcast failed, falling back to MQTT
E (72563) MQTT: Publish failed
I (72566) CMD_U0: waiting for pending UART response ch=8 before next command
I (72592) CMD_U0: waiting for pending UART response ch=8 before next command
W (72601) EHOME: [intdiag] t=70 internal free=48371 largest=23552 min_ever=31628 | total free=8326279 largest=8257536 | floor=16384
I (72618) CMD_U0: waiting for pending UART response ch=8 before next command
I (72639) CMD_U0: waiting for pending UART response ch=8 before next command
I (72664) CMD_U0: waiting for pending UART response ch=8 before next command
I (72689) CMD_U0: waiting for pending UART response ch=8 before next command
I (72709) CMD_U0: waiting for pending UART response ch=8 before next command
I (72734) CMD_U0: waiting for pending UART response ch=8 before next command
I (72759) CMD_U0: waiting for pending UART response ch=8 before next command
I (72784) CMD_U0: waiting for pending UART response ch=8 before next command
I (72809) CMD_U0: waiting for pending UART response ch=8 before next command
I (72835) CMD_U0: waiting for pending UART response ch=8 before next command
W (72854) RX_TASK: RX timeout slot1 type=1 reqID=0 (1001ms)
I (72860) CMD_U0: waiting for pending UART response ch=8 before next command
I (72887) CMD_U0: waiting for pending UART response ch=8 before next command
I (72912) CMD_U0: waiting for pending UART response ch=8 before next command
I (72937) CMD_U0: waiting for pending UART response ch=8 before next command
I (72963) CMD_U0: waiting for pending UART response ch=8 before next command
I (72988) CMD_U0: waiting for pending UART response ch=8 before next command
I (73014) CMD_U0: waiting for pending UART response ch=8 before next command
I (73039) CMD_U0: waiting for pending UART response ch=8 before next command
I (73065) CMD_U0: waiting for pending UART response ch=8 before next command
I (73090) CMD_U0: waiting for pending UART response ch=8 before next command
I (73115) CMD_U0: waiting for pending UART response ch=8 before next command
I (73133) CMD_U1: waiting for pending UART response ch=9 before next command
I (73136) CMD_U0: waiting for pending UART response ch=8 before next command
 (73161) CMD_U0: waiting for pending UART response ch=8 before next command
86) CMD_U0: waiting for pending UART response ch=8 before next command
I (73212) CMD_U0: waiting for pending UART response ch=8 before next command
I (73238) CMD_U0: waiting for pending UART response ch=8 before next command
I (73263) CMD_U0: waiting for pending UART response ch=8 before next command
I (73288) CMD_U0: waiting for pending UART response ch=8 before next command
I (73309) CMD_U0: waiting for pending UART response ch=8 before next command
I (73335) CMD_U0: waiting for pending UART response ch=8 before next command
I (73360) CMD_U0: waiting for pending UART response ch=8 before next command
I (73386) CMD_U0: waiting for pending UART response ch=8 before next command
I (73411) CMD_U0: waiting for pending UART response ch=8 before next command
E (73432) MQTT: Publish failed
W (73432) TRANSPORT: No transport connected for broadcast
W (73432) MSG: Broadcast failed, falling back to MQTT
E (73433) MQTT: Publish failed
I (73437) CMD_U0: waiting for pending UART response ch=8 before next command
E (73458) MQTT: Publish failed
W (73458) TRANSPORT: No transport connected for broadcast
I (73458) CMD_U0: waiting for pending UART response ch=8 before next command
W (73458) MSG: Broadcast failed, falling back to MQTT
E (73459) MQTT: Publish failed
E (73478) MQTT: Publish failed
W (73478) TRANSPORT: No transport connected for broadcast
W (73478) MSG: Broadcast failed, falling back to MQTT
E (73479) MQTT: Publish failed
I (73479) CMD_U0: waiting for pending UART response ch=8 before next command
E (73499) MQTT: Publish failed
W (73499) TRANSPORT: No transport connected for broadcast
W (73499) MSG: Broadcast failed, falling back to MQTT
E (73500) MQTT: Publish failedI (73500) CMD_U0: waiting for pending UART response ch=8 before next command

E (73524) MQTT: Publish failed
W (73524) TRANSPORT: No transport connected for broadcast
W (73524) MSG: Broadcast failed, falling back to MQTT
E (73525) MQTT: Publish failed
I (73525) CMD_U0: waiting for pending UART response ch=8 before next command
E (73549) MQTT: Publish failed
W (73549) TRANSPORT: No transport connected for broadcast
W (73549) MSG: Broadcast failed, falling back to MQTT
E (73550) MQTT: Publish failed
I (73551) CMD_U0: waiting for pending UART response ch=8 before next command
E (73561) MQTT: Publish failed
W (73561) TRANSPORT: No transport connected for broadcast
W (73561) MSG: Broadcast failed, falling back to MQTT
E (73561) MQTT: Publish failed
E (73575) MQTT: Publish failed
W (73575) TRANSPORT: No transport connected for broadcast
W (73575) MSG: Broadcast failed, falling back to MQTT
E (73576) MQTT: Publish failed
I (73577) CMD_U0: waiting for pending UART response ch=8 before next command
E (73600) MQTT: Publish failed
W (73600) TRANSPORT: No transport connected for broadcast
W (73600) MSG: Broadcast failed, falling back to MQTT
E (73601) MQTT: Publish failed
I (73603) CMD_U0: waiting for pending UART response ch=8 before next command
E (73609) MQTT: Publish failed
W (73609) TRANSPORT: No transport connected for broadcast
W (73610) MSG: Broadcast failed, falling back to MQTT
E (73610) MQTT: Publish failed
E (73626) MQTT: Publish failed
W (73626) TRANSPORT: No transport connected for broadcast
W (73626) MSG: Broadcast failed, falling back to MQTT
E (73627) MQTT: Publish failed
I (73629) CMD_U0: waiting for pending UART response ch=8 before next command
E (73651) MQTT: Publish failed
W (73651) TRANSPORT: No transport connected for broadcast
W (73651) MSG: Broadcast failed, falling back to MQTT
E (73652) MQTT: Publish failed
I (73655) CMD_U0: waiting for pending UART response ch=8 before next command
E (73677) MQTT: Publish failed
W (73677) TRANSPORT: No transport connected for broadcast
W (73677) MSG: Broadcast failed, falling back to MQTT
E (73678) MQTT: Publish failed
I (73681) CMD_U0: waiting for pending UART response ch=8 before next command
E (73702) MQTT: Publish failed
W (73702) TRANSPORT: No transport connected for broadcast
W (73702) MSG: Broadcast failed, falling back to MQTT
E (73703) MQTT: Publish failed
I (73706) CMD_U0: waiting for pending UART response ch=8 before next command
E (73727) MQTT: Publish failed
W (73727) TRANSPORT: No transport connected for broadcast
W (73727) MSG: Broadcast failed, falling back to MQTT
E (73728) MQTT: Publish failed
I (73731) CMD_U0: waiting for pending UART response ch=8 before next command
E (73753) MQTT: Publish failed
W (73753) TRANSPORT: No transport connected for broadcast
W (73753) MSG: Broadcast failed, falling back to MQTT
E (73754) MQTT: Publish failed
I (73757) CMD_U0: waiting for pending UART response ch=8 before next command
E (73779) MQTT: Publish failed
W (73779) TRANSPORT: No transport connected for broadcast
W (73779) MSG: Broadcast failed, falling back to MQTT
E (73780) MQTT: Publish failed
I (73782) CMD_U0: waiting for pending UART response ch=8 before next command
E (73804) MQTT: Publish failed
W (73804) TRANSPORT: No transport connected for broadcast
W (73804) MSG: Broadcast failed, falling back to MQTT
E (73805) MQTT: Publish failed
I (73808) CMD_U0: waiting for pending UART response ch=8 before next command
E (73830) MQTT: Publish failed
W (73830) TRANSPORT: No transport connected for broadcast
W (73830) MSG: Broadcast failed, falling back to MQTT
E (73831) MQTT: Publish failed
I (73833) CMD_U0: waiting for pending UART response ch=8 before next command
E (73855) MQTT: Publish failed
W (73855) TRANSPORT: No transport connected for broadcast
W (73855) MSG: Broadcast failed, falling back to MQTT
E (73856) MQTT: Publish failed
I (73858) CMD_U0: waiting for pending UART response ch=8 before next command
W (73859) RX_TASK: RX timeout slot1 type=1 reqID=0 (1001ms)
E (73859) MQTT: Publish failed
W (73860) TRANSPORT: No transport connected for broadcast
W (73860) MSG: Broadcast failed, falling back to MQTT
E (73860) MQTT: Publish failed
E (73881) MQTT: Publish failed
W (73881) TRANSPORT: No transport connected for broadcast
W (73881) MSG: Broadcast failed, falling back to MQTT
E (73882) MQTT: Publish failed
I (73884) CMD_U0: waiting for pending UART response ch=8 before next command
I (73901) CMD_U1: Stats: txn=10 err=0 (100%) no_ctx=0
E (73906) MQTT: Publish failed
W (73906) TRANSPORT: No transport connected for broadcast
W (73906) MSG: Broadcast failed, falling back to MQTT
E (73907) MQTT: Publish failed
I (73910) CMD_U0: waiting for pending UART response ch=8 before next command
I (73935) CMD_U0: waiting for pending UART response ch=8 before next command
I (73960) CMD_U0: waiting for pending UART response ch=8 before next command
I (73985) CMD_U0: waiting for pending UART response ch=8 before next command
I (74011) CMD_U0: waiting for pending UART response ch=8 before next command
I (74036) CMD_U0: waiting for pending UART response ch=8 before next command
I (74061) CMD_U0: waiting for pending UART response ch=8 before next command
I (74086) CMD_U0: waiting for pending UART response ch=8 before next command
I (74112) CMD_U0: waiting for pending UART response ch=8 before next command
I (74133) CMD_U1: waiting for pending UART response ch=9 before next command
I (74137) CMD_U0: waiting for pending UART response ch=8 before next command
I (74163) CMD_U0: waiting for pending UART response ch=8 before next command
I (74188) CMD_U0: waiting for pending UART response ch=8 before next command
I (74213) CMD_U0: waiting for pending UART response ch=8 before next command
I (74239) CMD_U0: waiting for pending UART response ch=8 before next command
I (74266) CMD_U0: waiting for pending UART response ch=8 before next command
I (74291) CMD_U0: waiting for pending UART response ch=8 before next command
I (74311) CMD_U0: waiting for pending UART response ch=8 before next command
I (74337) CMD_U0: waiting for pending UART response ch=8 before next command
I (74357) CMD_U0: waiting for pending UART response ch=8 before next command
I (74378) CMD_U0: waiting for pending UART response ch=8 before next command
I (74404) CMD_U0: waiting for pending UART response ch=8 before next command
I (74431) CMD_U0: waiting for pending UART response ch=8 before next command
I (74456) CMD_U0: waiting for pending UART response ch=8 before next command
I (74482) CMD_U0: waiting for pending UART response ch=8 before next command
I (74509) CMD_U0: waiting for pending UART response ch=8 before next command
I (74534) CMD_U0: waiting for pending UART response ch=8 before next command
I (74559) CMD_U0: waiting for pending UART response ch=8 before next command
I (74584) CMD_U0: waiting for pending UART response ch=8 before next command
I (74610) CMD_U0: waiting for pending UART response ch=8 before next command
I (74635) CMD_U0: waiting for pending UART response ch=8 before next command
I (74661) CMD_U0: waiting for pending UART response ch=8 before next command
I (74686) CMD_U0: waiting for pending UART response ch=8 before next command
I (74711) CMD_U0: waiting for pending UART response ch=8 before next command
I (74732) CMD_U0: waiting for pending UART response ch=8 before next command
I (74752) CMD_U0: waiting for pending UART response ch=8 before next command
I (74773) CMD_U0: waiting for pending UART response ch=8 before next command
I (74794) CMD_U0: waiting for pending UART response ch=8 before next command
I (74815) CMD_U0: waiting for pending UART response ch=8 before next command
I (74840) CMD_U0: waiting for pending UART response ch=8 before next command
I (74866) CMD_U0: waiting for pending UART response ch=8 before next command
W (74885) RX_TASK: RX timeout slot1 type=1 reqID=0 (1001ms)
I (74891) CMD_U0: waiting for pending UART response ch=8 before next command
I (74917) CMD_U0: waiting for pending UART response ch=8 before next command
I (74942) CMD_U0: waiting for pending UART response ch=8 before next command
I (74967) CMD_U0: waiting for pending UART response ch=8 before next command
I (74992) CMD_U0: waiting for pending UART response ch=8 before next command
I (75017) CMD_U0: waiting for pending UART response ch=8 before next command
I (75044) CMD_U0: waiting for pending UART response ch=8 before next command
I (75069) CMD_U0: waiting for pending UART response ch=8 before next command
I (75095) CMD_U0: waiting for pending UART response ch=8 before next command
I (75121) CMD_U0: waiting for pending UART response ch=8 before next command
I (75133) CMD_U1: waiting for pending UART response ch=9 before next command
I (75146) CMD_U0: waiting for pending UART response ch=8 before next command
I (75172) CMD_U0: waiting for pending UART response ch=8 before next command
 (75197) CMD_U0: waiting for pending UART response ch=8 before next command
 (75222) CMD_U0: waiting for pending UART response ch=8 before next command
 (75247) CMD_U0: waiting for pending UART response ch=8 before next command
(75272) CMD_U0: waiting for pending UART response ch=8 before next command
I (75297) CMD_U0: waiting for pending UART response ch=8 before next command
I (75318) CMD_U0: waiting for pending UART response ch=8 before next command
I (75343) CMD_U0: waiting for pending UART response ch=8 before next command
I (75368) CMD_U0: waiting for pending UART response ch=8 before next command
E (75388) MQTT: Publish failed
W (75388) TRANSPORT: No transport connected for broadcast
I (75388) CMD_U0: waiting for pending UART response ch=8 before next command
W (75388) MSG: Broadcast failed, falling back to MQTT
E (75389) MQTT: Publish failed
E (75408) MQTT: Publish failed
W (75408) TRANSPORT: No transport connected for broadcast
W (75408) MSG: Broadcast failed, falling back to MQTT
E (75409) MQTT: Publish failed
I (75409) CMD_U0: waiting for pending UART response ch=8 before next command
E (75433) MQTT: Publish failed
W (75433) TRANSPORT: No transport connected for broadcast
W (75434) MSG: Broadcast failed, falling back to MQTT
E (75434) MQTT: Publish failed
I (75435) CMD_U0: waiting for pending UART response ch=8 before next command
E (75459) MQTT: Publish failed
W (75459) TRANSPORT: No transport connected for broadcast
W (75459) MSG: Broadcast failed, falling back to MQTT
I (75460) CMD_U0: waiting for pending UART response ch=8 before next command
E (75460) MQTT: Publish failed
E (75484) MQTT: Publish failed
W (75484) TRANSPORT: No transport connected for broadcast
W (75484) MSG: Broadcast failed, falling back to MQTT
E (75485) MQTT: Publish failed
I (75485) CMD_U0: waiting for pending UART response ch=8 before next command
E (75504) MQTT: Publish failed
W (75504) TRANSPORT: No transport connected for broadcast
W (75504) MSG: Broadcast failed, falling back to MQTT
E (75505) MQTT: Publish failed
I (75505) CMD_U0: waiting for pending UART response ch=8 before next command
E (75524) MQTT: Publish failed
W (75524) TRANSPORT: No transport connected for broadcast
W (75524) MSG: Broadcast failed, falling back to MQTT
E (75525) MQTT: Publish failed
I (75526) CMD_U0: waiting for pending UART response ch=8 before next command
E (75550) MQTT: Publish failed
W (75550) TRANSPORT: No transport connected for broadcast
W (75550) MSG: Broadcast failed, falling back to MQTT
E (75551) MQTT: Publish failed
I (75551) CMD_U0: waiting for pending UART response ch=8 before next command
E (75561) MQTT: Publish failed
W (75562) TRANSPORT: No transport connected for broadcast
W (75562) MSG: Broadcast failed, falling back to MQTT
E (75562) MQTT: Publish failed
I (75577) CMD_U0: waiting for pending UART response ch=8 before next command
I (75603) CMD_U0: waiting for pending UART response ch=8 before next command
E (75614) MQTT: Publish failed
W (75614) TRANSPORT: No transport connected for broadcast
W (75614) MSG: Broadcast failed, falling back to MQTT
E (75614) MQTT: Publish failed
I (75628) CMD_U0: waiting for pending UART response ch=8 before next command
E (75651) MQTT: Publish failed
W (75651) TRANSPORT: No transport connected for broadcast
W (75651) MSG: Broadcast failed, falling back to MQTT
E (75652) MQTT: Publish failed
I (75653) CMD_U0: waiting for pending UART response ch=8 before next command
E (75676) MQTT: Publish failed
W (75676) TRANSPORT: No transport connected for broadcast
W (75676) MSG: Broadcast failed, falling back to MQTT
E (75677) MQTT: Publish failed
I (75679) CMD_U0: waiting for pending UART response ch=8 before next command
E (75702) MQTT: Publish failed
W (75702) TRANSPORT: No transport connected for broadcast
W (75702) MSG: Broadcast failed, falling back to MQTT
E (75703) MQTT: Publish failed
I (75705) CMD_U0: waiting for pending UART response ch=8 before next command
E (75727) MQTT: Publish failed
W (75727) TRANSPORT: No transport connected for broadcast
W (75727) MSG: Broadcast failed, falling back to MQTT
E (75728) MQTT: Publish failed
I (75731) CMD_U0: waiting for pending UART response ch=8 before next command
E (75752) MQTT: Publish failed
W (75752) TRANSPORT: No transport connected for broadcast
W (75752) MSG: Broadcast failed, falling back to MQTT
E (75753) MQTT: Publish failed
I (75757) CMD_U0: waiting for pending UART response ch=8 before next command
E (75778) MQTT: Publish failed
W (75778) TRANSPORT: No transport connected for broadcast
I (75778) CMD_U0: waiting for pending UART response ch=8 before next command
W (75778) MSG: Broadcast failed, falling back to MQTT
E (75779) MQTT: Publish failed
E (75798) MQTT: Publish failed
W (75798) TRANSPORT: No transport connected for broadcast
W (75798) MSG: Broadcast failed, falling back to MQTT
I (75799) CMD_U0: waiting for pending UART response ch=8 before next command
E (75799) MQTT: Publish failed
E (75818) MQTT: Publish failed
W (75818) TRANSPORT: No transport connected for broadcast
W (75818) MSG: Broadcast failed, falling back to MQTT
E (75819) MQTT: I (75819) CMD_U0: waiting for pending UART response ch=8 before next command
Publish failed
E (75839) MQTT: Publish failed
W (75839) TRANSPORT: No transport connected for broadcast
W (75839) MSG: Broadcast failed, falling back to MQTT
E (75840) MQTT: Publish failed
I (75844) CMD_U0: waiting for pending UART response ch=8 before next command
E (75864) MQTT: Publish failed
W (75864) TRANSPORT: No transport connected for broadcast
W (75864) MSG: Broadcast failed, falling back to MQTT
E (75865) MQTT: Publish failed
I (75869) CMD_U0: waiting for pending UART response ch=8 before next command
E (75889) MQTT: Publish failed
W (75889) TRANSPORT: No transport connected for broadcast
W (75889) MSG: Broadcast failed, falling back to MQTT
E (75890) MQTT: I (75890) CMD_U0: waiting for pending UART response ch=8 before next commandPublish failed

W (75910) RX_TASK: RX timeout slot1 type=1 reqID=0 (1001ms)
E (75910) MQTT: Publish failed
W (75910) TRANSPORT: No transport connected for broadcast
W (75911) MSG: Broadcast failed, falling back to MQTT
E (75911) MQTT: Publish failed
E (75911) MQTT: Publish failed
W (75911) TRANSPORT: No transport connected for broadcast
W (75912) MSG: Broadcast failed, falling back to MQTT
E (75912) MQTT: Publish failed
I (75915) CMD_U0: waiting for pending UART response ch=8 before next command
E (75935) MQTT: Publish failed
W (75935) TRANSPORT: No transport connected for broadcast
W (75935) MSG: Broadcast failed, falling back to MQTT
E (75936) MQTT: Publish failed
I (75936) CMD_U0: waiting for pending UART response ch=8 before next command
E (75955) MQTT: Publish failed
W (75955) TRANSPORT: No transport connected for broadcast
W (75955) MSG: Broadcast failed, falling back to MQTT
I (75956) CMD_U0: E (75956) MQTT: waiting for pending UART response ch=8 before next command
Publish failed
E (75976) MQTT: Publish failed
W (75976) TRANSPORT: No transport connected for broadcast
W (75976) MSG: Broadcast failed, falling back to MQTT
E (75977) MQTT: Publish failed
I (75981) CMD_U0: waiting for pending UART response ch=8 before next command
E (76001) MQTT: Publish failed
W (76001) TRANSPORT: No transport connected for broadcast
W (76001) MSG: Broadcast failed, falling back to MQTT
E (76002) MQTT: I (76002) CMD_U0: waiting for pending UART response ch=8 before next command
Publish failed
E (76021) MQTT: Publish failed
W (76021) TRANSPORT: No transport connected for broadcast
W (76021) MSG: Broadcast failed, falling back to MQTT
E (76022) MQTT: I (76022) CMD_U0: waiting for pending UART response ch=8 before next command
Publish failed
E (76042) MQTT: Publish failed
W (76042) TRANSPORT: No transport connected for broadcast
W (76043) MSG: Broadcast failed, falling back to MQTT
E (76043) MQTT: Publish failed
I (76047) CMD_U0: waiting for pending UART response ch=8 before next command
E (76067) MQTT: Publish failed
W (76067) TRANSPORT: No transport connected for broadcast
W (76067) MSG: Broadcast failed, falling back to MQTT
E (76068) MQTT: Publish failed
I (76072) CMD_U0: waiting for pending UART response ch=8 before next command
E (76093) MQTT: Publish failed
W (76093) TRANSPORT: No transport connected for broadcast
W (76093) MSG: Broadcast failed, falling back to MQTT
E (76094) MQTT: Publish failed
I (76098) CMD_U0: waiting for pending UART response ch=8 before next command
E (76118) MQTT: Publish failed
W (76118) TRANSPORT: No transport connected for broadcast
W (76118) MSG: Broadcast failed, falling back to MQTT
E (76119) MQTT: Publish failed
I (76119) CMD_U0: waiting for pending UART response ch=8 before next command
I (76133) CMD_U1: waiting for pending UART response ch=9 before next command
E (76143) MQTT: Publish failed
W (76143) TRANSPORT: No transport connected for broadcast
W (76143) MSG: Broadcast failed, falling back to MQTT
E (76144) MQTT: Publish failed
I (76145) CMD_U0: waiting for pending UART response ch=8 before next command
E (76169) MQTT: Publish failed
W (76169) TRANSPORT: No transport connected for broadcast
W (76169) MSG: Broadcast failed, falling back to MQTT
E (76170) MQTT: Publish failed
I (76170) CMD_U0: waiting for pending UART response ch=8 before next command
E (76194) MQTT: Publish failed
W (76194) TRANSPORT: No transport connected for broadcast
W (76194) MSG: Broadcast failed, falling back to MQTT
E (76195) MQTT: Publish failed
I (76196) CMD_U0: waiting for pending UART response ch=8 before next command
E (76219) MQTT: Publish failed
W (76219) TRANSPORT: No transport connected for broadcast
W (76219) MSG: Broadcast failed, falling back to MQTT
E (76220) MQTT: Publish failed
I (76221) CMD_U0: waiting for pending UART response ch=8 before next command
E (76244) MQTT: Publish failed
W (76244) TRANSPORT: No transport connected for broadcast
W (76244) MSG: Broadcast failed, falling back to MQTT
E (76245) MQTT: Publish failed
I (76246) CMD_U0: waiting for pending UART response ch=8 before next command
E (76270) MQTT: Publish failed
W (76270) TRANSPORT: No transport connected for broadcast
W (76270) MSG: Broadcast failed, falling back to MQTT
E (76271) MQTT: Publish failed
I (76271) CMD_U0: waiting for pending UART response ch=8 before next command
E (76295) MQTT: Publish failed
W (76295) TRANSPORT: No transport connected for broadcast
W (76295) MSG: Broadcast failed, falling back to MQTT
E (76296) MQTT: Publish failed
I (76297) CMD_U0: waiting for pending UART response ch=8 before next command
E (76321) MQTT: Publish failed
W (76321) TRANSPORT: No transport connected for broadcast
W (76321) MSG: Broadcast failed, falling back to MQTT
E (76322) MQTT: I (76322) CMD_U0: waiting for pending UART response ch=8 before next command
Publish failed
E (76346) MQTT: Publish failed
W (76346) TRANSPORT: No transport connected for broadcast
W (76346) MSG: Broadcast failed, falling back to MQTT
E (76347) MQTT: Publish failed
I (76347) CMD_U0: waiting for pending UART response ch=8 before next command
E (76366) MQTT: Publish failed
W (76366) TRANSPORT: No transport connected for broadcast
W (76366) MSG: Broadcast failed, falling back to MQTT
E (76367) MQTT: Publish failed
I (76368) CMD_U0: waiting for pending UART response ch=8 before next command
E (76392) MQTT: Publish failed
W (76392) TRANSPORT: No transport connected for broadcast
W (76392) MSG: Broadcast failed, falling back to MQTT
E (76393) MQTT: Publish failed
I (76394) CMD_U0: waiting for pending UART response ch=8 before next command
E (76417) MQTT: Publish failed
W (76417) TRANSPORT: No transport connected for broadcast
W (76417) MSG: Broadcast failed, falling back to MQTT
E (76418) MQTT: Publish failed
I (76419) CMD_U0: waiting for pending UART response ch=8 before next command
E (76442) MQTT: Publish failed
W (76442) TRANSPORT: No transport connected for broadcast
W (76442) MSG: Broadcast failed, falling back to MQTT
E (76443) MQTT: Publish failed
I (76444) CMD_U0: waiting for pending UART response ch=8 before next command
E (76468) MQTT: Publish failed
W (76468) TRANSPORT: No transport connected for broadcast
W (76468) MSG: Broadcast failed, falling back to MQTT
I (76469) CMD_U0: waiting for pending UART response ch=8 before next command
E (76469) MQTT: Publish failed
E (76493) MQTT: Publish failed
W (76493) TRANSPORT: No transport connected for broadcast
W (76493) MSG: Broadcast failed, falling back to MQTT
E (76494) MQTT: I (76494) CMD_U0: waiting for pending UART response ch=8 before next command
Publish failed
E (76513) MQTT: Publish failed
W (76513) TRANSPORT: No transport connected for broadcast
W (76513) MSG: Broadcast failed, falling back to MQTT
E (76514) MQTT: Publish failed
I (76514) CMD_U0: waiting for pending UART response ch=8 before next command
E (76534) MQTT: Publish failed
W (76534) TRANSPORT: No transport connected for broadcast
W (76534) MSG: Broadcast failed, falling back to MQTT
E (76535) MQTT: I (76535) CMD_U0: waiting for pending UART response ch=8 before next command
Publish failed
E (76559) MQTT: Publish failed
W (76559) TRANSPORT: No transport connected for broadcast
W (76559) MSG: Broadcast failed, falling back to MQTT
E (76560) MQTT: Publish failed
I (76560) CMD_U0: waiting for pending UART response ch=8 before next command
E (76561) MQTT: Publish failed
W (76561) TRANSPORT: No transport connected for broadcast
W (76561) MSG: Broadcast failed, falling back to MQTT
E (76562) MQTT: Publish failed
E (76585) MQTT: Publish failed
W (76585) TRANSPORT: No transport connected for broadcast
W (76586) MSG: Broadcast failed, falling back to MQTT
I (76586) CMD_U0: waiting for pending UART response ch=8 before next command
E (76586) MQTT: Publish failed
I (76612) CMD_U0: waiting for pending UART response ch=8 before next command
I (76638) CMD_U0: waiting for pending UART response ch=8 before next command
I (76663) CMD_U0: waiting for pending UART response ch=8 before next command
I (76689) CMD_U0: waiting for pending UART response ch=8 before next command
I (76714) CMD_U0: waiting for pending UART response ch=8 before next command
I (76735) CMD_U0: waiting for pending UART response ch=8 before next command
I (76756) CMD_U0: waiting for pending UART response ch=8 before next command
I (76781) CMD_U0: waiting for pending UART response ch=8 before next command
I (76806) CMD_U0: waiting for pending UART response ch=8 before next command
I (76831) CMD_U0: waiting for pending UART response ch=8 before next command
I (76856) CMD_U0: waiting for pending UART response ch=8 before next command
I (76881) CMD_U0: waiting for pending UART response ch=8 before next command
I (76906) CMD_U0: waiting for pending UART response ch=8 before next command
W (76914) RX_TASK: RX timeout slot1 type=1 reqID=0 (1001ms)
I (76931) CMD_U0: waiting for pending UART response ch=8 before next command
I (76956) CMD_U0: waiting for pending UART response ch=8 before next command
I (76981) CMD_U0: waiting for pending UART response ch=8 before next command
I (77006) CMD_U0: waiting for pending UART response ch=8 before next command
I (77031) CMD_U0: waiting for pending UART response ch=8 before next command
I (77056) CMD_U0: waiting for pending UART response ch=8 before next command
I (77082) CMD_U0: waiting for pending UART response ch=8 before next command
I (77103) CMD_U0: waiting for pending UART response ch=8 before next command
I (77124) CMD_U0: waiting for pending UART response ch=8 before next command
I (77133) CMD_U1: waiting for pending UART response ch=9 before next command
I (77150) CMD_U0: waiting for pending UART response ch=8 before next command
I (77170) CMD_U0: waiting for pending UART response ch=8 before next command
I (77196) CMD_U0: waiting for pending UART response ch=8 before next command
I (77221) CMD_U0: waiting for pending UART response ch=8 before next command
I (77241) CMD_U0: waiting for pending UART response ch=8 before next command
I (77267) CMD_U0: waiting for pending UART response ch=8 before next command
I (77288) CMD_U0: waiting for pending UART response ch=8 before next command
I (77309) CMD_U0: waiting for pending UART response ch=8 before next command
(77334) CMD_U0: waiting for pending UART response ch=8 before next command
 (77355) CMD_U0: waiting for pending UART response ch=8 before next command
 (77376) CMD_U0: waiting for pending UART response ch=8 before next command
 (77401) CMD_U0: waiting for pending UART response ch=8 before next command
 (77426) CMD_U0: waiting for pending UART response ch=8 before next command
 (77446) CMD_U0: waiting for pending UART response ch=8 before next command
 (77467) CMD_U0: waiting for pending UART response ch=8 before next command
 (77492) CMD_U0: waiting for pending UART response ch=8 before next command
I (77512) CMD_U0: waiting for pending UART response ch=8 before next command
I (77533) CMD_U0: waiting for pending UART response ch=8 before next command
I (77559) CMD_U0: waiting for pending UART response ch=8 before next command
I (77585) CMD_U0: waiting for pending UART response ch=8 before next command
I (77605) CMD_U0: waiting for pending UART response ch=8 before next command
W (77623) EHOME: [intdiag] t=75 internal free=49247 largest=23552 min_ever=31628 | total free=8330975 largest=8257536 | floor=16384
I (77627) CMD_U0: waiting for pending UART response ch=8 before next command
I (77652) CMD_U0: waiting for pending UART response ch=8 before next command
I (77678) CMD_U0: waiting for pending UART response ch=8 before next command
I (77704) CMD_U0: waiting for pending UART response ch=8 before next command
I (77729) CMD_U0: waiting for pending UART response ch=8 before next command
I (77755) CMD_U0: waiting for pending UART response ch=8 before next command
I (77780) CMD_U0: waiting for pending UART response ch=8 before next command
I (77806) CMD_U0: waiting for pending UART response ch=8 before next command
I (77832) CMD_U0: waiting for pending UART response ch=8 before next command
I (77857) CMD_U0: waiting for pending UART response ch=8 before next command
I (77878) CMD_U0: waiting for pending UART response ch=8 before next command
I (77904) CMD_U0: waiting for pending UART response ch=8 before next command
I (77929) CMD_U0: waiting for pending UART response ch=8 before next command
W (77940) RX_TASK: RX timeout slot1 type=1 reqID=0 (1001ms)
I (77950) CMD_U0: waiting for pending UART response ch=8 before next command
I (77971) CMD_U0: waiting for pending UART response ch=8 before next command
I (77996) CMD_U0: waiting for pending UART response ch=8 before next command
I (78021) CMD_U0: waiting for pending UART response ch=8 before next command
I (78046) CMD_U0: waiting for pending UART response ch=8 before next command
E (78066) MQTT: Publish failed
W (78066) TRANSPORT: No transport connected for broadcast
W (78066) MSG: Broadcast failed, falling back to MQTT
E (78067) MQTT: Publish failed
I (78071) CMD_U0: waiting for pending UART response ch=8 before next command
E (78092) MQTT: Publish failed
W (78092) TRANSPORT: No transport connected for broadcast
W (78092) MSG: Broadcast failed, falling back to MQTT
E (78093) MQTT: Publish failed
I (78097) CMD_U0: waiting for pending UART response ch=8 before next command
E (78117) MQTT: Publish failed
W (78117) TRANSPORT: No transport connected for broadcast
W (78117) MSG: Broadcast failed, falling back to MQTT
E (78118) MQTT: Publish failed
I (78122) CMD_U0: waiting for pending UART response ch=8 before next command
I (78133) CMD_U1: waiting for pending UART response ch=9 before next command
E (78143) MQTT: Publish failed
W (78143) TRANSPORT: No transport connected for broadcast
W (78143) MSG: Broadcast failed, falling back to MQTT
E (78144) MQTT: Publish failed
I (78148) CMD_U0: waiting for pending UART response ch=8 before next command
E (78168) MQTT: Publish failed
W (78168) TRANSPORT: No transport connected for broadcast
W (78168) MSG: Broadcast failed, falling back to MQTT
I (78169) CMD_U0: E (78169) MQTT: waiting for pending UART response ch=8 before next command
Publish failed
E (78188) MQTT: Publish failed
W (78188) TRANSPORT: No transport connected for broadcast
W (78188) MSG: Broadcast failed, falling back to MQTT
E (78189) MQTT: I (78189) CMD_U0: waiting for pending UART response ch=8 before next command
Publish failed
E (78210) MQTT: Publish failed
W (78210) TRANSPORT: No transport connected for broadcast
W (78210) MSG: Broadcast failed, falling back to MQTT
E (78211) MQTT: Publish failed
I (78214) CMD_U0: waiting for pending UART response ch=8 before next command
E (78234) MQTT: Publish failed
W (78234) TRANSPORT: No transport connected for broadcast
W (78234) MSG: Broadcast failed, falling back to MQTT
E (78235) MQTT: Publish failedI (78235) CMD_U0: waiting for pending UART response ch=8 before next command

E (78259) MQTT: Publish failed
W (78259) TRANSPORT: No transport connected for broadcast
W (78259) MSG: Broadcast failed, falling back to MQTT
I (78260) CMD_U0: waiting for pending UART response ch=8 before next command
E (78260) MQTT: Publish failed
E (78279) MQTT: Publish failed
W (78279) TRANSPORT: No transport connected for broadcast
I (78280) CMD_U0: waiting for pending UART response ch=8 before next command
W (78280) MSG: Broadcast failed, falling back to MQTT
E (78281) MQTT: Publish failed
I (78305) CMD_U0: waiting for pending UART response ch=8 before next command
I (78330) CMD_U0: waiting for pending UART response ch=8 before next command
I (78351) CMD_U0: waiting for pending UART response ch=8 before next command
I (78376) CMD_U0: waiting for pending UART response ch=8 before next command
I (78401) CMD_U0: waiting for pending UART response ch=8 before next command
I (78427) CMD_U0: waiting for pending UART response ch=8 before next command
I (78452) CMD_U0: waiting for pending UART response ch=8 before next command
I (78477) CMD_U0: waiting for pending UART response ch=8 before next command
I (78498) CMD_U0: waiting for pending UART response ch=8 before next command
I (78519) CMD_U0: waiting for pending UART response ch=8 before next command
I (78544) CMD_U0: waiting for pending UART response ch=8 before next command
I (78569) CMD_U0: waiting for pending UART response ch=8 before next command
I (78590) CMD_U0: waiting for pending UART response ch=8 before next command
I (78615) CMD_U0: waiting for pending UART response ch=8 before next command
E (78629) MQTT: Publish failed
W (78629) TRANSPORT: No transport connected for broadcast
W (78630) MSG: Broadcast failed, falling back to MQTT
E (78630) MQTT: Publish failed
E (78635) MQTT: Publish failed
W (78635) TRANSPORT: No transport connected for broadcast
W (78635) MSG: Broadcast failed, falling back to MQTT
E (78636) MQTT: Publish failed
I (78636) CMD_U0: waiting for pending UART response ch=8 before next command
E (78656) MQTT: Publish failed
W (78656) TRANSPORT: No transport connected for broadcast
W (78656) MSG: Broadcast failed, falling back to MQTT
E (78657) MQTT: Publish failed
I (78657) CMD_U0: waiting for pending UART response ch=8 before next command
E (78677) MQTT: Publish failed
W (78677) TRANSPORT: No transport connected for broadcast
W (78677) MSG: Broadcast failed, falling back to MQTT
E (78678) MQTT: Publish failed
I (78678) CMD_U0: waiting for pending UART response ch=8 before next command
E (78698) MQTT: Publish failed
W (78698) TRANSPORT: No transport connected for broadcast
I (78698) CMD_U0: waiting for pending UART response ch=8 before next command
W (78698) MSG: Broadcast failed, falling back to MQTT
E (78699) MQTT: Publish failed
E (78719) MQTT: Publish failed
W (78719) TRANSPORT: No transport connected for broadcast
W (78719) MSG: Broadcast failed, falling back to MQTT
E (78720) MQTT: Publish failed
I (78724) CMD_U0: waiting for pending UART response ch=8 before next command
E (78744) MQTT: Publish failed
W (78744) TRANSPORT: No transport connected for broadcast
W (78744) MSG: Broadcast failed, falling back to MQTT
E (78745) MQTT: Publish failed
I (78749) CMD_U0: waiting for pending UART response ch=8 before next command
E (78770) MQTT: Publish failed
W (78770) TRANSPORT: No transport connected for broadcast
W (78770) MSG: Broadcast failed, falling back to MQTT
E (78771) MQTT: Publish failed
I (78775) CMD_U0: waiting for pending UART response ch=8 before next command
E (78797) MQTT: Publish failed
W (78797) TRANSPORT: No transport connected for broadcast
W (78797) MSG: Broadcast failed, falling back to MQTT
E (78798) MQTT: Publish failed
I (78801) CMD_U0: waiting for pending UART response ch=8 before next command
E (78822) MQTT: Publish failed
W (78822) TRANSPORT: No transport connected for broadcast
W (78822) MSG: Broadcast failed, falling back to MQTT
E (78823) MQTT: Publish failed
I (78827) CMD_U0: waiting for pending UART response ch=8 before next command
E (78848) MQTT: Publish failed
W (78848) TRANSPORT: No transport connected for broadcast
W (78848) MSG: Broadcast failed, falling back to MQTT
E (78849) MQTT: Publish failed
I (78852) CMD_U0: waiting for pending UART response ch=8 before next command
E (78874) MQTT: Publish failed
W (78874) TRANSPORT: No transport connected for broadcast
W (78874) MSG: Broadcast failed, falling back to MQTT
E (78875) MQTT: Publish failed
I (78878) CMD_U0: waiting for pending UART response ch=8 before next command
E (78899) MQTT: Publish failed
W (78899) TRANSPORT: No transport connected for broadcast
W (78899) MSG: Broadcast failed, falling back to MQTT
E (78900) MQTT: Publish failed
I (78904) CMD_U0: waiting for pending UART response ch=8 before next command
E (78927) MQTT: Publish failed
W (78927) TRANSPORT: No transport connected for broadcast
W (78927) MSG: Broadcast failed, falling back to MQTT
E (78928) MQTT: Publish failed
I (78930) CMD_U0: waiting for pending UART response ch=8 before next command
W (78944) RX_TASK: RX timeout slot1 type=1 reqID=0 (1001ms)
E (78944) MQTT: Publish failed
W (78945) TRANSPORT: No transport connected for broadcast
W (78945) MSG: Broadcast failed, falling back to MQTT
E (78945) MQTT: Publish failed
E (78953) MQTT: Publish failed
W (78953) TRANSPORT: No transport connected for broadcast
W (78953) MSG: Broadcast failed, falling back to MQTT
E (78954) MQTT: Publish failed
I (78956) CMD_U0: waiting for pending UART response ch=8 before next command
E (78979) MQTT: Publish failed
W (78979) TRANSPORT: No transport connected for broadcast
W (78979) MSG: Broadcast failed, falling back to MQTT
E (78980) MQTT: Publish failed
I (78981) CMD_U0: waiting for pending UART response ch=8 before next command
E (79004) MQTT: Publish failed
W (79004) TRANSPORT: No transport connected for broadcast
W (79004) MSG: Broadcast failed, falling back to MQTT
E (79005) MQTT: Publish failed
I (79006) CMD_U0: waiting for pending UART response ch=8 before next command
E (79030) MQTT: Publish failed
W (79030) TRANSPORT: No transport connected for broadcast
W (79030) MSG: Broadcast failed, falling back to MQTT
I (79031) CMD_U0: waiting for pending UART response ch=8 before next command
E (79031) MQTT: Publish failed
E (79055) MQTT: Publish failed
W (79055) TRANSPORT: No transport connected for broadcast
W (79055) MSG: Broadcast failed, falling back to MQTT
I (79056) CMD_U0: E (79056) MQTT: waiting for pending UART response ch=8 before next command
Publish failed
E (79075) MQTT: Publish failed
W (79075) TRANSPORT: No transport connected for broadcast
W (79075) MSG: Broadcast failed, falling back to MQTT
E (79076) MQTT: I (79076) CMD_U0: waiting for pending UART response ch=8 before next command
Publish failed
E (79096) MQTT: Publish failed
W (79096) TRANSPORT: No transport connected for broadcast
W (79096) MSG: Broadcast failed, falling back to MQTT
E (79097) MQTT: Publish failed
I (79101) CMD_U0: waiting for pending UART response ch=8 before next command
E (79121) MQTT: Publish failed
W (79121) TRANSPORT: No transport connected for broadcast
W (79122) MSG: Broadcast failed, falling back to MQTT
I (79122) CMD_U0: waiting for pending UART response ch=8 before next command
E (79122) MQTT: Publish failed
I (79133) CMD_U1: waiting for pending UART response ch=9 before next command
E (79141) MQTT: Publish failed
W (79141) TRANSPORT: No transport connected for broadcast
W (79141) MSG: Broadcast failed, falling back to MQTT
E (79142) MQTT: Publish failed
I (79142) CMD_U0: waiting for pending UART response ch=8 before next command
E (79162) MQTT: Publish failed
W (79162) TRANSPORT: No transport connected for broadcast
W (79162) MSG: Broadcast failed, falling back to MQTT
E (79163) MQTT: I (79163) CMD_U0: waiting for pending UART response ch=8 before next command
Publish failed
E (79187) MQTT: Publish failed
W (79187) TRANSPORT: No transport connected for broadcast
W (79187) MSG: Broadcast failed, falling back to MQTT
E (79188) MQTT: I (79188) CMD_U0: waiting for pending UART response ch=8 before next command
Publish failed
E (79207) MQTT: Publish failed
W (79207) TRANSPORT: No transport connected for broadcast
W (79207) MSG: Broadcast failed, falling back to MQTT
E (79208) MQTT: Publish failedI (79208) CMD_U0: waiting for pending UART response ch=8 before next command

E (79228) MQTT: Publish failed
W (79228) TRANSPORT: No transport connected for broadcast
I (79229) CMD_U0: waiting for pending UART response ch=8 before next command
W (79229) MSG: Broadcast failed, falling back to MQTT
E (79229) MQTT: Publish failed
E (79248) MQTT: Publish failed
W (79248) TRANSPORT: No transport connected for broadcast
W (79248) MSG: Broadcast failed, falling back to MQTT
E (79249) MQTT: I (79249) CMD_U0: waiting for pending UART response ch=8 before next command
Publish failed
E (79273) MQTT: Publish failed
W (79273) TRANSPORT: No transport connected for broadcast
W (79273) MSG: Broadcast failed, falling back to MQTT
E (79274) MQTT: I (79274) CMD_U0: waiting for pending UART response ch=8 before next command
Publish failed
E (79293) MQTT: Publish failed
W (79293) TRANSPORT: No transport connected for broadcast
W (79293) MSG: Broadcast failed, falling back to MQTT
E (79294) MQTT: Publish failed
I (79294) CMD_U0: waiting for pending UART response ch=8 before next command
E (79314) MQTT: Publish failed
W (79314) TRANSPORT: No transport connected for broadcast
W (79314) MSG: Broadcast failed, falling back to MQTT
E (79315) MQTT: Publish failed
I (79319) CMD_U0: waiting for pending UART response ch=8 before next command
E (79339) MQTT: Publish failed
W (79339) TRANSPORT: No transport connected for broadcast
W (79339) MSG: Broadcast failed, falling back to MQTT
E (79340) MQTT: Publish failed
I (79344) CMD_U0: waiting for pending UART response ch=8 before next command
E (79364) MQTT: Publish failed
W (79364) TRANSPORT: No transport connected for broadcast
W (79364) MSG: Broadcast failed, falling back to MQTT
E (79365) MQTT: I (79365) CMD_U0: waiting for pending UART response ch=8 before next command
Publish failed
E (79385) MQTT: Publish failed
W (79385) TRANSPORT: No transport connected for broadcast
W (79385) MSG: Broadcast failed, falling back to MQTT
E (79386) MQTT: Publish failed
I (79390) CMD_U0: waiting for pending UART response ch=8 before next command
E (79410) MQTT: Publish failed
W (79410) TRANSPORT: No transport connected for broadcast
W (79410) MSG: Broadcast failed, falling back to MQTT
E (79411) MQTT: Publish failed
I (79411) CMD_U0: waiting for pending UART response ch=8 before next command
I (79431) CMD_U0: waiting for pending UART response ch=8 before next command
I (79456) CMD_U0: waiting for pending UART response ch=8 before next command
I (79477) CMD_U0: waiting for pending UART response ch=8 before next command
I (79498) CMD_U0: waiting for pending UART response ch=8 before next command
I (79524) CMD_U0: waiting for pending UART response ch=8 before next command
I (79550) CMD_U0: waiting for pending UART response ch=8 before next command
I (79576) CMD_U0: waiting for pending UART response ch=8 before next command
I (79602) CMD_U0: waiting for pending UART response ch=8 before next command
I (79627) CMD_U0: waiting for pending UART response ch=8 before next command
I (79652) CMD_U0: waiting for pending UART response ch=8 before next command
I (79677) CMD_U0: waiting for pending UART response ch=8 before next command
I (79703) CMD_U0: waiting for pending UART response ch=8 before next command
I (79729) CMD_U0: waiting for pending UART response ch=8 before next command
I (79754) CMD_U0: waiting for pending UART response ch=8 before next command
I (79780) CMD_U0: waiting for pending UART response ch=8 before next command
I (79805) CMD_U0: waiting for pending UART response ch=8 before next command
I (79831) CMD_U0: waiting for pending UART response ch=8 before next command
I (79856) CMD_U0: waiting for pending UART response ch=8 before next command
I (79881) CMD_U0: waiting for pending UART response ch=8 before next command
I (79906) CMD_U0: waiting for pending UART response ch=8 before next command
I (79932) CMD_U0: waiting for pending UART response ch=8 before next command
W (79949) RX_TASK: RX timeout slot1 type=1 reqID=0 (1001ms)
I (79957) CMD_U0: waiting for pending UART response ch=8 before next command
I (79983) CMD_U0: waiting for pending UART response ch=8 before next command
I (80008) CMD_U0: waiting for pending UART response ch=8 before next command
I (80033) CMD_U0: waiting for pending UART response ch=8 before next command
I (80058) CMD_U0: waiting for pending UART response ch=8 before next command
I (80084) CMD_U0: waiting for pending UART response ch=8 before next command
I (80110) CMD_U0: waiting for pending UART response ch=8 before next command
I (80133) CMD_U1: waiting for pending UART response ch=9 before next command
I (80135) CMD_U0: waiting for pending UART response ch=8 before next command
I (80160) CMD_U0: waiting for pending UART response ch=8 before next command
I (80185) CMD_U0: waiting for pending UART response ch=8 before next command
I (80211) CMD_U0: waiting for pending UART response ch=8 before next command
I (80237) CMD_U0: waiting for pending UART response ch=8 before next command
I (80263) CMD_U0: waiting for pending UART response ch=8 before next command
I (80284) CMD_U0: waiting for pending UART response ch=8 before next command
I (80304) CMD_U0: waiting for pending UART response ch=8 before next command
I (80325) CMD_U0: waiting for pending UART response ch=8 before next command
I (80350) CMD_U0: waiting for pending UART response ch=8 before next command
I (80376) CMD_U0: waiting for pending UART response ch=8 before next command
I (80401) CMD_U0: waiting for pending UART response ch=8 before next command
I (80427) CMD_U0: waiting for pending UART response ch=8 before next command
I (80452) CMD_U0: waiting for pending UART response ch=8 before next command
E (80476) MQTT: Publish failed
W (80476) TRANSPORT: No transport connected for broadcast
W (80476) MSG: Broadcast failed, falling back to MQTT
E (80477) MQTT: Publish failed
I (80478) CMD_U0: waiting for pending UART response ch=8 before next command
E (80501) MQTT: Publish failed
W (80501) TRANSPORT: No transport connected for broadcast
W (80501) MSG: Broadcast failed, falling back to MQTT
E (80502) MQTT: Publish failed
I (80503) CMD_U0: waiting for pending UART response ch=8 before next command
E (80526) MQTT: Publish failed
W (80526) TRANSPORT: No transport connected for broadcast
W (80526) MSG: Broadcast failed, falling back to MQTT
E (80527) MQTT: Publish failed
I (80529) CMD_U0: waiting for pending UART response ch=8 before next command
E (80552) MQTT: Publish failed
W (80552) TRANSPORT: No transport connected for broadcast
W (80552) MSG: Broadcast failed, falling back to MQTT
E (80553) MQTT: Publish failed
I (80554) CMD_U0: waiting for pending UART response ch=8 before next command
E (80561) MQTT: Publish failed
W (80561) TRANSPORT: No transport connected for broadcast
W (80561) MSG: Broadcast failed, falling back to MQTT
E (80561) MQTT: Publish failed
E (80577) MQTT: Publish failed
W (80577) TRANSPORT: No transport connected for broadcast
W (80577) MSG: Broadcast failed, falling back to MQTT
E (80578) MQTT: Publish failed
I (80579) CMD_U0: waiting for pending UART response ch=8 before next command
E (80602) MQTT: Publish failed
W (80602) TRANSPORT: No transport connected for broadcast
W (80602) MSG: Broadcast failed, falling back to MQTT
E (80603) MQTT: Publish failed
I (80605) CMD_U0: waiting for pending UART response ch=8 before next command
E (80628) MQTT: Publish failed
W (80628) TRANSPORT: No transport connected for broadcast
W (80628) MSG: Broadcast failed, falling back to MQTT
E (80629) MQTT: Publish failed
I (80630) CMD_U0: waiting for pending UART response ch=8 before next command
E (80644) MQTT: Publish failed
W (80644) TRANSPORT: No transport connected for broadcast
W (80644) MSG: Broadcast failed, falling back to MQTT
E (80644) MQTT: Publish failed
E (80654) MQTT: Publish failed
W (80654) TRANSPORT: No transport connected for broadcast
W (80654) MSG: Broadcast failed, falling back to MQTT
E (80655) MQTT: Publish failed
I (80656) CMD_U0: waiting for pending UART response ch=8 before next command
E (80679) MQTT: Publish failed
W (80679) TRANSPORT: No transport connected for broadcast
W (80679) MSG: Broadcast failed, falling back to MQTT
E (80680) MQTT: Publish failed
I (80682) CMD_U0: waiting for pending UART response ch=8 before next command
E (80704) MQTT: Publish failed
W (80704) TRANSPORT: No transport connected for broadcast
W (80704) MSG: Broadcast failed, falling back to MQTT
E (80705) MQTT: Publish failed
I (80708) CMD_U0: waiting for pending UART response ch=8 before next command
E (80729) MQTT: Publish failed
W (80729) TRANSPORT: No transport connected for broadcast
W (80729) MSG: Broadcast failed, falling back to MQTT
E (80730) MQTT: Publish failed
I (80733) CMD_U0: waiting for pending UART response ch=8 before next command
E (80754) MQTT: Publish failed
W (80754) TRANSPORT: No transport connected for broadcast
W (80754) MSG: Broadcast failed, falling back to MQTT
E (80755) MQTT: Publish failed
I (80759) CMD_U0: waiting for pending UART response ch=8 before next command
E (80780) MQTT: Publish failed
W (80780) TRANSPORT: No transport connected for broadcast
W (80780) MSG: Broadcast failed, falling back to MQTT
E (80781) MQTT: Publish failed
I (80784) CMD_U0: waiting for pending UART response ch=8 before next command
E (80806) MQTT: Publish failed
W (80806) TRANSPORT: No transport connected for broadcast
W (80806) MSG: Broadcast failed, falling back to MQTT
E (80807) MQTT: Publish failed
I (80810) CMD_U0: waiting for pending UART response ch=8 before next command
E (80830) MQTT: Publish failed
W (80830) TRANSPORT: No transport connected for broadcast
W (80830) MSG: Broadcast failed, falling back to MQTT
E (80831) MQTT: Publish failed
I (80831) CMD_U0: waiting for pending UART response ch=8 before next command
E (80851) MQTT: Publish failed
W (80851) TRANSPORT: No transport connected for broadcast
W (80851) MSG: Broadcast failed, falling back to MQTT
E (80852) MQTT: Publish failedI (80852) CMD_U0: waiting for pending UART response ch=8 before next command

E (80872) MQTT: Publish failed
W (80872) TRANSPORT: No transport connected for broadcast
W (80873) MSG: Broadcast failed, falling back to MQTT
E (80873) MQTT: Publish failed
I (80878) CMD_U0: waiting for pending UART response ch=8 before next command
I (80899) CMD_U0: waiting for pending UART response ch=8 before next command
I (80925) CMD_U0: waiting for pending UART response ch=8 before next command
I (80951) CMD_U0: waiting for pending UART response ch=8 before next command
W (80954) RX_TASK: RX timeout slot1 type=1 reqID=0 (1001ms)
I (80976) CMD_U0: waiting for pending UART response ch=8 before next command
I (80996) SCHEDULER: Stats: samples=422 full=584 min_free=2
I (81001) CMD_U0: waiting for pending UART response ch=8 before next command
I (81026) CMD_U0: waiting for pending UART response ch=8 before next command
I (81051) CMD_U0: waiting for pending UART response ch=8 before next command
I (81076) CMD_U0: waiting for pending UART response ch=8 before next command
I (81102) CMD_U0: waiting for pending UART response ch=8 before next command
I (81128) CMD_U0: waiting for pending UART response ch=8 before next command
I (81133) CMD_U1: waiting for pending UART response ch=9 before next command
I (81154) CMD_U0: waiting for pending UART response ch=8 before next command
I (81179) CMD_U0: waiting for pending UART response ch=8 before next command
I (81205) CMD_U0: waiting for pending UART response ch=8 before next command
I (81230) CMD_U0: waiting for pending UART response ch=8 before next command
I (81257) CMD_U0: waiting for pending UART response ch=8 before next command
I (81282) CMD_U0: waiting for pending UART response ch=8 before next command
I (81307) CMD_U0: waiting for pending UART response ch=8 before next command
I (81332) CMD_U0: waiting for pending UART response ch=8 before next command
I (81358) CMD_U0: waiting for pending UART response ch=8 before next command
I (81383) CMD_U0: waiting for pending UART response ch=8 before next command
I (81409) CMD_U0: waiting for pending UART response ch=8 before next command
I (81434) CMD_U0: waiting for pending UART response ch=8 before next command
I (81460) CMD_U0: waiting for pending UART response ch=8 before next command
I (81481) CMD_U0: waiting for pending UART response ch=8 before next command
I (81506) CMD_U0: waiting for pending UART response ch=8 before next command
I (81526) CMD_U0: waiting for pending UART response ch=8 before next command
I (81547) CMD_U0: waiting for pending UART response ch=8 before next command
I (81568) CMD_U0: waiting for pending UART response ch=8 before next command
I (81593) CMD_U0: waiting for pending UART response ch=8 before next command
I (81614) CMD_U0: waiting for pending UART response ch=8 before next command
I (81639) CMD_U0: waiting for pending UART response ch=8 before next command
I (81665) CMD_U0: waiting for pending UART response ch=8 before next command
I (81690) CMD_U0: waiting for pending UART response ch=8 before next command
I (81715) CMD_U0: waiting for pending UART response ch=8 before next command
I (81741) CMD_U0: waiting for pending UART response ch=8 before next command
I (81766) CMD_U0: waiting for pending UART response ch=8 before next command
I (81791) CMD_U0: waiting for pending UART response ch=8 before next command
I (81816) CMD_U0: waiting for pending UART response ch=8 before next command
I (81836) CMD_U0: waiting for pending UART response ch=8 before next command
I (81861) CMD_U0: waiting for pending UART response ch=8 before next command
I (81886) CMD_U0: waiting for pending UART response ch=8 before next command
I (81911) CMD_U0: waiting for pending UART response ch=8 before next command
I (81936) CMD_U0: waiting for pending UART response ch=8 before next command
W (81959) RX_TASK: RX timeout slot1 type=1 reqID=0 (1001ms)
I (81962) CMD_U0: waiting for pending UART response ch=8 before next command
I (81983) CMD_U0: waiting for pending UART response ch=8 before next command
I (82008) CMD_U0: waiting for pending UART response ch=8 before next command
I (82033) CMD_U0: waiting for pending UART response ch=8 before next command
I (82058) CMD_U0: waiting for pending UART response ch=8 before next command
I (82084) CMD_U0: waiting for pending UART response ch=8 before next command
I (82110) CMD_U0: waiting for pending UART response ch=8 before next command
I (82133) CMD_U1: waiting for pending UART response ch=9 before next command
I (82136) CMD_U0: waiting for pending UART response ch=8 before next command
I (82162) CMD_U0: waiting for pending UART response ch=8 before next command
I (82183) CMD_U0: waiting for pending UART response ch=8 before next command
I (82204) CMD_U0: waiting for pending UART response ch=8 before next command
I (82224) CMD_U0: waiting for pending UART response ch=8 before next command
I (82244) CMD_U0: waiting for pending UART response ch=8 before next command
I (82269) CMD_U0: waiting for pending UART response ch=8 before next command
I (82294) CMD_U0: waiting for pending UART response ch=8 before next command
I (82315) CMD_U0: waiting for pending UART response ch=8 before next command
E (82335) MQTT: Publish failed
W (82335) TRANSPORT: No transport connected for broadcast
W (82335) MSG: Broadcast failed, falling back to MQTT
E (82336) MQTT: Publish failed
I (82340) CMD_U0: waiting for pending UART response ch=8 before next command
I (82360) RX_TASK: Stats: events=411 completions=421 report_drop=0 report_q_high=2
E (82360) MQTT: Publish failed
W (82361) TRANSPORT: No transport connected for broadcast
W (82361) MSG: Broadcast failed, falling back to MQTT
E (82361) MQTT: Publish failed
I (82365) CMD_U0: waiting for pending UART response ch=8 before next command
E (82385) MQTT: Publish failed
W (82385) TRANSPORT: No transport connected for broadcast
W (82385) MSG: Broadcast failed, falling back to MQTT
E (82386) MQTT: Publish failed
I (82386) CMD_U0: Stats: txn=412 err=0 (100%) no_ctx=0
I (82386) CMD_U0: waiting for pending UART response ch=8 before next command
E (82406) MQTT: Publish failed
W (82406) TRANSPORT: No transport connected for broadcast
W (82406) MSG: Broadcast failed, falling back to MQTT
I (82407) CMD_U0: waiting for pending UART response ch=8 before next command
E (82407) MQTT: Publish failed
E (82426) MQTT: Publish failed
W (82426) TRANSPORT: No transport connected for broadcast
W (82426) MSG: Broadcast failed, falling back to MQTT
E (82427) MQTT: Publish failedI (82427) CMD_U0: waiting for pending UART response ch=8 before next command

E (82446) MQTT: Publish failed
W (82446) TRANSPORT: No transport connected for broadcast
W (82446) MSG: Broadcast failed, falling back to MQTT
E (82447) MQTT: Publish failed
I (82447) CMD_U0: waiting for pending UART response ch=8 before next command
E (82466) MQTT: Publish failed
W (82466) TRANSPORT: No transport connected for broadcast
W (82466) MSG: Broadcast failed, falling back to MQTT
E (82467) MQTT: Publish failed
I (82468) CMD_U0: waiting for pending UART response ch=8 before next command
E (82487) MQTT: Publish failed
W (82487) TRANSPORT: No transport connected for broadcast
W (82487) MSG: Broadcast failed, falling back to MQTT
E (82488) MQTT: Publish failed
I (82488) CMD_U0: waiting for pending UART response ch=8 before next command
E (82508) MQTT: Publish failed
W (82508) TRANSPORT: No transport connected for broadcast
W (82508) MSG: Broadcast failed, falling back to MQTT
I (82509) CMD_U0: waiting for pending UART response ch=8 before next commandE (82509) MQTT: 
Publish failed
E (82532) MQTT: Publish failed
W (82532) TRANSPORT: No transport connected for broadcast
W (82533) MSG: Broadcast failed, falling back to MQTT
E (82533) MQTT: Publish failed
I (82534) CMD_U0: waiting for pending UART response ch=8 before next command
I (82555) CMD_U0: waiting for pending UART response ch=8 before next command
E (82561) MQTT: Publish failed
W (82561) TRANSPORT: No transport connected for broadcast
W (82563) MSG: Broadcast failed, falling back to MQTT
I (82580) CMD_U0: waiting for pending UART response ch=8 before next command
E (82603) MQTT: Publish failed
W (82603) TRANSPORT: No transport connected for broadcast
W (82603) MSG: Broadcast failed, falling back to MQTT
E (82604) MQTT: Publish failed
I (82605) CMD_U0: waiting for pending UART response ch=8 before next command
E (82629) MQTT: Publish failed
W (82629) TRANSPORT: No transport connected for broadcast
W (82629) MSG: Broadcast failed, falling back to MQTT
E (82630) MQTT: Publish failed
I (82631) CMD_U0: waiting for pending UART response ch=8 before next command
W (82648) EHOME: [intdiag] t=80 internal free=48283 largest=23552 min_ever=31628 | total free=8327631 largest=8257536 | floor=16384
E (82650) MQTT: Publish failed
W (82651) TRANSPORT: No transport connected for broadcast
W (82651) MSG: Broadcast failed, falling back to MQTT
E (82651) MQTT: Publish failed
E (82654) MQTT: Publish failed
W (82654) TRANSPORT: No transport connected for broadcast
W (82654) MSG: Broadcast failed, falling back to MQTT
E (82655) MQTT: Publish failed
I (82657) CMD_U0: waiting for pending UART response ch=8 before next command
E (82679) MQTT: Publish failed
W (82679) TRANSPORT: No transport connected for broadcast
W (82679) MSG: Broadcast failed, falling back to MQTT
E (82680) MQTT: Publish failed
I (82682) CMD_U0: waiting for pending UART response ch=8 before next command
E (82705) MQTT: Publish failed
W (82705) TRANSPORT: No transport connected for broadcast
W (82705) MSG: Broadcast failed, falling back to MQTT
E (82706) MQTT: Publish failed
I (82708) CMD_U0: waiting for pending UART response ch=8 before next command
E (82730) MQTT: Publish failed
W (82730) TRANSPORT: No transport connected for broadcast
W (82730) MSG: Broadcast failed, falling back to MQTT
E (82731) MQTT: Publish failed
I (82733) CMD_U0: waiting for pending UART response ch=8 before next command
E (82755) MQTT: Publish failed
W (82755) TRANSPORT: No transport connected for broadcast
W (82755) MSG: Broadcast failed, falling back to MQTT
E (82756) MQTT: Publish failed
I (82759) CMD_U0: waiting for pending UART response ch=8 before next command
E (82781) MQTT: Publish failed
W (82781) TRANSPORT: No transport connected for broadcast
W (82781) MSG: Broadcast failed, falling back to MQTT
E (82782) MQTT: Publish failed
I (82785) CMD_U0: waiting for pending UART response ch=8 before next command
E (82806) MQTT: Publish failed
W (82806) TRANSPORT: No transport connected for broadcast
W (82807) MSG: Broadcast failed, falling back to MQTT
E (82807) MQTT: Publish failed
I (82810) CMD_U0: waiting for pending UART response ch=8 before next command
E (82832) MQTT: Publish failed
W (82832) TRANSPORT: No transport connected for broadcast
W (82832) MSG: Broadcast failed, falling back to MQTT
E (82833) MQTT: Publish failed
I (82835) CMD_U0: waiting for pending UART response ch=8 before next command
E (82857) MQTT: Publish failed
W (82857) TRANSPORT: No transport connected for broadcast
W (82857) MSG: Broadcast failed, falling back to MQTT
E (82858) MQTT: Publish failed
I (82861) CMD_U0: waiting for pending UART response ch=8 before next command
E (82882) MQTT: Publish failed
W (82882) TRANSPORT: No transport connected for broadcast
W (82882) MSG: Broadcast failed, falling back to MQTT
E (82883) MQTT: Publish failed
I (82887) CMD_U0: waiting for pending UART response ch=8 before next command
E (82908) MQTT: Publish failed
W (82908) TRANSPORT: No transport connected for broadcast
W (82908) MSG: Broadcast failed, falling back to MQTT
E (82909) MQTT: Publish failed
I (82912) CMD_U0: waiting for pending UART response ch=8 before next command
E (82933) MQTT: Publish failed
W (82933) TRANSPORT: No transport connected for broadcast
W (82933) MSG: Broadcast failed, falling back to MQTT
E (82934) MQTT: Publish failed
I (82937) CMD_U0: waiting for pending UART response ch=8 before next command
E (82958) MQTT: Publish failed
W (82958) TRANSPORT: No transport connected for broadcast
I (82958) CMD_U0: waiting for pending UART response ch=8 before next command
W (82958) MSG: Broadcast failed, falling back to MQTT
E (82959) MQTT: Publish failed
W (82964) RX_TASK: RX timeout slot1 type=1 reqID=0 (1001ms)
E (82964) MQTT: Publish failed
W (82964) TRANSPORT: No transport connected for broadcast
W (82965) MSG: Broadcast failed, falling back to MQTT
E (82965) MQTT: Publish failed
E (82979) MQTT: Publish failed
W (82979) TRANSPORT: No transport connected for broadcast
W (82979) MSG: Broadcast failed, falling back to MQTT
E (82980) MQTT: Publish failed
I (82984) CMD_U0: waiting for pending UART response ch=8 before next command
E (83004) MQTT: Publish failed
W (83004) TRANSPORT: No transport connected for broadcast
W (83004) MSG: Broadcast failed, falling back to MQTT
E (83005) MQTT: Publish failed
I (83009) CMD_U0: waiting for pending UART response ch=8 before next command
E (83029) MQTT: Publish failed
W (83029) TRANSPORT: No transport connected for broadcast
W (83029) MSG: Broadcast failed, falling back to MQTT
E (83030) MQTT: Publish failed
I (83034) CMD_U0: waiting for pending UART response ch=8 before next command
E (83056) MQTT: Publish failed
W (83056) TRANSPORT: No transport connected for broadcast
W (83056) MSG: Broadcast failed, falling back to MQTT
E (83057) MQTT: Publish failed
I (83060) CMD_U0: waiting for pending UART response ch=8 before next command
E (83081) MQTT: Publish failed
W (83081) TRANSPORT: No transport connected for broadcast
I (83082) CMD_U0: waiting for pending UART response ch=8 before next command
W (83082) MSG: Broadcast failed, falling back to MQTT
E (83082) MQTT: Publish failed
E (83101) MQTT: Publish failed
W (83101) TRANSPORT: No transport connected for broadcast
W (83101) MSG: Broadcast failed, falling back to MQTT
E (83102) MQTT: Publish failed
I (83102) CMD_U0: waiting for pending UART response ch=8 before next command
E (83121) MQTT: Publish failed
W (83121) TRANSPORT: No transport connected for broadcast
W (83121) MSG: Broadcast failed, falling back to MQTT
I (83122) CMD_U0: waiting for pending UART response ch=8 before next command
E (83122) MQTT: Publish failed
I (83133) CMD_U1: waiting for pending UART response ch=9 before next command
E (83141) MQTT: Publish failed
W (83141) TRANSPORT: No transport connected for broadcast
W (83141) MSG: Broadcast failed, falling back to MQTT
E (83142) MQTT: I (83142) CMD_U0: waiting for pending UART response ch=8 before next command
Publish failed
E (83161) MQTT: Publish failed
W (83161) TRANSPORT: No transport connected for broadcast
W (83161) MSG: Broadcast failed, falling back to MQTT
E (83162) MQTT: Publish failed
I (83162) CMD_U0: waiting for pending UART response ch=8 before next command
E (83182) MQTT: Publish failed
W (83182) TRANSPORT: No transport connected for broadcast
W (83182) MSG: Broadcast failed, falling back to MQTT
E (83183) MQTT: Publish failed
I (83183) CMD_U0: waiting for pending UART response ch=8 before next command
E (83202) MQTT: Publish failed
W (83202) TRANSPORT: No transport connected for broadcast
W (83202) MSG: Broadcast failed, falling back to MQTT
E (83203) MQTT: Publish failed
I (83203) CMD_U0: waiting for pending UART response ch=8 before next command
E (83222) MQTT: Publish failed
W (83222) TRANSPORT: No transport connected for broadcast
W (83222) MSG: Broadcast failed, falling back to MQTT
I (83223) CMD_U0: waiting for pending UART response ch=8 before next command
E (83223) MQTT: Publish failed
E (83242) MQTT: Publish failed
W (83242) TRANSPORT: No transport connected for broadcast
W (83242) MSG: Broadcast failed, falling back to MQTT
E (83243) MQTT: Publish failedI (83243) CMD_U0: waiting for pending UART response ch=8 before next command

E (83263) MQTT: Publish failed
W (83263) TRANSPORT: No transport connected for broadcast
I (83263) CMD_U0: waiting for pending UART response ch=8 before next command
W (83264) MSG: Broadcast failed, falling back to MQTT
E (83264) MQTT: Publish failed
E (83283) MQTT: Publish failed
W (83283) TRANSPORT: No transport connected for broadcast
W (83283) MSG: Broadcast failed, falling back to MQTT
E (83284) MQTT: I (83284) CMD_U0: waiting for pending UART response ch=8 before next command
Publish failed
E (83303) MQTT: Publish failed
W (83303) TRANSPORT: No transport connected for broadcast
W (83303) MSG: Broadcast failed, falling back to MQTT
E (83304) MQTT: Publish failed
I (83304) CMD_U0: waiting for pending UART response ch=8 before next command
E (83324) MQTT: Publish failed
W (83324) TRANSPORT: No transport connected for broadcast
W (83324) MSG: Broadcast failed, falling back to MQTT
I (83325) CMD_U0: E (83325) MQTT: waiting for pending UART response ch=8 before next command
Publish failed
E (83344) MQTT: Publish failed
W (83344) TRANSPORT: No transport connected for broadcast
W (83344) MSG: Broadcast failed, falling back to MQTT
E (83345) MQTT: I (83345) CMD_U0: waiting for pending UART response ch=8 before next command
Publish failed
E (83364) MQTT: Publish failed
W (83364) TRANSPORT: No transport connected for broadcast
W (83364) MSG: Broadcast failed, falling back to MQTT
E (83365) MQTT: I (83365) CMD_U0: waiting for pending UART response ch=8 before next command
Publish failed
E (83385) MQTT: Publish failed
W (83385) TRANSPORT: No transport connected for broadcast
W (83385) MSG: Broadcast failed, falling back to MQTT
E (83386) MQTT: Publish failed
I (83390) CMD_U0: waiting for pending UART response ch=8 before next command
E (83410) MQTT: Publish failed
W (83410) TRANSPORT: No transport connected for broadcast
W (83410) MSG: Broadcast failed, falling back to MQTT
E (83411) MQTT: Publish failed
I (83415) CMD_U0: waiting for pending UART response ch=8 before next command
E (83436) MQTT: Publish failed
W (83436) TRANSPORT: No transport connected for broadcast
W (83436) MSG: Broadcast failed, falling back to MQTT
E (83437) MQTT: Publish failed
I (83440) CMD_U0: waiting for pending UART response ch=8 before next command
E (83461) MQTT: Publish failed
W (83461) TRANSPORT: No transport connected for broadcast
I (83462) CMD_U0: waiting for pending UART response ch=8 before next command
W (83462) MSG: Broadcast failed, falling back to MQTT
E (83462) MQTT: Publish failed
E (83481) MQTT: Publish failed
W (83481) TRANSPORT: No transport connected for broadcast
W (83481) MSG: Broadcast failed, falling back to MQTT
I (83482) CMD_U0: waiting for pending UART response ch=8 before next command
E (83482) MQTT: Publish failed
E (83501) MQTT: Publish failed
W (83501) TRANSPORT: No transport connected for broadcast
W (83501) MSG: Broadcast failed, falling back to MQTT
E (83502) MQTT: Publish failed
I (83502) CMD_U0: waiting for pending UART response ch=8 before next command
E (83522) MQTT: Publish failed
W (83522) TRANSPORT: No transport connected for broadcast
W (83522) MSG: Broadcast failed, falling back to MQTT
E (83523) MQTT: Publish failed
I (83527) CMD_U0: waiting for pending UART response ch=8 before next command
E (83547) MQTT: Publish failed
W (83547) TRANSPORT: No transport connected for broadcast
W (83547) MSG: Broadcast failed, falling back to MQTT
E (83548) MQTT: Publish failed
I (83552) CMD_U0: waiting for pending UART response ch=8 before next command
E (83561) MQTT: Publish failed
W (83561) TRANSPORT: No transport connected for broadcast
W (83561) MSG: Broadcast failed, falling back to MQTT
E (83562) MQTT: Publish failed
E (83572) MQTT: Publish failed
W (83572) TRANSPORT: No transport connected for broadcast
W (83573) MSG: Broadcast failed, falling back to MQTT
E (83573) MQTT: Publish failed
I (83577) CMD_U0: waiting for pending UART response ch=8 before next command
I (83603) CMD_U0: waiting for pending UART response ch=8 before next command
I (83628) CMD_U0: waiting for pending UART response ch=8 before next command
I (83649) CMD_U0: waiting for pending UART response ch=8 before next command
I (83674) CMD_U0: waiting for pending UART response ch=8 before next command
I (83694) CMD_U0: waiting for pending UART response ch=8 before next command
I (83715) CMD_U0: waiting for pending UART response ch=8 before next command
I (83740) CMD_U0: waiting for pending UART response ch=8 before next command
I (83765) CMD_U0: waiting for pending UART response ch=8 before next command
I (83791) CMD_U0: waiting for pending UART response ch=8 before next command
I (83811) CMD_U0: waiting for pending UART response ch=8 before next command
I (83837) CMD_U0: waiting for pending UART response ch=8 before next command
I (83862) CMD_U0: waiting for pending UART response ch=8 before next command
I (83887) CMD_U0: waiting for pending UART response ch=8 before next command
I (83908) CMD_U0: waiting for pending UART response ch=8 before next command
I (83934) CMD_U0: waiting for pending UART response ch=8 before next command
I (83954) CMD_U0: waiting for pending UART response ch=8 before next command
I (83975) CMD_U0: waiting for pending UART response ch=8 before next command
W (83990) RX_TASK: RX timeout slot1 type=1 reqID=0 (1001ms)
I (83996) CMD_U0: waiting for pending UART response ch=8 before next command
I (84010) CMD_U1: Stats: txn=10 err=0 (100%) no_ctx=0
I (84017) CMD_U0: waiting for pending UART response ch=8 before next command
I (84037) CMD_U0: waiting for pending UART response ch=8 before next command
I (84062) CMD_U0: waiting for pending UART response ch=8 before next command
I (84087) CMD_U0: waiting for pending UART response ch=8 before next command
I (84108) CMD_U0: waiting for pending UART response ch=8 before next command
I (84133) CMD_U0: waiting for pending UART response ch=8 before next command
I (84133) CMD_U1: waiting for pending UART response ch=9 before next command
I (84158) CMD_U0: waiting for pending UART response ch=8 before next command
I (84179) CMD_U0: waiting for pending UART response ch=8 before next command
I (84205) CMD_U0: waiting for pending UART response ch=8 before next command
I (84226) CMD_U0: waiting for pending UART response ch=8 before next command
I (84251) CMD_U0: waiting for pending UART response ch=8 before next command
I (84276) CMD_U0: waiting for pending UART response ch=8 before next command
I (84297) CMD_U0: waiting for pending UART response ch=8 before next command
I (84318) CMD_U0: waiting for pending UART response ch=8 before next command
I (84338) CMD_U0: waiting for pending UART response ch=8 before next command
I (84358) CMD_U0: waiting for pending UART response ch=8 before next command
I (84379) CMD_U0: waiting for pending UART response ch=8 before next command
E (84398) MQTT: Publish failed
W (84398) TRANSPORT: No transport connected for broadcast
W (84398) MSG: Broadcast failed, falling back to MQTT
E (84399) MQTT: Publish failedI (84399) CMD_U0: waiting for pending UART response ch=8 before next command

E (84418) MQTT: Publish failed
W (84418) TRANSPORT: No transport connected for broadcast
W (84418) MSG: Broadcast failed, falling back to MQTT
E (84419) MQTT: Publish failed
I (84419) CMD_U0: waiting for pending UART response ch=8 before next command
E (84438) MQTT: Publish failed
W (84438) TRANSPORT: No transport connected for broadcast
W (84438) MSG: Broadcast failed, falling back to MQTT
I (84439) CMD_U0: waiting for pending UART response ch=8 before next commandE (84439) MQTT: 
Publish failed
E (84459) MQTT: Publish failed
W (84459) TRANSPORT: No transport connected for broadcast
I (84460) CMD_U0: waiting for pending UART response ch=8 before next command
W (84460) MSG: Broadcast failed, falling back to MQTT
E (84460) MQTT: Publish failed
E (84480) MQTT: Publish failed
W (84480) TRANSPORT: No transport connected for broadcast
W (84480) MSG: Broadcast failed, falling back to MQTT
E (84481) MQTT: Publish failed
I (84485) CMD_U0: waiting for pending UART response ch=8 before next command
E (84506) MQTT: Publish failed
W (84506) TRANSPORT: No transport connected for broadcast
W (84506) MSG: Broadcast failed, falling back to MQTT
E (84507) MQTT: Publish failed
I (84510) CMD_U0: waiting for pending UART response ch=8 before next command
E (84532) MQTT: Publish failed
W (84532) TRANSPORT: No transport connected for broadcast
W (84532) MSG: Broadcast failed, falling back to MQTT
E (84533) MQTT: Publish failed
I (84536) CMD_U0: waiting for pending UART response ch=8 before next command
E (84559) MQTT: Publish failed
W (84559) TRANSPORT: No transport connected for broadcast
W (84559) MSG: Broadcast failed, falling back to MQTT
E (84560) MQTT: Publish failed
E (84561) MQTT: Publish failed
W (84561) TRANSPORT: No transport connected for broadcast
W (84561) MSG: Broadcast failed, falling back to MQTT
E (84561) MQTT: Publish failed
I (84562) CMD_U0: waiting for pending UART response ch=8 before next command
E (84583) MQTT: Publish failed
W (84583) TRANSPORT: No transport connected for broadcast
W (84583) MSG: Broadcast failed, falling back to MQTT
E (84584) MQTT: Publish failed
I (84588) CMD_U0: waiting for pending UART response ch=8 before next command
E (84609) MQTT: Publish failed
W (84609) TRANSPORT: No transport connected for broadcast
I (84609) CMD_U0: waiting for pending UART response ch=8 before next command
W (84609) MSG: Broadcast failed, falling back to MQTT
E (84610) MQTT: Publish failed
E (84629) MQTT: Publish failed
W (84629) TRANSPORT: No transport connected for broadcast
W (84629) MSG: Broadcast failed, falling back to MQTT
E (84630) MQTT: Publish failed
I (84630) CMD_U0: waiting for pending UART response ch=8 before next command
E (84650) MQTT: Publish failed
W (84650) TRANSPORT: No transport connected for broadcast
W (84650) MSG: Broadcast failed, falling back to MQTT
I (84651) CMD_U0: waiting for pending UART response ch=8 before next command
E (84651) MQTT: Publish failed
E (84664) MQTT: Publish failed
W (84664) TRANSPORT: No transport connected for broadcast
W (84665) MSG: Broadcast failed, falling back to MQTT
E (84665) MQTT: Publish failed
E (84670) MQTT: Publish failed
W (84670) TRANSPORT: No transport connected for broadcast
W (84670) MSG: Broadcast failed, falling back to MQTT
E (84671) MQTT: Publish failedI (84671) CMD_U0: waiting for pending UART response ch=8 before next command

E (84691) MQTT: Publish failed
W (84691) TRANSPORT: No transport connected for broadcast
W (84691) MSG: Broadcast failed, falling back to MQTT
E (84692) MQTT: Publish failed
I (84696) CMD_U0: waiting for pending UART response ch=8 before next command
E (84716) MQTT: Publish failed
W (84716) TRANSPORT: No transport connected for broadcast
W (84716) MSG: Broadcast failed, falling back to MQTT
E (84717) MQTT: Publish failed
I (84721) CMD_U0: waiting for pending UART response ch=8 before next command
E (84741) MQTT: Publish failed
W (84741) TRANSPORT: No transport connected for broadcast
W (84741) MSG: Broadcast failed, falling back to MQTT
E (84742) MQTT: I (84742) CMD_U0: waiting for pending UART response ch=8 before next command
Publish failed
E (84763) MQTT: Publish failed
W (84763) TRANSPORT: No transport connected for broadcast
W (84763) MSG: Broadcast failed, falling back to MQTT
E (84764) MQTT: Publish failed
I (84767) CMD_U0: waiting for pending UART response ch=8 before next command
E (84788) MQTT: Publish failed
W (84788) TRANSPORT: No transport connected for broadcast
W (84788) MSG: Broadcast failed, falling back to MQTT
E (84789) MQTT: Publish failed
I (84793) CMD_U0: waiting for pending UART response ch=8 before next command
E (84814) MQTT: Publish failed
W (84814) TRANSPORT: No transport connected for broadcast
I (84814) CMD_U0: waiting for pending UART response ch=8 before next command
W (84814) MSG: Broadcast failed, falling back to MQTT
E (84815) MQTT: Publish failed
E (84834) MQTT: Publish failed
W (84834) TRANSPORT: No transport connected for broadcast
W (84834) MSG: Broadcast failed, falling back to MQTT
E (84835) MQTT: Publish failed
I (84835) CMD_U0: waiting for pending UART response ch=8 before next command
E (84855) MQTT: Publish failed
W (84855) TRANSPORT: No transport connected for broadcast
W (84855) MSG: Broadcast failed, falling back to MQTT
I (84856) CMD_U0: waiting for pending UART response ch=8 before next command
E (84856) MQTT: Publish failed
E (84875) MQTT: Publish failed
W (84875) TRANSPORT: No transport connected for broadcast
W (84875) MSG: Broadcast failed, falling back to MQTT
E (84876) MQTT: I (84876) CMD_U0: waiting for pending UART response ch=8 before next command
Publish failed
E (84895) MQTT: Publish failed
W (84895) TRANSPORT: No transport connected for broadcast
W (84895) MSG: Broadcast failed, falling back to MQTT
E (84896) MQTT: Publish failedI (84896) CMD_U0: 
waiting for pending UART response ch=8 before next command
E (84916) MQTT: Publish failed
W (84916) TRANSPORT: No transport connected for broadcast
W (84916) MSG: Broadcast failed, falling back to MQTT
E (84917) MQTT: Publish failed
I (84921) CMD_U0: waiting for pending UART response ch=8 before next command
E (84942) MQTT: Publish failed
I (84943) CMD_U0: waiting for pending UART response ch=8 before next command
W (84944) TRANSPORT: No transport connected for broadcast
W (84944) MSG: Broadcast failed, falling back to MQTT
E (84944) MQTT: Publish failed
I (84964) CMD_U0: waiting for pending UART response ch=8 before next command
I (84984) CMD_U0: waiting for pending UART response ch=8 before next command
W (84994) RX_TASK: RX timeout slot1 type=1 reqID=0 (1001ms)
I (85009) CMD_U0: waiting for pending UART response ch=8 before next command
I (85034) CMD_U0: waiting for pending UART response ch=8 before next command
I (85060) CMD_U0: waiting for pending UART response ch=8 before next command
I (85086) CMD_U0: waiting for pending UART response ch=8 before next command
I (85107) CMD_U0: waiting for pending UART response ch=8 before next command
I (85127) CMD_U0: waiting for pending UART response ch=8 before next command
I (85133) CMD_U1: waiting for pending UART response ch=9 before next command
I (85147) CMD_U0: waiting for pending UART response ch=8 before next command
I (85168) CMD_U0: waiting for pending UART response ch=8 before next command
I (85188) CMD_U0: waiting for pending UART response ch=8 before next command
I (85208) CMD_U0: waiting for pending UART response ch=8 before next command
I (85229) CMD_U0: waiting for pending UART response ch=8 before next command
I (85250) CMD_U0: waiting for pending UART response ch=8 before next command
I (85271) CMD_U0: waiting for pending UART response ch=8 before next command
I (85291) CMD_U0: waiting for pending UART response ch=8 before next command
I (85316) CMD_U0: waiting for pending UART response ch=8 before next command
I (85341) CMD_U0: waiting for pending UART response ch=8 before next command
I (85367) CMD_U0: waiting for pending UART response ch=8 before next command
I (85393) CMD_U0: waiting for pending UART response ch=8 before next command
I (85419) CMD_U0: waiting for pending UART response ch=8 before next command
I (85444) CMD_U0: waiting for pending UART response ch=8 before next command
I (85470) CMD_U0: waiting for pending UART response ch=8 before next command
I (85495) CMD_U0: waiting for pending UART response ch=8 before next command
I (85520) CMD_U0: waiting for pending UART response ch=8 before next command
I (85545) CMD_U0: waiting for pending UART response ch=8 before next command
I (85570) CMD_U0: waiting for pending UART response ch=8 before next command
I (85596) CMD_U0: waiting for pending UART response ch=8 before next command
I (85621) CMD_U0: waiting for pending UART response ch=8 before next command
I (85647) CMD_U0: waiting for pending UART response ch=8 before next command
I (85668) CMD_U0: waiting for pending UART response ch=8 before next command
I (85693) CMD_U0: waiting for pending UART response ch=8 before next command
I (85718) CMD_U0: waiting for pending UART response ch=8 before next command
I (85743) CMD_U0: waiting for pending UART response ch=8 before next command
I (85769) CMD_U0: waiting for pending UART response ch=8 before next command
I (85795) CMD_U0: waiting for pending UART response ch=8 before next command
I (85821) CMD_U0: waiting for pending UART response ch=8 before next command
I (85847) CMD_U0: waiting for pending UART response ch=8 before next command
I (85873) CMD_U0: waiting for pending UART response ch=8 before next command
I (85893) CMD_U0: waiting for pending UART response ch=8 before next command
I (85919) CMD_U0: waiting for pending UART response ch=8 before next command
I (85940) CMD_U0: waiting for pending UART response ch=8 before next command
I (85965) CMD_U0: waiting for pending UART response ch=8 before next command
I (85990) CMD_U0: waiting for pending UART response ch=8 before next command
I (86011) CMD_U0: waiting for pending UART response ch=8 before next command
W (86016) RX_TASK: RX timeout slot1 type=1 reqID=0 (1001ms)
I (86037) CMD_U0: waiting for pending UART response ch=8 before next command
I (86058) CMD_U0: waiting for pending UART response ch=8 before next command
I (86079) CMD_U0: waiting for pending UART response ch=8 before next command
I (86099) CMD_U0: waiting for pending UART response ch=8 before next command
I (86120) CMD_U0: waiting for pending UART response ch=8 before next command
I (86133) CMD_U1: waiting for pending UART response ch=9 before next command
I (86145) CMD_U0: waiting for pending UART response ch=8 before next command
I (86170) CMD_U0: waiting for pending UART response ch=8 before next command
I (86195) CMD_U0: waiting for pending UART response ch=8 before next command
I (86220) CMD_U0: waiting for pending UART response ch=8 before next command
I (86245) CMD_U0: waiting for pending UART response ch=8 before next command
I (86270) CMD_U0: waiting for pending UART response ch=8 before next command
I (86295) CMD_U0: waiting for pending UART response ch=8 before next command
I (86315) CMD_U0: waiting for pending UART response ch=8 before next command
I (86340) CMD_U0: waiting for pending UART response ch=8 before next command
I (86365) CMD_U0: waiting for pending UART response ch=8 before next command
I (86387) CMD_U0: waiting for pending UART response ch=8 before next command
I (86407) CMD_U0: waiting for pending UART response ch=8 before next command
E (86426) MQTT: Publish failed
W (86426) TRANSPORT: No transport connected for broadcast
W (86426) MSG: Broadcast failed, falling back to MQTT
I (86427) CMD_U0: waiting for pending UART response ch=8 before next command
E (86427) MQTT: Publish failed
E (86447) MQTT: Publish failed
W (86447) TRANSPORT: No transport connected for broadcast
W (86447) MSG: Broadcast failed, falling back to MQTT
E (86448) MQTT: Publish failed
I (86452) CMD_U0: waiting for pending UART response ch=8 before next command
E (86472) MQTT: Publish failed
W (86472) TRANSPORT: No transport connected for broadcast
W (86472) MSG: Broadcast failed, falling back to MQTT
E (86473) MQTT: Publish failed
I (86473) CMD_U0: waiting for pending UART response ch=8 before next command
E (86493) MQTT: Publish failed
W (86493) TRANSPORT: No transport connected for broadcast
W (86493) MSG: Broadcast failed, falling back to MQTT
I (86494) CMD_U0: waiting for pending UART response ch=8 before next command
E (86494) MQTT: Publish failed
E (86514) MQTT: Publish failed
W (86514) TRANSPORT: No transport connected for broadcast
W (86514) MSG: Broadcast failed, falling back to MQTT
E (86515) MQTT: Publish failed
I (86519) CMD_U0: waiting for pending UART response ch=8 before next command
E (86539) MQTT: Publish failed
W (86539) TRANSPORT: No transport connected for broadcast
W (86539) MSG: Broadcast failed, falling back to MQTT
E (86540) MQTT: I (86540) CMD_U0: waiting for pending UART response ch=8 before next command
Publish failed
E (86559) MQTT: Publish failed
W (86559) TRANSPORT: No transport connected for broadcast
W (86559) MSG: Broadcast failed, falling back to MQTT
E (86560) MQTT: I (86560) CMD_U0: waiting for pending UART response ch=8 before next command
Publish failed
E (86561) MQTT: Publish failed
W (86561) TRANSPORT: No transport connected for broadcast
W (86561) MSG: Broadcast failed, falling back to MQTT
E (86561) MQTT: Publish failed
E (86580) MQTT: Publish failed
W (86580) TRANSPORT: No transport connected for broadcast
W (86580) MSG: Broadcast failed, falling back to MQTT
E (86581) MQTT: Publish failed
I (86585) CMD_U0: waiting for pending UART response ch=8 before next command
E (86605) MQTT: Publish failed
W (86605) TRANSPORT: No transport connected for broadcast
W (86605) MSG: Broadcast failed, falling back to MQTT
E (86606) MQTT: Publish failed
I (86610) CMD_U0: waiting for pending UART response ch=8 before next command
E (86631) MQTT: Publish failed
W (86631) TRANSPORT: No transport connected for broadcast
W (86632) MSG: Broadcast failed, falling back to MQTT
E (86632) MQTT: Publish failed
I (86636) CMD_U0: waiting for pending UART response ch=8 before next command
I (86657) CMD_U0: waiting for pending UART response ch=8 before next command
I (86677) CMD_U0: waiting for pending UART response ch=8 before next command
I (86697) CMD_U0: waiting for pending UART response ch=8 before next command
I (86723) CMD_U0: waiting for pending UART response ch=8 before next command
I (86749) CMD_U0: waiting for pending UART response ch=8 before next command
I (86775) CMD_U0: waiting for pending UART response ch=8 before next command
I (86801) CMD_U0: waiting for pending UART response ch=8 before next command
I (86826) CMD_U0: waiting for pending UART response ch=8 before next command
I (86851) CMD_U0: waiting for pending UART response ch=8 before next command
I (86877) CMD_U0: waiting for pending UART response ch=8 before next command
I (86902) CMD_U0: waiting for pending UART response ch=8 before next command
I (86923) CMD_U0: waiting for pending UART response ch=8 before next command
I (86944) CMD_U0: waiting for pending UART response ch=8 before next command
I (86969) CMD_U0: waiting for pending UART response ch=8 before next command
I (86994) CMD_U0: waiting for pending UART response ch=8 before next command
W (87019) RX_TASK: RX timeout slot1 type=1 reqID=0 (1001ms)
I (87020) CMD_U0: waiting for pending UART response ch=8 before next command
I (87045) CMD_U0: waiting for pending UART response ch=8 before next command
I (87072) CMD_U0: waiting for pending UART response ch=8 before next command
I (87093) CMD_U0: waiting for pending UART response ch=8 before next command
I (87118) CMD_U0: waiting for pending UART response ch=8 before next command
I (87133) CMD_U1: waiting for pending UART response ch=9 before next command
I (87138) CMD_U0: waiting for pending UART response ch=8 before next command
I (87165) CMD_U0: waiting for pending UART response ch=8 before next command
I (87186) CMD_U0: waiting for pending UART response ch=8 before next command
I (87211) CMD_U0: waiting for pending UART response ch=8 before next command
I (87236) CMD_U0: waiting for pending UART response ch=8 before next command
I (87261) CMD_U0: waiting for pending UART response ch=8 before next command
I (87286) CMD_U0: waiting for pending UART response ch=8 before next command
I (87311) CMD_U0: waiting for pending UART response ch=8 before next command
I (87336) CMD_U0: waiting for pending UART response ch=8 before next command
I (87361) CMD_U0: waiting for pending UART response ch=8 before next command
I (87386) CMD_U0: waiting for pending UART response ch=8 before next command
I (87411) CMD_U0: waiting for pending UART response ch=8 before next command
I (87436) CMD_U0: waiting for pending UART response ch=8 before next command
I (87461) CMD_U0: waiting for pending UART response ch=8 before next command
I (87486) CMD_U0: waiting for pending UART response ch=8 before next command
I (87511) CMD_U0: waiting for pending UART response ch=8 before next command
I (87537) CMD_U0: waiting for pending UART response ch=8 before next command
I (87563) CMD_U0: waiting for pending UART response ch=8 before next command
I (87588) CMD_U0: waiting for pending UART response ch=8 before next command
 (87610) CMD_U0: waiting for pending UART response ch=8 before next command
(87635) CMD_U0: waiting for pending UART response ch=8 before next command
I (87656) CMD_U0: waiting for pending UART response ch=8 before next command
W (87671) EHOME: [intdiag] t=85 internal free=49247 largest=23552 min_ever=31628 | total free=8330963 largest=8257536 | floor=16384
I (87677) CMD_U0: waiting for pending UART response ch=8 before next command
I (87697) CMD_U0: waiting for pending UART response ch=8 before next command
I (87718) CMD_U0: waiting for pending UART response ch=8 before next command
I (87739) CMD_U0: waiting for pending UART response ch=8 before next command
I (87765) CMD_U0: waiting for pending UART response ch=8 before next command
I (87790) CMD_U0: waiting for pending UART response ch=8 before next command
I (87810) CMD_U0: waiting for pending UART response ch=8 before next command
I (87835) CMD_U0: waiting for pending UART response ch=8 before next command
I (87860) CMD_U0: waiting for pending UART response ch=8 before next command
I (87886) CMD_U0: waiting for pending UART response ch=8 before next command
I (87911) CMD_U0: waiting for pending UART response ch=8 before next command
I (87937) CMD_U0: waiting for pending UART response ch=8 before next command
I (87962) CMD_U0: waiting for pending UART response ch=8 before next command
I (87988) CMD_U0: waiting for pending UART response ch=8 before next command
I (88013) CMD_U0: waiting for pending UART response ch=8 before next command
W (88025) RX_TASK: RX timeout slot1 type=1 reqID=0 (1001ms)
I (88039) CMD_U0: waiting for pending UART response ch=8 before next command
I (88065) CMD_U0: waiting for pending UART response ch=8 before next command
I (88086) CMD_U0: waiting for pending UART response ch=8 before next command
E (88106) MQTT: Publish failed
W (88106) TRANSPORT: No transport connected for broadcast
W (88106) MSG: Broadcast failed, falling back to MQTT
E (88107) MQTT: Publish failed
I (88111) CMD_U0: waiting for pending UART response ch=8 before next command
E (88131) MQTT: Publish failed
W (88131) TRANSPORT: No transport connected for broadcast
I (88132) CMD_U0: waiting for pending UART response ch=8 before next command
W (88132) MSG: Broadcast failed, falling back to MQTT
E (88132) MQTT: Publish failed
I (88133) CMD_U1: waiting for pending UART response ch=9 before next command
E (88151) MQTT: Publish failed
W (88151) TRANSPORT: No transport connected for broadcast
W (88151) MSG: Broadcast failed, falling back to MQTT
E (88152) MQTT: I (88152) CMD_U0: Publish failedwaiting for pending UART response ch=8 before next command

E (88172) MQTT: Publish failed
W (88172) TRANSPORT: No transport connected for broadcast
W (88172) MSG: Broadcast failed, falling back to MQTT
E (88173) MQTT: Publish failed
I (88177) CMD_U0: waiting for pending UART response ch=8 before next command
E (88197) MQTT: Publish failed
W (88197) TRANSPORT: No transport connected for broadcast
W (88197) MSG: Broadcast failed, falling back to MQTT
E (88198) MQTT: Publish failed
I (88198) CMD_U0: waiting for pending UART response ch=8 before next command
E (88218) MQTT: Publish failed
W (88218) TRANSPORT: No transport connected for broadcast
W (88218) MSG: Broadcast failed, falling back to MQTT
E (88219) MQTT: I (88219) CMD_U0: waiting for pending UART response ch=8 before next command
Publish failed
E (88239) MQTT: Publish failed
W (88239) TRANSPORT: No transport connected for broadcast
W (88239) MSG: Broadcast failed, falling back to MQTT
E (88240) MQTT: Publish failed
I (88244) CMD_U0: waiting for pending UART response ch=8 before next command
E (88264) MQTT: Publish failed
W (88264) TRANSPORT: No transport connected for broadcast
W (88264) MSG: Broadcast failed, falling back to MQTT
E (88265) MQTT: Publish failed
I (88265) CMD_U0: waiting for pending UART response ch=8 before next command
E (88285) MQTT: Publish failed
W (88285) TRANSPORT: No transport connected for broadcast
W (88285) MSG: Broadcast failed, falling back to MQTT
E (88286) MQTT: Publish failed
I (88286) CMD_U0: waiting for pending UART response ch=8 before next command
E (88307) MQTT: Publish failed
W (88307) TRANSPORT: No transport connected for broadcast
W (88307) MSG: Broadcast failed, falling back to MQTT
E (88308) MQTT: Publish failed
I (88312) CMD_U0: waiting for pending UART response ch=8 before next command
I (88332) CMD_U0: waiting for pending UART response ch=8 before next command
I (88352) CMD_U0: waiting for pending UART response ch=8 before next command
I (88377) CMD_U0: waiting for pending UART response ch=8 before next command
I (88403) CMD_U0: waiting for pending UART response ch=8 before next command
I (88428) CMD_U0: waiting for pending UART response ch=8 before next command
I (88453) CMD_U0: waiting for pending UART response ch=8 before next command
I (88479) CMD_U0: waiting for pending UART response ch=8 before next command
I (88504) CMD_U0: waiting for pending UART response ch=8 before next command
I (88529) CMD_U0: waiting for pending UART response ch=8 before next command
I (88554) CMD_U0: waiting for pending UART response ch=8 before next command
I (88580) CMD_U0: waiting for pending UART response ch=8 before next command
I (88606) CMD_U0: waiting for pending UART response ch=8 before next command
E (88627) MQTT: Publish failed
W (88627) TRANSPORT: No transport connected for broadcast
W (88627) MSG: Broadcast failed, falling back to MQTT
E (88628) MQTT: Publish failed
I (88631) CMD_U0: waiting for pending UART response ch=8 before next command
E (88653) MQTT: Publish failed
W (88653) TRANSPORT: No transport connected for broadcast
W (88653) MSG: Broadcast failed, falling back to MQTT
E (88654) MQTT: Publish failed
I (88657) CMD_U0: waiting for pending UART response ch=8 before next command
E (88676) MQTT: Publish failed
W (88676) TRANSPORT: No transport connected for broadcast
W (88677) MSG: Broadcast failed, falling back to MQTT
E (88677) MQTT: Publish failed
E (88678) MQTT: Publish failed
W (88678) TRANSPORT: No transport connected for broadcast
I (88679) CMD_U0: waiting for pending UART response ch=8 before next command
W (88679) MSG: Broadcast failed, falling back to MQTT
E (88679) MQTT: Publish failed
E (88698) MQTT: Publish failed
W (88698) TRANSPORT: No transport connected for broadcast
W (88698) MSG: Broadcast failed, falling back to MQTT
E (88699) MQTT: Publish failed
I (88699) CMD_U0: waiting for pending UART response ch=8 before next command
E (88719) MQTT: Publish failed
W (88719) TRANSPORT: No transport connected for broadcast
W (88719) MSG: Broadcast failed, falling back to MQTT
E (88720) MQTT: Publish failedI (88720) CMD_U0: waiting for pending UART response ch=8 before next command

E (88739) MQTT: Publish failed
W (88739) TRANSPORT: No transport connected for broadcast
W (88740) MSG: Broadcast failed, falling back to MQTT
I (88740) CMD_U0: waiting for pending UART response ch=8 before next command
E (88740) MQTT: Publish failed
E (88759) MQTT: Publish failed
W (88759) TRANSPORT: No transport connected for broadcast
W (88759) MSG: Broadcast failed, falling back to MQTT
E (88760) MQTT: I (88760) CMD_U0: waiting for pending UART response ch=8 before next command
Publish failed
E (88780) MQTT: Publish failed
W (88780) TRANSPORT: No transport connected for broadcast
W (88780) MSG: Broadcast failed, falling back to MQTT
E (88781) MQTT: Publish failed
I (88785) CMD_U0: waiting for pending UART response ch=8 before next command
E (88805) MQTT: Publish failed
W (88805) TRANSPORT: No transport connected for broadcast
W (88805) MSG: Broadcast failed, falling back to MQTT
E (88806) MQTT: Publish failed
I (88806) CMD_U0: waiting for pending UART response ch=8 before next command
E (88825) MQTT: Publish failed
W (88825) TRANSPORT: No transport connected for broadcast
W (88825) MSG: Broadcast failed, falling back to MQTT
E (88826) MQTT: Publish failed
I (88827) CMD_U0: waiting for pending UART response ch=8 before next command
E (88851) MQTT: Publish failed
W (88851) TRANSPORT: No transport connected for broadcast
W (88851) MSG: Broadcast failed, falling back to MQTT
I (88852) CMD_U0: waiting for pending UART response ch=8 before next command
E (88852) MQTT: Publish failed
E (88871) MQTT: Publish failed
W (88871) TRANSPORT: No transport connected for broadcast
W (88871) MSG: Broadcast failed, falling back to MQTT
E (88872) MQTT: I (88872) CMD_U0: waiting for pending UART response ch=8 before next command
Publish failed
E (88891) MQTT: Publish failed
W (88891) TRANSPORT: No transport connected for broadcast
W (88891) MSG: Broadcast failed, falling back to MQTT
E (88892) MQTT: I (88892) CMD_U0: waiting for pending UART response ch=8 before next command
Publish failed
E (88911) MQTT: Publish failed
W (88911) TRANSPORT: No transport connected for broadcast
W (88911) MSG: Broadcast failed, falling back to MQTT
E (88912) MQTT: I (88912) CMD_U0: waiting for pending UART response ch=8 before next command
Publish failed
E (88932) MQTT: Publish failed
W (88932) TRANSPORT: No transport connected for broadcast
W (88932) MSG: Broadcast failed, falling back to MQTT
E (88933) MQTT: Publish failed
I (88937) CMD_U0: waiting for pending UART response ch=8 before next command
E (88957) MQTT: Publish failed
W (88957) TRANSPORT: No transport connected for broadcast
W (88957) MSG: Broadcast failed, falling back to MQTT
I (88958) CMD_U0: waiting for pending UART response ch=8 before next command
E (88958) MQTT: Publish failed
E (88977) MQTT: Publish failed
W (88977) TRANSPORT: No transport connected for broadcast
W (88977) MSG: Broadcast failed, falling back to MQTT
E (88978) MQTT: Publish failedI (88978) CMD_U0: 
waiting for pending UART response ch=8 before next command
E (88998) MQTT: Publish failed
W (88998) TRANSPORT: No transport connected for broadcast
I (88998) CMD_U0: waiting for pending UART response ch=8 before next command
W (88998) MSG: Broadcast failed, falling back to MQTT
E (88999) MQTT: Publish failed
E (89018) MQTT: Publish failed
W (89018) TRANSPORT: No transport connected for broadcast
W (89018) MSG: Broadcast failed, falling back to MQTT
E (89019) MQTT: Publish failed
I (89019) CMD_U0: waiting for pending UART response ch=8 before next command
W (89030) RX_TASK: RX timeout slot1 type=1 reqID=0 (1001ms)
E (89031) MQTT: Publish failed
W (89031) TRANSPORT: No transport connected for broadcast
W (89031) MSG: Broadcast failed, falling back to MQTT
E (89031) MQTT: Publish failed
E (89038) MQTT: Publish failed
W (89038) TRANSPORT: No transport connected for broadcast
W (89038) MSG: Broadcast failed, falling back to MQTT
E (89039) MQTT: Publish failed
I (89040) CMD_U0: waiting for pending UART response ch=8 before next command
E (89059) MQTT: Publish failed
W (89059) TRANSPORT: No transport connected for broadcast
W (89059) MSG: Broadcast failed, falling back to MQTT
I (89060) CMD_U0: E (89060) MQTT: waiting for pending UART response ch=8 before next command
Publish failed
E (89079) MQTT: Publish failed
W (89079) TRANSPORT: No transport connected for broadcast
W (89079) MSG: Broadcast failed, falling back to MQTT
E (89080) MQTT: Publish failedI (89080) CMD_U0: waiting for pending UART response ch=8 before next command

E (89099) MQTT: Publish failed
W (89099) TRANSPORT: No transport connected for broadcast
W (89099) MSG: Broadcast failed, falling back to MQTT
E (89100) MQTT: Publish failed
I (89100) CMD_U0: waiting for pending UART response ch=8 before next command
E (89120) MQTT: Publish failed
W (89120) TRANSPORT: No transport connected for broadcast
W (89120) MSG: Broadcast failed, falling back to MQTT
E (89121) MQTT: Publish failed
I (89125) CMD_U0: waiting for pending UART response ch=8 before next command
I (89133) CMD_U1: waiting for pending UART response ch=9 before next command
E (89145) MQTT: Publish failed
W (89145) TRANSPORT: No transport connected for broadcast
W (89145) MSG: Broadcast failed, falling back to MQTT
I (89146) CMD_U0: waiting for pending UART response ch=8 before next command
E (89146) MQTT: Publish failed
E (89165) MQTT: Publish failed
W (89165) TRANSPORT: No transport connected for broadcast
W (89165) MSG: Broadcast failed, falling back to MQTT
I (89166) CMD_U0: waiting for pending UART response ch=8 before next command
E (89166) MQTT: Publish failed
E (89186) MQTT: Publish failed
W (89186) TRANSPORT: No transport connected for broadcast
I (89186) CMD_U0: waiting for pending UART response ch=8 before next command
W (89187) MSG: Broadcast failed, falling back to MQTT
E (89187) MQTT: Publish failed
E (89206) MQTT: Publish failed
W (89206) TRANSPORT: No transport connected for broadcast
W (89206) MSG: Broadcast failed, falling back to MQTT
E (89207) MQTT: Publish failed
I (89207) CMD_U0: waiting for pending UART response ch=8 before next command
E (89226) MQTT: Publish failed
W (89226) TRANSPORT: No transport connected for broadcast
W (89226) MSG: Broadcast failed, falling back to MQTT
E (89227) MQTT: Publish failed
I (89228) CMD_U0: waiting for pending UART response ch=8 before next command
E (89251) MQTT: Publish failed
W (89251) TRANSPORT: No transport connected for broadcast
W (89252) MSG: Broadcast failed, falling back to MQTT
E (89252) MQTT: Publish failed
I (89253) CMD_U0: waiting for pending UART response ch=8 before next command
E (89272) MQTT: Publish failed
W (89272) TRANSPORT: No transport connected for broadcast
W (89272) MSG: Broadcast failed, falling back to MQTT
E (89273) MQTT: I (89273) CMD_U0: waiting for pending UART response ch=8 before next command
Publish failed
E (89292) MQTT: Publish failed
W (89292) TRANSPORT: No transport connected for broadcast
W (89292) MSG: Broadcast failed, falling back to MQTT
E (89293) MQTT: Publish failed
I (89293) CMD_U0: waiting for pending UART response ch=8 before next command
E (89312) MQTT: Publish failed
W (89312) TRANSPORT: No transport connected for broadcast
W (89312) MSG: Broadcast failed, falling back to MQTT
I (89313) CMD_U0: waiting for pending UART response ch=8 before next commandE (89313) MQTT: 
Publish failed
E (89333) MQTT: Publish failed
W (89333) TRANSPORT: No transport connected for broadcast
I (89333) CMD_U0: waiting for pending UART response ch=8 before next command
W (89334) MSG: Broadcast failed, falling back to MQTT
E (89334) MQTT: Publish failed
E (89353) MQTT: Publish failed
W (89353) TRANSPORT: No transport connected for broadcast
W (89353) MSG: Broadcast failed, falling back to MQTT
E (89354) MQTT: Publish failed
I (89354) CMD_U0: waiting for pending UART response ch=8 before next command
E (89378) MQTT: Publish failed
W (89378) TRANSPORT: No transport connected for broadcast
W (89378) MSG: Broadcast failed, falling back to MQTT
I (89379) CMD_U0: E (89379) MQTT: waiting for pending UART response ch=8 before next commandPublish failed

E (89399) MQTT: Publish failed
W (89399) TRANSPORT: No transport connected for broadcast
W (89399) MSG: Broadcast failed, falling back to MQTT
E (89400) MQTT: Publish failed
I (89404) CMD_U0: waiting for pending UART response ch=8 before next command
E (89424) MQTT: Publish failed
W (89424) TRANSPORT: No transport connected for broadcast
W (89424) MSG: Broadcast failed, falling back to MQTT
E (89425) MQTT: Publish failed
I (89425) CMD_U0: waiting for pending UART response ch=8 before next command
I (89447) CMD_U0: waiting for pending UART response ch=8 before next command
I (89472) CMD_U0: waiting for pending UART response ch=8 before next command
I (89497) CMD_U0: waiting for pending UART response ch=8 before next command
I (89522) CMD_U0: waiting for pending UART response ch=8 before next command
I (89542) CMD_U0: waiting for pending UART response ch=8 before next command
I (89562) CMD_U0: waiting for pending UART response ch=8 before next command
I (89587) CMD_U0: waiting for pending UART response ch=8 before next command
I (89612) CMD_U0: waiting for pending UART response ch=8 before next command
I (89638) CMD_U0: waiting for pending UART response ch=8 before next command
 (89659) CMD_U0: waiting for pending UART response ch=8 before next command
 (89679) CMD_U0: waiting for pending UART response ch=8 before next command
 (89704) CMD_U0: waiting for pending UART response ch=8 before next command
I (89730) CMD_U0: waiting for pending UART response ch=8 before next command
I (89750) CMD_U0: waiting for pending UART response ch=8 before next command
I (89775) CMD_U0: waiting for pending UART response ch=8 before next command
I (89795) CMD_U0: waiting for pending UART response ch=8 before next command
I (89816) CMD_U0: waiting for pending UART response ch=8 before next command
I (89837) CMD_U0: waiting for pending UART response ch=8 before next command
I (89862) CMD_U0: waiting for pending UART response ch=8 before next command
I (89888) CMD_U0: waiting for pending UART response ch=8 before next command
I (89914) CMD_U0: waiting for pending UART response ch=8 before next command
I (89939) CMD_U0: waiting for pending UART response ch=8 before next command
I (89965) CMD_U0: waiting for pending UART response ch=8 before next command
I (89990) CMD_U0: waiting for pending UART response ch=8 before next command
I (90016) CMD_U0: waiting for pending UART response ch=8 before next command
W (90034) RX_TASK: RX timeout slot1 type=1 reqID=0 (1001ms)
I (90042) CMD_U0: waiting for pending UART response ch=8 before next command
I (90068) CMD_U0: waiting for pending UART response ch=8 before next command
I (90093) CMD_U0: waiting for pending UART response ch=8 before next command
I (90118) CMD_U0: waiting for pending UART response ch=8 before next command
I (90133) CMD_U1: waiting for pending UART response ch=9 before next command
I (90143) CMD_U0: waiting for pending UART response ch=8 before next command
I (90168) CMD_U0: waiting for pending UART response ch=8 before next command
I (90193) CMD_U0: waiting for pending UART response ch=8 before next command
E (90215) MQTT: Publish failed
W (90215) TRANSPORT: No transport connected for broadcast
W (90215) MSG: Broadcast failed, falling back to MQTT
E (90216) MQTT: Publish failed
I (90218) CMD_U0: waiting for pending UART response ch=8 before next command
E (90240) MQTT: Publish failed
W (90240) TRANSPORT: No transport connected for broadcast
W (90240) MSG: Broadcast failed, falling back to MQTT
E (90241) MQTT: Publish failed
I (90243) CMD_U0: waiting for pending UART response ch=8 before next command
E (90266) MQTT: Publish failed
W (90266) TRANSPORT: No transport connected for broadcast
W (90266) MSG: Broadcast failed, falling back to MQTT
E (90267) MQTT: Publish failed
I (90268) CMD_U0: waiting for pending UART response ch=8 before next command
E (90291) MQTT: Publish failed
W (90291) TRANSPORT: No transport connected for broadcast
W (90291) MSG: Broadcast failed, falling back to MQTT
E (90292) MQTT: Publish failed
I (90294) CMD_U0: waiting for pending UART response ch=8 before next command
E (90316) MQTT: Publish failed
W (90316) TRANSPORT: No transport connected for broadcast
W (90316) MSG: Broadcast failed, falling back to MQTT
E (90317) MQTT: Publish failed
I (90319) CMD_U0: waiting for pending UART response ch=8 before next command
E (90342) MQTT: Publish failed
W (90342) TRANSPORT: No transport connected for broadcast
W (90342) MSG: Broadcast failed, falling back to MQTT
E (90343) MQTT: Publish failed
I (90344) CMD_U0: waiting for pending UART response ch=8 before next command
E (90367) MQTT: Publish failed
W (90367) TRANSPORT: No transport connected for broadcast
W (90367) MSG: Broadcast failed, falling back to MQTT
E (90368) MQTT: Publish failed
I (90369) CMD_U0: waiting for pending UART response ch=8 before next command
E (90393) MQTT: Publish failed
W (90393) TRANSPORT: No transport connected for broadcast
W (90393) MSG: Broadcast failed, falling back to MQTT
E (90394) MQTT: Publish failed
I (90395) CMD_U0: waiting for pending UART response ch=8 before next command
E (90418) MQTT: Publish failed
W (90418) TRANSPORT: No transport connected for broadcast
W (90418) MSG: Broadcast failed, falling back to MQTT
E (90419) MQTT: Publish failed
I (90420) CMD_U0: waiting for pending UART response ch=8 before next command
E (90443) MQTT: Publish failed
W (90443) TRANSPORT: No transport connected for broadcast
W (90443) MSG: Broadcast failed, falling back to MQTT
E (90444) MQTT: Publish failed
I (90446) CMD_U0: waiting for pending UART response ch=8 before next command
E (90469) MQTT: Publish failed
W (90469) TRANSPORT: No transport connected for broadcast
W (90469) MSG: Broadcast failed, falling back to MQTT
E (90470) MQTT: Publish failed
I (90472) CMD_U0: waiting for pending UART response ch=8 before next command
E (90494) MQTT: Publish failed
W (90494) TRANSPORT: No transport connected for broadcast
W (90494) MSG: Broadcast failed, falling back to MQTT
E (90495) MQTT: Publish failed
I (90498) CMD_U0: waiting for pending UART response ch=8 before next command
E (90519) MQTT: Publish failed
W (90519) TRANSPORT: No transport connected for broadcast
W (90519) MSG: Broadcast failed, falling back to MQTT
E (90520) MQTT: Publish failed
I (90524) CMD_U0: waiting for pending UART response ch=8 before next command
E (90545) MQTT: Publish failed
W (90545) TRANSPORT: No transport connected for broadcast
W (90545) MSG: Broadcast failed, falling back to MQTT
E (90546) MQTT: Publish failed
I (90549) CMD_U0: waiting for pending UART response ch=8 before next command
E (90561) MQTT: Publish failed
W (90561) TRANSPORT: No transport connected for broadcast
W (90561) MSG: Broadcast failed, falling back to MQTT
E (90561) MQTT: Publish failed
E (90570) MQTT: Publish failed
W (90570) TRANSPORT: No transport connected for broadcast
W (90570) MSG: Broadcast failed, falling back to MQTT
E (90571) MQTT: Publish failed
I (90575) CMD_U0: waiting for pending UART response ch=8 before next command
E (90595) MQTT: Publish failed
W (90595) TRANSPORT: No transport connected for broadcast
W (90595) MSG: Broadcast failed, falling back to MQTT
I (90596) CMD_U0: waiting for pending UART response ch=8 before next command
E (90596) MQTT: Publish failed
E (90616) MQTT: Publish failed
W (90616) TRANSPORT: No transport connected for broadcast
W (90616) MSG: Broadcast failed, falling back to MQTT
E (90617) MQTT: Publish failed
I (90621) CMD_U0: waiting for pending UART response ch=8 before next command
E (90641) MQTT: Publish failed
W (90641) TRANSPORT: No transport connected for broadcast
W (90641) MSG: Broadcast failed, falling back to MQTT
E (90642) MQTT: I (90642) CMD_U0: waiting for pending UART response ch=8 before next command
Publish failed
E (90661) MQTT: Publish failed
W (90661) TRANSPORT: No transport connected for broadcast
W (90661) MSG: Broadcast failed, falling back to MQTT
E (90662) MQTT: I (90662) CMD_U0: waiting for pending UART response ch=8 before next command
Publish failed
E (90682) MQTT: Publish failed
W (90682) TRANSPORT: No transport connected for broadcast
W (90682) MSG: Broadcast failed, falling back to MQTT
E (90683) MQTT: Publish failed
I (90687) CMD_U0: waiting for pending UART response ch=8 before next command
E (90690) MQTT: Publish failed
W (90690) TRANSPORT: No transport connected for broadcast
W (90690) MSG: Broadcast failed, falling back to MQTT
E (90690) MQTT: Publish failed
E (90707) MQTT: Publish failed
W (90707) TRANSPORT: No transport connected for broadcast
W (90707) MSG: Broadcast failed, falling back to MQTT
E (90708) MQTT: Publish failed
I (90712) CMD_U0: waiting for pending UART response ch=8 before next command
E (90732) MQTT: Publish failed
W (90732) TRANSPORT: No transport connected for broadcast
W (90732) MSG: Broadcast failed, falling back to MQTT
E (90733) MQTT: Publish failed
I (90733) CMD_U0: waiting for pending UART response ch=8 before next command
E (90753) MQTT: Publish failed
W (90753) TRANSPORT: No transport connected for broadcast
W (90753) MSG: Broadcast failed, falling back to MQTT
E (90754) MQTT: Publish failedI (90754) CMD_U0: waiting for pending UART response ch=8 before next command

E (90773) MQTT: Publish failed
W (90773) TRANSPORT: No transport connected for broadcast
W (90773) MSG: Broadcast failed, falling back to MQTT
I (90774) CMD_U0: waiting for pending UART response ch=8 before next command
E (90774) MQTT: Publish failed
E (90793) MQTT: Publish failed
W (90793) TRANSPORT: No transport connected for broadcast
W (90794) MSG: I (90794) CMD_U0: waiting for pending UART response ch=8 before next command
Broadcast failed, falling back to MQTT
E (90795) MQTT: Publish failed
I (90814) CMD_U0: waiting for pending UART response ch=8 before next command
I (90840) CMD_U0: waiting for pending UART response ch=8 before next command
I (90860) CMD_U0: waiting for pending UART response ch=8 before next command
I (90885) CMD_U0: waiting for pending UART response ch=8 before next command
I (90910) CMD_U0: waiting for pending UART response ch=8 before next command
I (90931) CMD_U0: waiting for pending UART response ch=8 before next command
I (90956) CMD_U0: waiting for pending UART response ch=8 before next command
I (90981) CMD_U0: waiting for pending UART response ch=8 before next command
I (90997) SCHEDULER: Stats: samples=437 full=569 min_free=2
I (91002) CMD_U0: waiting for pending UART response ch=8 before next command
I (91027) CMD_U0: waiting for pending UART response ch=8 before next command
E (91047) MQTT: Publish failed
W (91047) TRANSPORT: No transport connected for broadcast
W (91047) MSG: Broadcast failed, falling back to MQTT
E (91048) MQTT: Publish failed
I (91052) CMD_U0: waiting for pending UART response ch=8 before next command
W (91060) RX_TASK: RX timeout slot1 type=1 reqID=0 (1001ms)
E (91060) MQTT: Publish failed
W (91061) TRANSPORT: No transport connected for broadcast
W (91061) MSG: Broadcast failed, falling back to MQTT
E (91061) MQTT: Publish failed
E (91072) MQTT: Publish failed
W (91072) TRANSPORT: No transport connected for broadcast
W (91072) MSG: Broadcast failed, falling back to MQTT
E (91073) MQTT: Publish failed
I (91073) CMD_U0: waiting for pending UART response ch=8 before next command
E (91093) MQTT: Publish failed
W (91093) TRANSPORT: No transport connected for broadcast
W (91093) MSG: Broadcast failed, falling back to MQTT
E (91094) MQTT: Publish failed
I (91094) CMD_U0: waiting for pending UART response ch=8 before next command
E (91113) MQTT: Publish failed
W (91113) TRANSPORT: No transport connected for broadcast
W (91113) MSG: Broadcast failed, falling back to MQTT
E (91114) MQTT: Publish failed
I (91115) CMD_U0: waiting for pending UART response ch=8 before next command
I (91133) CMD_U1: waiting for pending UART response ch=9 before next command
E (91138) MQTT: Publish failed
W (91138) TRANSPORT: No transport connected for broadcast
W (91138) MSG: Broadcast failed, falling back to MQTT
E (91139) MQTT: Publish failed
I (91141) CMD_U0: waiting for pending UART response ch=8 before next command
E (91164) MQTT: Publish failed
W (91164) TRANSPORT: No transport connected for broadcast
W (91164) MSG: Broadcast failed, falling back to MQTT
E (91165) MQTT: Publish failed
I (91166) CMD_U0: waiting for pending UART response ch=8 before next command
E (91189) MQTT: Publish failed
W (91189) TRANSPORT: No transport connected for broadcast
W (91189) MSG: Broadcast failed, falling back to MQTT
E (91190) MQTT: Publish failed
I (91192) CMD_U0: waiting for pending UART response ch=8 before next command
E (91214) MQTT: Publish failed
W (91214) TRANSPORT: No transport connected for broadcast
W (91214) MSG: Broadcast failed, falling back to MQTT
E (91215) MQTT: Publish failed
I (91217) CMD_U0: waiting for pending UART response ch=8 before next command
E (91240) MQTT: Publish failed
W (91240) TRANSPORT: No transport connected for broadcast
W (91240) MSG: Broadcast failed, falling back to MQTT
E (91241) MQTT: Publish failed
I (91242) CMD_U0: waiting for pending UART response ch=8 before next command
E (91265) MQTT: Publish failed
W (91265) TRANSPORT: No transport connected for broadcast
W (91265) MSG: Broadcast failed, falling back to MQTT
E (91266) MQTT: Publish failed
I (91268) CMD_U0: waiting for pending UART response ch=8 before next command
E (91290) MQTT: Publish failed
W (91290) TRANSPORT: No transport connected for broadcast
W (91290) MSG: Broadcast failed, falling back to MQTT
E (91291) MQTT: Publish failed
I (91294) CMD_U0: waiting for pending UART response ch=8 before next command
E (91317) MQTT: Publish failed
W (91317) TRANSPORT: No transport connected for broadcast
W (91317) MSG: Broadcast failed, falling back to MQTT
E (91318) MQTT: Publish failed
I (91320) CMD_U0: waiting for pending UART response ch=8 before next command
E (91341) MQTT: Publish failed
W (91341) TRANSPORT: No transport connected for broadcast
W (91341) MSG: Broadcast failed, falling back to MQTT
E (91342) MQTT: Publish failed
I (91345) CMD_U0: waiting for pending UART response ch=8 before next command
E (91367) MQTT: Publish failed
W (91367) TRANSPORT: No transport connected for broadcast
W (91367) MSG: Broadcast failed, falling back to MQTT
E (91368) MQTT: Publish failed
I (91371) CMD_U0: waiting for pending UART response ch=8 before next command
E (91392) MQTT: Publish failed
W (91392) TRANSPORT: No transport connected for broadcast
W (91392) MSG: Broadcast failed, falling back to MQTT
E (91393) MQTT: Publish failed
I (91397) CMD_U0: waiting for pending UART response ch=8 before next command
E (91417) MQTT: Publish failed
W (91417) TRANSPORT: No transport connected for broadcast
W (91417) MSG: Broadcast failed, falling back to MQTT
I (91418) CMD_U0: waiting for pending UART response ch=8 before next command
E (91418) MQTT: Publish failed
E (91438) MQTT: Publish failed
W (91438) TRANSPORT: No transport connected for broadcast
I (91438) CMD_U0: waiting for pending UART response ch=8 before next command
W (91438) MSG: Broadcast failed, falling back to MQTT
E (91439) MQTT: Publish failed
E (91458) MQTT: Publish failed
W (91458) TRANSPORT: No transport connected for broadcast
W (91458) MSG: Broadcast failed, falling back to MQTT
E (91459) MQTT: Publish failed
I (91459) CMD_U0: waiting for pending UART response ch=8 before next command
E (91478) MQTT: Publish failed
W (91478) TRANSPORT: No transport connected for broadcast
W (91478) MSG: Broadcast failed, falling back to MQTT
E (91479) MQTT: Publish failed
I (91480) CMD_U0: waiting for pending UART response ch=8 before next command
E (91498) MQTT: Publish failed
W (91498) TRANSPORT: No transport connected for broadcast
W (91498) MSG: Broadcast failed, falling back to MQTT
E (91499) MQTT: Publish failed
I (91500) CMD_U0: waiting for pending UART response ch=8 before next command
E (91519) MQTT: Publish failed
W (91519) TRANSPORT: No transport connected for broadcast
W (91519) MSG: Broadcast failed, falling back to MQTT
E (91520) MQTT: Publish failed
I (91521) CMD_U0: waiting for pending UART response ch=8 before next command
E (91544) MQTT: Publish failed
W (91544) TRANSPORT: No transport connected for broadcast
W (91544) MSG: Broadcast failed, falling back to MQTT
E (91545) MQTT: Publish failed
I (91547) CMD_U0: waiting for pending UART response ch=8 before next command
E (91561) MQTT: Publish failed
W (91561) TRANSPORT: No transport connected for broadcast
W (91561) MSG: Broadcast failed, falling back to MQTT
E (91562) MQTT: Publish failed
E (91570) MQTT: Publish failed
W (91570) TRANSPORT: No transport connected for broadcast
W (91570) MSG: Broadcast failed, falling back to MQTT
E (91571) MQTT: Publish failed
I (91572) CMD_U0: waiting for pending UART response ch=8 before next command
E (91595) MQTT: Publish failed
W (91595) TRANSPORT: No transport connected for broadcast
W (91595) MSG: Broadcast failed, falling back to MQTT
E (91596) MQTT: Publish failed
I (91597) CMD_U0: waiting for pending UART response ch=8 before next command
E (91620) MQTT: Publish failed
W (91620) TRANSPORT: No transport connected for broadcast
W (91620) MSG: Broadcast failed, falling back to MQTT
E (91621) MQTT: Publish failed
I (91622) CMD_U0: waiting for pending UART response ch=8 before next command
E (91641) MQTT: Publish failed
W (91641) TRANSPORT: No transport connected for broadcast
W (91641) MSG: Broadcast failed, falling back to MQTT
E (91642) MQTT: Publish failed
I (91643) CMD_U0: waiting for pending UART response ch=8 before next command
E (91666) MQTT: Publish failed
W (91666) TRANSPORT: No transport connected for broadcast
W (91666) MSG: Broadcast failed, falling back to MQTT
E (91667) MQTT: Publish failed
I (91669) CMD_U0: waiting for pending UART response ch=8 before next command
E (91691) MQTT: Publish failed
W (91691) TRANSPORT: No transport connected for broadcast
W (91692) MSG: Broadcast failed, falling back to MQTT
E (91692) MQTT: Publish failed
I (91694) CMD_U0: waiting for pending UART response ch=8 before next command
E (91695) MQTT: Publish failed
W (91695) TRANSPORT: No transport connected for broadcast
W (91695) MSG: Broadcast failed, falling back to MQTT
E (91695) MQTT: Publish failed
E (91717) MQTT: Publish failed
W (91717) TRANSPORT: No transport connected for broadcast
W (91717) MSG: Broadcast failed, falling back to MQTT
E (91718) MQTT: Publish failed
I (91720) CMD_U0: waiting for pending UART response ch=8 before next command
E (91742) MQTT: Publish failed
W (91742) TRANSPORT: No transport connected for broadcast
W (91742) MSG: Broadcast failed, falling back to MQTT
E (91743) MQTT: Publish failed
I (91745) CMD_U0: waiting for pending UART response ch=8 before next command
E (91767) MQTT: Publish failed
W (91767) TRANSPORT: No transport connected for broadcast
W (91767) MSG: Broadcast failed, falling back to MQTT
E (91768) MQTT: Publish failed
I (91771) CMD_U0: waiting for pending UART response ch=8 before next command
E (91793) MQTT: Publish failed
W (91793) TRANSPORT: No transport connected for broadcast
W (91793) MSG: Broadcast failed, falling back to MQTT
E (91794) MQTT: Publish failed
I (91796) CMD_U0: waiting for pending UART response ch=8 before next command
E (91818) MQTT: Publish failed
W (91818) TRANSPORT: No transport connected for broadcast
W (91818) MSG: Broadcast failed, falling back to MQTT
E (91819) MQTT: Publish failed
I (91822) CMD_U0: waiting for pending UART response ch=8 before next command
E (91844) MQTT: Publish failed
W (91844) TRANSPORT: No transport connected for broadcast
W (91844) MSG: Broadcast failed, falling back to MQTT
E (91845) MQTT: Publish failed
I (91847) CMD_U0: waiting for pending UART response ch=8 before next command
E (91869) MQTT: Publish failed
W (91869) TRANSPORT: No transport connected for broadcast
W (91870) MSG: Broadcast failed, falling back to MQTT
E (91870) MQTT: Publish failed
I (91874) CMD_U0: waiting for pending UART response ch=8 before next command
I (91896) CMD_U0: waiting for pending UART response ch=8 before next command
I (91916) CMD_U0: waiting for pending UART response ch=8 before next command
I (91936) CMD_U0: waiting for pending UART response ch=8 before next command
I (91961) CMD_U0: waiting for pending UART response ch=8 before next command
I (91981) CMD_U0: waiting for pending UART response ch=8 before next command
I (92007) CMD_U0: waiting for pending UART response ch=8 before next command
I (92027) CMD_U0: waiting for pending UART response ch=8 before next command
I (92049) CMD_U0: waiting for pending UART response ch=8 before next command
I (92070) CMD_U0: waiting for pending UART response ch=8 before next command
W (92085) RX_TASK: RX timeout slot1 type=1 reqID=0 (1001ms)
I (92095) CMD_U0: waiting for pending UART response ch=8 before next command
I (92121) CMD_U0: waiting for pending UART response ch=8 before next command
I (92134) CMD_U1: waiting for pending UART response ch=9 before next command
I (92146) CMD_U0: waiting for pending UART response ch=8 before next command
I (92172) CMD_U0: waiting for pending UART response ch=8 before next command
I (92197) CMD_U0: waiting for pending UART response ch=8 before next command
I (92222) CMD_U0: waiting for pending UART response ch=8 before next command
I (92248) CMD_U0: waiting for pending UART response ch=8 before next command
I (92273) CMD_U0: waiting for pending UART response ch=8 before next command
I (92299) CMD_U0: waiting for pending UART response ch=8 before next command
I (92325) CMD_U0: waiting for pending UART response ch=8 before next command
I (92351) CMD_U0: waiting for pending UART response ch=8 before next command
I (92361) RX_TASK: Stats: events=428 completions=438 report_drop=0 report_q_high=2
I (92371) CMD_U0: waiting for pending UART response ch=8 before next command
I (92392) CMD_U0: Stats: txn=428 err=0 (100%) no_ctx=0
I (92393) CMD_U0: waiting for pending UART response ch=8 before next command
I (92418) CMD_U0: waiting for pending UART response ch=8 before next command
I (92439) CMD_U0: waiting for pending UART response ch=8 before next command
I (92464) CMD_U0: waiting for pending UART response ch=8 before next command
I (92489) CMD_U0: waiting for pending UART response ch=8 before next command
I (92509) CMD_U0: waiting for pending UART response ch=8 before next command
I (92529) CMD_U0: waiting for pending UART response ch=8 before next command
I (92549) CMD_U0: waiting for pending UART response ch=8 before next command
I (92570) CMD_U0: waiting for pending UART response ch=8 before next command
I (92590) CMD_U0: waiting for pending UART response ch=8 before next command
I (92610) CMD_U0: waiting for pending UART response ch=8 before next command
I (92630) CMD_U0: waiting for pending UART response ch=8 before next command
I (92655) CMD_U0: waiting for pending UART response ch=8 before next command
I (92676) CMD_U0: waiting for pending UART response ch=8 before next command
I (92696) CMD_U0: waiting for pending UART response ch=8 before next command
I (92721) CMD_U0: waiting for pending UART response ch=8 before next command
I (92746) CMD_U0: waiting for pending UART response ch=8 before next command
I (92771) CMD_U0: waiting for pending UART response ch=8 before next command
I (92792) CMD_U0: waiting for pending UART response ch=8 before next command
I (92812) CMD_U0: waiting for pending UART response ch=8 before next command
I (92833) CMD_U0: waiting for pending UART response ch=8 before next command
I (92853) CMD_U0: waiting for pending UART response ch=8 before next command
I (92878) CMD_U0: waiting for pending UART response ch=8 before next command
I (92899) CMD_U0: waiting for pending UART response ch=8 before next command
I (92919) CMD_U0: waiting for pending UART response ch=8 before next command
I (92940) CMD_U0: waiting for pending UART response ch=8 before next command
I (92960) CMD_U0: waiting for pending UART response ch=8 before next command
I (92980) CMD_U0: waiting for pending UART response ch=8 before next command
I (93001) CMD_U0: waiting for pending UART response ch=8 before next command
I (93026) CMD_U0: waiting for pending UART response ch=8 before next command
I (93047) CMD_U0: waiting for pending UART response ch=8 before next command
I (93072) CMD_U0: waiting for pending UART response ch=8 before next command
I (93093) CMD_U0: waiting for pending UART response ch=8 before next command
W (93110) RX_TASK: RX timeout slot1 type=1 reqID=0 (1001ms)
I (93118) CMD_U0: waiting for pending UART response ch=8 before next command
I (93139) CMD_U0: waiting for pending UART response ch=8 before next command
I (93152) CMD_U1: waiting for pending UART response ch=9 before next command
I (93164) CMD_U0: waiting for pending UART response ch=8 before next command
I (93190) CMD_U0: waiting for pending UART response ch=8 before next command
I (93215) CMD_U0: waiting for pending UART response ch=8 before next command
I (93240) CMD_U0: waiting for pending UART response ch=8 before next command
I (93261) CMD_U0: waiting for pending UART response ch=8 before next command
I (93286) CMD_U0: waiting for pending UART response ch=8 before next command
I (93311) CMD_U0: waiting for pending UART response ch=8 before next command
I (93331) CMD_U0: waiting for pending UART response ch=8 before next command
I (93352) CMD_U0: waiting for pending UART response ch=8 before next command
E (93376) MQTT: Publish failed
W (93376) TRANSPORT: No transport connected for broadcast
W (93376) MSG: Broadcast failed, falling back to MQTT
I (93377) CMD_U0: waiting for pending UART response ch=8 before next command
E (93377) MQTT: Publish failed
E (93396) MQTT: Publish failed
W (93396) TRANSPORT: No transport connected for broadcast
W (93396) MSG: Broadcast failed, falling back to MQTT
E (93397) MQTT: Publish failed
I (93397) CMD_U0: waiting for pending UART response ch=8 before next command
E (93416) MQTT: Publish failed
W (93416) TRANSPORT: No transport connected for broadcast
W (93416) MSG: Broadcast failed, falling back to MQTT
E (93417) MQTT: Publish failed
I (93418) CMD_U0: waiting for pending UART response ch=8 before next command
E (93441) MQTT: Publish failed
W (93441) TRANSPORT: No transport connected for broadcast
W (93441) MSG: Broadcast failed, falling back to MQTT
E (93442) MQTT: Publish failed
I (93443) CMD_U0: waiting for pending UART response ch=8 before next command
E (93462) MQTT: Publish failed
W (93462) TRANSPORT: No transport connected for broadcast
W (93462) MSG: Broadcast failed, falling back to MQTT
I (93463) CMD_U0: waiting for pending UART response ch=8 before next command
E (93463) MQTT: Publish failed
E (93482) MQTT: Publish failed
W (93482) TRANSPORT: No transport connected for broadcast
W (93482) MSG: Broadcast failed, falling back to MQTT
I (93483) CMD_U0: E (93483) MQTT: waiting for pending UART response ch=8 before next command
Publish failed
E (93502) MQTT: Publish failed
W (93502) TRANSPORT: No transport connected for broadcast
W (93502) MSG: Broadcast failed, falling back to MQTT
E (93503) MQTT: I (93503) CMD_U0: waiting for pending UART response ch=8 before next command
Publish failed
E (93523) MQTT: Publish failed
W (93523) TRANSPORT: No transport connected for broadcast
W (93523) MSG: Broadcast failed, falling back to MQTT
E (93524) MQTT: Publish failed
I (93528) CMD_U0: waiting for pending UART response ch=8 before next command
E (93548) MQTT: Publish failed
W (93548) TRANSPORT: No transport connected for broadcast
W (93548) MSG: Broadcast failed, falling back to MQTT
I (93549) CMD_U0: E (93549) MQTT: waiting for pending UART response ch=8 before next command
Publish failed
E (93561) MQTT: Publish failed
W (93561) TRANSPORT: No transport connected for broadcast
W (93561) MSG: Broadcast failed, falling back to MQTT
E (93562) MQTT: Publish failed
E (93568) MQTT: Publish failed
W (93568) TRANSPORT: No transport connected for broadcast
W (93568) MSG: Broadcast failed, falling back to MQTT
E (93569) MQTT: Publish failed
I (93569) CMD_U0: waiting for pending UART response ch=8 before next command
I (93591) CMD_U0: waiting for pending UART response ch=8 before next command
I (93611) CMD_U0: waiting for pending UART response ch=8 before next command
I (93637) CMD_U0: waiting for pending UART response ch=8 before next command
I (93662) CMD_U0: waiting for pending UART response ch=8 before next command
I (93688) CMD_U0: waiting for pending UART response ch=8 before next command
I (93714) CMD_U0: waiting for pending UART response ch=8 before next command
I (93739) CMD_U0: waiting for pending UART response ch=8 before next command
U0: waiting for pending UART response ch=8 before next command
MD_U0: waiting for pending UART response ch=8 before next command
CMD_U0: waiting for pending UART response ch=8 before next command
I (93840) CMD_U0: waiting for pending UART response ch=8 before next command
I (93866) CMD_U0: waiting for pending UART response ch=8 before next command
I (93891) CMD_U0: waiting for pending UART response ch=8 before next command
I (93916) CMD_U0: waiting for pending UART response ch=8 before next command
I (93942) CMD_U0: waiting for pending UART response ch=8 before next command
I (93963) CMD_U0: waiting for pending UART response ch=8 before next command
I (93989) CMD_U0: waiting for pending UART response ch=8 before next command
I (94014) CMD_U0: waiting for pending UART response ch=8 before next command
I (94034) CMD_U0: waiting for pending UART response ch=8 before next command
I (94056) CMD_U0: waiting for pending UART response ch=8 before next command
I (94077) CMD_U0: waiting for pending UART response ch=8 before next command
I (94102) CMD_U0: waiting for pending UART response ch=8 before next command
I (94128) CMD_U0: waiting for pending UART response ch=8 before next command
W (94136) RX_TASK: RX timeout slot1 type=1 reqID=0 (1001ms)
I (94153) CMD_U0: waiting for pending UART response ch=8 before next command
I (94154) CMD_U1: Stats: txn=10 err=0 (100%) no_ctx=0
I (94154) CMD_U1: waiting for pending UART response ch=9 before next command
I (94178) CMD_U0: waiting for pending UART response ch=8 before next command
I (94204) CMD_U0: waiting for pending UART response ch=8 before next command
I (94229) CMD_U0: waiting for pending UART response ch=8 before next command
I (94254) CMD_U0: waiting for pending UART response ch=8 before next command
I (94274) CMD_U0: waiting for pending UART response ch=8 before next command
I (94294) CMD_U0: waiting for pending UART response ch=8 before next command
I (94314) CMD_U0: waiting for pending UART response ch=8 before next command
I (94335) CMD_U0: waiting for pending UART response ch=8 before next command
I (94356) CMD_U0: waiting for pending UART response ch=8 before next command
I (94381) CMD_U0: waiting for pending UART response ch=8 before next command
I (94406) CMD_U0: waiting for pending UART response ch=8 before next command
I (94427) CMD_U0: waiting for pending UART response ch=8 before next command
I (94452) CMD_U0: waiting for pending UART response ch=8 before next command
I (94478) CMD_U0: waiting for pending UART response ch=8 before next command
I (94503) CMD_U0: waiting for pending UART response ch=8 before next command
I (94529) CMD_U0: waiting for pending UART response ch=8 before next command
I (94554) CMD_U0: waiting for pending UART response ch=8 before next command
I (94579) CMD_U0: waiting for pending UART response ch=8 before next command
I (94600) CMD_U0: waiting for pending UART response ch=8 before next command
I (94625) CMD_U0: waiting for pending UART response ch=8 before next command
I (94650) CMD_U0: waiting for pending UART response ch=8 before next command
I (94675) CMD_U0: waiting for pending UART response ch=8 before next command
I (94695) CMD_U0: waiting for pending UART response ch=8 before next command
I (94715) CMD_U0: waiting for pending UART response ch=8 before next command
I (94735) CMD_U0: waiting for pending UART response ch=8 before next command
I (94760) CMD_U0: waiting for pending UART response ch=8 before next command
I (94785) CMD_U0: waiting for pending UART response ch=8 before next command
I (94810) CMD_U0: waiting for pending UART response ch=8 before next command
I (94835) CMD_U0: waiting for pending UART response ch=8 before next command
I (94860) CMD_U0: waiting for pending UART response ch=8 before next command
I (94885) CMD_U0: waiting for pending UART response ch=8 before next command
I (94911) CMD_U0: waiting for pending UART response ch=8 before next command
I (94937) CMD_U0: waiting for pending UART response ch=8 before next command
I (94963) CMD_U0: waiting for pending UART response ch=8 before next command
I (94988) CMD_U0: waiting for pending UART response ch=8 before next command
I (95013) CMD_U0: waiting for pending UART response ch=8 before next command
I (95034) CMD_U0: waiting for pending UART response ch=8 before next command
I (95055) CMD_U0: waiting for pending UART response ch=8 before next command
E (95074) MQTT: Publish failed
W (95074) TRANSPORT: No transport connected for broadcast
W (95074) MSG: Broadcast failed, falling back to MQTT
E (95075) MQTT: Publish failed
I (95075) CMD_U0: waiting for pending UART response ch=8 before next command
E (95095) MQTT: Publish failed
W (95095) TRANSPORT: No transport connected for broadcast
W (95095) MSG: Broadcast failed, falling back to MQTT
I (95096) CMD_U0: E (95096) MQTT: waiting for pending UART response ch=8 before next command
Publish failed
E (95115) MQTT: Publish failed
W (95115) TRANSPORT: No transport connected for broadcast
W (95115) MSG: Broadcast failed, falling back to MQTT
E (95116) MQTT: Publish failedI (95116) CMD_U0: waiting for pending UART response ch=8 before next command

E (95135) MQTT: Publish failed
W (95135) TRANSPORT: No transport connected for broadcast
W (95135) MSG: Broadcast failed, falling back to MQTT
E (95136) MQTT: Publish failed
I (95136) CMD_U0: waiting for pending UART response ch=8 before next command
W (95138) RX_TASK: RX timeout slot1 type=1 reqID=0 (1001ms)
E (95138) MQTT: Publish failed
W (95139) TRANSPORT: No transport connected for broadcast
W (95139) MSG: Broadcast failed, falling back to MQTT
E (95139) MQTT: Publish failed
E (95155) MQTT: Publish failed
W (95155) TRANSPORT: No transport connected for broadcast
W (95155) MSG: Broadcast failed, falling back to MQTT
I (95156) CMD_U1: waiting for pending UART response ch=9 before next commandI (95156) CMD_U0: waiting for pending UART response ch=8 before next command

E (95156) MQTT: Publish failed
E (95177) MQTT: Publish failed
W (95177) TRANSPORT: No transport connected for broadcast
W (95177) MSG: Broadcast failed, falling back to MQTT
E (95178) MQTT: Publish failed
I (95181) CMD_U0: waiting for pending UART response ch=8 before next command
E (95201) MQTT: Publish failed
W (95201) TRANSPORT: No transport connected for broadcast
W (95201) MSG: Broadcast failed, falling back to MQTT
I (95202) CMD_U0: waiting for pending UART response ch=8 before next command
E (95202) MQTT: Publish failed
E (95221) MQTT: Publish failed
W (95221) TRANSPORT: No transport connected for broadcast
W (95221) MSG: Broadcast failed, falling back to MQTT
I (95222) CMD_U0: E (95222) MQTT: waiting for pending UART response ch=8 before next commandPublish failed

E (95241) MQTT: Publish failed
W (95241) TRANSPORT: No transport connected for broadcast
W (95241) MSG: Broadcast failed, falling back to MQTT
E (95242) MQTT: Publish failed
I (95242) CMD_U0: waiting for pending UART response ch=8 before next command
E (95262) MQTT: Publish failed
W (95262) TRANSPORT: No transport connected for broadcast
W (95262) MSG: Broadcast failed, falling back to MQTT
I (95263) CMD_U0: waiting for pending UART response ch=8 before next command
E (95263) MQTT: Publish failed
I (95283) CMD_U0: waiting for pending UART response ch=8 before next command
E (95284) MQTT: Publish failed
W (95284) TRANSPORT: No transport connected for broadcast
W (95285) MSG: Broadcast failed, falling back to MQTT
E (95285) MQTT: Publish failed
I (95304) CMD_U0: waiting for pending UART response ch=8 before next command
I (95331) CMD_U0: waiting for pending UART response ch=8 before next command
I (95357) CMD_U0: waiting for pending UART response ch=8 before next command
I (95382) CMD_U0: waiting for pending UART response ch=8 before next command
I (95407) CMD_U0: waiting for pending UART response ch=8 before next command
I (95432) CMD_U0: waiting for pending UART response ch=8 before next command
I (95458) CMD_U0: waiting for pending UART response ch=8 before next command
I (95483) CMD_U0: waiting for pending UART response ch=8 before next command
I (95508) CMD_U0: waiting for pending UART response ch=8 before next command
I (95534) CMD_U0: waiting for pending UART response ch=8 before next command
I (95559) CMD_U0: waiting for pending UART response ch=8 before next command
I (95585) CMD_U0: waiting for pending UART response ch=8 before next command
I (95611) CMD_U0: waiting for pending UART response ch=8 before next command
I (95637) CMD_U0: waiting for pending UART response ch=8 before next command
I (95658) CMD_U0: waiting for pending UART response ch=8 before next command
I (95679) CMD_U0: waiting for pending UART response ch=8 before next command
I (95699) CMD_U0: waiting for pending UART response ch=8 before next command
I (95719) CMD_U0: waiting for pending UART response ch=8 before next command
I (95745) CMD_U0: waiting for pending UART response ch=8 before next command
I (95771) CMD_U0: waiting for pending UART response ch=8 before next command
I (95796) CMD_U0: waiting for pending UART response ch=8 before next command
I (95821) CMD_U0: waiting for pending UART response ch=8 before next command
I (95846) CMD_U0: waiting for pending UART response ch=8 before next command
I (95867) CMD_U0: waiting for pending UART response ch=8 before next command
I (95892) CMD_U0: waiting for pending UART response ch=8 before next command
I (95918) CMD_U0: waiting for pending UART response ch=8 before next command
I (95944) CMD_U0: waiting for pending UART response ch=8 before next command
I (95969) CMD_U0: waiting for pending UART response ch=8 before next command
I (95995) CMD_U0: waiting for pending UART response ch=8 before next command
I (96020) CMD_U0: waiting for pending UART response ch=8 before next command
I (96045) CMD_U0: waiting for pending UART response ch=8 before next command
I (96071) CMD_U0: waiting for pending UART response ch=8 before next command
I (96097) CMD_U0: waiting for pending UART response ch=8 before next command
I (96123) CMD_U0: waiting for pending UART response ch=8 before next command
W (96140) RX_TASK: RX timeout slot1 type=1 reqID=0 (1001ms)
I (96149) CMD_U0: waiting for pending UART response ch=8 before next command
I (96158) CMD_U1: waiting for pending UART response ch=9 before next command
I (96170) CMD_U0: waiting for pending UART response ch=8 before next command
I (96190) CMD_U0: waiting for pending UART response ch=8 before next command
I (96215) CMD_U0: waiting for pending UART response ch=8 before next command
I (96240) CMD_U0: waiting for pending UART response ch=8 before next command
I (96265) CMD_U0: waiting for pending UART response ch=8 before next command
I (96290) CMD_U0: waiting for pending UART response ch=8 before next command
I (96315) CMD_U0: waiting for pending UART response ch=8 before next command
I (96340) CMD_U0: waiting for pending UART response ch=8 before next command
I (96365) CMD_U0: waiting for pending UART response ch=8 before next command
I (96390) CMD_U0: waiting for pending UART response ch=8 before next command
I (96416) CMD_U0: waiting for pending UART response ch=8 before next command
I (96441) CMD_U0: waiting for pending UART response ch=8 before next command
E (96463) MQTT: Publish failed
W (96463) TRANSPORT: No transport connected for broadcast
W (96463) MSG: Broadcast failed, falling back to MQTT
E (96464) MQTT: Publish failed
I (96466) CMD_U0: waiting for pending UART response ch=8 before next command
E (96488) MQTT: Publish failed
W (96488) TRANSPORT: No transport connected for broadcast
W (96488) MSG: Broadcast failed, falling back to MQTT
E (96489) MQTT: Publish failed
I (96491) CMD_U0: waiting for pending UART response ch=8 before next command
E (96513) MQTT: Publish failed
W (96513) TRANSPORT: No transport connected for broadcast
W (96513) MSG: Broadcast failed, falling back to MQTT
E (96514) MQTT: Publish failed
I (96516) CMD_U0: waiting for pending UART response ch=8 before next command
E (96540) MQTT: Publish failed
W (96540) TRANSPORT: No transport connected for broadcast
W (96540) MSG: Broadcast failed, falling back to MQTT
E (96541) MQTT: Publish failed
I (96542) CMD_U0: waiting for pending UART response ch=8 before next command
E (96561) MQTT: Publish failed
W (96561) TRANSPORT: No transport connected for broadcast
W (96561) MSG: Broadcast failed, falling back to MQTT
E (96562) MQTT: Publish failed
E (96564) MQTT: Publish failed
W (96564) TRANSPORT: No transport connected for broadcast
W (96564) MSG: Broadcast failed, falling back to MQTT
E (96565) MQTT: Publish failed
I (96567) CMD_U0: waiting for pending UART response ch=8 before next command
E (96590) MQTT: Publish failed
W (96590) TRANSPORT: No transport connected for broadcast
W (96590) MSG: Broadcast failed, falling back to MQTT
E (96591) MQTT: Publish failed
I (96592) CMD_U0: waiting for pending UART response ch=8 before next command
E (96611) MQTT: Publish failed
W (96611) TRANSPORT: No transport connected for broadcast
W (96611) MSG: Broadcast failed, falling back to MQTT
E (96612) MQTT: I (96612) CMD_U0: waiting for pending UART response ch=8 before next command
Publish failed
E (96632) MQTT: Publish failed
W (96632) TRANSPORT: No transport connected for broadcast
W (96632) MSG: Broadcast failed, falling back to MQTT
E (96633) MQTT: Publish failed
I (96637) CMD_U0: waiting for pending UART response ch=8 before next command
E (96658) MQTT: Publish failed
W (96658) TRANSPORT: No transport connected for broadcast
W (96658) MSG: Broadcast failed, falling back to MQTT
E (96659) MQTT: Publish failed
I (96662) CMD_U0: waiting for pending UART response ch=8 before next command
E (96683) MQTT: Publish failed
W (96683) TRANSPORT: No transport connected for broadcast
I (96683) CMD_U0: waiting for pending UART response ch=8 before next command
W (96683) MSG: Broadcast failed, falling back to MQTT
E (96684) MQTT: Publish failed
E (96703) MQTT: Publish failed
W (96703) TRANSPORT: No transport connected for broadcast
W (96703) MSG: Broadcast failed, falling back to MQTT
E (96704) MQTT: I (96704) CMD_U0: waiting for pending UART response ch=8 before next command
Publish failed
E (96724) MQTT: E (96724) MQTT: Publish failed
I (96725) CMD_U0: waiting for pending UART response ch=8 before next command
W (96725) TRANSPORT: No transport connected for broadcast
Publish failed
W (96725) MSG: Broadcast failed, falling back to MQTT
E (96726) MQTT: Publish failed
W (96726) TRANSPORT: No transport connected for broadcast
W (96726) MSG: Broadcast failed, falling back to MQTT
E (96726) MQTT: Publish failed
E (96744) MQTT: Publish failed
W (96744) TRANSPORT: No transport connected for broadcast
W (96744) MSG: Broadcast failed, falling back to MQTT
I (96745) CMD_U0: E (96745) MQTT: waiting for pending UART response ch=8 before next command
Publish failed
E (96764) MQTT: Publish failed
W (96764) TRANSPORT: No transport connected for broadcast
W (96764) MSG: Broadcast failed, falling back to MQTT
E (96765) MQTT: I (96765) CMD_U0: Publish failedwaiting for pending UART response ch=8 before next command

E (96785) MQTT: Publish failed
W (96785) TRANSPORT: No transport connected for broadcast
W (96785) MSG: Broadcast failed, falling back to MQTT
E (96786) MQTT: Publish failed
I (96790) CMD_U0: waiting for pending UART response ch=8 before next command
I (96810) CMD_U0: waiting for pending UART response ch=8 before next command
I (96830) CMD_U0: waiting for pending UART response ch=8 before next command
I (96851) CMD_U0: waiting for pending UART response ch=8 before next command
I (96871) CMD_U0: waiting for pending UART response ch=8 before next command
I (96892) CMD_U0: waiting for pending UART response ch=8 before next command
I (96912) CMD_U0: waiting for pending UART response ch=8 before next command
I (96933) CMD_U0: waiting for pending UART response ch=8 before next command
I (96953) CMD_U0: waiting for pending UART response ch=8 before next command
I (96973) CMD_U0: waiting for pending UART response ch=8 before next command
I (96998) CMD_U0: waiting for pending UART response ch=8 before next command
I (97019) CMD_U0: waiting for pending UART response ch=8 before next command
I (97039) CMD_U0: waiting for pending UART response ch=8 before next command
I (97064) CMD_U0: waiting for pending UART response ch=8 before next command
I (97090) CMD_U0: waiting for pending UART response ch=8 before next command
I (97110) CMD_U0: waiting for pending UART response ch=8 before next command
I (97131) CMD_U0: waiting for pending UART response ch=8 before next command
W (97142) RX_TASK: RX timeout slot1 type=1 reqID=0 (1001ms)
I (97156) CMD_U0: waiting for pending UART response ch=8 before next command
I (97176) CMD_U0: waiting for pending UART response ch=8 before next command
I (97181) CMD_U1: waiting for pending UART response ch=9 before next command
I (97196) CMD_U0: waiting for pending UART response ch=8 before next command
I (97217) CMD_U0: waiting for pending UART response ch=8 before next command
I (97237) CMD_U0: waiting for pending UART response ch=8 before next command
I (97257) CMD_U0: waiting for pending UART response ch=8 before next command
I (97277) CMD_U0: waiting for pending UART response ch=8 before next command
I (97299) CMD_U0: waiting for pending UART response ch=8 before next command
I (97324) CMD_U0: waiting for pending UART response ch=8 before next command
I (97349) CMD_U0: waiting for pending UART response ch=8 before next command
I (97369) CMD_U0: waiting for pending UART response ch=8 before next command
I (97389) CMD_U0: waiting for pending UART response ch=8 before next command
I (97414) CMD_U0: waiting for pending UART response ch=8 before next command
I (97435) CMD_U0: waiting for pending UART response ch=8 before next command
I (97460) CMD_U0: waiting for pending UART response ch=8 before next command
I (97482) CMD_U0: waiting for pending UART response ch=8 before next command
I (97508) CMD_U0: waiting for pending UART response ch=8 before next command
I (97533) CMD_U0: waiting for pending UART response ch=8 before next command
I (97558) CMD_U0: waiting for pending UART response ch=8 before next command
I (97583) CMD_U0: waiting for pending UART response ch=8 before next command
I (97604) CMD_U0: waiting for pending UART response ch=8 before next command
I (97629) CMD_U0: waiting for pending UART response ch=8 before next command
I (97654) CMD_U0: waiting for pending UART response ch=8 before next command
I (97675) CMD_U0: waiting for pending UART response ch=8 before next command
I (97700) CMD_U0: waiting for pending UART response ch=8 before next command
I (97726) CMD_U0: waiting for pending UART response ch=8 before next command
I (97751) CMD_U0: waiting for pending UART response ch=8 before next command
I (97776) CMD_U0: waiting for pending UART response ch=8 before next command
I (97797) CMD_U0: waiting for pending UART response ch=8 before next command
I (97822) CMD_U0: waiting for pending UART response ch=8 before next command
I (97847) CMD_U0: waiting for pending UART response ch=8 before next command
I (97867) CMD_U0: waiting for pending UART response ch=8 before next command
I (97887) CMD_U0: waiting for pending UART response ch=8 before next command
I (97908) CMD_U0: waiting for pending UART response ch=8 before next command
I (97934) CMD_U0: waiting for pending UART response ch=8 before next command
 (97960) CMD_U0: waiting for pending UART response ch=8 before next command
 (97985) CMD_U0: waiting for pending UART response ch=8 before next command
 (98010) CMD_U0: waiting for pending UART response ch=8 before next command
 (98035) CMD_U0: waiting for pending UART response ch=8 before next command
I (98060) CMD_U0: waiting for pending UART response ch=8 before next command
I (98086) CMD_U0: waiting for pending UART response ch=8 before next command
I (98112) CMD_U0: waiting for pending UART response ch=8 before next command
I (98138) CMD_U0: waiting for pending UART response ch=8 before next command
I (98163) CMD_U0: waiting for pending UART response ch=8 before next command
W (98165) RX_TASK: RX timeout slot1 type=1 reqID=0 (1001ms)
I (98183) CMD_U1: waiting for pending UART response ch=9 before next command
I (98188) CMD_U0: waiting for pending UART response ch=8 before next command
I (98213) CMD_U0: waiting for pending UART response ch=8 before next command
I (98238) CMD_U0: waiting for pending UART response ch=8 before next command
I (98264) CMD_U0: waiting for pending UART response ch=8 before next command
I (98289) CMD_U0: waiting for pending UART response ch=8 before next command
I (98314) CMD_U0: waiting for pending UART response ch=8 before next command
I (98340) CMD_U0: waiting for pending UART response ch=8 before next command
E (98362) MQTT: Publish failed
W (98362) TRANSPORT: No transport connected for broadcast
W (98362) MSG: Broadcast failed, falling back to MQTT
E (98363) MQTT: Publish failed
I (98366) CMD_U0: waiting for pending UART response ch=8 before next command
E (98388) MQTT: Publish failed
W (98388) TRANSPORT: No transport connected for broadcast
W (98388) MSG: Broadcast failed, falling back to MQTT
E (98389) MQTT: Publish failed
I (98392) CMD_U0: waiting for pending UART response ch=8 before next command
E (98413) MQTT: Publish failed
W (98413) TRANSPORT: No transport connected for broadcast
I (98413) CMD_U0: waiting for pending UART response ch=8 before next command
W (98413) MSG: Broadcast failed, falling back to MQTT
E (98414) MQTT: Publish failed
E (98433) MQTT: Publish failed
W (98433) TRANSPORT: No transport connected for broadcast
W (98433) MSG: Broadcast failed, falling back to MQTT
E (98434) MQTT: Publish failed
I (98434) CMD_U0: waiting for pending UART response ch=8 before next command
E (98454) MQTT: Publish failed
W (98454) TRANSPORT: No transport connected for broadcast
W (98454) MSG: Broadcast failed, falling back to MQTT
E (98455) MQTT: I (98455) CMD_U0: waiting for pending UART response ch=8 before next command
Publish failed
E (98474) MQTT: Publish failed
W (98474) TRANSPORT: No transport connected for broadcast
W (98474) MSG: Broadcast failed, falling back to MQTT
I (98475) CMD_U0: waiting for pending UART response ch=8 before next command
E (98475) MQTT: Publish failed
E (98494) MQTT: Publish failed
W (98494) TRANSPORT: No transport connected for broadcast
W (98494) MSG: Broadcast failed, falling back to MQTT
E (98495) MQTT: I (98495) CMD_U0: Publish failedwaiting for pending UART response ch=8 before next command

E (98515) MQTT: Publish failed
W (98515) TRANSPORT: No transport connected for broadcast
W (98515) MSG: Broadcast failed, falling back to MQTT
E (98516) MQTT: Publish failed
I (98520) CMD_U0: waiting for pending UART response ch=8 before next command
I (98542) CMD_U0: waiting for pending UART response ch=8 before next command
E (98543) MQTT: Publish failed
W (98543) TRANSPORT: No transport connected for broadcast
W (98543) MSG: Broadcast failed, falling back to MQTT
E (98543) MQTT: Publish failed
I (98567) CMD_U0: waiting for pending UART response ch=8 before next command
I (98592) CMD_U0: waiting for pending UART response ch=8 before next command
E (98611) MQTT: Publish failed
W (98611) TRANSPORT: No transport connected for broadcast
W (98611) MSG: Broadcast failed, falling back to MQTT
E (98612) MQTT: Publish failed
I (98613) CMD_U0: waiting for pending UART response ch=8 before next command
E (98636) MQTT: Publish failed
W (98636) TRANSPORT: No transport connected for broadcast
W (98636) MSG: Broadcast failed, falling back to MQTT
E (98637) MQTT: Publish failed
I (98639) CMD_U0: waiting for pending UART response ch=8 before next command
E (98662) MQTT: Publish failed
W (98662) TRANSPORT: No transport connected for broadcast
W (98662) MSG: Broadcast failed, falling back to MQTT
E (98663) MQTT: Publish failed
I (98665) CMD_U0: waiting for pending UART response ch=8 before next command
E (98687) MQTT: Publish failed
W (98687) TRANSPORT: No transport connected for broadcast
W (98687) MSG: Broadcast failed, falling back to MQTT
E (98688) MQTT: Publish failed
I (98691) CMD_U0: waiting for pending UART response ch=8 before next command
E (98712) MQTT: Publish failed
W (98712) TRANSPORT: No transport connected for broadcast
I (98712) CMD_U0: waiting for pending UART response ch=8 before next command
W (98712) MSG: Broadcast failed, falling back to MQTT
E (98713) MQTT: Publish failed
E (98731) MQTT: Publish failed
W (98731) TRANSPORT: No transport connected for broadcast
W (98732) MSG: Broadcast failed, falling back to MQTT
E (98732) MQTT: Publish failed
E (98733) MQTT: Publish failed
W (98733) TRANSPORT: No transport connected for broadcast
W (98733) MSG: Broadcast failed, falling back to MQTT
E (98734) MQTT: Publish failed
I (98738) CMD_U0: waiting for pending UART response ch=8 before next command
E (98758) MQTT: Publish failed
W (98758) TRANSPORT: No transport connected for broadcast
I (98758) CMD_U0: W (98758) MSG: waiting for pending UART response ch=8 before next command
Broadcast failed, falling back to MQTT
E (98759) MQTT: Publish failed
E (98778) MQTT: Publish failed
W (98778) TRANSPORT: No transport connected for broadcast
W (98778) MSG: Broadcast failed, falling back to MQTT
I (98779) CMD_U0: waiting for pending UART response ch=8 before next command
E (98779) MQTT: Publish failed
E (98798) MQTT: Publish failed
W (98798) TRANSPORT: No transport connected for broadcast
W (98798) MSG: Broadcast failed, falling back to MQTT
I (98799) CMD_U0: E (98799) MQTT: waiting for pending UART response ch=8 before next command
Publish failed
E (98819) MQTT: Publish failed
W (98819) TRANSPORT: No transport connected for broadcast
W (98819) MSG: Broadcast failed, falling back to MQTT
E (98820) MQTT: Publish failed
I (98824) CMD_U0: waiting for pending UART response ch=8 before next command
E (98844) MQTT: Publish failed
W (98844) TRANSPORT: No transport connected for broadcast
W (98844) MSG: Broadcast failed, falling back to MQTT
E (98845) MQTT: Publish failed
I (98845) CMD_U0: waiting for pending UART response ch=8 before next command
E (98864) MQTT: Publish failed
W (98864) TRANSPORT: No transport connected for broadcast
W (98864) MSG: Broadcast failed, falling back to MQTT
E (98865) MQTT: Publish failed
I (98866) CMD_U0: waiting for pending UART response ch=8 before next command
E (98885) MQTT: Publish failed
W (98885) TRANSPORT: No transport connected for broadcast
W (98885) MSG: Broadcast failed, falling back to MQTT
E (98886) MQTT: Publish failed
I (98887) CMD_U0: waiting for pending UART response ch=8 before next command
E (98911) MQTT: Publish failed
W (98911) TRANSPORT: No transport connected for broadcast
W (98911) MSG: Broadcast failed, falling back to MQTT
E (98912) MQTT: I (98912) CMD_U0: waiting for pending UART response ch=8 before next command
Publish failed
E (98931) MQTT: Publish failed
W (98931) TRANSPORT: No transport connected for broadcast
W (98931) MSG: Broadcast failed, falling back to MQTT
E (98932) MQTT: I (98932) CMD_U0: Publish failedwaiting for pending UART response ch=8 before next command

E (98951) MQTT: Publish failed
W (98951) TRANSPORT: No transport connected for broadcast
W (98951) MSG: Broadcast failed, falling back to MQTT
E (98952) MQTT: Publish failed
I (98952) CMD_U0: waiting for pending UART response ch=8 before next command
E (98972) MQTT: Publish failed
W (98972) TRANSPORT: No transport connected for broadcast
W (98972) MSG: Broadcast failed, falling back to MQTT
E (98973) MQTT: Publish failed
I (98977) CMD_U0: waiting for pending UART response ch=8 before next command
E (98998) MQTT: Publish failed
W (98998) TRANSPORT: No transport connected for broadcast
I (98999) CMD_U0: waiting for pending UART response ch=8 before next command
W (98999) MSG: Broadcast failed, falling back to MQTT
E (98999) MQTT: Publish failed
E (99022) MQTT: Publish failed
W (99022) TRANSPORT: No transport connected for broadcast
W (99022) MSG: Broadcast failed, falling back to MQTT
E (99023) MQTT: Publish failed
I (99024) CMD_U0: waiting for pending UART response ch=8 before next command
E (99043) MQTT: Publish failed
W (99043) TRANSPORT: No transport connected for broadcast
W (99043) MSG: Broadcast failed, falling back to MQTT
E (99044) MQTT: Publish failed
I (99045) CMD_U0: waiting for pending UART response ch=8 before next command
E (99068) MQTT: Publish failed
W (99068) TRANSPORT: No transport connected for broadcast
W (99068) MSG: Broadcast failed, falling back to MQTT
E (99069) MQTT: Publish failed
I (99070) CMD_U0: waiting for pending UART response ch=8 before next command
E (99093) MQTT: Publish failed
W (99093) TRANSPORT: No transport connected for broadcast
W (99093) MSG: Broadcast failed, falling back to MQTT
E (99094) MQTT: Publish failed
I (99096) CMD_U0: waiting for pending UART response ch=8 before next command
E (99119) MQTT: Publish failed
W (99119) TRANSPORT: No transport connected for broadcast
W (99119) MSG: Broadcast failed, falling back to MQTT
E (99120) MQTT: Publish failed
I (99121) CMD_U0: waiting for pending UART response ch=8 before next command
E (99140) MQTT: Publish failed
W (99140) TRANSPORT: No transport connected for broadcast
W (99140) MSG: Broadcast failed, falling back to MQTT
E (99141) MQTT: Publish failed
I (99142) CMD_U0: waiting for pending UART response ch=8 before next command
E (99165) MQTT: Publish failed
W (99165) TRANSPORT: No transport connected for broadcast
W (99165) MSG: Broadcast failed, falling back to MQTT
E (99166) MQTT: Publish failed
W (99167) RX_TASK: RX timeout slot1 type=1 reqID=0 (1001ms)
E (99167) MQTT: Publish failed
W (99168) TRANSPORT: No transport connected for broadcast
I (99168) CMD_U0: waiting for pending UART response ch=8 before next command
W (99168) MSG: Broadcast failed, falling back to MQTT
E (99169) MQTT: Publish failed
I (99185) CMD_U1: waiting for pending UART response ch=9 before next command
E (99191) MQTT: Publish failed
W (99191) TRANSPORT: No transport connected for broadcast
W (99191) MSG: Broadcast failed, falling back to MQTT
E (99192) MQTT: Publish failed
I (99193) CMD_U0: waiting for pending UART response ch=8 before next command
E (99212) MQTT: Publish failed
W (99212) TRANSPORT: No transport connected for broadcast
W (99212) MSG: Broadcast failed, falling back to MQTT
E (99213) MQTT: Publish failed
I (99214) CMD_U0: waiting for pending UART response ch=8 before next command
E (99238) MQTT: Publish failed
W (99238) TRANSPORT: No transport connected for broadcast
W (99238) MSG: Broadcast failed, falling back to MQTT
E (99239) MQTT: Publish failed
I (99240) CMD_U0: waiting for pending UART response ch=8 before next command
E (99263) MQTT: Publish failed
W (99263) TRANSPORT: No transport connected for broadcast
W (99263) MSG: Broadcast failed, falling back to MQTT
E (99264) MQTT: Publish failed
I (99266) CMD_U0: waiting for pending UART response ch=8 before next command
E (99288) MQTT: Publish failed
W (99288) TRANSPORT: No transport connected for broadcast
W (99288) MSG: Broadcast failed, falling back to MQTT
E (99289) MQTT: Publish failed
I (99291) CMD_U0: waiting for pending UART response ch=8 before next command
E (99314) MQTT: Publish failed
W (99314) TRANSPORT: No transport connected for broadcast
W (99314) MSG: Broadcast failed, falling back to MQTT
E (99315) MQTT: Publish failed
I (99316) CMD_U0: waiting for pending UART response ch=8 before next command
E (99335) MQTT: Publish failed
W (99335) TRANSPORT: No transport connected for broadcast
W (99335) MSG: Broadcast failed, falling back to MQTT
E (99336) MQTT: Publish failed
I (99337) CMD_U0: waiting for pending UART response ch=8 before next command
E (99360) MQTT: Publish failed
W (99360) TRANSPORT: No transport connected for broadcast
W (99360) MSG: Broadcast failed, falling back to MQTT
E (99361) MQTT: Publish failed
I (99363) CMD_U0: waiting for pending UART response ch=8 before next command
E (99386) MQTT: Publish failed
W (99386) TRANSPORT: No transport connected for broadcast
W (99386) MSG: Broadcast failed, falling back to MQTT
E (99387) MQTT: Publish failed
I (99390) CMD_U0: waiting for pending UART response ch=8 before next command
E (99411) MQTT: Publish failed
W (99411) TRANSPORT: No transport connected for broadcast
W (99411) MSG: Broadcast failed, falling back to MQTT
E (99412) MQTT: Publish failed
I (99415) CMD_U0: waiting for pending UART response ch=8 before next command
E (99436) MQTT: Publish failed
W (99436) TRANSPORT: No transport connected for broadcastI (99436) CMD_U0: waiting for pending UART response ch=8 before next command

W (99437) MSG: Broadcast failed, falling back to MQTT
E (99437) MQTT: Publish failed
E (99457) MQTT: Publish failed
W (99457) TRANSPORT: No transport connected for broadcast
W (99457) MSG: Broadcast failed, falling back to MQTT
E (99458) MQTT: Publish failed
I (99462) CMD_U0: waiting for pending UART response ch=8 before next command
E (99482) MQTT: Publish failed
W (99482) TRANSPORT: No transport connected for broadcast
W (99482) MSG: Broadcast failed, falling back to MQTT
E (99483) MQTT: Publish failed
I (99483) CMD_U0: waiting for pending UART response ch=8 before next command
E (99502) MQTT: Publish failed
W (99502) TRANSPORT: No transport connected for broadcast
W (99502) MSG: Broadcast failed, falling back to MQTT
E (99503) MQTT: Publish failed
I (99504) CMD_U0: waiting for pending UART response ch=8 before next command
E (99523) MQTT: Publish failed
W (99523) TRANSPORT: No transport connected for broadcast
W (99523) MSG: Broadcast failed, falling back to MQTT
E (99524) MQTT: Publish failed
I (99524) CMD_U0: waiting for pending UART response ch=8 before next command
E (99543) MQTT: Publish failed
W (99543) TRANSPORT: No transport connected for broadcast
W (99543) MSG: Broadcast failed, falling back to MQTT
E (99544) MQTT: Publish failed
I (99545) CMD_U0: waiting for pending UART response ch=8 before next command
E (99561) MQTT: Publish failed
W (99561) TRANSPORT: No transport connected for broadcast
W (99561) MSG: Broadcast failed, falling back to MQTT
E (99562) MQTT: Publish failed
E (99568) MQTT: Publish failed
W (99569) TRANSPORT: No transport connected for broadcast
W (99569) MSG: Broadcast failed, falling back to MQTT
E (99569) MQTT: Publish failed
I (99570) CMD_U0: waiting for pending UART response ch=8 before next command
I (99595) CMD_U0: waiting for pending UART response ch=8 before next command
I (99620) CMD_U0: waiting for pending UART response ch=8 before next command
I (99641) CMD_U0: waiting for pending UART response ch=8 before next command
I (99667) CMD_U0: waiting for pending UART response ch=8 before next command
I (99692) CMD_U0: waiting for pending UART response ch=8 before next command
I (99717) CMD_U0: waiting for pending UART response ch=8 before next command
I (99743) CMD_U0: waiting for pending UART response ch=8 before next command
I (99768) CMD_U0: waiting for pending UART response ch=8 before next command
I (99793) CMD_U0: waiting for pending UART response ch=8 before next command
I (99818) CMD_U0: waiting for pending UART response ch=8 before next command
I (99838) CMD_U0: waiting for pending UART response ch=8 before next command
I (99858) CMD_U0: waiting for pending UART response ch=8 before next command
I (99888) CMD_U0: waiting for pending UART response ch=8 before next command
I (99909) CMD_U0: waiting for pending UART response ch=8 before next command
I (99934) CMD_U0: waiting for pending UART response ch=8 before next command
I (99959) CMD_U0: waiting for pending UART response ch=8 before next command
I (99980) CMD_U0: waiting for pending UART response ch=8 before next command
I (100000) CMD_U0: waiting for pending UART response ch=8 before next command
I (100021) CMD_U0: waiting for pending UART response ch=8 before next command
I (100041) CMD_U0: waiting for pending UART response ch=8 before next command
 (100062) CMD_U0: waiting for pending UART response ch=8 before next command
 (100088) CMD_U0: waiting for pending UART response ch=8 before next command
I (100113) CMD_U0: waiting for pending UART response ch=8 before next command
I (100138) CMD_U0: waiting for pending UART response ch=8 before next command
I (100163) CMD_U0: waiting for pending UART response ch=8 before next command
W (100169) RX_TASK: RX timeout slot1 type=1 reqID=0 (1001ms)
I (100184) CMD_U0: waiting for pending UART response ch=8 before next command
I (100208) CMD_U1: waiting for pending UART response ch=9 before next command
I (100210) CMD_U0: waiting for pending UART response ch=8 before next command
I (100235) CMD_U0: waiting for pending UART response ch=8 before next command
I (100261) CMD_U0: waiting for pending UART response ch=8 before next command
I (100286) CMD_U0: waiting for pending UART response ch=8 before next command
I (100311) CMD_U0: waiting for pending UART response ch=8 before next command
I (100336) CMD_U0: waiting for pending UART response ch=8 before next command
I (100361) CMD_U0: waiting for pending UART response ch=8 before next command
I (100386) CMD_U0: waiting for pending UART response ch=8 before next command
E (100411) MQTT: Publish failed
W (100411) TRANSPORT: No transport connected for broadcast
I (100412) CMD_U0: waiting for pending UART response ch=8 before next command
W (100412) MSG: Broadcast failed, falling back to MQTT
E (100412) MQTT: Publish failed
E (100431) MQTT: Publish failed
W (100431) TRANSPORT: No transport connected for broadcast
W (100431) MSG: Broadcast failed, falling back to MQTT
I (100432) CMD_U0: waiting for pending UART response ch=8 before next command
E (100432) MQTT: Publish failed
E (100451) MQTT: Publish failed
W (100451) TRANSPORT: No transport connected for broadcast
W (100451) MSG: Broadcast failed, falling back to MQTT
E (100452) MQTT: I (100452) CMD_U0: waiting for pending UART response ch=8 before next command
Publish failed
E (100472) MQTT: Publish failed
W (100472) TRANSPORT: No transport connected for broadcast
W (100472) MSG: Broadcast failed, falling back to MQTT
E (100473) MQTT: Publish failed
I (100477) CMD_U0: waiting for pending UART response ch=8 before next command
E (100497) MQTT: Publish failed
W (100497) TRANSPORT: No transport connected for broadcast
W (100497) MSG: Broadcast failed, falling back to MQTT
E (100498) MQTT: I (100498) CMD_U0: waiting for pending UART response ch=8 before next command
Publish failed
E (100517) MQTT: Publish failed
W (100517) TRANSPORT: No transport connected for broadcast
W (100517) MSG: Broadcast failed, falling back to MQTT
I (100518) CMD_U0: waiting for pending UART response ch=8 before next command
E (100518) MQTT: Publish failed
E (100537) MQTT: Publish failed
W (100537) TRANSPORT: No transport connected for broadcast
W (100537) MSG: Broadcast failed, falling back to MQTT
I (100538) CMD_U0: waiting for pending UART response ch=8 before next command
E (100538) MQTT: Publish failed
E (100558) MQTT: Publish failed
W (100558) TRANSPORT: No transport connected for broadcast
W (100558) MSG: Broadcast failed, falling back to MQTT
E (100559) MQTT: Publish failed
E (100561) MQTT: Publish failed
W (100561) TRANSPORT: No transport connected for broadcast
W (100561) MSG: Broadcast failed, falling back to MQTT
E (100561) MQTT: Publish failed
I (100563) CMD_U0: waiting for pending UART response ch=8 before next command
E (100583) MQTT: Publish failed
W (100583) TRANSPORT: No transport connected for broadcast
W (100583) MSG: Broadcast failed, falling back to MQTT
I (100584) CMD_U0: E (100584) MQTT: waiting for pending UART response ch=8 before next command
Publish failed
E (100603) MQTT: Publish failed
W (100603) TRANSPORT: No transport connected for broadcast
W (100603) MSG: Broadcast failed, falling back to MQTT
E (100604) MQTT: Publish failed
I (100604) CMD_U0: waiting for pending UART response ch=8 before next command
E (100629) MQTT: Publish failed
W (100629) TRANSPORT: No transport connected for broadcast
W (100629) MSG: Broadcast failed, falling back to MQTT
E (100630) MQTT: Publish failed
I (100630) CMD_U0: waiting for pending UART response ch=8 before next command
E (100649) MQTT: Publish failed
W (100649) TRANSPORT: No transport connected for broadcast
W (100649) MSG: Broadcast failed, falling back to MQTT
E (100650) MQTT: Publish failed
I (100651) CMD_U0: waiting for pending UART response ch=8 before next command
E (100674) MQTT: Publish failed
W (100674) TRANSPORT: No transport connected for broadcast
W (100674) MSG: Broadcast failed, falling back to MQTT
E (100675) MQTT: Publish failed
I (100676) CMD_U0: waiting for pending UART response ch=8 before next command
E (100700) MQTT: Publish failed
W (100700) TRANSPORT: No transport connected for broadcast
W (100700) MSG: Broadcast failed, falling back to MQTT
E (100701) MQTT: Publish failed
I (100702) CMD_U0: waiting for pending UART response ch=8 before next command
E (100725) MQTT: Publish failed
W (100725) TRANSPORT: No transport connected for broadcast
W (100725) MSG: Broadcast failed, falling back to MQTT
E (100726) MQTT: Publish failed
I (100728) CMD_U0: waiting for pending UART response ch=8 before next command
E (100741) MQTT: Publish failed
W (100742) TRANSPORT: No transport connected for broadcast
W (100742) MSG: Broadcast failed, falling back to MQTT
E (100742) MQTT: Publish failed
E (100750) MQTT: Publish failed
W (100750) TRANSPORT: No transport connected for broadcast
W (100750) MSG: Broadcast failed, falling back to MQTT
E (100751) MQTT: Publish failed
I (100753) CMD_U0: waiting for pending UART response ch=8 before next command
E (100775) MQTT: Publish failed
W (100775) TRANSPORT: No transport connected for broadcast
W (100775) MSG: Broadcast failed, falling back to MQTT
E (100776) MQTT: Publish failed
I (100779) CMD_U0: waiting for pending UART response ch=8 before next command
E (100801) MQTT: Publish failed
W (100801) TRANSPORT: No transport connected for broadcast
W (100801) MSG: Broadcast failed, falling back to MQTT
E (100802) MQTT: Publish failed
I (100805) CMD_U0: waiting for pending UART response ch=8 before next command
E (100826) MQTT: Publish failed
W (100826) TRANSPORT: No transport connected for broadcast
W (100826) MSG: Broadcast failed, falling back to MQTT
E (100827) MQTT: Publish failed
I (100830) CMD_U0: waiting for pending UART response ch=8 before next command
E (100851) MQTT: Publish failed
W (100851) TRANSPORT: No transport connected for broadcast
W (100851) MSG: Broadcast failed, falling back to MQTT
E (100852) MQTT: Publish failed
I (100855) CMD_U0: waiting for pending UART response ch=8 before next command
E (100877) MQTT: Publish failed
W (100877) TRANSPORT: No transport connected for broadcast
W (100877) MSG: Broadcast failed, falling back to MQTT
E (100878) MQTT: Publish failed
I (100881) CMD_U0: waiting for pending UART response ch=8 before next command
E (100902) MQTT: Publish failed
W (100902) TRANSPORT: No transport connected for broadcast
W (100902) MSG: Broadcast failed, falling back to MQTT
E (100903) MQTT: Publish failed
I (100907) CMD_U0: waiting for pending UART response ch=8 before next command
E (100927) MQTT: Publish failed
W (100927) TRANSPORT: No transport connected for broadcast
W (100927) MSG: Broadcast failed, falling back to MQTT
E (100928) MQTT: Publish failed
I (100932) CMD_U0: waiting for pending UART response ch=8 before next command
I (100958) CMD_U0: waiting for pending UART response ch=8 before next command
I (100983) CMD_U0: waiting for pending UART response ch=8 before next command
I (100998) SCHEDULER: Stats: samples=436 full=570 min_free=2
I (101008) CMD_U0: waiting for pending UART response ch=8 before next command
I (101033) CMD_U0: waiting for pending UART response ch=8 before next command
I (101059) CMD_U0: waiting for pending UART response ch=8 before next command
I (101086) CMD_U0: waiting for pending UART response ch=8 before next command
I (101107) CMD_U0: waiting for pending UART response ch=8 before next command
I (101132) CMD_U0: waiting for pending UART response ch=8 before next command
I (101157) CMD_U0: waiting for pending UART response ch=8 before next command
I (101182) CMD_U0: waiting for pending UART response ch=8 before next command
W (101193) RX_TASK: RX timeout slot1 type=1 reqID=0 (1002ms)
I (101207) CMD_U0: waiting for pending UART response ch=8 before next command
I (101211) CMD_U1: waiting for pending UART response ch=9 before next command
I (101233) CMD_U0: waiting for pending UART response ch=8 before next command
I (101259) CMD_U0: waiting for pending UART response ch=8 before next command
I (101284) CMD_U0: waiting for pending UART response ch=8 before next command
I (101310) CMD_U0: waiting for pending UART response ch=8 before next command
I (101336) CMD_U0: waiting for pending UART response ch=8 before next command
I (101361) CMD_U0: waiting for pending UART response ch=8 before next command
I (101386) CMD_U0: waiting for pending UART response ch=8 before next command
I (101412) CMD_U0: waiting for pending UART response ch=8 before next command
I (101438) CMD_U0: waiting for pending UART response ch=8 before next command
I (101464) CMD_U0: waiting for pending UART response ch=8 before next command
I (101489) CMD_U0: waiting for pending UART response ch=8 before next command
I (101514) CMD_U0: waiting for pending UART response ch=8 before next command
I (101540) CMD_U0: waiting for pending UART response ch=8 before next command
I (101566) CMD_U0: waiting for pending UART response ch=8 before next command
I (101588) CMD_U0: waiting for pending UART response ch=8 before next command
I (101608) CMD_U0: waiting for pending UART response ch=8 before next command
I (101628) CMD_U0: waiting for pending UART response ch=8 before next command
I (101648) CMD_U0: waiting for pending UART response ch=8 before next command
I (101678) CMD_U0: waiting for pending UART response ch=8 before next command
I (101703) CMD_U0: waiting for pending UART response ch=8 before next command
I (101724) CMD_U0: waiting for pending UART response ch=8 before next command
I (101745) CMD_U0: waiting for pending UART response ch=8 before next command
I (101770) CMD_U0: waiting for pending UART response ch=8 before next command
I (101791) CMD_U0: waiting for pending UART response ch=8 before next command
I (101817) CMD_U0: waiting for pending UART response ch=8 before next command
I (101843) CMD_U0: waiting for pending UART response ch=8 before next command
I (101868) CMD_U0: waiting for pending UART response ch=8 before next command
I (101893) CMD_U0: waiting for pending UART response ch=8 before next command
I (101918) CMD_U0: waiting for pending UART response ch=8 before next command
I (101943) CMD_U0: waiting for pending UART response ch=8 before next command
I (101963) CMD_U0: waiting for pending UART response ch=8 before next command
I (101988) CMD_U0: waiting for pending UART response ch=8 before next command
I (102009) CMD_U0: waiting for pending UART response ch=8 before next command
I (102030) CMD_U0: waiting for pending UART response ch=8 before next command
I (102050) CMD_U0: waiting for pending UART response ch=8 before next command
I (102070) CMD_U0: waiting for pending UART response ch=8 before next command
I (102090) CMD_U0: waiting for pending UART response ch=8 before next command
I (102111) CMD_U0: waiting for pending UART response ch=8 before next command
I (102136) CMD_U0: waiting for pending UART response ch=8 before next command
I (102162) CMD_U0: waiting for pending UART response ch=8 before next command
I (102188) CMD_U0: waiting for pending UART response ch=8 before next command
W (102195) RX_TASK: RX timeout slot1 type=1 reqID=0 (1001ms)
I (102213) CMD_U1: waiting for pending UART response ch=9 before next command
I (102214) CMD_U0: waiting for pending UART response ch=8 before next command
I (102240) CMD_U0: waiting for pending UART response ch=8 before next command
I (102266) CMD_U0: waiting for pending UART response ch=8 before next command
I (102291) CMD_U0: waiting for pending UART response ch=8 before next command
I (102316) CMD_U0: waiting for pending UART response ch=8 before next command
I (102342) CMD_U0: waiting for pending UART response ch=8 before next command
I (102364) RX_TASK: Stats: events=425 completions=435 report_drop=0 report_q_high=2
I (102367) CMD_U0: waiting for pending UART response ch=8 before next command
I (102393) CMD_U0: Stats: txn=425 err=0 (100%) no_ctx=0
I (102393) CMD_U0: waiting for pending UART response ch=8 before next command
I (102418) CMD_U0: waiting for pending UART response ch=8 before next command
E (102440) MQTT: Publish failed
W (102440) TRANSPORT: No transport connected for broadcast
W (102440) MSG: Broadcast failed, falling back to MQTT
E (102441) MQTT: Publish failed
I (102443) CMD_U0: waiting for pending UART response ch=8 before next command
E (102466) MQTT: Publish failed
W (102466) TRANSPORT: No transport connected for broadcast
W (102466) MSG: Broadcast failed, falling back to MQTT
E (102467) MQTT: Publish failed
I (102469) CMD_U0: waiting for pending UART response ch=8 before next command
E (102491) MQTT: Publish failed
W (102491) TRANSPORT: No transport connected for broadcast
W (102491) MSG: Broadcast failed, falling back to MQTT
E (102492) MQTT: Publish failed
I (102494) CMD_U0: waiting for pending UART response ch=8 before next command
E (102517) MQTT: Publish failed
W (102517) TRANSPORT: No transport connected for broadcast
W (102517) MSG: Broadcast failed, falling back to MQTT
E (102518) MQTT: Publish failed
I (102520) CMD_U0: waiting for pending UART response ch=8 before next command
E (102542) MQTT: Publish failed
W (102542) TRANSPORT: No transport connected for broadcast
W (102542) MSG: Broadcast failed, falling back to MQTT
E (102543) MQTT: Publish failed
I (102546) CMD_U0: waiting for pending UART response ch=8 before next command
E (102561) MQTT: Publish failed
W (102561) TRANSPORT: No transport connected for broadcast
W (102561) MSG: Broadcast failed, falling back to MQTT
E (102562) MQTT: Publish failed
E (102567) MQTT: Publish failed
W (102567) TRANSPORT: No transport connected for broadcast
W (102567) MSG: Broadcast failed, falling back to MQTT
E (102568) MQTT: Publish failed
I (102572) CMD_U0: waiting for pending UART response ch=8 before next command
E (102593) MQTT: Publish failed
W (102594) TRANSPORT: No transport connected for broadcast
W (102594) MSG: Broadcast failed, falling back to MQTT
E (102594) MQTT: Publish failed
I (102597) CMD_U0: waiting for pending UART response ch=8 before next command
I (102622) CMD_U0: waiting for pending UART response ch=8 before next command
I (102648) CMD_U0: waiting for pending UART response ch=8 before next command
I (102673) CMD_U0: waiting for pending UART response ch=8 before next command
I (102699) CMD_U0: waiting for pending UART response ch=8 before next command
I (102725) CMD_U0: waiting for pending UART response ch=8 before next command
I (102746) CMD_U0: waiting for pending UART response ch=8 before next command
I (102771) CMD_U0: waiting for pending UART response ch=8 before next command
I (102791) CMD_U0: waiting for pending UART response ch=8 before next command
I (102811) CMD_U0: waiting for pending UART response ch=8 before next command
I (102837) CMD_U0: waiting for pending UART response ch=8 before next command
I (102862) CMD_U0: waiting for pending UART response ch=8 before next command
I (102883) CMD_U0: waiting for pending UART response ch=8 before next command
I (102904) CMD_U0: waiting for pending UART response ch=8 before next command
I (102930) CMD_U0: waiting for pending UART response ch=8 before next command
I (102955) CMD_U0: waiting for pending UART response ch=8 before next command
I (102981) CMD_U0: waiting for pending UART response ch=8 before next command
I (103006) CMD_U0: waiting for pending UART response ch=8 before next command
I (103032) CMD_U0: waiting for pending UART response ch=8 before next command
I (103057) CMD_U0: waiting for pending UART response ch=8 before next command
I (103084) CMD_U0: waiting for pending UART response ch=8 before next command
I (103109) CMD_U0: waiting for pending UART response ch=8 before next command
I (103135) CMD_U0: waiting for pending UART response ch=8 before next command
I (103160) CMD_U0: waiting for pending UART response ch=8 before next command
I (103186) CMD_U0: waiting for pending UART response ch=8 before next command
W (103197) RX_TASK: RX timeout slot1 type=1 reqID=0 (1001ms)
I (103211) CMD_U0: waiting for pending UART response ch=8 before next command
I (103215) CMD_U1: waiting for pending UART response ch=9 before next command
I (103237) CMD_U0: waiting for pending UART response ch=8 before next command
I (103258) CMD_U0: waiting for pending UART response ch=8 before next command
I (103279) CMD_U0: waiting for pending UART response ch=8 before next command
I (103304) CMD_U0: waiting for pending UART response ch=8 before next command
I (103329) CMD_U0: waiting for pending UART response ch=8 before next command
I (103351) CMD_U0: waiting for pending UART response ch=8 before next command
I (103371) CMD_U0: waiting for pending UART response ch=8 before next command
I (103397) CMD_U0: waiting for pending UART response ch=8 before next command
I (103423) CMD_U0: waiting for pending UART response ch=8 before next command
I (103448) CMD_U0: waiting for pending UART response ch=8 before next command
I (103473) CMD_U0: waiting for pending UART response ch=8 before next command
I (103494) CMD_U0: waiting for pending UART response ch=8 before next command
I (103519) CMD_U0: waiting for pending UART response ch=8 before next command
I (103544) CMD_U0: waiting for pending UART response ch=8 before next command
I (103569) CMD_U0: waiting for pending UART response ch=8 before next command
I (103594) CMD_U0: waiting for pending UART response ch=8 before next command
I (103619) CMD_U0: waiting for pending UART response ch=8 before next command
I (103644) CMD_U0: waiting for pending UART response ch=8 before next command
I (103665) CMD_U0: waiting for pending UART response ch=8 before next command
I (103685) CMD_U0: waiting for pending UART response ch=8 before next command
I (103706) CMD_U0: waiting for pending UART response ch=8 before next command
I (103726) CMD_U0: waiting for pending UART response ch=8 before next command
I (103752) CMD_U0: waiting for pending UART response ch=8 before next command
I (103772) CMD_U0: waiting for pending UART response ch=8 before next command
I (103798) CMD_U0: waiting for pending UART response ch=8 before next command
I (103823) CMD_U0: waiting for pending UART response ch=8 before next command
I (103848) CMD_U0: waiting for pending UART response ch=8 before next command
I (103873) CMD_U0: waiting for pending UART response ch=8 before next command
I (103898) CMD_U0: waiting for pending UART response ch=8 before next command
I (103919) CMD_U0: waiting for pending UART response ch=8 before next command
I (103944) CMD_U0: waiting for pending UART response ch=8 before next command
I (103970) CMD_U0: waiting for pending UART response ch=8 before next command
I (103995) CMD_U0: waiting for pending UART response ch=8 before next command
I (104020) CMD_U0: waiting for pending UART response ch=8 before next command
I (104045) CMD_U0: waiting for pending UART response ch=8 before next command
I (104066) CMD_U0: waiting for pending UART response ch=8 before next command
E (104090) MQTT: Publish failed
W (104090) TRANSPORT: No transport connected for broadcast
W (104090) MSG: Broadcast failed, falling back to MQTT
E (104091) MQTT: Publish failed
I (104092) CMD_U0: waiting for pending UART response ch=8 before next command
E (104115) MQTT: Publish failed
W (104115) TRANSPORT: No transport connected for broadcast
W (104115) MSG: Broadcast failed, falling back to MQTT
E (104116) MQTT: Publish failed
I (104118) CMD_U0: waiting for pending UART response ch=8 before next command
141) MQTT: Publish failed
04141) TRANSPORT: No transport connected for broadcast
04141) MSG: Broadcast failed, falling back to MQTT
E (104142) MQTT: Publish failed
I (104144) CMD_U0: waiting for pending UART response ch=8 before next command
E (104166) MQTT: Publish failed
W (104166) TRANSPORT: No transport connected for broadcast
W (104166) MSG: Broadcast failed, falling back to MQTT
E (104167) MQTT: Publish failed
I (104169) CMD_U0: waiting for pending UART response ch=8 before next command
E (104192) MQTT: Publish failed
W (104192) TRANSPORT: No transport connected for broadcast
W (104192) MSG: Broadcast failed, falling back to MQTT
E (104193) MQTT: Publish failed
I (104195) CMD_U0: waiting for pending UART response ch=8 before next command
W (104199) RX_TASK: RX timeout slot1 type=1 reqID=0 (1001ms)
I (104217) CMD_U1: Stats: txn=10 err=0 (100%) no_ctx=0
E (104217) MQTT: Publish failed
I (104217) CMD_U1: waiting for pending UART response ch=9 before next command
W (104218) TRANSPORT: No transport connected for broadcast
W (104218) MSG: Broadcast failed, falling back to MQTT
E (104218) MQTT: Publish failed
I (104221) CMD_U0: waiting for pending UART response ch=8 before next command
E (104242) MQTT: Publish failed
W (104242) TRANSPORT: No transport connected for broadcast
W (104242) MSG: Broadcast failed, falling back to MQTT
E (104243) MQTT: Publish failed
I (104246) CMD_U0: waiting for pending UART response ch=8 before next command
E (104267) MQTT: Publish failed
W (104267) TRANSPORT: No transport connected for broadcast
W (104267) MSG: Broadcast failed, falling back to MQTT
E (104268) MQTT: Publish failed
I (104271) CMD_U0: waiting for pending UART response ch=8 before next command
I (104297) CMD_U0: waiting for pending UART response ch=8 before next command
I (104322) CMD_U0: waiting for pending UART response ch=8 before next command
I (104348) CMD_U0: waiting for pending UART response ch=8 before next command
I (104374) CMD_U0: waiting for pending UART response ch=8 before next command
I (104395) CMD_U0: waiting for pending UART response ch=8 before next command
I (104420) CMD_U0: waiting for pending UART response ch=8 before next command
I (104445) CMD_U0: waiting for pending UART response ch=8 before next command
I (104470) CMD_U0: waiting for pending UART response ch=8 before next command
I (104495) CMD_U0: waiting for pending UART response ch=8 before next command
I (104521) CMD_U0: waiting for pending UART response ch=8 before next command
I (104542) CMD_U0: waiting for pending UART response ch=8 before next command
I (104567) CMD_U0: waiting for pending UART response ch=8 before next command
E (104587) MQTT: Publish failed
W (104587) TRANSPORT: No transport connected for broadcast
I (104587) CMD_U0: waiting for pending UART response ch=8 before next command
W (104587) MSG: Broadcast failed, falling back to MQTT
E (104588) MQTT: Publish failed
E (104607) MQTT: Publish failed
W (104607) TRANSPORT: No transport connected for broadcast
W (104607) MSG: Broadcast failed, falling back to MQTT
E (104608) MQTT: Publish failed
I (104608) CMD_U0: waiting for pending UART response ch=8 before next command
E (104632) MQTT: Publish failed
W (104632) TRANSPORT: No transport connected for broadcast
W (104632) MSG: Broadcast failed, falling back to MQTT
E (104633) MQTT: Publish failed
I (104634) CMD_U0: waiting for pending UART response ch=8 before next command
E (104658) MQTT: Publish failed
W (104658) TRANSPORT: No transport connected for broadcast
W (104658) MSG: Broadcast failed, falling back to MQTT
I (104659) CMD_U0: E (104659) MQTT: waiting for pending UART response ch=8 before next command
Publish failed
E (104683) MQTT: Publish failed
W (104683) TRANSPORT: No transport connected for broadcast
W (104683) MSG: Broadcast failed, falling back to MQTT
I (104684) CMD_U0: waiting for pending UART response ch=8 before next command
E (104684) MQTT: Publish failed
E (104708) MQTT: Publish failed
W (104708) TRANSPORT: No transport connected for broadcast
W (104708) MSG: Broadcast failed, falling back to MQTT
E (104709) MQTT: I (104709) CMD_U0: waiting for pending UART response ch=8 before next command
Publish failed
E (104728) MQTT: Publish failed
W (104728) TRANSPORT: No transport connected for broadcast
W (104728) MSG: Broadcast failed, falling back to MQTT
I (104729) CMD_U0: waiting for pending UART response ch=8 before next command
E (104729) MQTT: Publish failed
E (104749) MQTT: Publish failed
W (104749) TRANSPORT: No transport connected for broadcast
W (104749) MSG: Broadcast failed, falling back to MQTT
E (104750) MQTT: Publish failed
I (104754) CMD_U0: waiting for pending UART response ch=8 before next command
E (104758) MQTT: Publish failed
W (104758) TRANSPORT: No transport connected for broadcast
W (104759) MSG: Broadcast failed, falling back to MQTT
E (104759) MQTT: Publish failed
E (104774) MQTT: Publish failed
W (104774) TRANSPORT: No transport connected for broadcast
W (104774) MSG: Broadcast failed, falling back to MQTT
E (104775) MQTT: Publish failed
I (104775) CMD_U0: waiting for pending UART response ch=8 before next command
E (104800) MQTT: Publish failed
W (104800) TRANSPORT: No transport connected for broadcast
W (104800) MSG: Broadcast failed, falling back to MQTT
E (104801) MQTT: Publish failed
I (104801) CMD_U0: waiting for pending UART response ch=8 before next command
E (104825) MQTT: Publish failed
W (104825) TRANSPORT: No transport connected for broadcast
W (104825) MSG: Broadcast failed, falling back to MQTT
E (104826) MQTT: Publish failed
I (104827) CMD_U0: waiting for pending UART response ch=8 before next command
E (104850) MQTT: Publish failed
W (104850) TRANSPORT: No transport connected for broadcast
W (104850) MSG: Broadcast failed, falling back to MQTT
E (104851) MQTT: Publish failed
I (104852) CMD_U0: waiting for pending UART response ch=8 before next command
E (104876) MQTT: Publish failed
W (104876) TRANSPORT: No transport connected for broadcast
W (104876) MSG: Broadcast failed, falling back to MQTT
E (104877) MQTT: Publish failed
I (104878) CMD_U0: waiting for pending UART response ch=8 before next command
E (104901) MQTT: Publish failed
W (104901) TRANSPORT: No transport connected for broadcast
W (104901) MSG: Broadcast failed, falling back to MQTT
E (104902) MQTT: Publish failed
I (104904) CMD_U0: waiting for pending UART response ch=8 before next command
E (104927) MQTT: Publish failed
W (104927) TRANSPORT: No transport connected for broadcast
W (104927) MSG: Broadcast failed, falling back to MQTT
E (104928) MQTT: Publish failed
I (104930) CMD_U0: waiting for pending UART response ch=8 before next command
E (104952) MQTT: Publish failed
W (104952) TRANSPORT: No transport connected for broadcast
W (104952) MSG: Broadcast failed, falling back to MQTT
E (104953) MQTT: Publish failed
I (104956) CMD_U0: waiting for pending UART response ch=8 before next command
E (104977) MQTT: Publish failed
W (104977) TRANSPORT: No transport connected for broadcast
W (104977) MSG: Broadcast failed, falling back to MQTT
E (104978) MQTT: Publish failed
I (104982) CMD_U0: waiting for pending UART response ch=8 before next command
E (105003) MQTT: Publish failed
W (105003) TRANSPORT: No transport connected for broadcast
I (105003) CMD_U0: waiting for pending UART response ch=8 before next command
W (105003) MSG: Broadcast failed, falling back to MQTT
E (105004) MQTT: Publish failed
E (105023) MQTT: Publish failed
W (105023) TRANSPORT: No transport connected for broadcast
W (105023) MSG: Broadcast failed, falling back to MQTT
I (105024) CMD_U0: waiting for pending UART response ch=8 before next commandE (105024) MQTT: 
Publish failed
E (105049) MQTT: Publish failed
W (105049) TRANSPORT: No transport connected for broadcast
W (105049) MSG: Broadcast failed, falling back to MQTT
E (105050) MQTT: Publish failed
I (105054) CMD_U0: waiting for pending UART response ch=8 before next command
E (105074) MQTT: Publish failed
W (105074) TRANSPORT: No transport connected for broadcast
W (105074) MSG: Broadcast failed, falling back to MQTT
E (105075) MQTT: Publish failed
I (105079) CMD_U0: waiting for pending UART response ch=8 before next command
E (105099) MQTT: Publish failed
W (105099) TRANSPORT: No transport connected for broadcast
W (105099) MSG: Broadcast failed, falling back to MQTT
E (105100) MQTT: Publish failed
I (105100) CMD_U0: waiting for pending UART response ch=8 before next command
E (105120) MQTT: Publish failed
W (105120) TRANSPORT: No transport connected for broadcast
W (105120) MSG: Broadcast failed, falling back to MQTT
E (105121) MQTT: I (105121) CMD_U0: Publish failedwaiting for pending UART response ch=8 before next command

E (105145) MQTT: Publish failed
W (105145) TRANSPORT: No transport connected for broadcast
W (105145) MSG: Broadcast failed, falling back to MQTT
I (105146) CMD_U0: waiting for pending UART response ch=8 before next command
E (105146) MQTT: Publish failed
E (105171) MQTT: Publish failed
W (105171) TRANSPORT: No transport connected for broadcast
W (105171) MSG: Broadcast failed, falling back to MQTT
E (105172) MQTT: Publish failed
I (105176) CMD_U0: waiting for pending UART response ch=8 before next command
E (105196) MQTT: Publish failed
W (105196) TRANSPORT: No transport connected for broadcast
W (105196) MSG: Broadcast failed, falling back to MQTT
I (105197) CMD_U0: waiting for pending UART response ch=8 before next command
E (105197) MQTT: Publish failed
W (105201) RX_TASK: RX timeout slot1 type=1 reqID=0 (1001ms)
E (105201) MQTT: Publish failed
W (105201) TRANSPORT: No transport connected for broadcast
W (105202) MSG: Broadcast failed, falling back to MQTT
E (105202) MQTT: Publish failed
E (105221) MQTT: Publish failed
W (105221) TRANSPORT: No transport connected for broadcast
W (105221) MSG: Broadcast failed, falling back to MQTT
E (105222) MQTT: I (105222) CMD_U0: waiting for pending UART response ch=8 before next command
Publish failed
I (105241) CMD_U1: waiting for pending UART response ch=9 before next command
E (105242) MQTT: Publish failed
W (105242) TRANSPORT: No transport connected for broadcast
W (105242) MSG: Broadcast failed, falling back to MQTT
E (105243) MQTT: Publish failed
I (105247) CMD_U0: waiting for pending UART response ch=8 before next command
E (105267) MQTT: Publish failed
W (105267) TRANSPORT: No transport connected for broadcast
W (105267) MSG: Broadcast failed, falling back to MQTT
E (105268) MQTT: Publish failed
I (105272) CMD_U0: waiting for pending UART response ch=8 before next command
E (105292) MQTT: Publish failed
W (105292) TRANSPORT: No transport connected for broadcast
W (105292) MSG: Broadcast failed, falling back to MQTT
I (105293) CMD_U0: waiting for pending UART response ch=8 before next command
E (105293) MQTT: Publish failed
E (105313) MQTT: Publish failed
W (105313) TRANSPORT: No transport connected for broadcast
W (105313) MSG: Broadcast failed, falling back to MQTT
E (105314) MQTT: Publish failed
I (105318) CMD_U0: waiting for pending UART response ch=8 before next command
E (105338) MQTT: Publish failed
W (105338) TRANSPORT: No transport connected for broadcast
W (105338) MSG: Broadcast failed, falling back to MQTT
E (105339) MQTT: Publish failed
I (105343) CMD_U0: waiting for pending UART response ch=8 before next command
E (105364) MQTT: Publish failed
W (105364) TRANSPORT: No transport connected for broadcast
W (105364) MSG: Broadcast failed, falling back to MQTT
E (105365) MQTT: Publish failed
I (105368) CMD_U0: waiting for pending UART response ch=8 before next command
E (105389) MQTT: Publish failed
W (105389) TRANSPORT: No transport connected for broadcast
W (105389) MSG: Broadcast failed, falling back to MQTT
E (105390) MQTT: Publish failed
I (105394) CMD_U0: waiting for pending UART response ch=8 before next command
E (105414) MQTT: Publish failed
W (105414) TRANSPORT: No transport connected for broadcast
W (105415) MSG: Broadcast failed, falling back to MQTT
E (105415) MQTT: Publish failed
I (105419) CMD_U0: waiting for pending UART response ch=8 before next command
I (105445) CMD_U0: waiting for pending UART response ch=8 before next command
I (105470) CMD_U0: waiting for pending UART response ch=8 before next command
I (105495) CMD_U0: waiting for pending UART response ch=8 before next command
I (105520) CMD_U0: waiting for pending UART response ch=8 before next command
I (105542) CMD_U0: waiting for pending UART response ch=8 before next command
I (105562) CMD_U0: waiting for pending UART response ch=8 before next command
I (105588) CMD_U0: waiting for pending UART response ch=8 before next command
I (105608) CMD_U0: waiting for pending UART response ch=8 before next command
I (105633) CMD_U0: waiting for pending UART response ch=8 before next command
I (105658) CMD_U0: waiting for pending UART response ch=8 before next command
I (105683) CMD_U0: waiting for pending UART response ch=8 before next command
I (105704) CMD_U0: waiting for pending UART response ch=8 before next command
I (105725) CMD_U0: waiting for pending UART response ch=8 before next command
I (105750) CMD_U0: waiting for pending UART response ch=8 before next command
I (105780) CMD_U0: waiting for pending UART response ch=8 before next command
I (105801) CMD_U0: waiting for pending UART response ch=8 before next command
I (105827) CMD_U0: waiting for pending UART response ch=8 before next command
I (105853) CMD_U0: waiting for pending UART response ch=8 before next command
I (105878) CMD_U0: waiting for pending UART response ch=8 before next command
I (105903) CMD_U0: waiting for pending UART response ch=8 before next command
I (105929) CMD_U0: waiting for pending UART response ch=8 before next command
I (105955) CMD_U0: waiting for pending UART response ch=8 before next command
I (105980) CMD_U0: waiting for pending UART response ch=8 before next command
I (106006) CMD_U0: waiting for pending UART response ch=8 before next command
I (106031) CMD_U0: waiting for pending UART response ch=8 before next command
I (106057) CMD_U0: waiting for pending UART response ch=8 before next command
I (106082) CMD_U0: waiting for pending UART response ch=8 before next command
I (106108) CMD_U0: waiting for pending UART response ch=8 before next command
I (106133) CMD_U0: waiting for pending UART response ch=8 before next command
I (106159) CMD_U0: waiting for pending UART response ch=8 before next command
I (106185) CMD_U0: waiting for pending UART response ch=8 before next command
I (106211) CMD_U0: waiting for pending UART response ch=8 before next command
W (106225) RX_TASK: RX timeout slot1 type=1 reqID=0 (1001ms)
I (106236) CMD_U0: waiting for pending UART response ch=8 before next command
E (106257) MQTT: Publish failed
W (106257) TRANSPORT: No transport connected for broadcast
W (106258) MSG: Broadcast failed, falling back to MQTT
E (106258) MQTT: Publish failed
I (106262) CMD_U0: waiting for pending UART response ch=8 before next command
I (106264) CMD_U1: waiting for pending UART response ch=9 before next command
E (106283) MQTT: Publish failed
W (106283) TRANSPORT: No transport connected for broadcast
W (106283) MSG: Broadcast failed, falling back to MQTT
E (106284) MQTT: Publish failed
I (106288) CMD_U0: waiting for pending UART response ch=8 before next command
E (106309) MQTT: Publish failed
W (106309) TRANSPORT: No transport connected for broadcast
I (106309) CMD_U0: waiting for pending UART response ch=8 before next command
W (106309) MSG: Broadcast failed, falling back to MQTT
E (106310) MQTT: Publish failed
E (106334) MQTT: Publish failed
W (106334) TRANSPORT: No transport connected for broadcast
W (106334) MSG: Broadcast failed, falling back to MQTT
E (106335) MQTT: Publish failed
I (106335) CMD_U0: waiting for pending UART response ch=8 before next command
E (106359) MQTT: Publish failed
W (106359) TRANSPORT: No transport connected for broadcast
W (106359) MSG: Broadcast failed, falling back to MQTT
E (106360) MQTT: Publish failed
I (106361) CMD_U0: waiting for pending UART response ch=8 before next command
E (106384) MQTT: Publish failed
W (106384) TRANSPORT: No transport connected for broadcast
W (106384) MSG: Broadcast failed, falling back to MQTT
E (106385) MQTT: Publish failed
I (106386) CMD_U0: waiting for pending UART response ch=8 before next command
E (106409) MQTT: Publish failed
W (106409) TRANSPORT: No transport connected for broadcast
W (106409) MSG: Broadcast failed, falling back to MQTT
E (106410) MQTT: Publish failed
I (106412) CMD_U0: waiting for pending UART response ch=8 before next command
E (106435) MQTT: Publish failed
W (106435) TRANSPORT: No transport connected for broadcast
W (106435) MSG: Broadcast failed, falling back to MQTT
E (106436) MQTT: Publish failed
I (106438) CMD_U0: waiting for pending UART response ch=8 before next command
E (106460) MQTT: Publish failed
W (106460) TRANSPORT: No transport connected for broadcast
W (106460) MSG: Broadcast failed, falling back to MQTT
E (106461) MQTT: Publish failed
I (106464) CMD_U0: waiting for pending UART response ch=8 before next command
E (106485) MQTT: Publish failed
W (106485) TRANSPORT: No transport connected for broadcast
W (106485) MSG: Broadcast failed, falling back to MQTT
E (106486) MQTT: Publish failed
I (106489) CMD_U0: waiting for pending UART response ch=8 before next command
E (106511) MQTT: Publish failed
W (106511) TRANSPORT: No transport connected for broadcast
W (106511) MSG: Broadcast failed, falling back to MQTT
E (106512) MQTT: Publish failed
I (106515) CMD_U0: waiting for pending UART response ch=8 before next command
E (106536) MQTT: Publish failed
W (106536) TRANSPORT: No transport connected for broadcast
I (106537) CMD_U0: waiting for pending UART response ch=8 before next command
W (106537) MSG: Broadcast failed, falling back to MQTT
E (106537) MQTT: Publish failed
E (106556) MQTT: Publish failed
W (106556) TRANSPORT: No transport connected for broadcast
W (106556) MSG: Broadcast failed, falling back to MQTT
E (106557) MQTT: Publish failed
I (106558) CMD_U0: waiting for pending UART response ch=8 before next command
E (106562) MQTT: Publish failed
W (106562) TRANSPORT: No transport connected for broadcast
W (106562) MSG: Broadcast failed, falling back to MQTT
E (106562) MQTT: Publish failed
E (106577) MQTT: Publish failed
W (106577) TRANSPORT: No transport connected for broadcast
W (106577) MSG: Broadcast failed, falling back to MQTT
I (106578) CMD_U0: waiting for pending UART response ch=8 before next command
E (106578) MQTT: Publish failed
E (106602) MQTT: Publish failed
W (106602) TRANSPORT: No transport connected for broadcast
W (106602) MSG: Broadcast failed, falling back to MQTT
I (106603) CMD_U0: waiting for pending UART response ch=8 before next command
E (106603) MQTT: Publish failed
E (106627) MQTT: Publish failed
W (106627) TRANSPORT: No transport connected for broadcast
W (106627) MSG: Broadcast failed, falling back to MQTT
E (106628) MQTT: I (106628) CMD_U0: waiting for pending UART response ch=8 before next command
Publish failed
E (106653) MQTT: Publish failed
W (106653) TRANSPORT: No transport connected for broadcast
W (106653) MSG: Broadcast failed, falling back to MQTT
E (106654) MQTT: Publish failed
I (106658) CMD_U0: waiting for pending UART response ch=8 before next command
E (106678) MQTT: Publish failed
W (106678) TRANSPORT: No transport connected for broadcast
W (106678) MSG: Broadcast failed, falling back to MQTT
E (106679) MQTT: I (106679) CMD_U0: waiting for pending UART response ch=8 before next command
Publish failed
E (106703) MQTT: Publish failed
W (106703) TRANSPORT: No transport connected for broadcast
W (106703) MSG: Broadcast failed, falling back to MQTT
E (106704) MQTT: I (106704) CMD_U0: waiting for pending UART response ch=8 before next command
Publish failed
E (106729) MQTT: Publish failed
W (106729) TRANSPORT: No transport connected for broadcast
I (106729) CMD_U0: waiting for pending UART response ch=8 before next command
W (106729) MSG: Broadcast failed, falling back to MQTT
E (106730) MQTT: Publish failed
E (106749) MQTT: Publish failed
W (106749) TRANSPORT: No transport connected for broadcast
W (106749) MSG: Broadcast failed, falling back to MQTT
E (106750) MQTT: Publish failed
I (106750) CMD_U0: waiting for pending UART response ch=8 before next command
E (106768) MQTT: Publish failed
W (106768) TRANSPORT: No transport connected for broadcast
W (106768) MSG: Broadcast failed, falling back to MQTT
E (106769) MQTT: Publish failed
E (106774) MQTT: Publish failed
W (106774) TRANSPORT: No transport connected for broadcast
W (106774) MSG: Broadcast failed, falling back to MQTT
E (106775) MQTT: Publish failed
I (106776) CMD_U0: waiting for pending UART response ch=8 before next command
I (106801) CMD_U0: waiting for pending UART response ch=8 before next command
I (106826) CMD_U0: waiting for pending UART response ch=8 before next command
I (106856) CMD_U0: waiting for pending UART response ch=8 before next command
I (106886) CMD_U0: waiting for pending UART response ch=8 before next command
I (106911) CMD_U0: waiting for pending UART response ch=8 before next command
I (106936) CMD_U0: waiting for pending UART response ch=8 before next command
I (106961) CMD_U0: waiting for pending UART response ch=8 before next command
I (106987) CMD_U0: waiting for pending UART response ch=8 before next command
I (107012) CMD_U0: waiting for pending UART response ch=8 before next command
E (107032) MQTT: Publish failed
W (107032) TRANSPORT: No transport connected for broadcast
W (107032) MSG: Broadcast failed, falling back to MQTT
E (107033) MQTT: Publish failed
I (107037) CMD_U0: waiting for pending UART response ch=8 before next command
E (107059) MQTT: Publish failed
W (107059) TRANSPORT: No transport connected for broadcast
W (107059) MSG: Broadcast failed, falling back to MQTT
E (107060) MQTT: Publish failed
I (107063) CMD_U0: waiting for pending UART response ch=8 before next command
E (107083) MQTT: Publish failed
W (107083) TRANSPORT: No transport connected for broadcast
W (107083) MSG: Broadcast failed, falling back to MQTT
E (107084) MQTT: Publish failed
I (107088) CMD_U0: waiting for pending UART response ch=8 before next command
E (107108) MQTT: Publish failed
W (107108) TRANSPORT: No transport connected for broadcast
W (107108) MSG: Broadcast failed, falling back to MQTT
E (107109) MQTT: Publish failed
I (107109) CMD_U0: waiting for pending UART response ch=8 before next command
E (107128) MQTT: Publish failed
W (107128) TRANSPORT: No transport connected for broadcast
W (107128) MSG: Broadcast failed, falling back to MQTT
E (107129) MQTT: Publish failed
I (107130) CMD_U0: waiting for pending UART response ch=8 before next command
E (107154) MQTT: Publish failed
W (107154) TRANSPORT: No transport connected for broadcast
W (107154) MSG: Broadcast failed, falling back to MQTT
E (107155) MQTT: Publish failed
I (107156) CMD_U0: waiting for pending UART response ch=8 before next command
E (107179) MQTT: Publish failed
W (107179) TRANSPORT: No transport connected for broadcast
W (107179) MSG: Broadcast failed, falling back to MQTT
E (107180) MQTT: Publish failed
I (107182) CMD_U0: waiting for pending UART response ch=8 before next command
E (107205) MQTT: Publish failed
W (107205) TRANSPORT: No transport connected for broadcast
W (107205) MSG: Broadcast failed, falling back to MQTT
E (107206) MQTT: Publish failed
I (107207) CMD_U0: waiting for pending UART response ch=8 before next command
E (107230) MQTT: Publish failed
W (107230) TRANSPORT: No transport connected for broadcast
W (107230) MSG: Broadcast failed, falling back to MQTT
E (107231) MQTT: Publish failed
I (107232) CMD_U0: waiting for pending UART response ch=8 before next command
W (107248) RX_TASK: RX timeout slot1 type=1 reqID=0 (1001ms)
E (107248) MQTT: Publish failed
W (107248) TRANSPORT: No transport connected for broadcast
W (107249) MSG: Broadcast failed, falling back to MQTT
E (107249) MQTT: Publish failed
E (107255) MQTT: Publish failed
W (107255) TRANSPORT: No transport connected for broadcast
W (107255) MSG: Broadcast failed, falling back to MQTT
E (107256) MQTT: Publish failed
I (107258) CMD_U0: waiting for pending UART response ch=8 before next command
I (107266) CMD_U1: waiting for pending UART response ch=9 before next command
E (107281) MQTT: Publish failed
W (107281) TRANSPORT: No transport connected for broadcast
W (107281) MSG: Broadcast failed, falling back to MQTT
E (107282) MQTT: Publish failed
I (107284) CMD_U0: waiting for pending UART response ch=8 before next command
E (107306) MQTT: Publish failed
W (107306) TRANSPORT: No transport connected for broadcast
W (107306) MSG: Broadcast failed, falling back to MQTT
E (107307) MQTT: Publish failed
I (107309) CMD_U0: waiting for pending UART response ch=8 before next command
E (107331) MQTT: Publish failed
W (107331) TRANSPORT: No transport connected for broadcast
W (107331) MSG: Broadcast failed, falling back to MQTT
E (107332) MQTT: Publish failed
I (107334) CMD_U0: waiting for pending UART response ch=8 before next command
E (107357) MQTT: Publish failed
W (107357) TRANSPORT: No transport connected for broadcast
W (107357) MSG: Broadcast failed, falling back to MQTT
E (107358) MQTT: Publish failed
I (107359) CMD_U0: waiting for pending UART response ch=8 before next command
E (107382) MQTT: Publish failed
W (107382) TRANSPORT: No transport connected for broadcast
W (107383) MSG: Broadcast failed, falling back to MQTT
E (107383) MQTT: Publish failed
I (107385) CMD_U0: waiting for pending UART response ch=8 before next command
E (107407) MQTT: Publish failed
W (107407) TRANSPORT: No transport connected for broadcast
W (107407) MSG: Broadcast failed, falling back to MQTT
E (107408) MQTT: Publish failed
I (107411) CMD_U0: waiting for pending UART response ch=8 before next command
E (107432) MQTT: Publish failed
W (107432) TRANSPORT: No transport connected for broadcast
W (107432) MSG: Broadcast failed, falling back to MQTT
E (107433) MQTT: Publish failed
I (107437) CMD_U0: waiting for pending UART response ch=8 before next command
E (107458) MQTT: Publish failed
W (107458) TRANSPORT: No transport connected for broadcast
W (107458) MSG: Broadcast failed, falling back to MQTT
E (107459) MQTT: Publish failed
I (107463) CMD_U0: waiting for pending UART response ch=8 before next command
E (107483) MQTT: Publish failed
W (107483) TRANSPORT: No transport connected for broadcast
W (107483) MSG: Broadcast failed, falling back to MQTT
E (107484) MQTT: Publish failed
I (107484) CMD_U0: waiting for pending UART response ch=8 before next command
E (107508) MQTT: Publish failed
W (107508) TRANSPORT: No transport connected for broadcast
W (107508) MSG: Broadcast failed, falling back to MQTT
E (107509) MQTT: Publish failed
I (107510) CMD_U0: waiting for pending UART response ch=8 before next command
E (107534) MQTT: Publish failed
W (107534) TRANSPORT: No transport connected for broadcast
W (107534) MSG: Broadcast failed, falling back to MQTT
E (107535) MQTT: Publish failed
I (107536) CMD_U0: waiting for pending UART response ch=8 before next command
E (107559) MQTT: Publish failed
W (107559) TRANSPORT: No transport connected for broadcast
W (107559) MSG: Broadcast failed, falling back to MQTT
E (107560) MQTT: Publish failed
E (107562) MQTT: Publish failed
W (107562) TRANSPORT: No transport connected for broadcast
W (107562) MSG: Broadcast failed, falling back to MQTT
I (107562) CMD_U0: waiting for pending UART response ch=8 before next command
E (107563) MQTT: Publish failed
E (107585) MQTT: Publish failed
W (107585) TRANSPORT: No transport connected for broadcast
W (107585) MSG: Broadcast failed, falling back to MQTT
E (107586) MQTT: Publish failed
I (107588) CMD_U0: waiting for pending UART response ch=8 before next command
E (107610) MQTT: Publish failed
W (107610) TRANSPORT: No transport connected for broadcast
W (107610) MSG: Broadcast failed, falling back to MQTT
E (107611) MQTT: Publish failed
I (107613) CMD_U0: waiting for pending UART response ch=8 before next command
E (107636) MQTT: Publish failed
W (107636) TRANSPORT: No transport connected for broadcast
W (107636) MSG: Broadcast failed, falling back to MQTT
E (107637) MQTT: Publish failed
I (107639) CMD_U0: waiting for pending UART response ch=8 before next command
E (107661) MQTT: Publish failed
W (107661) TRANSPORT: No transport connected for broadcast
W (107661) MSG: Broadcast failed, falling back to MQTT
E (107662) MQTT: Publish failed
I (107665) CMD_U0: waiting for pending UART response ch=8 before next command
E (107686) MQTT: Publish failed
W (107686) TRANSPORT: No transport connected for broadcast
I (107687) CMD_U0: waiting for pending UART response ch=8 before next command
W (107687) MSG: Broadcast failed, falling back to MQTT
E (107687) MQTT: Publish failed
E (107707) MQTT: Publish failed
W (107707) TRANSPORT: No transport connected for broadcast
W (107707) MSG: Broadcast failed, falling back to MQTT
E (107708) MQTT: Publish failed
I (107712) CMD_U0: waiting for pending UART response ch=8 before next command
E (107732) MQTT: Publish failed
W (107732) TRANSPORT: No transport connected for broadcast
W (107732) MSG: Broadcast failed, falling back to MQTT
E (107733) MQTT: Publish failed
I (107733) CMD_U0: waiting for pending UART response ch=8 before next command
E (107757) MQTT: Publish failed
W (107757) TRANSPORT: No transport connected for broadcast
W (107757) MSG: Broadcast failed, falling back to MQTT
E (107758) MQTT: Publish failed
I (107759) CMD_U0: waiting for pending UART response ch=8 before next command
E (107771) MQTT: Publish failed
W (107771) TRANSPORT: No transport connected for broadcast
W (107772) MSG: Broadcast failed, falling back to MQTT
E (107772) MQTT: Publish failed
E (107784) MQTT: Publish failed
W (107784) TRANSPORT: No transport connected for broadcast
W (107784) MSG: Broadcast failed, falling back to MQTT
E (107785) MQTT: Publish failed
I (107789) CMD_U0: waiting for pending UART response ch=8 before next command
E (107813) MQTT: Publish failed
W (107813) TRANSPORT: No transport connected for broadcast
W (107813) MSG: Broadcast failed, falling back to MQTT
E (107814) MQTT: Publish failed
I (107815) CMD_U0: waiting for pending UART response ch=8 before next command
E (107838) MQTT: Publish failed
W (107838) TRANSPORT: No transport connected for broadcast
W (107838) MSG: Broadcast failed, falling back to MQTT
E (107839) MQTT: Publish failed
I (107840) CMD_U0: waiting for pending UART response ch=8 before next command
I (107865) CMD_U0: waiting for pending UART response ch=8 before next command
I (107895) CMD_U0: waiting for pending UART response ch=8 before next command
I (107915) CMD_U0: waiting for pending UART response ch=8 before next command
I (107935) CMD_U0: waiting for pending UART response ch=8 before next command
I (107961) CMD_U0: waiting for pending UART response ch=8 before next command
I (107981) CMD_U0: waiting for pending UART response ch=8 before next command
I (108006) CMD_U0: waiting for pending UART response ch=8 before next command
I (108027) CMD_U0: waiting for pending UART response ch=8 before next command
I (108047) CMD_U0: waiting for pending UART response ch=8 before next command
I (108072) CMD_U0: waiting for pending UART response ch=8 before next command
I (108097) CMD_U0: waiting for pending UART response ch=8 before next command
I (108122) CMD_U0: waiting for pending UART response ch=8 before next command
I (108147) CMD_U0: waiting for pending UART response ch=8 before next command
I (108173) CMD_U0: waiting for pending UART response ch=8 before next command
I (108195) CMD_U0: waiting for pending UART response ch=8 before next command
I (108217) CMD_U0: waiting for pending UART response ch=8 before next command
I (108242) CMD_U0: waiting for pending UART response ch=8 before next command
W (108250) RX_TASK: RX timeout slot1 type=1 reqID=0 (1001ms)
 (108268) CMD_U0: waiting for pending UART response ch=8 before next command
I (108268) CMD_U1: waiting for pending UART response ch=9 before next command
I (108293) CMD_U0: waiting for pending UART response ch=8 before next command
I (108318) CMD_U0: waiting for pending UART response ch=8 before next command
I (108344) CMD_U0: waiting for pending UART response ch=8 before next command
I (108369) CMD_U0: waiting for pending UART response ch=8 before next command
I (108395) CMD_U0: waiting for pending UART response ch=8 before next command
I (108420) CMD_U0: waiting for pending UART response ch=8 before next command
I (108446) CMD_U0: waiting for pending UART response ch=8 before next command
I (108471) CMD_U0: waiting for pending UART response ch=8 before next command
I (108497) CMD_U0: waiting for pending UART response ch=8 before next command
I (108523) CMD_U0: waiting for pending UART response ch=8 before next command
I (108544) CMD_U0: waiting for pending UART response ch=8 before next command
I (108564) CMD_U0: waiting for pending UART response ch=8 before next command
I (108594) CMD_U0: waiting for pending UART response ch=8 before next command
I (108619) CMD_U0: waiting for pending UART response ch=8 before next command
I (108640) CMD_U0: waiting for pending UART response ch=8 before next command
I (108665) CMD_U0: waiting for pending UART response ch=8 before next command
I (108690) CMD_U0: waiting for pending UART response ch=8 before next command
I (108711) CMD_U0: waiting for pending UART response ch=8 before next command
I (108732) CMD_U0: waiting for pending UART response ch=8 before next command
I (108757) CMD_U0: waiting for pending UART response ch=8 before next command
I (108783) CMD_U0: waiting for pending UART response ch=8 before next command
I (108808) CMD_U0: waiting for pending UART response ch=8 before next command
I (108833) CMD_U0: waiting for pending UART response ch=8 before next command
I (108859) CMD_U0: waiting for pending UART response ch=8 before next command
I (108885) CMD_U0: waiting for pending UART response ch=8 before next command
I (108910) CMD_U0: waiting for pending UART response ch=8 before next command
I (108935) CMD_U0: waiting for pending UART response ch=8 before next command
I (108960) CMD_U0: waiting for pending UART response ch=8 before next command
I (108986) CMD_U0: waiting for pending UART response ch=8 before next command
I (109011) CMD_U0: waiting for pending UART response ch=8 before next command
I (109036) CMD_U0: waiting for pending UART response ch=8 before next command
I (109061) CMD_U0: waiting for pending UART response ch=8 before next command
I (109082) CMD_U0: waiting for pending UART response ch=8 before next command
I (109107) CMD_U0: waiting for pending UART response ch=8 before next command
I (109132) CMD_U0: waiting for pending UART response ch=8 before next command
I (109158) CMD_U0: waiting for pending UART response ch=8 before next command
I (109184) CMD_U0: waiting for pending UART response ch=8 before next command
I (109209) CMD_U0: waiting for pending UART response ch=8 before next command
I (109234) CMD_U0: waiting for pending UART response ch=8 before next command
W (109252) RX_TASK: RX timeout slot1 type=1 reqID=0 (1001ms)
I (109259) CMD_U0: waiting for pending UART response ch=8 before next command
I (109285) CMD_U0: waiting for pending UART response ch=8 before next command
I (109291) CMD_U1: waiting for pending UART response ch=9 before next command
I (109311) CMD_U0: waiting for pending UART response ch=8 before next command
I (109337) CMD_U0: waiting for pending UART response ch=8 before next command
E (109360) MQTT: Publish failed
W (109360) TRANSPORT: No transport connected for broadcast
W (109360) MSG: Broadcast failed, falling back to MQTT
E (109361) MQTT: Publish failed
I (109362) CMD_U0: waiting for pending UART response ch=8 before next command
E (109385) MQTT: Publish failed
W (109385) TRANSPORT: No transport connected for broadcast
W (109385) MSG: Broadcast failed, falling back to MQTT
E (109386) MQTT: Publish failed
I (109388) CMD_U0: waiting for pending UART response ch=8 before next command
E (109411) MQTT: Publish failed
W (109411) TRANSPORT: No transport connected for broadcast
W (109411) MSG: Broadcast failed, falling back to MQTT
E (109412) MQTT: Publish failed
I (109414) CMD_U0: waiting for pending UART response ch=8 before next command
E (109436) MQTT: Publish failed
W (109436) TRANSPORT: No transport connected for broadcast
W (109436) MSG: Broadcast failed, falling back to MQTT
E (109437) MQTT: Publish failed
I (109440) CMD_U0: waiting for pending UART response ch=8 before next command
E (109462) MQTT: Publish failed
W (109462) TRANSPORT: No transport connected for broadcast
W (109462) MSG: Broadcast failed, falling back to MQTT
E (109463) MQTT: Publish failed
I (109465) CMD_U0: waiting for pending UART response ch=8 before next command
E (109487) MQTT: Publish failed
W (109487) TRANSPORT: No transport connected for broadcast
W (109487) MSG: Broadcast failed, falling back to MQTT
E (109488) MQTT: Publish failed
I (109491) CMD_U0: waiting for pending UART response ch=8 before next command
E (109513) MQTT: Publish failed
W (109513) TRANSPORT: No transport connected for broadcast
W (109513) MSG: Broadcast failed, falling back to MQTT
E (109514) MQTT: Publish failed
I (109517) CMD_U0: waiting for pending UART response ch=8 before next command
E (109538) MQTT: Publish failed
W (109538) TRANSPORT: No transport connected for broadcast
W (109538) MSG: Broadcast failed, falling back to MQTT
E (109539) MQTT: Publish failed
I (109544) CMD_U0: waiting for pending UART response ch=8 before next command
I (109570) CMD_U0: waiting for pending UART response ch=8 before next command
I (109595) CMD_U0: waiting for pending UART response ch=8 before next command
E (109619) MQTT: Publish failed
W (109619) TRANSPORT: No transport connected for broadcast
W (109619) MSG: Broadcast failed, falling back to MQTT
I (109620) CMD_U0: E (109620) MQTT: waiting for pending UART response ch=8 before next command
Publish failed
E (109640) MQTT: Publish failed
W (109640) TRANSPORT: No transport connected for broadcast
W (109640) MSG: Broadcast failed, falling back to MQTT
E (109641) MQTT: Publish failed
I (109645) CMD_U0: waiting for pending UART response ch=8 before next command
E (109665) MQTT: Publish failed
W (109665) TRANSPORT: No transport connected for broadcast
W (109665) MSG: Broadcast failed, falling back to MQTT
E (109666) MQTT: Publish failed
I (109670) CMD_U0: waiting for pending UART response ch=8 before next command
E (109691) MQTT: Publish failed
W (109691) TRANSPORT: No transport connected for broadcast
W (109691) MSG: Broadcast failed, falling back to MQTT
E (109692) MQTT: Publish failed
I (109695) CMD_U0: waiting for pending UART response ch=8 before next command
E (109716) MQTT: Publish failed
W (109716) TRANSPORT: No transport connected for broadcast
I (109716) CMD_U0: waiting for pending UART response ch=8 before next command
W (109716) MSG: Broadcast failed, falling back to MQTT
E (109717) MQTT: Publish failed
E (109736) MQTT: Publish failed
W (109736) TRANSPORT: No transport connected for broadcast
W (109736) MSG: Broadcast failed, falling back to MQTT
E (109737) MQTT: Publish failed
I (109737) CMD_U0: waiting for pending UART response ch=8 before next command
E (109762) MQTT: Publish failed
W (109762) TRANSPORT: No transport connected for broadcast
W (109762) MSG: Broadcast failed, falling back to MQTT
I (109763) CMD_U0: waiting for pending UART response ch=8 before next command
E (109763) MQTT: Publish failed
E (109777) MQTT: Publish failed
W (109777) TRANSPORT: No transport connected for broadcast
W (109778) MSG: Broadcast failed, falling back to MQTT
E (109778) MQTT: Publish failed
E (109788) MQTT: Publish failed
W (109788) TRANSPORT: No transport connected for broadcast
W (109788) MSG: Broadcast failed, falling back to MQTT
E (109789) MQTT: Publish failed
I (109793) CMD_U0: waiting for pending UART response ch=8 before next command
E (109817) MQTT: Publish failed
W (109817) TRANSPORT: No transport connected for broadcast
W (109817) MSG: Broadcast failed, falling back to MQTT
E (109818) MQTT: Publish failed
I (109819) CMD_U0: waiting for pending UART response ch=8 before next command
E (109843) MQTT: Publish failed
W (109843) TRANSPORT: No transport connected for broadcast
W (109843) MSG: Broadcast failed, falling back to MQTT
E (109844) MQTT: Publish failed
I (109845) CMD_U0: waiting for pending UART response ch=8 before next command
E (109869) MQTT: Publish failed
W (109869) TRANSPORT: No transport connected for broadcast
W (109869) MSG: Broadcast failed, falling back to MQTT
E (109870) MQTT: Publish failed
I (109871) CMD_U0: waiting for pending UART response ch=8 before next command
E (109894) MQTT: Publish failed
W (109894) TRANSPORT: No transport connected for broadcast
W (109894) MSG: Broadcast failed, falling back to MQTT
E (109895) MQTT: Publish failed
I (109896) CMD_U0: waiting for pending UART response ch=8 before next command
E (109920) MQTT: Publish failed
W (109920) TRANSPORT: No transport connected for broadcast
W (109920) MSG: Broadcast failed, falling back to MQTT
E (109921) MQTT: Publish failed
I (109922) CMD_U0: waiting for pending UART response ch=8 before next command
E (109945) MQTT: Publish failed
W (109945) TRANSPORT: No transport connected for broadcast
W (109945) MSG: Broadcast failed, falling back to MQTT
E (109946) MQTT: Publish failed
I (109948) CMD_U0: waiting for pending UART response ch=8 before next command
E (109971) MQTT: Publish failed
W (109971) TRANSPORT: No transport connected for broadcast
W (109971) MSG: Broadcast failed, falling back to MQTT
E (109972) MQTT: Publish failed
I (109973) CMD_U0: waiting for pending UART response ch=8 before next command
E (109996) MQTT: Publish failed
W (109996) TRANSPORT: No transport connected for broadcast
W (109996) MSG: Broadcast failed, falling back to MQTT
E (109997) MQTT: Publish failed
I (109999) CMD_U0: waiting for pending UART response ch=8 before next command
E (110022) MQTT: Publish failed
W (110022) TRANSPORT: No transport connected for broadcast
W (110022) MSG: Broadcast failed, falling back to MQTT
E (110023) MQTT: Publish failed
I (110024) CMD_U0: waiting for pending UART response ch=8 before next command
E (110047) MQTT: Publish failed
W (110047) TRANSPORT: No transport connected for broadcast
W (110047) MSG: Broadcast failed, falling back to MQTT
E (110048) MQTT: Publish failed
I (110050) CMD_U0: waiting for pending UART response ch=8 before next command
E (110073) MQTT: Publish failed
W (110073) TRANSPORT: No transport connected for broadcast
W (110073) MSG: Broadcast failed, falling back to MQTT
E (110074) MQTT: Publish failed
I (110076) CMD_U0: waiting for pending UART response ch=8 before next command
E (110098) MQTT: Publish failed
W (110098) TRANSPORT: No transport connected for broadcast
W (110098) MSG: Broadcast failed, falling back to MQTT
E (110099) MQTT: Publish failed
I (110102) CMD_U0: waiting for pending UART response ch=8 before next command
E (110123) MQTT: Publish failed
W (110123) TRANSPORT: No transport connected for broadcast
W (110123) MSG: Broadcast failed, falling back to MQTT
E (110124) MQTT: Publish failed
I (110128) CMD_U0: waiting for pending UART response ch=8 before next command
E (110149) MQTT: Publish failed
W (110149) TRANSPORT: No transport connected for broadcast
W (110149) MSG: Broadcast failed, falling back to MQTT
E (110150) MQTT: Publish failed
I (110154) CMD_U0: waiting for pending UART response ch=8 before next command
E (110174) MQTT: Publish failed
W (110174) TRANSPORT: No transport connected for broadcast
W (110174) MSG: Broadcast failed, falling back to MQTT
E (110175) MQTT: Publish failed
I (110179) CMD_U0: waiting for pending UART response ch=8 before next command
E (110199) MQTT: Publish failed
W (110199) TRANSPORT: No transport connected for broadcast
W (110199) MSG: Broadcast failed, falling back to MQTT
E (110200) MQTT: Publish failed
I (110200) CMD_U0: waiting for pending UART response ch=8 before next command
E (110220) MQTT: Publish failed
W (110220) TRANSPORT: No transport connected for broadcast
W (110220) MSG: Broadcast failed, falling back to MQTT
E (110221) MQTT: Publish failed
I (110221) CMD_U0: waiting for pending UART response ch=8 before next command
E (110245) MQTT: Publish failed
W (110245) TRANSPORT: No transport connected for broadcast
W (110245) MSG: Broadcast failed, falling back to MQTT
E (110246) MQTT: Publish failed
I (110247) CMD_U0: waiting for pending UART response ch=8 before next command
E (110271) MQTT: Publish failed
W (110271) TRANSPORT: No transport connected for broadcast
W (110271) MSG: Broadcast failed, falling back to MQTT
E (110272) MQTT: Publish failed
I (110273) CMD_U0: waiting for pending UART response ch=8 before next command
W (110275) RX_TASK: RX timeout slot1 type=1 reqID=0 (1001ms)
E (110275) MQTT: Publish failed
W (110275) TRANSPORT: No transport connected for broadcast
W (110276) MSG: Broadcast failed, falling back to MQTT
E (110276) MQTT: Publish failed
I (110293) CMD_U1: waiting for pending UART response ch=9 before next command
E (110296) MQTT: Publish failed
W (110296) TRANSPORT: No transport connected for broadcast
W (110296) MSG: Broadcast failed, falling back to MQTT
E (110297) MQTT: Publish failed
I (110299) CMD_U0: waiting for pending UART response ch=8 before next command
E (110322) MQTT: Publish failed
W (110322) TRANSPORT: No transport connected for broadcast
W (110322) MSG: Broadcast failed, falling back to MQTT
E (110323) MQTT: Publish failed
I (110324) CMD_U0: waiting for pending UART response ch=8 before next command
E (110347) MQTT: Publish failed
W (110347) TRANSPORT: No transport connected for broadcast
W (110347) MSG: Broadcast failed, falling back to MQTT
E (110348) MQTT: Publish failed
I (110350) CMD_U0: waiting for pending UART response ch=8 before next command
E (110373) MQTT: Publish failed
W (110374) TRANSPORT: No transport connected for broadcast
W (110374) MSG: Broadcast failed, falling back to MQTT
E (110374) MQTT: Publish failed
I (110376) CMD_U0: waiting for pending UART response ch=8 before next command
E (110398) MQTT: Publish failed
W (110398) TRANSPORT: No transport connected for broadcast
W (110398) MSG: Broadcast failed, falling back to MQTT
E (110399) MQTT: Publish failed
I (110401) CMD_U0: waiting for pending UART response ch=8 before next command
E (110424) MQTT: Publish failed
W (110424) TRANSPORT: No transport connected for broadcast
W (110424) MSG: Broadcast failed, falling back to MQTT
E (110425) MQTT: Publish failed
I (110427) CMD_U0: waiting for pending UART response ch=8 before next command
E (110449) MQTT: Publish failed
W (110449) TRANSPORT: No transport connected for broadcast
W (110449) MSG: Broadcast failed, falling back to MQTT
E (110450) MQTT: Publish failed
I (110453) CMD_U0: waiting for pending UART response ch=8 before next command
E (110474) MQTT: Publish failed
W (110474) TRANSPORT: No transport connected for broadcast
W (110474) MSG: Broadcast failed, falling back to MQTT
E (110475) MQTT: Publish failed
I (110479) CMD_U0: waiting for pending UART response ch=8 before next command
E (110500) MQTT: Publish failed
W (110500) TRANSPORT: No transport connected for broadcast
W (110500) MSG: Broadcast failed, falling back to MQTT
E (110501) MQTT: Publish failed
I (110505) CMD_U0: waiting for pending UART response ch=8 before next command
E (110525) MQTT: Publish failed
W (110525) TRANSPORT: No transport connected for broadcast
W (110525) MSG: Broadcast failed, falling back to MQTT
E (110526) MQTT: I (110526) CMD_U0: waiting for pending UART response ch=8 before next command
Publish failed
E (110545) MQTT: Publish failed
W (110545) TRANSPORT: No transport connected for broadcast
W (110545) MSG: Broadcast failed, falling back to MQTT
E (110546) MQTT: I (110546) CMD_U0: waiting for pending UART response ch=8 before next command
Publish failed
E (110562) MQTT: Publish failed
W (110564) TRANSPORT: No transport connected for broadcast
I (110567) CMD_U0: waiting for pending UART response ch=8 before next command
E (110567) MQTT: Publish failed
W (110568) TRANSPORT: No transport connected for broadcast
W (110568) MSG: Broadcast failed, falling back to MQTT
E (110568) MQTT: Publish failed
W (110569) MSG: Broadcast failed, falling back to MQTT
E (110569) MQTT: Publish failed
I (110588) CMD_U0: waiting for pending UART response ch=8 before next command
I (110613) CMD_U0: waiting for pending UART response ch=8 before next command
I (110639) CMD_U0: waiting for pending UART response ch=8 before next command
I (110664) CMD_U0: waiting for pending UART response ch=8 before next command
I (110690) CMD_U0: waiting for pending UART response ch=8 before next command
I (110716) CMD_U0: waiting for pending UART response ch=8 before next command
I (110742) CMD_U0: waiting for pending UART response ch=8 before next command
I (110767) CMD_U0: waiting for pending UART response ch=8 before next command
I (110792) CMD_U0: waiting for pending UART response ch=8 before next command
I (110817) CMD_U0: waiting for pending UART response ch=8 before next command
I (110842) CMD_U0: waiting for pending UART response ch=8 before next command
I (110869) CMD_U0: waiting for pending UART response ch=8 before next command
I (110894) CMD_U0: waiting for pending UART response ch=8 before next command
I (110919) CMD_U0: waiting for pending UART response ch=8 before next command
I (110945) CMD_U0: waiting for pending UART response ch=8 before next command
I (110970) CMD_U0: waiting for pending UART response ch=8 before next command
I (110996) CMD_U0: waiting for pending UART response ch=8 before next command
I (110999) SCHEDULER: Stats: samples=416 full=589 min_free=3
I (111022) CMD_U0: waiting for pending UART response ch=8 before next command
I (111043) CMD_U0: waiting for pending UART response ch=8 before next command
I (111065) CMD_U0: waiting for pending UART response ch=8 before next command
I (111090) CMD_U0: waiting for pending UART response ch=8 before next command
I (111116) CMD_U0: waiting for pending UART response ch=8 before next command
I (111141) CMD_U0: waiting for pending UART response ch=8 before next command
I (111167) CMD_U0: waiting for pending UART response ch=8 before next command
I (111193) CMD_U0: waiting for pending UART response ch=8 before next command
I (111218) CMD_U0: waiting for pending UART response ch=8 before next command
I (111243) CMD_U0: waiting for pending UART response ch=8 before next command
I (111268) CMD_U0: waiting for pending UART response ch=8 before next command
W (111277) RX_TASK: RX timeout slot1 type=1 reqID=0 (1001ms)
I (111293) CMD_U0: waiting for pending UART response ch=8 before next command
I (111317) CMD_U1: waiting for pending UART response ch=9 before next command
I (111318) CMD_U0: waiting for pending UART response ch=8 before next command
I (111344) CMD_U0: waiting for pending UART response ch=8 before next command
I (111369) CMD_U0: waiting for pending UART response ch=8 before next command
I (111394) CMD_U0: waiting for pending UART response ch=8 before next command
I (111420) CMD_U0: waiting for pending UART response ch=8 before next command
I (111445) CMD_U0: waiting for pending UART response ch=8 before next command
I (111470) CMD_U0: waiting for pending UART response ch=8 before next command
I (111495) CMD_U0: waiting for pending UART response ch=8 before next command
I (111520) CMD_U0: waiting for pending UART response ch=8 before next command
I (111540) CMD_U0: waiting for pending UART response ch=8 before next command
I (111561) CMD_U0: waiting for pending UART response ch=8 before next command
I (111587) CMD_U0: waiting for pending UART response ch=8 before next command
I (111612) CMD_U0: waiting for pending UART response ch=8 before next command
I (111638) CMD_U0: waiting for pending UART response ch=8 before next command
I (111663) CMD_U0: waiting for pending UART response ch=8 before next command
I (111689) CMD_U0: waiting for pending UART response ch=8 before next command
I (111715) CMD_U0: waiting for pending UART response ch=8 before next command
I (111740) CMD_U0: waiting for pending UART response ch=8 before next command
I (111766) CMD_U0: waiting for pending UART response ch=8 before next command
I (111792) CMD_U0: waiting for pending UART response ch=8 before next command
I (111817) CMD_U0: waiting for pending UART response ch=8 before next command
I (111842) CMD_U0: waiting for pending UART response ch=8 before next command
I (111867) CMD_U0: waiting for pending UART response ch=8 before next command
I (111892) CMD_U0: waiting for pending UART response ch=8 before next command
I (111917) CMD_U0: waiting for pending UART response ch=8 before next command
I (111943) CMD_U0: waiting for pending UART response ch=8 before next command
I (111968) CMD_U0: waiting for pending UART response ch=8 before next command
I (111994) CMD_U0: waiting for pending UART response ch=8 before next command
I (112020) CMD_U0: waiting for pending UART response ch=8 before next command
I (112046) CMD_U0: waiting for pending UART response ch=8 before next command
E (112067) MQTT: Publish failed
W (112067) TRANSPORT: No transport connected for broadcast
I (112067) CMD_U0: waiting for pending UART response ch=8 before next command
W (112068) MSG: Broadcast failed, falling back to MQTT
E (112068) MQTT: Publish failed
E (112087) MQTT: Publish failed
W (112087) TRANSPORT: No transport connected for broadcast
W (112088) MSG: Broadcast failed, falling back to MQTTI (112088) CMD_U0: waiting for pending UART response ch=8 before next command

E (112088) MQTT: Publish failed
E (112107) MQTT: Publish failed
W (112107) TRANSPORT: No transport connected for broadcast
W (112107) MSG: Broadcast failed, falling back to MQTT
I (112108) CMD_U0: waiting for pending UART response ch=8 before next command
E (112108) MQTT: Publish failed
E (112128) MQTT: Publish failed
W (112128) TRANSPORT: No transport connected for broadcast
W (112128) MSG: Broadcast failed, falling back to MQTT
E (112129) MQTT: Publish failed
I (112133) CMD_U0: waiting for pending UART response ch=8 before next command
E (112153) MQTT: Publish failed
W (112153) TRANSPORT: No transport connected for broadcast
W (112153) MSG: Broadcast failed, falling back to MQTT
I (112154) CMD_U0: waiting for pending UART response ch=8 before next command
E (112154) MQTT: Publish failed
E (112173) MQTT: Publish failed
W (112173) TRANSPORT: No transport connected for broadcast
W (112173) MSG: Broadcast failed, falling back to MQTT
E (112174) MQTT: Publish failedI (112174) CMD_U0: waiting for pending UART response ch=8 before next command

I (112194) CMD_U0: waiting for pending UART response ch=8 before next command
E (112194) MQTT: Publish failed
W (112195) TRANSPORT: No transport connected for broadcast
W (112195) MSG: Broadcast failed, falling back to MQTT
E (112195) MQTT: Publish failed
I (112216) CMD_U0: waiting for pending UART response ch=8 before next command
I (112241) CMD_U0: waiting for pending UART response ch=8 before next command
I (112267) CMD_U0: waiting for pending UART response ch=8 before next command
I (112292) CMD_U0: waiting for pending UART response ch=8 before next command
W (112301) RX_TASK: RX timeout slot1 type=1 reqID=0 (1001ms)
I (112317) CMD_U0: waiting for pending UART response ch=8 before next command
I (112319) CMD_U1: waiting for pending UART response ch=9 before next command
I (112343) CMD_U0: waiting for pending UART response ch=8 before next command
I (112366) RX_TASK: Stats: events=405 completions=415 report_drop=0 report_q_high=2
I (112368) CMD_U0: waiting for pending UART response ch=8 before next command
I (112393) CMD_U0: waiting for pending UART response ch=8 before next command
I (112418) CMD_U0: Stats: txn=406 err=0 (100%) no_ctx=0
I (112418) CMD_U0: waiting for pending UART response ch=8 before next command
I (112443) CMD_U0: waiting for pending UART response ch=8 before next command
I (112468) CMD_U0: waiting for pending UART response ch=8 before next command
I (112488) CMD_U0: waiting for pending UART response ch=8 before next command
I (112513) CMD_U0: waiting for pending UART response ch=8 before next command
I (112538) CMD_U0: waiting for pending UART response ch=8 before next command
I (112563) CMD_U0: waiting for pending UART response ch=8 before next command
E (112584) MQTT: Publish failed
W (112584) TRANSPORT: No transport connected for broadcast
W (112584) MSG: Broadcast failed, falling back to MQTT
E (112585) MQTT: Publish failed
I (112588) CMD_U0: waiting for pending UART response ch=8 before next command
E (112610) MQTT: Publish failed
W (112610) TRANSPORT: No transport connected for broadcast
W (112610) MSG: Broadcast failed, falling back to MQTT
E (112611) MQTT: Publish failed
I (112614) CMD_U0: waiting for pending UART response ch=8 before next command
E (112635) MQTT: Publish failed
W (112635) TRANSPORT: No transport connected for broadcast
W (112635) MSG: Broadcast failed, falling back to MQTT
E (112636) MQTT: Publish failed
I (112639) CMD_U0: waiting for pending UART response ch=8 before next command
E (112660) MQTT: Publish failed
W (112660) TRANSPORT: No transport connected for broadcast
W (112660) MSG: Broadcast failed, falling back to MQTT
E (112661) MQTT: Publish failed
I (112664) CMD_U0: waiting for pending UART response ch=8 before next command
E (112685) MQTT: Publish failed
W (112685) TRANSPORT: No transport connected for broadcast
W (112685) MSG: Broadcast failed, falling back to MQTT
E (112686) MQTT: Publish failed
I (112690) CMD_U0: waiting for pending UART response ch=8 before next command
E (112712) MQTT: Publish failed
W (112712) TRANSPORT: No transport connected for broadcast
W (112712) MSG: Broadcast failed, falling back to MQTT
E (112713) MQTT: Publish failed
I (112716) CMD_U0: waiting for pending UART response ch=8 before next command
E (112736) MQTT: Publish failed
W (112736) TRANSPORT: No transport connected for broadcast
W (112736) MSG: Broadcast failed, falling back to MQTT
I (112737) CMD_U0: E (112737) MQTT: waiting for pending UART response ch=8 before next commandPublish failed

E (112756) MQTT: Publish failed
W (112756) TRANSPORT: No transport connected for broadcast
W (112756) MSG: Broadcast failed, falling back to MQTT
E (112757) MQTT: I (112757) CMD_U0: waiting for pending UART response ch=8 before next command
Publish failed
E (112776) MQTT: Publish failed
W (112776) TRANSPORT: No transport connected for broadcast
W (112776) MSG: Broadcast failed, falling back to MQTT
E (112777) MQTT: Publish failed
I (112777) CMD_U0: waiting for pending UART response ch=8 before next command
E (112793) MQTT: Publish failed
W (112793) TRANSPORT: No transport connected for broadcast
W (112794) MSG: Broadcast failed, falling back to MQTT
E (112794) MQTT: Publish failed
E (112797) MQTT: Publish failed
W (112797) TRANSPORT: No transport connected for broadcast
W (112797) MSG: Broadcast failed, falling back to MQTT
E (112798) MQTT: Publish failed
I (112798) CMD_U0: waiting for pending UART response ch=8 before next command
E (112822) MQTT: Publish failed
W (112822) TRANSPORT: No transport connected for broadcast
W (112822) MSG: Broadcast failed, falling back to MQTT
I (112823) CMD_U0: E (112823) MQTT: waiting for pending UART response ch=8 before next commandPublish failed

E (112842) MQTT: Publish failed
W (112842) TRANSPORT: No transport connected for broadcast
W (112842) MSG: Broadcast failed, falling back to MQTT
E (112843) MQTT: I (112843) CMD_U0: waiting for pending UART response ch=8 before next command
Publish failed
E (112863) MQTT: Publish failed
W (112863) TRANSPORT: No transport connected for broadcast
W (112863) MSG: Broadcast failed, falling back to MQTT
E (112864) MQTT: Publish failed
I (112868) CMD_U0: waiting for pending UART response ch=8 before next command
E (112888) MQTT: Publish failed
W (112888) TRANSPORT: No transport connected for broadcast
W (112888) MSG: Broadcast failed, falling back to MQTT
E (112889) MQTT: Publish failed
I (112893) CMD_U0: waiting for pending UART response ch=8 before next command
E (112913) MQTT: Publish failed
W (112913) TRANSPORT: No transport connected for broadcast
W (112913) MSG: Broadcast failed, falling back to MQTT
E (112914) MQTT: Publish failed
I (112914) CMD_U0: waiting for pending UART response ch=8 before next command
E (112933) MQTT: Publish failed
W (112933) TRANSPORT: No transport connected for broadcast
W (112933) MSG: Broadcast failed, falling back to MQTT
E (112934) MQTT: Publish failed
I (112935) CMD_U0: waiting for pending UART response ch=8 before next command
E (112959) MQTT: Publish failed
W (112959) TRANSPORT: No transport connected for broadcast
W (112959) MSG: Broadcast failed, falling back to MQTT
E (112960) MQTT: I (112960) CMD_U0: waiting for pending UART response ch=8 before next command
Publish failed
E (112984) MQTT: Publish failed
W (112984) TRANSPORT: No transport connected for broadcast
W (112984) MSG: Broadcast failed, falling back to MQTT
I (112985) CMD_U0: E (112985) MQTT: waiting for pending UART response ch=8 before next command
Publish failed
E (113004) MQTT: Publish failed
W (113004) TRANSPORT: No transport connected for broadcast
W (113004) MSG: Broadcast failed, falling back to MQTT
E (113005) MQTT: Publish failed
I (113005) CMD_U0: waiting for pending UART response ch=8 before next command
E (113025) MQTT: Publish failed
W (113025) TRANSPORT: No transport connected for broadcast
W (113025) MSG: Broadcast failed, falling back to MQTT
I (113026) CMD_U0: waiting for pending UART response ch=8 before next command
E (113026) MQTT: Publish failed
E (113050) MQTT: Publish failed
W (113050) TRANSPORT: No transport connected for broadcast
W (113050) MSG: Broadcast failed, falling back to MQTT
E (113051) MQTT: Publish failed
I (113051) CMD_U0: waiting for pending UART response ch=8 before next command
E (113070) MQTT: Publish failed
W (113070) TRANSPORT: No transport connected for broadcast
W (113070) MSG: Broadcast failed, falling back to MQTT
E (113071) MQTT: Publish failed
I (113072) CMD_U0: waiting for pending UART response ch=8 before next command
E (113096) MQTT: Publish failed
W (113096) TRANSPORT: No transport connected for broadcast
W (113096) MSG: Broadcast failed, falling back to MQTT
E (113097) MQTT: I (113097) CMD_U0: waiting for pending UART response ch=8 before next command
Publish failed
E (113122) MQTT: Publish failed
W (113122) TRANSPORT: No transport connected for broadcast
W (113122) MSG: Broadcast failed, falling back to MQTT
E (113123) MQTT: Publish failed
I (113127) CMD_U0: waiting for pending UART response ch=8 before next command
E (113146) MQTT: Publish failed
W (113146) TRANSPORT: No transport connected for broadcast
W (113146) MSG: Broadcast failed, falling back to MQTT
E (113147) MQTT: Publish failed
I (113148) CMD_U0: waiting for pending UART response ch=8 before next command
E (113172) MQTT: Publish failed
W (113172) TRANSPORT: No transport connected for broadcast
W (113172) MSG: Broadcast failed, falling back to MQTT
E (113173) MQTT: Publish failed
I (113174) CMD_U0: waiting for pending UART response ch=8 before next command
E (113197) MQTT: Publish failed
W (113197) TRANSPORT: No transport connected for broadcast
W (113197) MSG: Broadcast failed, falling back to MQTT
E (113198) MQTT: Publish failed
I (113200) CMD_U0: waiting for pending UART response ch=8 before next command
E (113222) MQTT: Publish failed
W (113222) TRANSPORT: No transport connected for broadcast
W (113222) MSG: Broadcast failed, falling back to MQTT
E (113223) MQTT: Publish failed
I (113226) CMD_U0: waiting for pending UART response ch=8 before next command
E (113248) MQTT: Publish failed
W (113248) TRANSPORT: No transport connected for broadcast
W (113248) MSG: Broadcast failed, falling back to MQTT
E (113249) MQTT: Publish failed
I (113251) CMD_U0: waiting for pending UART response ch=8 before next command
E (113273) MQTT: Publish failed
W (113273) TRANSPORT: No transport connected for broadcast
W (113273) MSG: Broadcast failed, falling back to MQTT
E (113274) MQTT: Publish failed
I (113277) CMD_U0: waiting for pending UART response ch=8 before next command
E (113298) MQTT: Publish failed
W (113298) TRANSPORT: No transport connected for broadcast
W (113298) MSG: Broadcast failed, falling back to MQTT
E (113299) MQTT: Publish failed
W (113303) RX_TASK: RX timeout slot1 type=1 reqID=0 (1001ms)
E (113303) MQTT: Publish failed
I (113304) CMD_U0: waiting for pending UART response ch=8 before next command
W (113304) TRANSPORT: No transport connected for broadcast
W (113305) MSG: Broadcast failed, falling back to MQTT
E (113305) MQTT: Publish failed
E (113324) MQTT: Publish failed
W (113324) TRANSPORT: No transport connected for broadcast
W (113325) MSG: Broadcast failed, falling back to MQTT
E (113325) MQTT: Publish failed
I (113329) CMD_U0: waiting for pending UART response ch=8 before next command
I (113342) CMD_U1: waiting for pending UART response ch=9 before next command
E (113349) MQTT: Publish failed
W (113349) TRANSPORT: No transport connected for broadcast
W (113349) MSG: Broadcast failed, falling back to MQTT
E (113350) MQTT: Publish failed
I (113354) CMD_U0: waiting for pending UART response ch=8 before next command
E (113374) MQTT: Publish failed
W (113374) TRANSPORT: No transport connected for broadcast
I (113375) CMD_U0: waiting for pending UART response ch=8 before next command
W (113376) MSG: Broadcast failed, falling back to MQTT
E (113376) MQTT: Publish failed
I (113401) CMD_U0: waiting for pending UART response ch=8 before next command
I (113422) CMD_U0: waiting for pending UART response ch=8 before next command
I (113447) CMD_U0: waiting for pending UART response ch=8 before next command
I (113472) CMD_U0: waiting for pending UART response ch=8 before next command
I (113498) CMD_U0: waiting for pending UART response ch=8 before next command
I (113524) CMD_U0: waiting for pending UART response ch=8 before next command
I (113550) CMD_U0: waiting for pending UART response ch=8 before next command
I (113576) CMD_U0: waiting for pending UART response ch=8 before next command
I (113598) CMD_U0: waiting for pending UART response ch=8 before next command
I (113619) CMD_U0: waiting for pending UART response ch=8 before next command
I (113644) CMD_U0: waiting for pending UART response ch=8 before next command
I (113670) CMD_U0: waiting for pending UART response ch=8 before next command
I (113695) CMD_U0: waiting for pending UART response ch=8 before next command
I (113720) CMD_U0: waiting for pending UART response ch=8 before next command
I (113745) CMD_U0: waiting for pending UART response ch=8 before next command
I (113765) CMD_U0: waiting for pending UART response ch=8 before next command
I (113786) CMD_U0: waiting for pending UART response ch=8 before next command
I (113812) CMD_U0: waiting for pending UART response ch=8 before next command
I (113837) CMD_U0: waiting for pending UART response ch=8 before next command
I (113862) CMD_U0: waiting for pending UART response ch=8 before next command
I (113888) CMD_U0: waiting for pending UART response ch=8 before next command
I (113913) CMD_U0: waiting for pending UART response ch=8 before next command
I (113939) CMD_U0: waiting for pending UART response ch=8 before next command
I (113964) CMD_U0: waiting for pending UART response ch=8 before next command
I (113989) CMD_U0: waiting for pending UART response ch=8 before next command
I (114015) CMD_U0: waiting for pending UART response ch=8 before next command
I (114040) CMD_U0: waiting for pending UART response ch=8 before next command
I (114066) CMD_U0: waiting for pending UART response ch=8 before next command
I (114091) CMD_U0: waiting for pending UART response ch=8 before next command
I (114117) CMD_U0: waiting for pending UART response ch=8 before next command
I (114142) CMD_U0: waiting for pending UART response ch=8 before next command
I (114168) CMD_U0: waiting for pending UART response ch=8 before next command
I (114194) CMD_U0: waiting for pending UART response ch=8 before next command
I (114220) CMD_U0: waiting for pending UART response ch=8 before next command
E (114241) MQTT: Publish failed
W (114241) TRANSPORT: No transport connected for broadcast
W (114241) MSG: Broadcast failed, falling back to MQTT
E (114242) MQTT: Publish failed
I (114245) CMD_U0: waiting for pending UART response ch=8 before next command
E (114266) MQTT: Publish failed
W (114266) TRANSPORT: No transport connected for broadcast
W (114266) MSG: Broadcast failed, falling back to MQTT
E (114267) MQTT: Publish failed
I (114270) CMD_U0: waiting for pending UART response ch=8 before next command
E (114291) MQTT: Publish failed
W (114291) TRANSPORT: No transport connected for broadcast
W (114291) MSG: Broadcast failed, falling back to MQTT
E (114292) MQTT: Publish failed
CMD_U0: waiting for pending UART response ch=8 before next command
E (114317) MQTT: Publish failed
W (114317) TRANSPORT: No transport connected for broadcast
W (114317) MSG: Broadcast failed, falling back to MQTT
E (114318) MQTT: Publish failed
I (114321) CMD_U0: waiting for pending UART response ch=8 before next command
W (114326) RX_TASK: RX timeout slot1 type=1 reqID=0 (1001ms)
E (114342) MQTT: Publish failed
W (114342) TRANSPORT: No transport connected for broadcast
W (114342) MSG: Broadcast failed, falling back to MQTT
E (114343) MQTT: Publish failed
I (114344) CMD_U1: Stats: txn=10 err=0 (100%) no_ctx=0
I (114344) CMD_U1: waiting for pending UART response ch=9 before next command
I (114347) CMD_U0: waiting for pending UART response ch=8 before next command
E (114367) MQTT: Publish failed
W (114367) TRANSPORT: No transport connected for broadcast
W (114367) MSG: Broadcast failed, falling back to MQTT
E (114368) MQTT: Publish failed
I (114372) CMD_U0: waiting for pending UART response ch=8 before next command
E (114393) MQTT: Publish failed
W (114393) TRANSPORT: No transport connected for broadcast
W (114393) MSG: Broadcast failed, falling back to MQTT
E (114394) MQTT: Publish failed
I (114398) CMD_U0: waiting for pending UART response ch=8 before next command
E (114418) MQTT: Publish failed
W (114418) TRANSPORT: No transport connected for broadcast
W (114418) MSG: Broadcast failed, falling back to MQTT
E (114419) MQTT: I (114419) CMD_U0: waiting for pending UART response ch=8 before next command
Publish failed
E (114438) MQTT: Publish failed
W (114438) TRANSPORT: No transport connected for broadcast
W (114438) MSG: Broadcast failed, falling back to MQTT
E (114439) MQTT: Publish failed
I (114439) CMD_U0: waiting for pending UART response ch=8 before next command
E (114459) MQTT: Publish failed
W (114459) TRANSPORT: No transport connected for broadcast
I (114460) CMD_U0: waiting for pending UART response ch=8 before next command
W (114460) MSG: Broadcast failed, falling back to MQTT
E (114460) MQTT: Publish failed
E (114479) MQTT: Publish failed
W (114479) TRANSPORT: No transport connected for broadcast
W (114479) MSG: Broadcast failed, falling back to MQTT
E (114480) MQTT: Publish failed
I (114480) CMD_U0: waiting for pending UART response ch=8 before next command
E (114504) MQTT: Publish failed
W (114504) TRANSPORT: No transport connected for broadcast
W (114504) MSG: Broadcast failed, falling back to MQTT
E (114505) MQTT: Publish failed
I (114506) CMD_U0: waiting for pending UART response ch=8 before next command
E (114529) MQTT: Publish failed
W (114529) TRANSPORT: No transport connected for broadcast
W (114529) MSG: Broadcast failed, falling back to MQTT
E (114530) MQTT: Publish failed
I (114531) CMD_U0: waiting for pending UART response ch=8 before next command
E (114555) MQTT: Publish failed
W (114555) TRANSPORT: No transport connected for broadcast
W (114555) MSG: Broadcast failed, falling back to MQTT
E (114556) MQTT: Publish failed
I (114557) CMD_U0: waiting for pending UART response ch=8 before next command
E (114562) MQTT: Publish failed
W (114562) TRANSPORT: No transport connected for broadcast
W (114562) MSG: Broadcast failed, falling back to MQTT
E (114562) MQTT: Publish failed
E (114580) MQTT: Publish failed
W (114580) TRANSPORT: No transport connected for broadcast
W (114580) MSG: Broadcast failed, falling back to MQTT
E (114581) MQTT: Publish failed
I (114582) CMD_U0: waiting for pending UART response ch=8 before next command
E (114605) MQTT: Publish failed
W (114605) TRANSPORT: No transport connected for broadcast
W (114605) MSG: Broadcast failed, falling back to MQTT
E (114606) MQTT: Publish failed
I (114607) CMD_U0: waiting for pending UART response ch=8 before next command
E (114631) MQTT: Publish failed
W (114631) TRANSPORT: No transport connected for broadcast
W (114631) MSG: Broadcast failed, falling back to MQTT
E (114632) MQTT: Publish failed
I (114633) CMD_U0: waiting for pending UART response ch=8 before next command
E (114656) MQTT: Publish failed
W (114656) TRANSPORT: No transport connected for broadcast
W (114656) MSG: Broadcast failed, falling back to MQTT
E (114657) MQTT: Publish failed
I (114659) CMD_U0: waiting for pending UART response ch=8 before next command
E (114681) MQTT: Publish failed
W (114681) TRANSPORT: No transport connected for broadcast
W (114681) MSG: Broadcast failed, falling back to MQTT
E (114682) MQTT: Publish failed
I (114684) CMD_U0: waiting for pending UART response ch=8 before next command
E (114707) MQTT: Publish failed
W (114707) TRANSPORT: No transport connected for broadcast
W (114707) MSG: Broadcast failed, falling back to MQTT
E (114708) MQTT: Publish failed
I (114710) CMD_U0: waiting for pending UART response ch=8 before next command
E (114732) MQTT: Publish failed
W (114732) TRANSPORT: No transport connected for broadcast
W (114732) MSG: Broadcast failed, falling back to MQTT
E (114733) MQTT: Publish failed
I (114736) CMD_U0: waiting for pending UART response ch=8 before next command
E (114758) MQTT: Publish failed
W (114758) TRANSPORT: No transport connected for broadcast
W (114759) MSG: Broadcast failed, falling back to MQTT
E (114759) MQTT: Publish failed
I (114761) CMD_U0: waiting for pending UART response ch=8 before next command
I (114786) CMD_U0: waiting for pending UART response ch=8 before next command
I (114812) CMD_U0: waiting for pending UART response ch=8 before next command
I (114837) CMD_U0: waiting for pending UART response ch=8 before next command
I (114862) CMD_U0: waiting for pending UART response ch=8 before next command
I (114887) CMD_U0: waiting for pending UART response ch=8 before next command
I (114912) CMD_U0: waiting for pending UART response ch=8 before next command
I (114937) CMD_U0: waiting for pending UART response ch=8 before next command
E (114961) MQTT: Publish failed
W (114961) TRANSPORT: No transport connected for broadcast
W (114961) MSG: Broadcast failed, falling back to MQTT
E (114962) MQTT: I (114962) CMD_U0: waiting for pending UART response ch=8 before next command
Publish failed
E (114985) MQTT: Publish failed
W (114985) TRANSPORT: No transport connected for broadcast
W (114985) MSG: Broadcast failed, falling back to MQTT
E (114986) MQTT: Publish failed
I (114987) CMD_U0: waiting for pending UART response ch=8 before next command
E (115011) MQTT: Publish failed
W (115011) TRANSPORT: No transport connected for broadcast
W (115011) MSG: Broadcast failed, falling back to MQTT
E (115012) MQTT: Publish failed
I (115013) CMD_U0: waiting for pending UART response ch=8 before next command
E (115036) MQTT: Publish failed
W (115036) TRANSPORT: No transport connected for broadcast
W (115036) MSG: Broadcast failed, falling back to MQTT
E (115037) MQTT: Publish failed
I (115039) CMD_U0: waiting for pending UART response ch=8 before next command
E (115061) MQTT: Publish failed
W (115061) TRANSPORT: No transport connected for broadcast
W (115061) MSG: Broadcast failed, falling back to MQTT
E (115062) MQTT: Publish failed
I (115065) CMD_U0: waiting for pending UART response ch=8 before next command
E (115087) MQTT: Publish failed
W (115087) TRANSPORT: No transport connected for broadcast
W (115087) MSG: Broadcast failed, falling back to MQTT
E (115088) MQTT: Publish failed
I (115090) CMD_U0: waiting for pending UART response ch=8 before next command
E (115112) MQTT: Publish failed
W (115112) TRANSPORT: No transport connected for broadcast
W (115112) MSG: Broadcast failed, falling back to MQTT
E (115113) MQTT: Publish failed
I (115116) CMD_U0: waiting for pending UART response ch=8 before next command
E (115137) MQTT: Publish failed
W (115137) TRANSPORT: No transport connected for broadcast
W (115137) MSG: Broadcast failed, falling back to MQTT
E (115138) MQTT: Publish failed
I (115141) CMD_U0: waiting for pending UART response ch=8 before next command
E (115163) MQTT: Publish failed
W (115163) TRANSPORT: No transport connected for broadcast
W (115163) MSG: Broadcast failed, falling back to MQTT
E (115164) MQTT: Publish failed
I (115166) CMD_U0: waiting for pending UART response ch=8 before next command
E (115188) MQTT: Publish failed
W (115188) TRANSPORT: No transport connected for broadcast
W (115188) MSG: Broadcast failed, falling back to MQTT
E (115189) MQTT: Publish failed
I (115191) CMD_U0: waiting for pending UART response ch=8 before next command
E (115213) MQTT: Publish failed
W (115213) TRANSPORT: No transport connected for broadcast
W (115213) MSG: Broadcast failed, falling back to MQTT
E (115214) MQTT: Publish failed
I (115217) CMD_U0: waiting for pending UART response ch=8 before next command
E (115239) MQTT: Publish failed
W (115239) TRANSPORT: No transport connected for broadcast
W (115239) MSG: Broadcast failed, falling back to MQTT
E (115240) MQTT: Publish failed
I (115242) CMD_U0: waiting for pending UART response ch=8 before next command
E (115264) MQTT: Publish failed
W (115264) TRANSPORT: No transport connected for broadcast
W (115264) MSG: Broadcast failed, falling back to MQTT
E (115265) MQTT: Publish failed
I (115268) CMD_U0: waiting for pending UART response ch=8 before next command
E (115289) MQTT: Publish failed
W (115289) TRANSPORT: No transport connected for broadcast
I (115289) CMD_U0: waiting for pending UART response ch=8 before next command
W (115290) MSG: Broadcast failed, falling back to MQTT
E (115290) MQTT: Publish failed
E (115310) MQTT: Publish failed
W (115310) TRANSPORT: No transport connected for broadcast
W (115310) MSG: Broadcast failed, falling back to MQTT
E (115311) MQTT: Publish failed
I (115315) CMD_U0: waiting for pending UART response ch=8 before next command
W (115328) RX_TASK: RX timeout slot1 type=1 reqID=0 (1001ms)
E (115328) MQTT: Publish failed
W (115329) TRANSPORT: No transport connected for broadcast
W (115329) MSG: Broadcast failed, falling back to MQTT
E (115329) MQTT: Publish failed
E (115335) MQTT: Publish failed
W (115335) TRANSPORT: No transport connected for broadcast
W (115335) MSG: Broadcast failed, falling back to MQTT
E (115336) MQTT: Publish failed
I (115340) CMD_U0: waiting for pending UART response ch=8 before next command
I (115346) CMD_U1: waiting for pending UART response ch=9 before next command
E (115360) MQTT: Publish failed
W (115360) TRANSPORT: No transport connected for broadcast
W (115360) MSG: Broadcast failed, falling back to MQTT
E (115361) MQTT: Publish failed
I (115365) CMD_U0: waiting for pending UART response ch=8 before next command
E (115386) MQTT: Publish failed
W (115386) TRANSPORT: No transport connected for broadcast
W (115386) MSG: Broadcast failed, falling back to MQTT
E (115387) MQTT: Publish failed
I (115390) CMD_U0: waiting for pending UART response ch=8 before next command
E (115411) MQTT: Publish failed
W (115411) TRANSPORT: No transport connected for broadcast
I (115412) CMD_U0: waiting for pending UART response ch=8 before next command
W (115412) MSG: Broadcast failed, falling back to MQTT
E (115412) MQTT: Publish failed
E (115431) MQTT: Publish failed
W (115431) TRANSPORT: No transport connected for broadcast
W (115431) MSG: Broadcast failed, falling back to MQTT
E (115432) MQTT: Publish failed
I (115432) CMD_U0: waiting for pending UART response ch=8 before next command
E (115452) MQTT: Publish failed
W (115452) TRANSPORT: No transport connected for broadcast
W (115452) MSG: Broadcast failed, falling back to MQTT
E (115453) MQTT: I (115453) CMD_U0: waiting for pending UART response ch=8 before next command
Publish failed
E (115477) MQTT: Publish failed
W (115477) TRANSPORT: No transport connected for broadcast
W (115477) MSG: Broadcast failed, falling back to MQTT
I (115478) CMD_U0: waiting for pending UART response ch=8 before next command
E (115478) MQTT: Publish failed
E (115502) MQTT: Publish failed
W (115502) TRANSPORT: No transport connected for broadcast
W (115502) MSG: Broadcast failed, falling back to MQTT
E (115503) MQTT: Publish failedI (115503) CMD_U0: waiting for pending UART response ch=8 before next command

E (115523) MQTT: Publish failed
W (115523) TRANSPORT: No transport connected for broadcast
W (115523) MSG: Broadcast failed, falling back to MQTT
E (115524) MQTT: Publish failed
I (115528) CMD_U0: waiting for pending UART response ch=8 before next command
E (115548) MQTT: Publish failed
W (115548) TRANSPORT: No transport connected for broadcast
W (115549) MSG: Broadcast failed, falling back to MQTT
E (115549) MQTT: Publish failed
I (115553) CMD_U0: waiting for pending UART response ch=8 before next command
E (115562) MQTT: Publish failed
W (115562) TRANSPORT: No transport connected for broadcast
W (115562) MSG: Broadcast failed, falling back to MQTT
E (115562) MQTT: Publish failed
E (115573) MQTT: Publish failed
W (115573) TRANSPORT: No transport connected for broadcast
W (115573) MSG: Broadcast failed, falling back to MQTT
I (115574) CMD_U0: waiting for pending UART response ch=8 before next command
E (115574) MQTT: Publish failed
E (115593) MQTT: Publish failed
W (115593) TRANSPORT: No transport connected for broadcast
W (115593) MSG: Broadcast failed, falling back to MQTT
E (115594) MQTT: Publish failed
I (115595) CMD_U0: waiting for pending UART response ch=8 before next command
E (115619) MQTT: Publish failed
W (115619) TRANSPORT: No transport connected for broadcast
W (115619) MSG: Broadcast failed, falling back to MQTT
E (115620) MQTT: I (115620) CMD_U0: waiting for pending UART response ch=8 before next command
Publish failed
E (115644) MQTT: Publish failed
W (115644) TRANSPORT: No transport connected for broadcast
W (115644) MSG: Broadcast failed, falling back to MQTT
E (115645) MQTT: Publish failedI (115645) CMD_U0: waiting for pending UART response ch=8 before next command

E (115664) MQTT: Publish failed
W (115664) TRANSPORT: No transport connected for broadcast
W (115664) MSG: Broadcast failed, falling back to MQTT
E (115665) MQTT: I (115665) CMD_U0: waiting for pending UART response ch=8 before next command
Publish failed
E (115685) MQTT: Publish failed
W (115685) TRANSPORT: No transport connected for broadcast
W (115685) MSG: Broadcast failed, falling back to MQTT
E (115686) MQTT: Publish failed
I (115690) CMD_U0: waiting for pending UART response ch=8 before next command
E (115710) MQTT: Publish failed
W (115710) TRANSPORT: No transport connected for broadcast
W (115710) MSG: Broadcast failed, falling back to MQTT
E (115711) MQTT: Publish failed
I (115711) CMD_U0: waiting for pending UART response ch=8 before next command
E (115735) MQTT: Publish failed
W (115735) TRANSPORT: No transport connected for broadcast
W (115735) MSG: Broadcast failed, falling back to MQTT
E (115736) MQTT: Publish failed
I (115736) CMD_U0: waiting for pending UART response ch=8 before next command
E (115755) MQTT: Publish failed
W (115755) TRANSPORT: No transport connected for broadcast
W (115755) MSG: Broadcast failed, falling back to MQTT
E (115756) MQTT: Publish failed
I (115756) CMD_U0: waiting for pending UART response ch=8 before next command
E (115776) MQTT: Publish failed
W (115776) TRANSPORT: No transport connected for broadcast
W (115776) MSG: Broadcast failed, falling back to MQTT
I (115777) CMD_U0: waiting for pending UART response ch=8 before next command
E (115777) MQTT: Publish failed
E (115801) MQTT: Publish failed
W (115801) TRANSPORT: No transport connected for broadcast
W (115801) MSG: Broadcast failed, falling back to MQTT
I (115802) CMD_U0: waiting for pending UART response ch=8 before next command
E (115802) MQTT: Publish failed
E (115808) MQTT: Publish failed
W (115809) TRANSPORT: No transport connected for broadcast
W (115809) MSG: Broadcast failed, falling back to MQTT
E (115809) MQTT: Publish failed
E (115821) MQTT: Publish failed
W (115821) TRANSPORT: No transport connected for broadcast
W (115821) MSG: Broadcast failed, falling back to MQTT
E (115822) MQTT: I (115822) CMD_U0: waiting for pending UART response ch=8 before next command
Publish failed
I (115847) CMD_U0: waiting for pending UART response ch=8 before next command
I (115872) CMD_U0: waiting for pending UART response ch=8 before next command
I (115897) CMD_U0: waiting for pending UART response ch=8 before next command
I (115922) CMD_U0: waiting for pending UART response ch=8 before next command
I (115948) CMD_U0: waiting for pending UART response ch=8 before next command
I (115969) CMD_U0: waiting for pending UART response ch=8 before next command
I (115990) CMD_U0: waiting for pending UART response ch=8 before next command
I (116015) CMD_U0: waiting for pending UART response ch=8 before next command
I (116035) CMD_U0: waiting for pending UART response ch=8 before next command
I (116056) CMD_U0: waiting for pending UART response ch=8 before next command
I (116077) CMD_U0: waiting for pending UART response ch=8 before next command
I (116102) CMD_U0: waiting for pending UART response ch=8 before next command
I (116127) CMD_U0: waiting for pending UART response ch=8 before next command
I (116152) CMD_U0: waiting for pending UART response ch=8 before next command
I (116178) CMD_U0: waiting for pending UART response ch=8 before next command
I (116198) CMD_U0: waiting for pending UART response ch=8 before next command
I (116224) CMD_U0: waiting for pending UART response ch=8 before next command
I (116251) CMD_U0: waiting for pending UART response ch=8 before next command
I (116277) CMD_U0: waiting for pending UART response ch=8 before next command
I (116299) CMD_U0: waiting for pending UART response ch=8 before next command
116325) CMD_U0: waiting for pending UART response ch=8 before next command
116330) RX_TASK: RX timeout slot1 type=1 reqID=0 (1001ms)
D_U0: waiting for pending UART response ch=8 before next command
I (116369) CMD_U1: waiting for pending UART response ch=9 before next command
I (116375) CMD_U0: waiting for pending UART response ch=8 before next command
I (116400) CMD_U0: waiting for pending UART response ch=8 before next command
I (116420) CMD_U0: waiting for pending UART response ch=8 before next command
I (116441) CMD_U0: waiting for pending UART response ch=8 before next command
I (116462) CMD_U0: waiting for pending UART response ch=8 before next command
I (116487) CMD_U0: waiting for pending UART response ch=8 before next command
I (116513) CMD_U0: waiting for pending UART response ch=8 before next command
I (116538) CMD_U0: waiting for pending UART response ch=8 before next command
I (116564) CMD_U0: waiting for pending UART response ch=8 before next command
I (116589) CMD_U0: waiting for pending UART response ch=8 before next command
I (116614) CMD_U0: waiting for pending UART response ch=8 before next command
I (116640) CMD_U0: waiting for pending UART response ch=8 before next command
I (116666) CMD_U0: waiting for pending UART response ch=8 before next command
I (116691) CMD_U0: waiting for pending UART response ch=8 before next command
I (116716) CMD_U0: waiting for pending UART response ch=8 before next command
I (116741) CMD_U0: waiting for pending UART response ch=8 before next command
I (116766) CMD_U0: waiting for pending UART response ch=8 before next command
I (116791) CMD_U0: waiting for pending UART response ch=8 before next command
I (116817) CMD_U0: waiting for pending UART response ch=8 before next command
I (116842) CMD_U0: waiting for pending UART response ch=8 before next command
I (116868) CMD_U0: waiting for pending UART response ch=8 before next command
I (116894) CMD_U0: waiting for pending UART response ch=8 before next command
I (116919) CMD_U0: waiting for pending UART response ch=8 before next command
I (116945) CMD_U0: waiting for pending UART response ch=8 before next command
I (116970) CMD_U0: waiting for pending UART response ch=8 before next command
I (116996) CMD_U0: waiting for pending UART response ch=8 before next command
I (117021) CMD_U0: waiting for pending UART response ch=8 before next command
I (117047) CMD_U0: waiting for pending UART response ch=8 before next command
I (117073) CMD_U0: waiting for pending UART response ch=8 before next command
I (117094) CMD_U0: waiting for pending UART response ch=8 before next command
I (117115) CMD_U0: waiting for pending UART response ch=8 before next command
I (117140) CMD_U0: waiting for pending UART response ch=8 before next command
I (117166) CMD_U0: waiting for pending UART response ch=8 before next command
I (117192) CMD_U0: waiting for pending UART response ch=8 before next command
I (117218) CMD_U0: waiting for pending UART response ch=8 before next command
I (117244) CMD_U0: waiting for pending UART response ch=8 before next command
I (117270) CMD_U0: waiting for pending UART response ch=8 before next command
I (117296) CMD_U0: waiting for pending UART response ch=8 before next command
I (117317) CMD_U0: waiting for pending UART response ch=8 before next command
I (117338) CMD_U0: waiting for pending UART response ch=8 before next command
W (117353) RX_TASK: RX timeout slot1 type=1 reqID=0 (1001ms)
E (117362) MQTT: Publish failed
W (117362) TRANSPORT: No transport connected for broadcast
W (117362) MSG: Broadcast failed, falling back to MQTT
I (117363) CMD_U0: waiting for pending UART response ch=8 before next command
E (117363) MQTT: Publish failed
I (117372) CMD_U1: waiting for pending UART response ch=9 before next command
E (117387) MQTT: Publish failed
W (117387) TRANSPORT: No transport connected for broadcast
W (117387) MSG: Broadcast failed, falling back to MQTT
E (117388) MQTT: Publish failed
I (117388) CMD_U0: waiting for pending UART response ch=8 before next command
E (117407) MQTT: Publish failed
W (117407) TRANSPORT: No transport connected for broadcast
W (117407) MSG: Broadcast failed, falling back to MQTT
E (117408) MQTT: Publish failed
I (117409) CMD_U0: waiting for pending UART response ch=8 before next command
E (117433) MQTT: Publish failed
W (117433) TRANSPORT: No transport connected for broadcast
W (117433) MSG: Broadcast failed, falling back to MQTT
E (117434) MQTT: Publish failed
I (117434) CMD_U0: waiting for pending UART response ch=8 before next command
E (117458) MQTT: Publish failed
W (117458) TRANSPORT: No transport connected for broadcast
W (117458) MSG: Broadcast failed, falling back to MQTT
E (117459) MQTT: Publish failed
I (117460) CMD_U0: waiting for pending UART response ch=8 before next command
E (117483) MQTT: Publish failed
W (117483) TRANSPORT: No transport connected for broadcast
W (117483) MSG: Broadcast failed, falling back to MQTT
E (117484) MQTT: Publish failed
I (117486) CMD_U0: waiting for pending UART response ch=8 before next command
E (117509) MQTT: Publish failed
W (117509) TRANSPORT: No transport connected for broadcast
W (117509) MSG: Broadcast failed, falling back to MQTT
E (117510) MQTT: Publish failed
I (117511) CMD_U0: waiting for pending UART response ch=8 before next command
E (117534) MQTT: Publish failed
W (117535) TRANSPORT: No transport connected for broadcast
W (117535) MSG: Broadcast failed, falling back to MQTT
E (117535) MQTT: Publish failed
I (117536) CMD_U0: waiting for pending UART response ch=8 before next command
I (117561) CMD_U0: waiting for pending UART response ch=8 before next command
I (117587) CMD_U0: waiting for pending UART response ch=8 before next command
I (117612) CMD_U0: waiting for pending UART response ch=8 before next command
E (117631) MQTT: Publish failed
W (117631) TRANSPORT: No transport connected for broadcast
W (117631) MSG: Broadcast failed, falling back to MQTT
E (117632) MQTT: Publish failed
I (117633) CMD_U0: waiting for pending UART response ch=8 before next command
E (117657) MQTT: Publish failed
W (117657) TRANSPORT: No transport connected for broadcast
W (117657) MSG: Broadcast failed, falling back to MQTT
E (117658) MQTT: Publish failed
I (117659) CMD_U0: waiting for pending UART response ch=8 before next command
E (117683) MQTT: Publish failed
W (117683) TRANSPORT: No transport connected for broadcast
W (117683) MSG: Broadcast failed, falling back to MQTT
E (117684) MQTT: I (117684) CMD_U0: waiting for pending UART response ch=8 before next command
Publish failed
E (117708) MQTT: Publish failed
W (117708) TRANSPORT: No transport connected for broadcast
W (117708) MSG: Broadcast failed, falling back to MQTT
E (117709) MQTT: Publish failed
I (117709) CMD_U0: waiting for pending UART response ch=8 before next command
E (117733) MQTT: Publish failed
W (117733) TRANSPORT: No transport connected for broadcast
W (117733) MSG: Broadcast failed, falling back to MQTT
E (117734) MQTT: Publish failed
I (117735) CMD_U0: waiting for pending UART response ch=8 before next command
E (117759) MQTT: Publish failed
W (117759) TRANSPORT: No transport connected for broadcast
W (117759) MSG: Broadcast failed, falling back to MQTT
E (117760) MQTT: Publish failed
I (117760) CMD_U0: waiting for pending UART response ch=8 before next command
E (117784) MQTT: Publish failed
W (117784) TRANSPORT: No transport connected for broadcast
W (117784) MSG: Broadcast failed, falling back to MQTT
E (117785) MQTT: Publish failed
I (117786) CMD_U0: waiting for pending UART response ch=8 before next command
E (117809) MQTT: Publish failed
W (117809) TRANSPORT: No transport connected for broadcast
W (117809) MSG: Broadcast failed, falling back to MQTT
E (117810) MQTT: Publish failed
I (117812) CMD_U0: waiting for pending UART response ch=8 before next command
E (117815) MQTT: Publish failed
W (117815) TRANSPORT: No transport connected for broadcast
W (117815) MSG: Broadcast failed, falling back to MQTT
E (117815) MQTT: Publish failed
E (117835) MQTT: Publish failed
W (117835) TRANSPORT: No transport connected for broadcast
W (117835) MSG: Broadcast failed, falling back to MQTT
E (117836) MQTT: Publish failed
I (117837) CMD_U0: waiting for pending UART response ch=8 before next command
E (117860) MQTT: Publish failed
W (117860) TRANSPORT: No transport connected for broadcast
W (117860) MSG: Broadcast failed, falling back to MQTT
E (117861) MQTT: Publish failed
I (117863) CMD_U0: waiting for pending UART response ch=8 before next command
E (117885) MQTT: Publish failed
W (117885) TRANSPORT: No transport connected for broadcast
W (117885) MSG: Broadcast failed, falling back to MQTT
E (117886) MQTT: Publish failed
I (117889) CMD_U0: waiting for pending UART response ch=8 before next command
E (117911) MQTT: Publish failed
W (117911) TRANSPORT: No transport connected for broadcast
W (117911) MSG: Broadcast failed, falling back to MQTT
E (117912) MQTT: Publish failed
I (117915) CMD_U0: waiting for pending UART response ch=8 before next command
E (117936) MQTT: Publish failed
W (117936) TRANSPORT: No transport connected for broadcast
I (117937) CMD_U0: waiting for pending UART response ch=8 before next command
W (117937) MSG: Broadcast failed, falling back to MQTT
E (117937) MQTT: Publish failed
E (117956) MQTT: Publish failed
W (117956) TRANSPORT: No transport connected for broadcast
W (117956) MSG: Broadcast failed, falling back to MQTT
E (117957) MQTT: Publish failed
I (117957) CMD_U0: waiting for pending UART response ch=8 before next command
E (117976) MQTT: Publish failed
W (117976) TRANSPORT: No transport connected for broadcast
W (117976) MSG: Broadcast failed, falling back to MQTT
E (117977) MQTT: Publish failed
I (117978) CMD_U0: waiting for pending UART response ch=8 before next command
E (118002) MQTT: Publish failed
W (118002) TRANSPORT: No transport connected for broadcast
W (118002) MSG: Broadcast failed, falling back to MQTT
E (118003) MQTT: Publish failed
I (118003) CMD_U0: waiting for pending UART response ch=8 before next command
E (118027) MQTT: Publish failed
W (118027) TRANSPORT: No transport connected for broadcast
W (118027) MSG: Broadcast failed, falling back to MQTT
E (118028) MQTT: Publish failed
I (118029) CMD_U0: waiting for pending UART response ch=8 before next command
E (118053) MQTT: Publish failed
W (118053) TRANSPORT: No transport connected for broadcast
W (118053) MSG: Broadcast failed, falling back to MQTT
I (118054) CMD_U0: waiting for pending UART response ch=8 before next command
E (118054) MQTT: Publish failed
E (118078) MQTT: Publish failed
W (118078) TRANSPORT: No transport connected for broadcast
W (118078) MSG: Broadcast failed, falling back to MQTT
I (118079) CMD_U0: waiting for pending UART response ch=8 before next command
E (118079) MQTT: Publish failed
E (118103) MQTT: Publish failed
W (118103) TRANSPORT: No transport connected for broadcast
W (118103) MSG: Broadcast failed, falling back to MQTT
E (118104) MQTT: I (118104) CMD_U0: waiting for pending UART response ch=8 before next command
Publish failed
E (118123) MQTT: Publish failed
W (118123) TRANSPORT: No transport connected for broadcast
W (118123) MSG: Broadcast failed, falling back to MQTT
E (118124) MQTT: I (118124) CMD_U0: waiting for pending UART response ch=8 before next command
Publish failed
E (118144) MQTT: Publish failed
W (118144) TRANSPORT: No transport connected for broadcast
W (118144) MSG: Broadcast failed, falling back to MQTT
E (118145) MQTT: Publish failed
I (118149) CMD_U0: waiting for pending UART response ch=8 before next command
E (118169) MQTT: Publish failed
W (118169) TRANSPORT: No transport connected for broadcast
W (118169) MSG: Broadcast failed, falling back to MQTT
I (118170) CMD_U0: waiting for pending UART response ch=8 before next command
E (118170) MQTT: Publish failed
E (118189) MQTT: Publish failed
W (118189) TRANSPORT: No transport connected for broadcast
W (118189) MSG: Broadcast failed, falling back to MQTT
E (118190) MQTT: I (118190) CMD_U0: waiting for pending UART response ch=8 before next command
Publish failed
E (118210) MQTT: Publish failed
W (118210) TRANSPORT: No transport connected for broadcast
W (118210) MSG: Broadcast failed, falling back to MQTT
E (118211) MQTT: Publish failed
I (118215) CMD_U0: waiting for pending UART response ch=8 before next command
E (118235) MQTT: Publish failed
W (118235) TRANSPORT: No transport connected for broadcast
W (118235) MSG: Broadcast failed, falling back to MQTT
E (118236) MQTT: Publish failed
I (118240) CMD_U0: waiting for pending UART response ch=8 before next command
E (118260) MQTT: Publish failed
W (118260) TRANSPORT: No transport connected for broadcast
W (118260) MSG: Broadcast failed, falling back to MQTT
E (118261) MQTT: Publish failed
I (118265) CMD_U0: waiting for pending UART response ch=8 before next command
E (118285) MQTT: Publish failed
W (118285) TRANSPORT: No transport connected for broadcast
W (118285) MSG: Broadcast failed, falling back to MQTT
E (118286) MQTT: Publish failed
I (118286) CMD_U0: waiting for pending UART response ch=8 before next command
E (118306) MQTT: Publish failed
W (118306) TRANSPORT: No transport connected for broadcast
W (118306) MSG: Broadcast failed, falling back to MQTT
E (118307) MQTT: Publish failed
I (118311) CMD_U0: waiting for pending UART response ch=8 before next command
E (118331) MQTT: Publish failed
W (118331) TRANSPORT: No transport connected for broadcast
W (118331) MSG: Broadcast failed, falling back to MQTT
E (118332) MQTT: Publish failed
I (118336) CMD_U0: waiting for pending UART response ch=8 before next command
 (118356) RX_TASK: RX timeout slot1 type=1 reqID=0 (1001ms)
 (118356) MQTT: Publish failed
 (118356) TRANSPORT: No transport connected for broadcast
 (118357) MSG: Broadcast failed, falling back to MQTT
 (118357) MQTT: Publish failed
E (118357) MQTT: Publish failed
W (118358) TRANSPORT: No transport connected for broadcast
W (118358) MSG: Broadcast failed, falling back to MQTT
E (118358) MQTT: Publish failed
I (118361) CMD_U0: waiting for pending UART response ch=8 before next command
I (118374) CMD_U1: waiting for pending UART response ch=9 before next command
E (118382) MQTT: Publish failed
W (118382) TRANSPORT: No transport connected for broadcast
W (118382) MSG: Broadcast failed, falling back to MQTT
E (118383) MQTT: Publish failed
I (118386) CMD_U0: waiting for pending UART response ch=8 before next command
E (118407) MQTT: Publish failed
W (118407) TRANSPORT: No transport connected for broadcast
W (118407) MSG: Broadcast failed, falling back to MQTT
E (118408) MQTT: Publish failed
I (118412) CMD_U0: waiting for pending UART response ch=8 before next command
E (118432) MQTT: Publish failed
W (118432) TRANSPORT: No transport connected for broadcast
W (118432) MSG: Broadcast failed, falling back to MQTT
E (118433) MQTT: I (118433) CMD_U0: waiting for pending UART response ch=8 before next command
Publish failed
E (118453) MQTT: Publish failed
W (118453) TRANSPORT: No transport connected for broadcast
W (118453) MSG: Broadcast failed, falling back to MQTT
E (118454) MQTT: Publish failed
I (118458) CMD_U0: waiting for pending UART response ch=8 before next command
E (118478) MQTT: Publish failed
W (118478) TRANSPORT: No transport connected for broadcast
W (118478) MSG: Broadcast failed, falling back to MQTT
E (118479) MQTT: Publish failed
I (118479) CMD_U0: waiting for pending UART response ch=8 before next command
E (118498) MQTT: Publish failed
W (118498) TRANSPORT: No transport connected for broadcast
W (118498) MSG: Broadcast failed, falling back to MQTT
E (118499) MQTT: Publish failed
I (118500) CMD_U0: waiting for pending UART response ch=8 before next command
E (118524) MQTT: Publish failed
W (118524) TRANSPORT: No transport connected for broadcast
W (118524) MSG: Broadcast failed, falling back to MQTT
E (118525) MQTT: Publish failed
I (118526) CMD_U0: waiting for pending UART response ch=8 before next command
E (118549) MQTT: Publish failed
W (118549) TRANSPORT: No transport connected for broadcast
W (118549) MSG: Broadcast failed, falling back to MQTT
E (118550) MQTT: Publish failed
I (118551) CMD_U0: waiting for pending UART response ch=8 before next command
E (118563) MQTT: Publish failed
W (118563) TRANSPORT: No transport connected for broadcast
W (118563) MSG: Broadcast failed, falling back to MQTT
E (118563) MQTT: Publish failed
I (118578) CMD_U0: waiting for pending UART response ch=8 before next command
I (118603) CMD_U0: waiting for pending UART response ch=8 before next command
I (118628) CMD_U0: waiting for pending UART response ch=8 before next command
I (118653) CMD_U0: waiting for pending UART response ch=8 before next command
I (118678) CMD_U0: waiting for pending UART response ch=8 before next command
I (118703) CMD_U0: waiting for pending UART response ch=8 before next command
I (118728) CMD_U0: waiting for pending UART response ch=8 before next command
I (118754) CMD_U0: waiting for pending UART response ch=8 before next command
I (118779) CMD_U0: waiting for pending UART response ch=8 before next command
I (118804) CMD_U0: waiting for pending UART response ch=8 before next command
I (118829) CMD_U0: waiting for pending UART response ch=8 before next command
I (118855) CMD_U0: waiting for pending UART response ch=8 before next command
I (118875) CMD_U0: waiting for pending UART response ch=8 before next command
I (118901) CMD_U0: waiting for pending UART response ch=8 before next command
I (118926) CMD_U0: waiting for pending UART response ch=8 before next command
I (118952) CMD_U0: waiting for pending UART response ch=8 before next command
I (118977) CMD_U0: waiting for pending UART response ch=8 before next command
I (119003) CMD_U0: waiting for pending UART response ch=8 before next command
I (119028) CMD_U0: waiting for pending UART response ch=8 before next command
I (119053) CMD_U0: waiting for pending UART response ch=8 before next command
I (119078) CMD_U0: waiting for pending UART response ch=8 before next command
I (119103) CMD_U0: waiting for pending UART response ch=8 before next command
I (119130) CMD_U0: waiting for pending UART response ch=8 before next command
I (119155) CMD_U0: waiting for pending UART response ch=8 before next command
I (119180) CMD_U0: waiting for pending UART response ch=8 before next command
I (119205) CMD_U0: waiting for pending UART response ch=8 before next command
I (119230) CMD_U0: waiting for pending UART response ch=8 before next command
I (119256) CMD_U0: waiting for pending UART response ch=8 before next command
I (119282) CMD_U0: waiting for pending UART response ch=8 before next command
I (119307) CMD_U0: waiting for pending UART response ch=8 before next command
I (119332) CMD_U0: waiting for pending UART response ch=8 before next command
W (119358) RX_TASK: RX timeout slot1 type=1 reqID=0 (1001ms)
I (119358) CMD_U0: waiting for pending UART response ch=8 before next command
I (119376) CMD_U1: waiting for pending UART response ch=9 before next command
I (119384) CMD_U0: waiting for pending UART response ch=8 before next command
I (119409) CMD_U0: waiting for pending UART response ch=8 before next command
E (119430) MQTT: Publish failed
W (119430) TRANSPORT: No transport connected for broadcast
W (119430) MSG: Broadcast failed, falling back to MQTT
E (119431) MQTT: Publish failed
I (119434) CMD_U0: waiting for pending UART response ch=8 before next command
E (119456) MQTT: Publish failed
W (119456) TRANSPORT: No transport connected for broadcast
W (119456) MSG: Broadcast failed, falling back to MQTT
E (119457) MQTT: Publish failed
I (119460) CMD_U0: waiting for pending UART response ch=8 before next command
E (119481) MQTT: Publish failed
W (119481) TRANSPORT: No transport connected for broadcast
W (119481) MSG: Broadcast failed, falling back to MQTT
E (119482) MQTT: Publish failed
I (119485) CMD_U0: waiting for pending UART response ch=8 before next command
E (119506) MQTT: Publish failed
W (119506) TRANSPORT: No transport connected for broadcast
I (119506) CMD_U0: waiting for pending UART response ch=8 before next command
W (119506) MSG: Broadcast failed, falling back to MQTT
E (119507) MQTT: Publish failed
E (119527) MQTT: Publish failed
W (119527) TRANSPORT: No transport connected for broadcast
W (119527) MSG: Broadcast failed, falling back to MQTT
E (119528) MQTT: Publish failed
I (119532) CMD_U0: waiting for pending UART response ch=8 before next command
E (119552) MQTT: Publish failed
W (119552) TRANSPORT: No transport connected for broadcast
W (119552) MSG: Broadcast failed, falling back to MQTT
E (119553) MQTT: Publish failed
I (119553) CMD_U0: waiting for pending UART response ch=8 before next command
E (119562) MQTT: Publish failed
W (119562) TRANSPORT: No transport connected for broadcast
W (119563) MSG: Broadcast failed, falling back to MQTT
E (119563) MQTT: Publish failed
E (119577) MQTT: Publish failed
W (119577) TRANSPORT: No transport connected for broadcast
W (119577) MSG: Broadcast failed, falling back to MQTT
E (119578) MQTT: Publish failed
I (119579) CMD_U0: waiting for pending UART response ch=8 before next command
E (119602) MQTT: Publish failed
W (119602) TRANSPORT: No transport connected for broadcast
W (119602) MSG: Broadcast failed, falling back to MQTT
E (119603) MQTT: Publish failed
I (119605) CMD_U0: waiting for pending UART response ch=8 before next command
E (119628) MQTT: Publish failed
W (119628) TRANSPORT: No transport connected for broadcast
W (119628) MSG: Broadcast failed, falling back to MQTT
E (119629) MQTT: Publish failed
I (119631) CMD_U0: waiting for pending UART response ch=8 before next command
E (119653) MQTT: Publish failed
W (119653) TRANSPORT: No transport connected for broadcast
W (119653) MSG: Broadcast failed, falling back to MQTT
E (119654) MQTT: Publish failed
I (119657) CMD_U0: waiting for pending UART response ch=8 before next command
E (119678) MQTT: Publish failed
W (119678) TRANSPORT: No transport connected for broadcast
W (119678) MSG: Broadcast failed, falling back to MQTT
E (119679) MQTT: Publish failed
I (119683) CMD_U0: waiting for pending UART response ch=8 before next command
E (119704) MQTT: Publish failed
W (119704) TRANSPORT: No transport connected for broadcast
W (119704) MSG: Broadcast failed, falling back to MQTT
E (119705) MQTT: Publish failed
I (119709) CMD_U0: waiting for pending UART response ch=8 before next command
E (119729) MQTT: Publish failed
W (119729) TRANSPORT: No transport connected for broadcast
W (119729) MSG: Broadcast failed, falling back to MQTT
E (119730) MQTT: Publish failed
I (119730) CMD_U0: waiting for pending UART response ch=8 before next command
E (119749) MQTT: Publish failed
W (119749) TRANSPORT: No transport connected for broadcast
W (119749) MSG: Broadcast failed, falling back to MQTT
E (119750) MQTT: Publish failed
I (119751) CMD_U0: waiting for pending UART response ch=8 before next command
E (119775) MQTT: Publish failed
W (119775) TRANSPORT: No transport connected for broadcast
W (119775) MSG: Broadcast failed, falling back to MQTT
E (119776) MQTT: Publish failed
I (119777) CMD_U0: waiting for pending UART response ch=8 before next command
E (119800) MQTT: Publish failed
W (119800) TRANSPORT: No transport connected for broadcast
W (119800) MSG: Broadcast failed, falling back to MQTT
E (119801) MQTT: Publish failed
I (119803) CMD_U0: waiting for pending UART response ch=8 before next command
E (119824) MQTT: Publish failed
W (119824) TRANSPORT: No transport connected for broadcast
E (119825) MQTT: Publish failed
W (119825) MSG: Broadcast failed, falling back to MQTTW (119825) TRANSPORT: No transport connected for broadcast

W (119826) MSG: Broadcast failed, falling back to MQTT
E (119826) MQTT: Publish failed
E (119826) MQTT: Publish failed
I (119828) CMD_U0: waiting for pending UART response ch=8 before next command
E (119851) MQTT: Publish failed
W (119851) TRANSPORT: No transport connected for broadcast
W (119851) MSG: Broadcast failed, falling back to MQTT
E (119852) MQTT: Publish failed
I (119853) CMD_U0: waiting for pending UART response ch=8 before next command
E (119876) MQTT: Publish failed
W (119876) TRANSPORT: No transport connected for broadcast
W (119876) MSG: Broadcast failed, falling back to MQTT
E (119877) MQTT: Publish failed
I (119879) CMD_U0: waiting for pending UART response ch=8 before next command
E (119901) MQTT: Publish failed
W (119901) TRANSPORT: No transport connected for broadcast
W (119901) MSG: Broadcast failed, falling back to MQTT
E (119902) MQTT: Publish failed
I (119904) CMD_U0: waiting for pending UART response ch=8 before next command
I (119929) CMD_U0: waiting for pending UART response ch=8 before next command
I (119954) CMD_U0: waiting for pending UART response ch=8 before next command
I (119980) CMD_U0: waiting for pending UART response ch=8 before next command
I (120005) CMD_U0: waiting for pending UART response ch=8 before next command
I (120030) CMD_U0: waiting for pending UART response ch=8 before next command
I (120057) CMD_U0: waiting for pending UART response ch=8 before next command
I (120082) CMD_U0: waiting for pending UART response ch=8 before next command
I (120107) CMD_U0: waiting for pending UART response ch=8 before next command
I (120132) CMD_U0: waiting for pending UART response ch=8 before next command
I (120158) CMD_U0: waiting for pending UART response ch=8 before next command
I (120183) CMD_U0: waiting for pending UART response ch=8 before next command
I (120209) CMD_U0: waiting for pending UART response ch=8 before next command
I (120235) CMD_U0: waiting for pending UART response ch=8 before next command
I (120261) CMD_U0: waiting for pending UART response ch=8 before next command
I (120282) CMD_U0: waiting for pending UART response ch=8 before next command
I (120307) CMD_U0: waiting for pending UART response ch=8 before next command
I (120329) CMD_U0: waiting for pending UART response ch=8 before next command
I (120350) CMD_U0: waiting for pending UART response ch=8 before next command
W (120360) RX_TASK: RX timeout slot1 type=1 reqID=0 (1001ms)
I (120375) CMD_U0: waiting for pending UART response ch=8 before next command
I (120378) CMD_U1: waiting for pending UART response ch=9 before next command
I (120400) CMD_U0: waiting for pending UART response ch=8 before next command
I (120425) CMD_U0: waiting for pending UART response ch=8 before next command
I (120455) CMD_U0: waiting for pending UART response ch=8 before next command
I (120480) CMD_U0: waiting for pending UART response ch=8 before next command
I (120500) CMD_U0: waiting for pending UART response ch=8 before next command
I (120525) CMD_U0: waiting for pending UART response ch=8 before next command
I (120546) CMD_U0: waiting for pending UART response ch=8 before next command
I (120572) CMD_U0: waiting for pending UART response ch=8 before next command
I (120597) CMD_U0: waiting for pending UART response ch=8 before next command
I (120623) CMD_U0: waiting for pending UART response ch=8 before next command
I (120648) CMD_U0: waiting for pending UART response ch=8 before next command
I (120673) CMD_U0: waiting for pending UART response ch=8 before next command
I (120698) CMD_U0: waiting for pending UART response ch=8 before next command
I (120723) CMD_U0: waiting for pending UART response ch=8 before next command
I (120744) CMD_U0: waiting for pending UART response ch=8 before next command
I (120769) CMD_U0: waiting for pending UART response ch=8 before next command
I (120795) CMD_U0: waiting for pending UART response ch=8 before next command
I (120821) CMD_U0: waiting for pending UART response ch=8 before next command
I (120847) CMD_U0: waiting for pending UART response ch=8 before next command
I (120872) CMD_U0: waiting for pending UART response ch=8 before next command
I (120897) CMD_U0: waiting for pending UART response ch=8 before next command
I (120923) CMD_U0: waiting for pending UART response ch=8 before next command
I (120948) CMD_U0: waiting for pending UART response ch=8 before next command
I (120973) CMD_U0: waiting for pending UART response ch=8 before next command
I (120999) CMD_U0: waiting for pending UART response ch=8 before next command
I (121000) SCHEDULER: Stats: samples=418 full=588 min_free=2
I (121024) CMD_U0: waiting for pending UART response ch=8 before next command
I (121049) CMD_U0: waiting for pending UART response ch=8 before next command
I (121074) CMD_U0: waiting for pending UART response ch=8 before next command
I (121099) CMD_U0: waiting for pending UART response ch=8 before next command
I (121124) CMD_U0: waiting for pending UART response ch=8 before next command
I (121149) CMD_U0: waiting for pending UART response ch=8 before next command
I (121175) CMD_U0: waiting for pending UART response ch=8 before next command
I (121201) CMD_U0: waiting for pending UART response ch=8 before next command
I (121227) CMD_U0: waiting for pending UART response ch=8 before next command
I (121252) CMD_U0: waiting for pending UART response ch=8 before next command
I (121277) CMD_U0: waiting for pending UART response ch=8 before next command
I (121302) CMD_U0: waiting for pending UART response ch=8 before next command
I (121328) CMD_U0: waiting for pending UART response ch=8 before next command
I (121353) CMD_U0: waiting for pending UART response ch=8 before next command
W (121362) RX_TASK: RX timeout slot1 type=1 reqID=0 (1001ms)
I (121378) CMD_U0: waiting for pending UART response ch=8 before next command
I (121380) CMD_U1: waiting for pending UART response ch=9 before next command
I (121398) CMD_U0: waiting for pending UART response ch=8 before next command
I (121423) CMD_U0: waiting for pending UART response ch=8 before next command
I (121449) CMD_U0: waiting for pending UART response ch=8 before next command
E (121469) MQTT: Publish failed
W (121469) TRANSPORT: No transport connected for broadcast
W (121469) MSG: Broadcast failed, falling back to MQTT
E (121470) MQTT: Publish failed
I (121474) CMD_U0: waiting for pending UART response ch=8 before next command
E (121495) MQTT: Publish failed
W (121495) TRANSPORT: No transport connected for broadcast
I (121495) CMD_U0: waiting for pending UART response ch=8 before next command
W (121495) MSG: Broadcast failed, falling back to MQTT
E (121496) MQTT: Publish failed
E (121515) MQTT: Publish failed
W (121515) TRANSPORT: No transport connected for broadcast
W (121515) MSG: Broadcast failed, falling back to MQTT
E (121516) MQTT: Publish failed
I (121516) CMD_U0: waiting for pending UART response ch=8 before next command
E (121535) MQTT: Publish failed
W (121535) TRANSPORT: No transport connected for broadcast
W (121535) MSG: Broadcast failed, falling back to MQTT
E (121536) MQTT: Publish failed
I (121537) CMD_U0: waiting for pending UART response ch=8 before next command
E (121561) MQTT: Publish failed
W (121561) TRANSPORT: No transport connected for broadcast
W (121561) MSG: Broadcast failed, falling back to MQTT
E (121562) MQTT: Publish failed
I (121562) CMD_U0: waiting for pending UART response ch=8 before next command
E (121562) MQTT: Publish failed
W (121563) TRANSPORT: No transport connected for broadcast
W (121563) MSG: Broadcast failed, falling back to MQTT
E (121563) MQTT: Publish failed
E (121586) MQTT: Publish failed
W (121586) TRANSPORT: No transport connected for broadcast
W (121586) MSG: Broadcast failed, falling back to MQTT
E (121587) MQTT: Publish failed
I (121587) CMD_U0: waiting for pending UART response ch=8 before next command
I (121607) CMD_U0: waiting for pending UART response ch=8 before next command
I (121627) CMD_U0: waiting for pending UART response ch=8 before next command
I (121648) CMD_U0: waiting for pending UART response ch=8 before next command
I (121673) CMD_U0: waiting for pending UART response ch=8 before next command
I (121693) CMD_U0: waiting for pending UART response ch=8 before next command
I (121718) CMD_U0: waiting for pending UART response ch=8 before next command
I (121739) CMD_U0: waiting for pending UART response ch=8 before next command
I (121760) CMD_U0: waiting for pending UART response ch=8 before next command
I (121781) CMD_U0: waiting for pending UART response ch=8 before next command
I (121806) CMD_U0: waiting for pending UART response ch=8 before next command
I (121832) CMD_U0: waiting for pending UART response ch=8 before next command
I (121852) CMD_U0: waiting for pending UART response ch=8 before next command
I (121878) CMD_U0: waiting for pending UART response ch=8 before next command
I (121904) CMD_U0: waiting for pending UART response ch=8 before next command
I (121929) CMD_U0: waiting for pending UART response ch=8 before next command
I (121950) CMD_U0: waiting for pending UART response ch=8 before next command
I (121970) CMD_U0: waiting for pending UART response ch=8 before next command
I (121995) CMD_U0: waiting for pending UART response ch=8 before next command
I (122016) CMD_U0: waiting for pending UART response ch=8 before next command
I (122036) CMD_U0: waiting for pending UART response ch=8 before next command
I (122057) CMD_U0: waiting for pending UART response ch=8 before next command
I (122082) CMD_U0: waiting for pending UART response ch=8 before next command
I (122102) CMD_U0: waiting for pending UART response ch=8 before next command
I (122123) CMD_U0: waiting for pending UART response ch=8 before next command
I (122148) CMD_U0: waiting for pending UART response ch=8 before next command
I (122174) CMD_U0: waiting for pending UART response ch=8 before next command
I (122199) CMD_U0: waiting for pending UART response ch=8 before next command
I (122225) CMD_U0: waiting for pending UART response ch=8 before next command
I (122251) CMD_U0: waiting for pending UART response ch=8 before next command
I (122271) CMD_U0: waiting for pending UART response ch=8 before next command
I (122296) CMD_U0: waiting for pending UART response ch=8 before next command
I (122321) CMD_U0: waiting for pending UART response ch=8 before next command
I (122346) CMD_U0: waiting for pending UART response ch=8 before next command
W (122364) RX_TASK: RX timeout slot1 type=1 reqID=0 (1001ms)
I (122368) RX_TASK: Stats: events=410 completions=420 report_drop=0 report_q_high=2
I (122372) CMD_U0: waiting for pending UART response ch=8 before next command
I (122397) CMD_U0: waiting for pending UART response ch=8 before next command
I (122403) CMD_U1: waiting for pending UART response ch=9 before next command
I (122422) CMD_U0: Stats: txn=410 err=0 (100%) no_ctx=0
I (122423) CMD_U0: waiting for pending UART response ch=8 before next command
I (122448) CMD_U0: waiting for pending UART response ch=8 before next command
I (122473) CMD_U0: waiting for pending UART response ch=8 before next command
I (122498) CMD_U0: waiting for pending UART response ch=8 before next command
I (122524) CMD_U0: waiting for pending UART response ch=8 before next command
I (122550) CMD_U0: waiting for pending UART response ch=8 before next command
I (122576) CMD_U0: waiting for pending UART response ch=8 before next command
I (122602) CMD_U0: waiting for pending UART response ch=8 before next command
I (122623) CMD_U0: waiting for pending UART response ch=8 before next command
I (122649) CMD_U0: waiting for pending UART response ch=8 before next command
I (122674) CMD_U0: waiting for pending UART response ch=8 before next command
I (122700) CMD_U0: waiting for pending UART response ch=8 before next command
I (122726) CMD_U0: waiting for pending UART response ch=8 before next command
I (122751) CMD_U0: waiting for pending UART response ch=8 before next command
I (122777) CMD_U0: waiting for pending UART response ch=8 before next command
I (122802) CMD_U0: waiting for pending UART response ch=8 before next command
I (122827) CMD_U0: waiting for pending UART response ch=8 before next command
I (122852) CMD_U0: waiting for pending UART response ch=8 before next command
I (122877) CMD_U0: waiting for pending UART response ch=8 before next command
I (122903) CMD_U0: waiting for pending UART response ch=8 before next command
I (122929) CMD_U0: waiting for pending UART response ch=8 before next command
I (122955) CMD_U0: waiting for pending UART response ch=8 before next command
I (122976) CMD_U0: waiting for pending UART response ch=8 before next command
I (123001) CMD_U0: waiting for pending UART response ch=8 before next command
I (123022) CMD_U0: waiting for pending UART response ch=8 before next command
I (123042) CMD_U0: waiting for pending UART response ch=8 before next command
I (123063) CMD_U0: waiting for pending UART response ch=8 before next command
I (123083) CMD_U0: waiting for pending UART response ch=8 before next command
I (123108) CMD_U0: waiting for pending UART response ch=8 before next command
I (123128) CMD_U0: waiting for pending UART response ch=8 before next command
I (123149) CMD_U0: waiting for pending UART response ch=8 before next command
E (123168) MQTT: Publish failed
W (123168) TRANSPORT: No transport connected for broadcast
W (123168) MSG: Broadcast failed, falling back to MQTT
I (123169) CMD_U0: E (123169) MQTT: waiting for pending UART response ch=8 before next command
Publish failed
E (123188) MQTT: Publish failed
W (123188) TRANSPORT: No transport connected for broadcast
W (123188) MSG: Broadcast failed, falling back to MQTT
I (123189) CMD_U0: waiting for pending UART response ch=8 before next command
E (123189) MQTT: Publish failed
E (123208) MQTT: Publish failed
W (123208) TRANSPORT: No transport connected for broadcast
W (123208) MSG: Broadcast failed, falling back to MQTT
I (123209) CMD_U0: waiting for pending UART response ch=8 before next command
E (123209) MQTT: Publish failed
E (123229) MQTT: Publish failed
W (123229) TRANSPORT: No transport connected for broadcast
W (123229) MSG: Broadcast failed, falling back to MQTT
E (123230) MQTT: Publish failed
I (123234) CMD_U0: waiting for pending UART response ch=8 before next command
E (123254) MQTT: Publish failed
W (123254) TRANSPORT: No transport connected for broadcast
W (123255) MSG: Broadcast failed, falling back to MQTT
I (123255) CMD_U0: waiting for pending UART response ch=8 before next command
E (123255) MQTT: Publish failed
E (123274) MQTT: Publish failed
W (123274) TRANSPORT: No transport connected for broadcast
W (123274) MSG: Broadcast failed, falling back to MQTT
E (123275) MQTT: I (123275) CMD_U0: waiting for pending UART response ch=8 before next command
Publish failed
E (123295) MQTT: Publish failed
W (123295) TRANSPORT: No transport connected for broadcast
W (123295) MSG: Broadcast failed, falling back to MQTT
E (123296) MQTT: Publish failed
I (123300) CMD_U0: waiting for pending UART response ch=8 before next command
E (123320) MQTT: Publish failed
W (123320) TRANSPORT: No transport connected for broadcast
W (123320) MSG: Broadcast failed, falling back to MQTT
E (123321) MQTT: Publish failed
I (123325) CMD_U0: waiting for pending UART response ch=8 before next command
E (123345) MQTT: Publish failed
W (123345) TRANSPORT: No transport connected for broadcast
W (123345) MSG: Broadcast failed, falling back to MQTT
E (123346) MQTT: Publish failed
I (123346) CMD_U0: waiting for pending UART response ch=8 before next command
E (123365) MQTT: Publish failed
W (123365) TRANSPORT: No transport connected for broadcast
W (123365) MSG: Broadcast failed, falling back to MQTT
E (123366) MQTT: Publish failed
I (123367) CMD_U0: waiting for pending UART response ch=8 before next command
W (123387) RX_TASK: RX timeout slot1 type=1 reqID=0 (1001ms)
I (123393) CMD_U0: waiting for pending UART response ch=8 before next command
I (123405) CMD_U1: waiting for pending UART response ch=9 before next command
I (123418) CMD_U0: waiting for pending UART response ch=8 before next command
I (123443) CMD_U0: waiting for pending UART response ch=8 before next command
I (123469) CMD_U0: waiting for pending UART response ch=8 before next command
I (123494) CMD_U0: waiting for pending UART response ch=8 before next command
I (123519) CMD_U0: waiting for pending UART response ch=8 before next command
I (123545) CMD_U0: waiting for pending UART response ch=8 before next command
I (123565) SCHEDULER: sched: ch=8 edge_device_count=1, choosing v2 path
I (123570) CMD_U0: waiting for pending UART response ch=8 before next command
I (123570) SCHEDULER: sched: ch=9 edge_device_count=1, choosing v2 path
E (123594) MQTT: Publish failed
W (123594) TRANSPORT: No transport connected for broadcast
W (123594) MSG: Broadcast failed, falling back to MQTT
E (123595) MQTT: Publish failedI (123595) CMD_U0: waiting for pending UART response ch=8 before next command

E (123615) MQTT: Publish failed
W (123615) TRANSPORT: No transport connected for broadcast
I (123615) CMD_U0: waiting for pending UART response ch=8 before next command
W (123615) MSG: Broadcast failed, falling back to MQTT
E (123616) MQTT: Publish failed
E (123635) MQTT: Publish failed
W (123635) TRANSPORT: No transport connected for broadcast
W (123635) MSG: Broadcast failed, falling back to MQTT
E (123636) MQTT: I (123636) CMD_U0: waiting for pending UART response ch=8 before next command
Publish failed
E (123660) MQTT: Publish failed
W (123660) TRANSPORT: No transport connected for broadcast
W (123660) MSG: Broadcast failed, falling back to MQTT
I (123661) CMD_U0: waiting for pending UART response ch=8 before next command
E (123661) MQTT: Publish failed
E (123680) MQTT: Publish failed
W (123680) TRANSPORT: No transport connected for broadcast
W (123680) MSG: Broadcast failed, falling back to MQTT
I (123681) CMD_U0: waiting for pending UART response ch=8 before next command
E (123681) MQTT: Publish failed
E (123701) MQTT: Publish failed
W (123701) TRANSPORT: No transport connected for broadcast
W (123701) MSG: Broadcast failed, falling back to MQTT
E (123702) MQTT: Publish failed
I (123706) CMD_U0: waiting for pending UART response ch=8 before next command
E (123726) MQTT: Publish failed
W (123726) TRANSPORT: No transport connected for broadcast
W (123726) MSG: Broadcast failed, falling back to MQTT
E (123727) MQTT: Publish failed
I (123731) CMD_U0: waiting for pending UART response ch=8 before next command
E (123751) MQTT: Publish failed
W (123751) TRANSPORT: No transport connected for broadcast
W (123751) MSG: Broadcast failed, falling back to MQTT
I (123752) CMD_U0: waiting for pending UART response ch=8 before next command
E (123752) MQTT: Publish failed
E (123772) MQTT: Publish failed
W (123772) TRANSPORT: No transport connected for broadcast
W (123772) MSG: Broadcast failed, falling back to MQTT
E (123773) MQTT: Publish failed
I (123777) CMD_U0: waiting for pending UART response ch=8 before next command
E (123797) MQTT: Publish failed
W (123797) TRANSPORT: No transport connected for broadcast
W (123797) MSG: Broadcast failed, falling back to MQTT
E (123798) MQTT: Publish failed
I (123802) CMD_U0: waiting for pending UART response ch=8 before next command
E (123823) MQTT: Publish failed
W (123823) TRANSPORT: No transport connected for broadcast
W (123823) MSG: Broadcast failed, falling back to MQTT
E (123824) MQTT: Publish failed
I (123828) CMD_U0: waiting for pending UART response ch=8 before next command
E (123848) MQTT: Publish failed
W (123848) TRANSPORT: No transport connected for broadcast
W (123849) MSG: Broadcast failed, falling back to MQTT
E (123849) MQTT: Publish failed
I (123849) CMD_U0: waiting for pending UART response ch=8 before next command
E (123851) MQTT: Publish failed
W (123851) TRANSPORT: No transport connected for broadcast
W (123851) MSG: Broadcast failed, falling back to MQTT
E (123851) MQTT: Publish failed
E (123868) MQTT: Publish failed
W (123868) TRANSPORT: No transport connected for broadcast
W (123868) MSG: Broadcast failed, falling back to MQTT
E (123869) MQTT: Publish failed
I (123870) CMD_U0: waiting for pending UART response ch=8 before next command
E (123894) MQTT: Publish failed
W (123894) TRANSPORT: No transport connected for broadcast
W (123894) MSG: Broadcast failed, falling back to MQTT
E (123895) MQTT: Publish failed
I (123895) CMD_U0: waiting for pending UART response ch=8 before next command
E (123919) MQTT: Publish failed
W (123919) TRANSPORT: No transport connected for broadcast
W (123919) MSG: Broadcast failed, falling back to MQTT
E (123920) MQTT: Publish failed
I (123921) CMD_U0: waiting for pending UART response ch=8 before next command
E (123944) MQTT: Publish failed
W (123944) TRANSPORT: No transport connected for broadcast
W (123944) MSG: Broadcast failed, falling back to MQTT
E (123945) MQTT: Publish failed
I (123946) CMD_U0: waiting for pending UART response ch=8 before next command
E (123970) MQTT: Publish failed
W (123970) TRANSPORT: No transport connected for broadcast
W (123970) MSG: Broadcast failed, falling back to MQTT
E (123971) MQTT: Publish failed
I (123972) CMD_U0: waiting for pending UART response ch=8 before next command
E (123996) MQTT: Publish failed
W (123996) TRANSPORT: No transport connected for broadcast
W (123996) MSG: Broadcast failed, falling back to MQTT
E (123997) MQTT: Publish failed
I (123997) CMD_U0: waiting for pending UART response ch=8 before next command
E (124021) MQTT: Publish failed
W (124021) TRANSPORT: No transport connected for broadcast
W (124021) MSG: Broadcast failed, falling back to MQTT
E (124022) MQTT: Publish failed
I (124023) CMD_U0: waiting for pending UART response ch=8 before next command
E (124046) MQTT: Publish failed
W (124046) TRANSPORT: No transport connected for broadcast
W (124046) MSG: Broadcast failed, falling back to MQTT
E (124047) MQTT: Publish failed
I (124049) CMD_U0: waiting for pending UART response ch=8 before next command
E (124072) MQTT: Publish failed
W (124072) TRANSPORT: No transport connected for broadcast
W (124072) MSG: Broadcast failed, falling back to MQTT
E (124073) MQTT: Publish failed
I (124075) CMD_U0: waiting for pending UART response ch=8 before next command
E (124097) MQTT: Publish failed
W (124097) TRANSPORT: No transport connected for broadcast
W (124097) MSG: Broadcast failed, falling back to MQTT
E (124098) MQTT: Publish failed
I (124100) CMD_U0: waiting for pending UART response ch=8 before next command
E (124122) MQTT: Publish failed
W (124122) TRANSPORT: No transport connected for broadcast
W (124122) MSG: Broadcast failed, falling back to MQTT
E (124123) MQTT: Publish failed
I (124125) CMD_U0: waiting for pending UART response ch=8 before next command
E (124148) MQTT: Publish failed
W (124148) TRANSPORT: No transport connected for broadcast
W (124148) MSG: Broadcast failed, falling back to MQTT
E (124149) MQTT: Publish failed
I (124150) CMD_U0: waiting for pending UART response ch=8 before next command
E (124173) MQTT: Publish failed
W (124173) TRANSPORT: No transport connected for broadcast
W (124173) MSG: Broadcast failed, falling back to MQTT
E (124174) MQTT: Publish failed
I (124176) CMD_U0: waiting for pending UART response ch=8 before next command
E (124198) MQTT: Publish failed
W (124198) TRANSPORT: No transport connected for broadcast
W (124198) MSG: Broadcast failed, falling back to MQTT
E (124199) MQTT: Publish failed
I (124202) CMD_U0: waiting for pending UART response ch=8 before next command
E (124224) MQTT: Publish failed
W (124224) TRANSPORT: No transport connected for broadcast
W (124224) MSG: Broadcast failed, falling back to MQTT
E (124225) MQTT: Publish failed
I (124228) CMD_U0: waiting for pending UART response ch=8 before next command
E (124249) MQTT: Publish failed
W (124249) TRANSPORT: No transport connected for broadcast
W (124249) MSG: Broadcast failed, falling back to MQTT
E (124250) MQTT: Publish failed
I (124253) CMD_U0: waiting for pending UART response ch=8 before next command
E (124274) MQTT: Publish failed
W (124274) TRANSPORT: No transport connected for broadcast
W (124274) MSG: Broadcast failed, falling back to MQTT
E (124275) MQTT: Publish failed
I (124279) CMD_U0: waiting for pending UART response ch=8 before next command
E (124300) MQTT: Publish failed
W (124300) TRANSPORT: No transport connected for broadcast
W (124300) MSG: Broadcast failed, falling back to MQTT
E (124301) MQTT: Publish failed
I (124304) CMD_U0: waiting for pending UART response ch=8 before next command
E (124325) MQTT: Publish failed
W (124325) TRANSPORT: No transport connected for broadcast
W (124325) MSG: Broadcast failed, falling back to MQTT
E (124326) MQTT: Publish failed
I (124329) CMD_U0: waiting for pending UART response ch=8 before next command
E (124351) MQTT: Publish failed
W (124351) TRANSPORT: No transport connected for broadcast
W (124351) MSG: Broadcast failed, falling back to MQTT
E (124352) MQTT: Publish failed
I (124354) CMD_U0: waiting for pending UART response ch=8 before next command
E (124376) MQTT: Publish failed
W (124376) TRANSPORT: No transport connected for broadcast
W (124376) MSG: Broadcast failed, falling back to MQTT
E (124377) MQTT: Publish failed
I (124380) CMD_U0: waiting for pending UART response ch=8 before next command
W (124389) RX_TASK: RX timeout slot1 type=1 reqID=0 (1001ms)
E (124402) MQTT: Publish failed
W (124402) TRANSPORT: No transport connected for broadcast
W (124402) MSG: Broadcast failed, falling back to MQTT
E (124403) MQTT: Publish failed
I (124406) CMD_U0: waiting for pending UART response ch=8 before next command
I (124407) CMD_U1: Stats: txn=10 err=0 (100%) no_ctx=0
I (124407) CMD_U1: waiting for pending UART response ch=9 before next command
E (124427) MQTT: Publish failed
W (124427) TRANSPORT: No transport connected for broadcast
W (124427) MSG: Broadcast failed, falling back to MQTT
E (124428) MQTT: Publish failed
I (124431) CMD_U0: waiting for pending UART response ch=8 before next command
E (124452) MQTT: Publish failed
W (124452) TRANSPORT: No transport connected for broadcast
I (124452) CMD_U0: waiting for pending UART response ch=8 before next command
W (124453) MSG: Broadcast failed, falling back to MQTT
E (124453) MQTT: Publish failed
I (124473) CMD_U0: waiting for pending UART response ch=8 before next command
E (124474) MQTT: Publish failed
W (124474) TRANSPORT: No transport connected for broadcast
W (124474) MSG: Broadcast failed, falling back to MQTT
E (124475) MQTT: Publish failed
I (124499) CMD_U0: waiting for pending UART response ch=8 before next command
I (124519) CMD_U0: waiting for pending UART response ch=8 before next command
I (124540) CMD_U0: waiting for pending UART response ch=8 before next command
I (124565) CMD_U0: waiting for pending UART response ch=8 before next command
I (124590) CMD_U0: waiting for pending UART response ch=8 before next command
I (124611) CMD_U0: waiting for pending UART response ch=8 before next command
I (124631) CMD_U0: waiting for pending UART response ch=8 before next command
I (124656) CMD_U0: waiting for pending UART response ch=8 before next command
I (124676) CMD_U0: waiting for pending UART response ch=8 before next command
I (124701) CMD_U0: waiting for pending UART response ch=8 before next command
I (124722) CMD_U0: waiting for pending UART response ch=8 before next command
I (124743) CMD_U0: waiting for pending UART response ch=8 before next command
I (124770) CMD_U0: waiting for pending UART response ch=8 before next command
I (124795) CMD_U0: waiting for pending UART response ch=8 before next command
I (124820) CMD_U0: waiting for pending UART response ch=8 before next command
I (124845) CMD_U0: waiting for pending UART response ch=8 before next command
I (124870) CMD_U0: waiting for pending UART response ch=8 before next command
I (124895) CMD_U0: waiting for pending UART response ch=8 before next command
I (124921) CMD_U0: waiting for pending UART response ch=8 before next command
I (124946) CMD_U0: waiting for pending UART response ch=8 before next command
I (124972) CMD_U0: waiting for pending UART response ch=8 before next command
I (124997) CMD_U0: waiting for pending UART response ch=8 before next command
I (125023) CMD_U0: waiting for pending UART response ch=8 before next command
I (125049) CMD_U0: waiting for pending UART response ch=8 before next command
I (125075) CMD_U0: waiting for pending UART response ch=8 before next command
I (125100) CMD_U0: waiting for pending UART response ch=8 before next command
I (125126) CMD_U0: waiting for pending UART response ch=8 before next command
I (125151) CMD_U0: waiting for pending UART response ch=8 before next command
I (125176) CMD_U0: waiting for pending UART response ch=8 before next command
I (125201) CMD_U0: waiting for pending UART response ch=8 before next command
I (125226) CMD_U0: waiting for pending UART response ch=8 before next command
I (125251) CMD_U0: waiting for pending UART response ch=8 before next command
I (125276) CMD_U0: waiting for pending UART response ch=8 before next command
E (125299) MQTT: Publish failed
W (125299) TRANSPORT: No transport connected for broadcast
W (125299) MSG: Broadcast failed, falling back to MQTT
E (125300) MQTT: Publish failed
I (125301) CMD_U0: waiting for pending UART response ch=8 before next command
E (125324) MQTT: Publish failed
W (125324) TRANSPORT: No transport connected for broadcast
W (125324) MSG: Broadcast failed, falling back to MQTT
E (125325) MQTT: Publish failed
I (125326) CMD_U0: waiting for pending UART response ch=8 before next command
E (125350) MQTT: Publish failed
W (125350) TRANSPORT: No transport connected for broadcast
W (125350) MSG: Broadcast failed, falling back to MQTT
E (125351) MQTT: I (125351) CMD_U0: waiting for pending UART response ch=8 before next command
Publish failed
E (125375) MQTT: Publish failed
W (125375) TRANSPORT: No transport connected for broadcast
W (125375) MSG: Broadcast failed, falling back to MQTT
E (125376) MQTT: I (125376) CMD_U0: waiting for pending UART response ch=8 before next command
Publish failed
W (125391) RX_TASK: RX timeout slot1 type=1 reqID=0 (1001ms)
E (125391) MQTT: Publish failed
W (125392) TRANSPORT: No transport connected for broadcast
W (125392) MSG: Broadcast failed, falling back to MQTT
E (125392) MQTT: Publish failed
E (125395) MQTT: Publish failed
W (125395) TRANSPORT: No transport connected for broadcast
W (125395) MSG: Broadcast failed, falling back to MQTT
E (125396) MQTT: Publish failed
I (125396) CMD_U0: waiting for pending UART response ch=8 before next command
I (125409) CMD_U1: waiting for pending UART response ch=9 before next command
E (125416) MQTT: Publish failed
W (125416) TRANSPORT: No transport connected for broadcast
W (125416) MSG: Broadcast failed, falling back to MQTT
E (125417) MQTT: Publish failed
I (125421) CMD_U0: waiting for pending UART response ch=8 before next command
E (125441) MQTT: Publish failed
W (125441) TRANSPORT: No transport connected for broadcast
W (125441) MSG: Broadcast failed, falling back to MQTT
E (125442) MQTT: I (125442) CMD_U0: waiting for pending UART response ch=8 before next commandPublish failed

E (125461) MQTT: Publish failed
W (125461) TRANSPORT: No transport connected for broadcast
W (125461) MSG: Broadcast failed, falling back to MQTT
E (125462) MQTT: Publish failed
I (125462) CMD_U0: waiting for pending UART response ch=8 before next command
E (125482) MQTT: Publish failed
W (125482) TRANSPORT: No transport connected for broadcast
W (125482) MSG: Broadcast failed, falling back to MQTT
I (125483) CMD_U0: waiting for pending UART response ch=8 before next command
E (125483) MQTT: Publish failed
E (125507) MQTT: Publish failed
W (125507) TRANSPORT: No transport connected for broadcast
I (125508) CMD_U0: waiting for pending UART response ch=8 before next commandW (125508) MSG: 
Broadcast failed, falling back to MQTT
E (125509) MQTT: Publish failed
E (125532) MQTT: Publish failed
W (125532) TRANSPORT: No transport connected for broadcast
W (125532) MSG: Broadcast failed, falling back to MQTT
E (125533) MQTT: I (125533) CMD_U0: waiting for pending UART response ch=8 before next command
Publish failed
E (125553) MQTT: Publish failed
W (125553) TRANSPORT: No transport connected for broadcast
W (125553) MSG: Broadcast failed, falling back to MQTT
E (125554) MQTT: Publish failed
I (125558) CMD_U0: waiting for pending UART response ch=8 before next command
E (125562) MQTT: Publish failed
W (125562) TRANSPORT: No transport connected for broadcast
W (125562) MSG: Broadcast failed, falling back to MQTT
E (125563) MQTT: Publish failed
E (125578) MQTT: Publish failed
W (125578) TRANSPORT: No transport connected for broadcast
W (125578) MSG: Broadcast failed, falling back to MQTT
E (125579) MQTT: Publish failed
I (125583) CMD_U0: waiting for pending UART response ch=8 before next command
E (125603) MQTT: Publish failed
W (125603) TRANSPORT: No transport connected for broadcast
W (125604) MSG: Broadcast failed, falling back to MQTT
E (125604) MQTT: Publish failed
I (125608) CMD_U0: waiting for pending UART response ch=8 before next command
E (125629) MQTT: Publish failed
W (125629) TRANSPORT: No transport connected for broadcast
I (125629) CMD_U0: waiting for pending UART response ch=8 before next command
W (125630) MSG: Broadcast failed, falling back to MQTT
E (125630) MQTT: Publish failed
E (125649) MQTT: Publish failed
W (125649) TRANSPORT: No transport connected for broadcast
W (125649) MSG: Broadcast failed, falling back to MQTT
E (125650) MQTT: I (125650) CMD_U0: waiting for pending UART response ch=8 before next command
Publish failed
E (125670) MQTT: Publish failed
W (125670) TRANSPORT: No transport connected for broadcast
W (125670) MSG: Broadcast failed, falling back to MQTT
E (125671) MQTT: Publish failed
I (125675) CMD_U0: waiting for pending UART response ch=8 before next command
E (125695) MQTT: Publish failed
W (125695) TRANSPORT: No transport connected for broadcast
W (125695) MSG: Broadcast failed, falling back to MQTT
E (125696) MQTT: I (125696) CMD_U0: waiting for pending UART response ch=8 before next command
Publish failed
E (125715) MQTT: Publish failed
W (125715) TRANSPORT: No transport connected for broadcast
W (125715) MSG: Broadcast failed, falling back to MQTT
E (125716) MQTT: Publish failed
I (125716) CMD_U0: waiting for pending UART response ch=8 before next command
E (125736) MQTT: Publish failed
W (125736) TRANSPORT: No transport connected for broadcast
W (125736) MSG: Broadcast failed, falling back to MQTT
E (125737) MQTT: Publish failed
I (125737) CMD_U0: waiting for pending UART response ch=8 before next command
E (125761) MQTT: Publish failed
W (125761) TRANSPORT: No transport connected for broadcast
W (125761) MSG: Broadcast failed, falling back to MQTT
E (125762) MQTT: Publish failed
I (125763) CMD_U0: waiting for pending UART response ch=8 before next command
E (125787) MQTT: Publish failed
W (125787) TRANSPORT: No transport connected for broadcast
W (125787) MSG: Broadcast failed, falling back to MQTT
E (125788) MQTT: Publish failed
I (125788) CMD_U0: waiting for pending UART response ch=8 before next command
E (125812) MQTT: Publish failed
W (125812) TRANSPORT: No transport connected for broadcast
W (125812) MSG: Broadcast failed, falling back to MQTT
E (125813) MQTT: Publish failed
I (125814) CMD_U0: waiting for pending UART response ch=8 before next command
I (125841) CMD_U0: waiting for pending UART response ch=8 before next command
E (125856) MQTT: Publish failed
W (125856) TRANSPORT: No transport connected for broadcast
W (125856) MSG: Broadcast failed, falling back to MQTT
E (125859) MQTT: Publish failed
I (125867) CMD_U0: waiting for pending UART response ch=8 before next command
I (125892) CMD_U0: waiting for pending UART response ch=8 before next command
I (125919) CMD_U0: waiting for pending UART response ch=8 before next command
I (125944) CMD_U0: waiting for pending UART response ch=8 before next command
I (125970) CMD_U0: waiting for pending UART response ch=8 before next command
I (125996) CMD_U0: waiting for pending UART response ch=8 before next command
I (126022) CMD_U0: waiting for pending UART response ch=8 before next command
I (126049) CMD_U0: waiting for pending UART response ch=8 before next command
I (126070) CMD_U0: waiting for pending UART response ch=8 before next command
I (126095) CMD_U0: waiting for pending UART response ch=8 before next command
I (126120) CMD_U0: waiting for pending UART response ch=8 before next command
I (126145) CMD_U0: waiting for pending UART response ch=8 before next command
I (126171) CMD_U0: waiting for pending UART response ch=8 before next command
I (126196) CMD_U0: waiting for pending UART response ch=8 before next command
I (126222) CMD_U0: waiting for pending UART response ch=8 before next command
I (126247) CMD_U0: waiting for pending UART response ch=8 before next command
I (126272) CMD_U0: waiting for pending UART response ch=8 before next command
I (126298) CMD_U0: waiting for pending UART response ch=8 before next command
I (126323) CMD_U0: waiting for pending UART response ch=8 before next command
I (126349) CMD_U0: waiting for pending UART response ch=8 before next command
I (126369) CMD_U0: waiting for pending UART response ch=8 before next command
I (126390) CMD_U0: waiting for pending UART response ch=8 before next command
W (126393) RX_TASK: RX timeout slot1 type=1 reqID=0 (1001ms)
I (126415) CMD_U0: waiting for pending UART response ch=8 before next command
I (126432) CMD_U1: waiting for pending UART response ch=9 before next command
I (126435) CMD_U0: waiting for pending UART response ch=8 before next command
I (126461) CMD_U0: waiting for pending UART response ch=8 before next command
I (126481) CMD_U0: waiting for pending UART response ch=8 before next command
I (126502) CMD_U0: waiting for pending UART response ch=8 before next command
I (126527) CMD_U0: waiting for pending UART response ch=8 before next command
I (126552) CMD_U0: waiting for pending UART response ch=8 before next command
I (126573) CMD_U0: waiting for pending UART response ch=8 before next command
I (126598) CMD_U0: waiting for pending UART response ch=8 before next command
I (126623) CMD_U0: waiting for pending UART response ch=8 before next command
I (126648) CMD_U0: waiting for pending UART response ch=8 before next command
I (126668) CMD_U0: waiting for pending UART response ch=8 before next command
I (126693) CMD_U0: waiting for pending UART response ch=8 before next command
I (126718) CMD_U0: waiting for pending UART response ch=8 before next command
I (126739) CMD_U0: waiting for pending UART response ch=8 before next command
I (126760) CMD_U0: waiting for pending UART response ch=8 before next command
I (126786) CMD_U0: waiting for pending UART response ch=8 before next command
I (126811) CMD_U0: waiting for pending UART response ch=8 before next command
I (126836) CMD_U0: waiting for pending UART response ch=8 before next command
I (126861) CMD_U0: waiting for pending UART response ch=8 before next command
I (126881) CMD_U0: waiting for pending UART response ch=8 before next command
I (126902) CMD_U0: waiting for pending UART response ch=8 before next command
I (126927) CMD_U0: waiting for pending UART response ch=8 before next command
I (126952) CMD_U0: waiting for pending UART response ch=8 before next command
I (126973) CMD_U0: waiting for pending UART response ch=8 before next command
I (126999) CMD_U0: waiting for pending UART response ch=8 before next command
I (127025) CMD_U0: waiting for pending UART response ch=8 before next command
I (127050) CMD_U0: waiting for pending UART response ch=8 before next command
I (127076) CMD_U0: waiting for pending UART response ch=8 before next command
I (127101) CMD_U0: waiting for pending UART response ch=8 before next command
I (127126) CMD_U0: waiting for pending UART response ch=8 before next command
I (127151) CMD_U0: waiting for pending UART response ch=8 before next command
I (127177) CMD_U0: waiting for pending UART response ch=8 before next command
I (127203) CMD_U0: waiting for pending UART response ch=8 before next command
I (127228) CMD_U0: waiting for pending UART response ch=8 before next command
I (127253) CMD_U0: waiting for pending UART response ch=8 before next command
I (127278) CMD_U0: waiting for pending UART response ch=8 before next command
I (127304) CMD_U0: waiting for pending UART response ch=8 before next command
I (127329) CMD_U0: waiting for pending UART response ch=8 before next command
E (127352) MQTT: Publish failed
W (127352) TRANSPORT: No transport connected for broadcast
W (127352) MSG: Broadcast failed, falling back to MQTT
E (127353) MQTT: Publish failed
I (127355) CMD_U0: waiting for pending UART response ch=8 before next command
E (127377) MQTT: Publish failed
W (127377) TRANSPORT: No transport connected for broadcast
W (127377) MSG: Broadcast failed, falling back to MQTT
E (127378) MQTT: Publish failed
I (127381) CMD_U0: waiting for pending UART response ch=8 before next command
E (127402) MQTT: Publish failed
W (127402) TRANSPORT: No transport connected for broadcast
I (127402) CMD_U0: waiting for pending UART response ch=8 before next command
W (127403) MSG: Broadcast failed, falling back to MQTT
E (127403) MQTT: Publish failed
W (127416) RX_TASK: RX timeout slot1 type=1 reqID=0 (1001ms)
E (127422) MQTT: Publish failed
W (127422) TRANSPORT: No transport connected for broadcast
W (127422) MSG: Broadcast failed, falling back to MQTT
E (127423) MQTT: Publish failed
I (127423) CMD_U0: waiting for pending UART response ch=8 before next command
E (127443) MQTT: Publish failed
W (127443) TRANSPORT: No transport connected for broadcast
W (127443) MSG: Broadcast failed, falling back to MQTT
E (127444) MQTT: Publish failed
I (127448) CMD_U0: waiting for pending UART response ch=8 before next command
I (127455) CMD_U1: waiting for pending UART response ch=9 before next command
E (127468) MQTT: Publish failed
W (127468) TRANSPORT: No transport connected for broadcast
W (127468) MSG: Broadcast failed, falling back to MQTT
I (127469) CMD_U0: E (127469) MQTT: waiting for pending UART response ch=8 before next commandPublish failed

E (127488) MQTT: Publish failed
W (127488) TRANSPORT: No transport connected for broadcast
W (127488) MSG: Broadcast failed, falling back to MQTT
E (127489) MQTT: I (127489) CMD_U0: waiting for pending UART response ch=8 before next command
Publish failed
E (127509) MQTT: Publish failed
W (127509) TRANSPORT: No transport connected for broadcast
W (127509) MSG: Broadcast failed, falling back to MQTT
E (127510) MQTT: Publish failed
I (127514) CMD_U0: waiting for pending UART response ch=8 before next command
I (127535) CMD_U0: waiting for pending UART response ch=8 before next command
I (127560) CMD_U0: waiting for pending UART response ch=8 before next command
E (127579) MQTT: Publish failed
W (127579) TRANSPORT: No transport connected for broadcast
W (127579) MSG: Broadcast failed, falling back to MQTT
E (127580) MQTT: Publish failed
I (127581) CMD_U0: waiting for pending UART response ch=8 before next command
E (127605) MQTT: Publish failed
W (127605) TRANSPORT: No transport connected for broadcast
W (127605) MSG: Broadcast failed, falling back to MQTT
E (127606) MQTT: Publish failed
I (127606) CMD_U0: waiting for pending UART response ch=8 before next command
E (127630) MQTT: Publish failed
W (127630) TRANSPORT: No transport connected for broadcast
W (127630) MSG: Broadcast failed, falling back to MQTT
E (127631) MQTT: Publish failed
I (127632) CMD_U0: waiting for pending UART response ch=8 before next command
E (127655) MQTT: Publish failed
W (127655) TRANSPORT: No transport connected for broadcast
W (127655) MSG: Broadcast failed, falling back to MQTT
E (127656) MQTT: Publish failed
I (127658) CMD_U0: waiting for pending UART response ch=8 before next command
E (127681) MQTT: Publish failed
W (127681) TRANSPORT: No transport connected for broadcast
W (127681) MSG: Broadcast failed, falling back to MQTT
E (127682) MQTT: Publish failed
I (127683) CMD_U0: waiting for pending UART response ch=8 before next command
E (127706) MQTT: Publish failed
W (127706) TRANSPORT: No transport connected for broadcast
W (127706) MSG: Broadcast failed, falling back to MQTT
E (127707) MQTT: Publish failed
I (127709) CMD_U0: waiting for pending UART response ch=8 before next command
E (127731) MQTT: Publish failed
W (127731) TRANSPORT: No transport connected for broadcast
W (127731) MSG: Broadcast failed, falling back to MQTT
E (127732) MQTT: Publish failed
I (127734) CMD_U0: waiting for pending UART response ch=8 before next command
E (127757) MQTT: Publish failed
W (127757) TRANSPORT: No transport connected for broadcast
W (127757) MSG: Broadcast failed, falling back to MQTT
E (127758) MQTT: Publish failed
I (127760) CMD_U0: waiting for pending UART response ch=8 before next command
E (127782) MQTT: Publish failed
W (127782) TRANSPORT: No transport connected for broadcast
W (127782) MSG: Broadcast failed, falling back to MQTT
E (127783) MQTT: Publish failed
I (127786) CMD_U0: waiting for pending UART response ch=8 before next command
E (127807) MQTT: Publish failed
W (127807) TRANSPORT: No transport connected for broadcast
W (127807) MSG: Broadcast failed, falling back to MQTT
E (127808) MQTT: Publish failed
I (127811) CMD_U0: waiting for pending UART response ch=8 before next command
E (127833) MQTT: Publish failed
W (127833) TRANSPORT: No transport connected for broadcast
W (127833) MSG: Broadcast failed, falling back to MQTT
E (127834) MQTT: Publish failed
I (127836) CMD_U0: waiting for pending UART response ch=8 before next command
E (127858) MQTT: Publish failed
W (127858) TRANSPORT: No transport connected for broadcast
W (127858) MSG: Broadcast failed, falling back to MQTT
E (127859) MQTT: Publish failed
I (127861) CMD_U0: waiting for pending UART response ch=8 before next command
E (127865) MQTT: Publish failed
W (127866) TRANSPORT: No transport connected for broadcast
W (127866) MSG: Broadcast failed, falling back to MQTT
E (127866) MQTT: Publish failed
E (127883) MQTT: Publish failed
W (127883) TRANSPORT: No transport connected for broadcast
W (127883) MSG: Broadcast failed, falling back to MQTT
E (127884) MQTT: Publish failed
I (127886) CMD_U0: waiting for pending UART response ch=8 before next command
E (127909) MQTT: Publish failed
W (127909) TRANSPORT: No transport connected for broadcast
W (127909) MSG: Broadcast failed, falling back to MQTT
E (127910) MQTT: Publish failed
I (127912) CMD_U0: waiting for pending UART response ch=8 before next command
E (127934) MQTT: Publish failed
W (127934) TRANSPORT: No transport connected for broadcast
W (127934) MSG: Broadcast failed, falling back to MQTT
E (127935) MQTT: Publish failed
I (127938) CMD_U0: waiting for pending UART response ch=8 before next command
E (127960) MQTT: Publish failed
W (127960) TRANSPORT: No transport connected for broadcast
W (127960) MSG: Broadcast failed, falling back to MQTT
E (127961) MQTT: Publish failed
I (127964) CMD_U0: waiting for pending UART response ch=8 before next command
E (127985) MQTT: Publish failed
W (127985) TRANSPORT: No transport connected for broadcast
W (127985) MSG: Broadcast failed, falling back to MQTT
E (127986) MQTT: Publish failed
I (127990) CMD_U0: waiting for pending UART response ch=8 before next command
E (128011) MQTT: Publish failed
W (128011) TRANSPORT: No transport connected for broadcast
W (128011) MSG: Broadcast failed, falling back to MQTT
E (128012) MQTT: Publish failed
I (128016) CMD_U0: waiting for pending UART response ch=8 before next command
E (128036) MQTT: Publish failed
W (128036) TRANSPORT: No transport connected for broadcast
W (128036) MSG: Broadcast failed, falling back to MQTT
E (128037) MQTT: Publish failed
I (128037) CMD_U0: waiting for pending UART response ch=8 before next command
E (128056) MQTT: Publish failed
W (128056) TRANSPORT: No transport connected for broadcast
W (128056) MSG: Broadcast failed, falling back to MQTT
I (128057) CMD_U0: waiting for pending UART response ch=8 before next command
E (128057) MQTT: Publish failed
E (128077) MQTT: Publish failed
W (128077) TRANSPORT: No transport connected for broadcast
W (128077) MSG: Broadcast failed, falling back to MQTT
E (128078) MQTT: Publish failed
I (128082) CMD_U0: waiting for pending UART response ch=8 before next command
E (128102) MQTT: Publish failed
W (128102) TRANSPORT: No transport connected for broadcast
W (128102) MSG: Broadcast failed, falling back to MQTT
E (128103) MQTT: Publish failed
I (128107) CMD_U0: waiting for pending UART response ch=8 before next command
E (128128) MQTT: Publish failed
W (128128) TRANSPORT: No transport connected for broadcast
W (128128) MSG: Broadcast failed, falling back to MQTT
E (128129) MQTT: Publish failed
I (128133) CMD_U0: waiting for pending UART response ch=8 before next command
E (128153) MQTT: Publish failed
W (128153) TRANSPORT: No transport connected for broadcast
W (128153) MSG: Broadcast failed, falling back to MQTT
I (128154) CMD_U0: waiting for pending UART response ch=8 before next command
E (128154) MQTT: Publish failed
E (128173) MQTT: Publish failed
W (128173) TRANSPORT: No transport connected for broadcast
W (128173) MSG: Broadcast failed, falling back to MQTT
I (128174) CMD_U0: waiting for pending UART response ch=8 before next command
E (128174) MQTT: Publish failed
E (128194) MQTT: Publish failed
W (128194) TRANSPORT: No transport connected for broadcast
W (128194) MSG: Broadcast failed, falling back to MQTT
E (128195) MQTT: Publish failed
I (128199) CMD_U0: waiting for pending UART response ch=8 before next command
E (128219) MQTT: Publish failed
W (128219) TRANSPORT: No transport connected for broadcast
W (128219) MSG: Broadcast failed, falling back to MQTT
E (128220) MQTT: Publish failed
I (128224) CMD_U0: waiting for pending UART response ch=8 before next command
E (128245) MQTT: Publish failed
W (128245) TRANSPORT: No transport connected for broadcast
W (128245) MSG: Broadcast failed, falling back to MQTT
E (128246) MQTT: Publish failed
I (128249) CMD_U0: waiting for pending UART response ch=8 before next command
E (128271) MQTT: Publish failed
W (128271) TRANSPORT: No transport connected for broadcast
W (128271) MSG: Broadcast failed, falling back to MQTT
E (128272) MQTT: Publish failed
I (128275) CMD_U0: waiting for pending UART response ch=8 before next command
E (128296) MQTT: Publish failed
W (128296) TRANSPORT: No transport connected for broadcast
W (128296) MSG: Broadcast failed, falling back to MQTT
E (128297) MQTT: Publish failed
I (128300) CMD_U0: waiting for pending UART response ch=8 before next command
E (128321) MQTT: Publish failed
W (128321) TRANSPORT: No transport connected for broadcast
W (128321) MSG: Broadcast failed, falling back to MQTT
E (128322) MQTT: Publish failed
I (128326) CMD_U0: waiting for pending UART response ch=8 before next command
E (128347) MQTT: Publish failed
W (128347) TRANSPORT: No transport connected for broadcast
W (128347) MSG: Broadcast failed, falling back to MQTT
E (128348) MQTT: Publish failed
I (128351) CMD_U0: waiting for pending UART response ch=8 before next command
E (128372) MQTT: Publish failed
W (128372) TRANSPORT: No transport connected for broadcast
W (128372) MSG: Broadcast failed, falling back to MQTT
E (128373) MQTT: Publish failed
I (128377) CMD_U0: waiting for pending UART response ch=8 before next command
E (128398) MQTT: Publish failed
W (128398) TRANSPORT: No transport connected for broadcast
W (128398) MSG: Broadcast failed, falling back to MQTT
E (128399) MQTT: Publish failed
I (128402) CMD_U0: waiting for pending UART response ch=8 before next command
E (128423) MQTT: Publish failed
W (128423) TRANSPORT: No transport connected for broadcast
W (128423) MSG: Broadcast failed, falling back to MQTT
E (128424) MQTT: Publish failed
I (128428) CMD_U0: waiting for pending UART response ch=8 before next command
W (128439) RX_TASK: RX timeout slot1 type=1 reqID=0 (1001ms)
E (128439) MQTT: Publish failed
W (128439) TRANSPORT: No transport connected for broadcast
W (128440) MSG: Broadcast failed, falling back to MQTT
E (128440) MQTT: Publish failed
E (128449) MQTT: Publish failed
W (128449) TRANSPORT: No transport connected for broadcast
I (128449) CMD_U0: waiting for pending UART response ch=8 before next commandW (128449) MSG: 
Broadcast failed, falling back to MQTT
E (128450) MQTT: Publish failed
E (128469) MQTT: Publish failed
W (128469) TRANSPORT: No transport connected for broadcast
W (128469) MSG: Broadcast failed, falling back to MQTT
E (128470) MQTT: Publish failed
I (128470) CMD_U0: waiting for pending UART response ch=8 before next command
I (128478) CMD_U1: waiting for pending UART response ch=9 before next command
E (128490) MQTT: Publish failed
W (128490) TRANSPORT: No transport connected for broadcast
W (128490) MSG: Broadcast failed, falling back to MQTT
E (128491) MQTT: Publish failed
I (128491) CMD_U0: waiting for pending UART response ch=8 before next command
E (128515) MQTT: Publish failed
W (128515) TRANSPORT: No transport connected for broadcast
W (128515) MSG: Broadcast failed, falling back to MQTT
E (128516) MQTT: Publish failed
I (128517) CMD_U0: waiting for pending UART response ch=8 before next command
E (128540) MQTT: Publish failed
W (128540) TRANSPORT: No transport connected for broadcast
W (128540) MSG: Broadcast failed, falling back to MQTT
E (128541) MQTT: Publish failed
I (128543) CMD_U0: waiting for pending UART response ch=8 before next command
E (128564) MQTT: Publish failed
W (128564) TRANSPORT: No transport connected for broadcast
W (128565) MSG: Broadcast failed, falling back to MQTT
E (128565) MQTT: Publish failed
I (128568) CMD_U0: waiting for pending UART response ch=8 before next command
I (128593) CMD_U0: waiting for pending UART response ch=8 before next command
I (128619) CMD_U0: waiting for pending UART response ch=8 before next command
I (128645) CMD_U0: waiting for pending UART response ch=8 before next command
I (128670) CMD_U0: waiting for pending UART response ch=8 before next command
I (128695) CMD_U0: waiting for pending UART response ch=8 before next command
I (128721) CMD_U0: waiting for pending UART response ch=8 before next command
I (128746) CMD_U0: waiting for pending UART response ch=8 before next command
I (128771) CMD_U0: waiting for pending UART response ch=8 before next command
I (128796) CMD_U0: waiting for pending UART response ch=8 before next command
I (128821) CMD_U0: waiting for pending UART response ch=8 before next command
I (128846) CMD_U0: waiting for pending UART response ch=8 before next command
I (128872) CMD_U0: waiting for pending UART response ch=8 before next command
I (128898) CMD_U0: waiting for pending UART response ch=8 before next command
I (128925) CMD_U0: waiting for pending UART response ch=8 before next command
I (128946) CMD_U0: waiting for pending UART response ch=8 before next command
I (128971) CMD_U0: waiting for pending UART response ch=8 before next command
I (128996) CMD_U0: waiting for pending UART response ch=8 before next command
I (129017) CMD_U0: waiting for pending UART response ch=8 before next command
I (129038) CMD_U0: waiting for pending UART response ch=8 before next command
I (129064) CMD_U0: waiting for pending UART response ch=8 before next command
I (129089) CMD_U0: waiting for pending UART response ch=8 before next command
I (129114) CMD_U0: waiting for pending UART response ch=8 before next command
I (129140) CMD_U0: waiting for pending UART response ch=8 before next command
I (129166) CMD_U0: waiting for pending UART response ch=8 before next command
I (129192) CMD_U0: waiting for pending UART response ch=8 before next command
I (129217) CMD_U0: waiting for pending UART response ch=8 before next command
(129242) CMD_U0: waiting for pending UART response ch=8 before next command
I (129268) CMD_U0: waiting for pending UART response ch=8 before next command
CMD_U0: waiting for pending UART response ch=8 before next command
I (129318) CMD_U0: waiting for pending UART response ch=8 before next command
I (129343) CMD_U0: waiting for pending UART response ch=8 before next command
I (129369) CMD_U0: waiting for pending UART response ch=8 before next command
I (129394) CMD_U0: waiting for pending UART response ch=8 before next command
I (129419) CMD_U0: waiting for pending UART response ch=8 before next command
I (129444) CMD_U0: waiting for pending UART response ch=8 before next command
W (129462) RX_TASK: RX timeout slot1 type=1 reqID=0 (1001ms)
E (129468) MQTT: Publish failed
W (129468) TRANSPORT: No transport connected for broadcast
W (129468) MSG: Broadcast failed, falling back to MQTT
I (129469) CMD_U0: E (129469) MQTT: waiting for pending UART response ch=8 before next command
Publish failed
I (129480) CMD_U1: waiting for pending UART response ch=9 before next command
E (129489) MQTT: Publish failed
W (129489) TRANSPORT: No transport connected for broadcast
W (129489) MSG: Broadcast failed, falling back to MQTT
E (129490) MQTT: Publish failed
I (129494) CMD_U0: waiting for pending UART response ch=8 before next command
E (129514) MQTT: Publish failed
W (129514) TRANSPORT: No transport connected for broadcast
W (129514) MSG: Broadcast failed, falling back to MQTT
E (129515) MQTT: I (129515) CMD_U0: waiting for pending UART response ch=8 before next commandPublish failed

E (129534) MQTT: Publish failed
W (129534) TRANSPORT: No transport connected for broadcast
W (129534) MSG: Broadcast failed, falling back to MQTT
E (129535) MQTT: Publish failed
I (129535) CMD_U0: waiting for pending UART response ch=8 before next command
E (129555) MQTT: Publish failed
W (129555) TRANSPORT: No transport connected for broadcast
W (129555) MSG: Broadcast failed, falling back to MQTT
I (129556) CMD_U0: waiting for pending UART response ch=8 before next command
E (129556) MQTT: Publish failed
E (129563) MQTT: Publish failed
W (129563) TRANSPORT: No transport connected for broadcast
W (129563) MSG: Broadcast failed, falling back to MQTT
E (129563) MQTT: Publish failed
E (129580) MQTT: Publish failed
W (129580) TRANSPORT: No transport connected for broadcast
W (129580) MSG: Broadcast failed, falling back to MQTT
E (129581) MQTT: I (129581) CMD_U0: waiting for pending UART response ch=8 before next command
Publish failed
E (129600) MQTT: Publish failed
W (129600) TRANSPORT: No transport connected for broadcast
W (129600) MSG: Broadcast failed, falling back to MQTT
I (129601) CMD_U0: waiting for pending UART response ch=8 before next commandE (129601) MQTT: 
Publish failed
E (129621) MQTT: Publish failed
W (129621) TRANSPORT: No transport connected for broadcast
W (129621) MSG: Broadcast failed, falling back to MQTT
E (129622) MQTT: Publish failed
I (129626) CMD_U0: waiting for pending UART response ch=8 before next command
E (129646) MQTT: Publish failed
W (129646) TRANSPORT: No transport connected for broadcast
W (129646) MSG: Broadcast failed, falling back to MQTT
E (129647) MQTT: Publish failed
I (129651) CMD_U0: waiting for pending UART response ch=8 before next command
E (129671) MQTT: Publish failed
W (129671) TRANSPORT: No transport connected for broadcast
W (129671) MSG: Broadcast failed, falling back to MQTT
E (129672) MQTT: I (129672) CMD_U0: waiting for pending UART response ch=8 before next command
Publish failed
E (129691) MQTT: Publish failed
W (129691) TRANSPORT: No transport connected for broadcast
W (129691) MSG: Broadcast failed, falling back to MQTT
E (129692) MQTT: Publish failed
I (129692) CMD_U0: waiting for pending UART response ch=8 before next command
E (129712) MQTT: Publish failed
W (129712) TRANSPORT: No transport connected for broadcast
W (129712) MSG: Broadcast failed, falling back to MQTT
I (129713) CMD_U0: waiting for pending UART response ch=8 before next command
E (129713) MQTT: Publish failed
E (129737) MQTT: Publish failed
W (129737) TRANSPORT: No transport connected for broadcast
W (129737) MSG: Broadcast failed, falling back to MQTT
I (129738) CMD_U0: E (129738) MQTT: waiting for pending UART response ch=8 before next command
Publish failed
E (129757) MQTT: Publish failed
W (129757) TRANSPORT: No transport connected for broadcast
W (129757) MSG: Broadcast failed, falling back to MQTT
E (129758) MQTT: I (129758) CMD_U0: waiting for pending UART response ch=8 before next command
Publish failed
E (129778) MQTT: Publish failed
W (129778) TRANSPORT: No transport connected for broadcast
W (129778) MSG: Broadcast failed, falling back to MQTT
E (129779) MQTT: Publish failed
I (129783) CMD_U0: waiting for pending UART response ch=8 before next command
E (129804) MQTT: Publish failed
W (129804) TRANSPORT: No transport connected for broadcast
W (129804) MSG: Broadcast failed, falling back to MQTT
E (129805) MQTT: Publish failed
I (129809) CMD_U0: waiting for pending UART response ch=8 before next command
E (129828) MQTT: Publish failed
W (129828) TRANSPORT: No transport connected for broadcast
W (129828) MSG: Broadcast failed, falling back to MQTT
E (129829) MQTT: Publish failed
I (129829) CMD_U0: waiting for pending UART response ch=8 before next command
E (129849) MQTT: Publish failed
W (129849) TRANSPORT: No transport connected for broadcast
W (129849) MSG: Broadcast failed, falling back to MQTT
E (129850) MQTT: Publish failed
I (129850) CMD_U0: waiting for pending UART response ch=8 before next command
E (129873) MQTT: Publish failed
W (129873) TRANSPORT: No transport connected for broadcast
W (129874) MSG: Broadcast failed, falling back to MQTTE (129874) MQTT: Publish failed

W (129874) TRANSPORT: No transport connected for broadcast
I (129875) CMD_U0: waiting for pending UART response ch=8 before next command
W (129875) MSG: Broadcast failed, falling back to MQTT
E (129874) MQTT: Publish failed
E (129876) MQTT: Publish failed
E (129899) MQTT: Publish failed
W (129899) TRANSPORT: No transport connected for broadcast
W (129899) MSG: Broadcast failed, falling back to MQTT
E (129900) MQTT: Publish failed
I (129900) CMD_U0: waiting for pending UART response ch=8 before next command
E (129919) MQTT: Publish failed
W (129919) TRANSPORT: No transport connected for broadcast
W (129919) MSG: Broadcast failed, falling back to MQTT
E (129920) MQTT: Publish failed
I (129921) CMD_U0: waiting for pending UART response ch=8 before next command
I (129947) CMD_U0: waiting for pending UART response ch=8 before next command
I (129973) CMD_U0: waiting for pending UART response ch=8 before next command
I (129999) CMD_U0: waiting for pending UART response ch=8 before next command
I (130024) CMD_U0: waiting for pending UART response ch=8 before next command
I (130050) CMD_U0: waiting for pending UART response ch=8 before next command
I (130072) CMD_U0: waiting for pending UART response ch=8 before next command
I (130097) CMD_U0: waiting for pending UART response ch=8 before next command
I (130123) CMD_U0: waiting for pending UART response ch=8 before next command
I (130143) CMD_U0: waiting for pending UART response ch=8 before next command
I (130169) CMD_U0: waiting for pending UART response ch=8 before next command
I (130190) CMD_U0: waiting for pending UART response ch=8 before next command
I (130216) CMD_U0: waiting for pending UART response ch=8 before next command
I (130241) CMD_U0: waiting for pending UART response ch=8 before next command
I (130266) CMD_U0: waiting for pending UART response ch=8 before next command
I (130291) CMD_U0: waiting for pending UART response ch=8 before next command
I (130316) CMD_U0: waiting for pending UART response ch=8 before next command
I (130341) CMD_U0: waiting for pending UART response ch=8 before next command
I (130362) CMD_U0: waiting for pending UART response ch=8 before next command
I (130387) CMD_U0: waiting for pending UART response ch=8 before next command
I (130407) CMD_U0: waiting for pending UART response ch=8 before next command
I (130432) CMD_U0: waiting for pending UART response ch=8 before next command
I (130453) CMD_U0: waiting for pending UART response ch=8 before next command
W (130464) RX_TASK: RX timeout slot1 type=1 reqID=0 (1001ms)
I (130478) CMD_U0: waiting for pending UART response ch=8 before next command
I (130483) CMD_U1: waiting for pending UART response ch=9 before next command
I (130503) CMD_U0: waiting for pending UART response ch=8 before next command
I (130524) CMD_U0: waiting for pending UART response ch=8 before next command
I (130544) CMD_U0: waiting for pending UART response ch=8 before next command
I (130570) CMD_U0: waiting for pending UART response ch=8 before next command
I (130590) CMD_U0: waiting for pending UART response ch=8 before next command
I (130612) CMD_U0: waiting for pending UART response ch=8 before next command
I (130637) CMD_U0: waiting for pending UART response ch=8 before next command
I (130663) CMD_U0: waiting for pending UART response ch=8 before next command
I (130688) CMD_U0: waiting for pending UART response ch=8 before next command
I (130714) CMD_U0: waiting for pending UART response ch=8 before next command
I (130739) CMD_U0: waiting for pending UART response ch=8 before next command
I (130764) CMD_U0: waiting for pending UART response ch=8 before next command
I (130789) CMD_U0: waiting for pending UART response ch=8 before next command
I (130815) CMD_U0: waiting for pending UART response ch=8 before next command
I (130840) CMD_U0: waiting for pending UART response ch=8 before next command
I (130866) CMD_U0: waiting for pending UART response ch=8 before next command
I (130892) CMD_U0: waiting for pending UART response ch=8 before next command
I (130913) CMD_U0: waiting for pending UART response ch=8 before next command
I (130939) CMD_U0: waiting for pending UART response ch=8 before next command
I (130965) CMD_U0: waiting for pending UART response ch=8 before next command
I (130991) CMD_U0: waiting for pending UART response ch=8 before next command
I (131001) SCHEDULER: Stats: samples=424 full=582 min_free=2
I (131016) CMD_U0: waiting for pending UART response ch=8 before next command
I (131041) CMD_U0: waiting for pending UART response ch=8 before next command
I (131066) CMD_U0: waiting for pending UART response ch=8 before next command
I (131091) CMD_U0: waiting for pending UART response ch=8 before next command
I (131117) CMD_U0: waiting for pending UART response ch=8 before next command
I (131143) CMD_U0: waiting for pending UART response ch=8 before next command
I (131168) CMD_U0: waiting for pending UART response ch=8 before next command
I (131194) CMD_U0: waiting for pending UART response ch=8 before next command
I (131220) CMD_U0: waiting for pending UART response ch=8 before next command
I (131245) CMD_U0: waiting for pending UART response ch=8 before next command
I (131266) CMD_U0: waiting for pending UART response ch=8 before next command
I (131291) CMD_U0: waiting for pending UART response ch=8 before next command
I (131316) CMD_U0: waiting for pending UART response ch=8 before next command
I (131337) CMD_U0: waiting for pending UART response ch=8 before next command
I (131358) CMD_U0: waiting for pending UART response ch=8 before next command
I (131383) CMD_U0: waiting for pending UART response ch=8 before next command
I (131408) CMD_U0: waiting for pending UART response ch=8 before next command
I (131429) CMD_U0: waiting for pending UART response ch=8 before next command
I (131454) CMD_U0: waiting for pending UART response ch=8 before next command
W (131468) RX_TASK: RX timeout slot1 type=1 reqID=0 (1001ms)
E (131478) MQTT: Publish failed
W (131478) TRANSPORT: No transport connected for broadcast
W (131478) MSG: Broadcast failed, falling back to MQTT
E (131479) MQTT: Publish failed
I (131479) CMD_U0: waiting for pending UART response ch=8 before next command
E (131498) MQTT: Publish failed
W (131498) TRANSPORT: No transport connected for broadcast
W (131498) MSG: Broadcast failed, falling back to MQTT
I (131499) CMD_U0: waiting for pending UART response ch=8 before next command
E (131499) MQTT: Publish failed
I (131506) CMD_U1: waiting for pending UART response ch=9 before next command
E (131519) MQTT: Publish failed
W (131519) TRANSPORT: No transport connected for broadcast
W (131519) MSG: Broadcast failed, falling back to MQTT
E (131520) MQTT: Publish failed
I (131524) CMD_U0: waiting for pending UART response ch=8 before next command
E (131544) MQTT: Publish failed
W (131544) TRANSPORT: No transport connected for broadcast
W (131544) MSG: Broadcast failed, falling back to MQTT
I (131545) CMD_U0: waiting for pending UART response ch=8 before next command
E (131545) MQTT: Publish failed
E (131563) MQTT: Publish failed
W (131563) TRANSPORT: No transport connected for broadcast
W (131563) MSG: Broadcast failed, falling back to MQTT
E (131563) MQTT: E (131564) MQTT: Publish failed
Publish failed
W (131564) TRANSPORT: No transport connected for broadcast
W (131564) MSG: Broadcast failed, falling back to MQTT
E (131565) MQTT: Publish failed
I (131565) CMD_U0: waiting for pending UART response ch=8 before next command
E (131584) MQTT: Publish failed
W (131584) TRANSPORT: No transport connected for broadcast
W (131584) MSG: Broadcast failed, falling back to MQTT
E (131585) MQTT: Publish failed
I (131586) CMD_U0: waiting for pending UART response ch=8 before next command
E (131610) MQTT: Publish failed
W (131610) TRANSPORT: No transport connected for broadcast
W (131610) MSG: Broadcast failed, falling back to MQTT
E (131611) MQTT: Publish failedI (131611) CMD_U0: waiting for pending UART response ch=8 before next command

I (131636) CMD_U0: waiting for pending UART response ch=8 before next command
I (131657) CMD_U0: waiting for pending UART response ch=8 before next command
I (131677) CMD_U0: waiting for pending UART response ch=8 before next command
I (131702) CMD_U0: waiting for pending UART response ch=8 before next command
I (131723) CMD_U0: waiting for pending UART response ch=8 before next command
I (131749) CMD_U0: waiting for pending UART response ch=8 before next command
I (131774) CMD_U0: waiting for pending UART response ch=8 before next command
I (131801) CMD_U0: waiting for pending UART response ch=8 before next command
I (131827) CMD_U0: waiting for pending UART response ch=8 before next command
I (131852) CMD_U0: waiting for pending UART response ch=8 before next command
I (131878) CMD_U0: waiting for pending UART response ch=8 before next command
I (131903) CMD_U0: waiting for pending UART response ch=8 before next command
I (131929) CMD_U0: waiting for pending UART response ch=8 before next command
I (131954) CMD_U0: waiting for pending UART response ch=8 before next command
I (131980) CMD_U0: waiting for pending UART response ch=8 before next command
I (132005) CMD_U0: waiting for pending UART response ch=8 before next command
I (132031) CMD_U0: waiting for pending UART response ch=8 before next command
I (132052) CMD_U0: waiting for pending UART response ch=8 before next command
I (132078) CMD_U0: waiting for pending UART response ch=8 before next command
I (132103) CMD_U0: waiting for pending UART response ch=8 before next command
I (132128) CMD_U0: waiting for pending UART response ch=8 before next command
I (132153) CMD_U0: waiting for pending UART response ch=8 before next command
I (132174) CMD_U0: waiting for pending UART response ch=8 before next command
I (132194) CMD_U0: waiting for pending UART response ch=8 before next command
I (132219) CMD_U0: waiting for pending UART response ch=8 before next command
I (132245) CMD_U0: waiting for pending UART response ch=8 before next command
I (132270) CMD_U0: waiting for pending UART response ch=8 before next command
I (132301) CMD_U0: waiting for pending UART response ch=8 before next command
I (132327) CMD_U0: waiting for pending UART response ch=8 before next command
I (132353) CMD_U0: waiting for pending UART response ch=8 before next command
I (132375) RX_TASK: Stats: events=413 completions=422 report_drop=0 report_q_high=2
I (132378) CMD_U0: waiting for pending UART response ch=8 before next command
I (132403) CMD_U0: waiting for pending UART response ch=8 before next command
I (132433) CMD_U0: Stats: txn=413 err=0 (100%) no_ctx=0
I (132434) CMD_U0: waiting for pending UART response ch=8 before next command
I (132459) CMD_U0: waiting for pending UART response ch=8 before next command
I (132484) CMD_U0: waiting for pending UART response ch=8 before next command
W (132490) RX_TASK: RX timeout slot1 type=1 reqID=0 (1001ms)
I (132508) CMD_U1: waiting for pending UART response ch=9 before next command
I (132510) CMD_U0: waiting for pending UART response ch=8 before next command
I (132535) CMD_U0: waiting for pending UART response ch=8 before next command
I (132561) CMD_U0: waiting for pending UART response ch=8 before next command
I (132586) CMD_U0: waiting for pending UART response ch=8 before next command
I (132606) CMD_U0: waiting for pending UART response ch=8 before next command
I (132631) CMD_U0: waiting for pending UART response ch=8 before next command
I (132652) CMD_U0: waiting for pending UART response ch=8 before next command
I (132677) CMD_U0: waiting for pending UART response ch=8 before next command
I (132698) CMD_U0: waiting for pending UART response ch=8 before next command
I (132718) CMD_U0: waiting for pending UART response ch=8 before next command
I (132739) CMD_U0: waiting for pending UART response ch=8 before next command
I (132764) CMD_U0: waiting for pending UART response ch=8 before next command
I (132790) CMD_U0: waiting for pending UART response ch=8 before next command
I (132815) CMD_U0: waiting for pending UART response ch=8 before next command
I (132840) CMD_U0: waiting for pending UART response ch=8 before next command
I (132860) CMD_U0: waiting for pending UART response ch=8 before next command
I (132881) CMD_U0: waiting for pending UART response ch=8 before next command
I (132906) CMD_U0: waiting for pending UART response ch=8 before next command
I (132932) CMD_U0: waiting for pending UART response ch=8 before next command
I (132957) CMD_U0: waiting for pending UART response ch=8 before next command
I (132984) CMD_U0: waiting for pending UART response ch=8 before next command
I (133009) CMD_U0: waiting for pending UART response ch=8 before next command
I (133035) CMD_U0: waiting for pending UART response ch=8 before next command
I (133060) CMD_U0: waiting for pending UART response ch=8 before next command
I (133086) CMD_U0: waiting for pending UART response ch=8 before next command
I (133111) CMD_U0: waiting for pending UART response ch=8 before next command
E (133133) MQTT: Publish failed
W (133133) TRANSPORT: No transport connected for broadcast
W (133133) MSG: Broadcast failed, falling back to MQTT
E (133134) MQTT: Publish failed
I (133137) CMD_U0: waiting for pending UART response ch=8 before next command
E (133159) MQTT: Publish failed
W (133159) TRANSPORT: No transport connected for broadcast
W (133159) MSG: Broadcast failed, falling back to MQTT
E (133160) MQTT: Publish failed
I (133163) CMD_U0: waiting for pending UART response ch=8 before next command
E (133184) MQTT: Publish failed
W (133184) TRANSPORT: No transport connected for broadcast
W (133184) MSG: Broadcast failed, falling back to MQTT
E (133185) MQTT: Publish failed
I (133189) CMD_U0: waiting for pending UART response ch=8 before next command
E (133210) MQTT: Publish failed
W (133210) TRANSPORT: No transport connected for broadcast
W (133210) MSG: Broadcast failed, falling back to MQTT
E (133211) MQTT: Publish failed
I (133214) CMD_U0: waiting for pending UART response ch=8 before next command
E (133236) MQTT: Publish failed
W (133236) TRANSPORT: No transport connected for broadcast
W (133236) MSG: Broadcast failed, falling back to MQTT
E (133237) MQTT: Publish failed
I (133240) CMD_U0: waiting for pending UART response ch=8 before next command
E (133261) MQTT: Publish failed
W (133261) TRANSPORT: No transport connected for broadcast
W (133261) MSG: Broadcast failed, falling back to MQTT
E (133262) MQTT: Publish failed
I (133266) CMD_U0: waiting for pending UART response ch=8 before next command
E (133288) MQTT: Publish failed
W (133288) TRANSPORT: No transport connected for broadcast
W (133288) MSG: Broadcast failed, falling back to MQTT
E (133289) MQTT: Publish failed
I (133292) CMD_U0: waiting for pending UART response ch=8 before next command
I (133317) CMD_U0: waiting for pending UART response ch=8 before next command
344) CMD_U0: waiting for pending UART response ch=8 before next command
I (133369) CMD_U0: waiting for pending UART response ch=8 before next command
I (133390) CMD_U0: waiting for pending UART response ch=8 before next command
I (133416) CMD_U0: waiting for pending UART response ch=8 before next command
I (133441) CMD_U0: waiting for pending UART response ch=8 before next command
I (133466) CMD_U0: waiting for pending UART response ch=8 before next command
I (133487) CMD_U0: waiting for pending UART response ch=8 before next command
W (133492) RX_TASK: RX timeout slot1 type=1 reqID=0 (1001ms)
I (133508) CMD_U0: waiting for pending UART response ch=8 before next command
I (133510) CMD_U1: waiting for pending UART response ch=9 before next command
I (133533) CMD_U0: waiting for pending UART response ch=8 before next command
I (133558) CMD_U0: waiting for pending UART response ch=8 before next command
E (133578) MQTT: Publish failed
W (133578) TRANSPORT: No transport connected for broadcast
W (133578) MSG: Broadcast failed, falling back to MQTT
E (133579) MQTT: Publish failed
I (133583) CMD_U0: waiting for pending UART response ch=8 before next command
E (133603) MQTT: Publish failed
W (133603) TRANSPORT: No transport connected for broadcast
W (133603) MSG: Broadcast failed, falling back to MQTT
I (133604) CMD_U0: waiting for pending UART response ch=8 before next command
E (133604) MQTT: Publish failed
E (133624) MQTT: Publish failed
W (133624) TRANSPORT: No transport connected for broadcast
W (133624) MSG: Broadcast failed, falling back to MQTT
E (133625) MQTT: Publish failed
I (133629) CMD_U0: waiting for pending UART response ch=8 before next command
E (133649) MQTT: Publish failed
W (133649) TRANSPORT: No transport connected for broadcast
W (133649) MSG: Broadcast failed, falling back to MQTT
E (133650) MQTT: I (133650) CMD_U0: waiting for pending UART response ch=8 before next command
Publish failed
E (133670) MQTT: Publish failed
W (133670) TRANSPORT: No transport connected for broadcast
I (133671) CMD_U0: waiting for pending UART response ch=8 before next command
W (133671) MSG: Broadcast failed, falling back to MQTT
E (133671) MQTT: Publish failed
E (133690) MQTT: Publish failed
W (133690) TRANSPORT: No transport connected for broadcast
W (133690) MSG: Broadcast failed, falling back to MQTT
E (133691) MQTT: I (133691) CMD_U0: waiting for pending UART response ch=8 before next command
Publish failed
E (133710) MQTT: Publish failed
W (133710) TRANSPORT: No transport connected for broadcast
W (133710) MSG: Broadcast failed, falling back to MQTT
I (133711) CMD_U0: E (133711) MQTT: waiting for pending UART response ch=8 before next command
Publish failed
E (133731) MQTT: Publish failed
W (133731) TRANSPORT: No transport connected for broadcast
W (133731) MSG: Broadcast failed, falling back to MQTT
E (133732) MQTT: Publish failed
I (133736) CMD_U0: waiting for pending UART response ch=8 before next command
E (133756) MQTT: Publish failed
W (133756) TRANSPORT: No transport connected for broadcast
W (133756) MSG: Broadcast failed, falling back to MQTT
E (133757) MQTT: I (133757) CMD_U0: waiting for pending UART response ch=8 before next command
Publish failed
E (133777) MQTT: Publish failed
W (133777) TRANSPORT: No transport connected for broadcast
W (133777) MSG: Broadcast failed, falling back to MQTT
E (133778) MQTT: Publish failed
I (133782) CMD_U0: waiting for pending UART response ch=8 before next command
E (133803) MQTT: Publish failed
W (133803) TRANSPORT: No transport connected for broadcast
W (133803) MSG: Broadcast failed, falling back to MQTT
E (133804) MQTT: Publish failed
I (133808) CMD_U0: waiting for pending UART response ch=8 before next command
E (133829) MQTT: Publish failed
W (133829) TRANSPORT: No transport connected for broadcast
W (133829) MSG: Broadcast failed, falling back to MQTT
E (133830) MQTT: Publish failed
I (133834) CMD_U0: waiting for pending UART response ch=8 before next command
E (133854) MQTT: Publish failed
W (133854) TRANSPORT: No transport connected for broadcast
W (133854) MSG: Broadcast failed, falling back to MQTT
E (133855) MQTT: Publish failed
I (133855) CMD_U0: waiting for pending UART response ch=8 before next command
E (133875) MQTT: Publish failed
W (133875) TRANSPORT: No transport connected for broadcast
W (133875) MSG: Broadcast failed, falling back to MQTT
E (133876) MQTT: Publish failed
I (133876) CMD_U0: waiting for pending UART response ch=8 before next command
E (133890) MQTT: Publish failed
W (133890) TRANSPORT: No transport connected for broadcast
W (133891) MSG: Broadcast failed, falling back to MQTT
E (133891) MQTT: Publish failed
E (133895) MQTT: Publish failed
W (133895) TRANSPORT: No transport connected for broadcast
W (133895) MSG: Broadcast failed, falling back to MQTT
E (133896) MQTT: Publish failed
I (133897) CMD_U0: waiting for pending UART response ch=8 before next command
E (133921) MQTT: Publish failed
W (133921) TRANSPORT: No transport connected for broadcast
W (133921) MSG: Broadcast failed, falling back to MQTT
E (133922) MQTT: Publish failed
I (133923) CMD_U0: waiting for pending UART response ch=8 before next command
E (133946) MQTT: Publish failed
W (133946) TRANSPORT: No transport connected for broadcast
W (133946) MSG: Broadcast failed, falling back to MQTT
E (133947) MQTT: Publish failed
I (133948) CMD_U0: waiting for pending UART response ch=8 before next command
E (133971) MQTT: Publish failed
W (133971) TRANSPORT: No transport connected for broadcast
W (133971) MSG: Broadcast failed, falling back to MQTT
E (133972) MQTT: Publish failed
I (133973) CMD_U0: waiting for pending UART response ch=8 before next command
E (133997) MQTT: Publish failed
W (133997) TRANSPORT: No transport connected for broadcast
W (133997) MSG: Broadcast failed, falling back to MQTT
E (133998) MQTT: Publish failed
I (133999) CMD_U0: waiting for pending UART response ch=8 before next command
E (134022) MQTT: Publish failed
W (134022) TRANSPORT: No transport connected for broadcast
W (134022) MSG: Broadcast failed, falling back to MQTT
E (134023) MQTT: Publish failed
I (134025) CMD_U0: waiting for pending UART response ch=8 before next command
E (134047) MQTT: Publish failed
W (134047) TRANSPORT: No transport connected for broadcast
W (134047) MSG: Broadcast failed, falling back to MQTT
E (134048) MQTT: Publish failed
I (134051) CMD_U0: waiting for pending UART response ch=8 before next command
E (134073) MQTT: Publish failed
W (134073) TRANSPORT: No transport connected for broadcast
W (134073) MSG: Broadcast failed, falling back to MQTT
E (134074) MQTT: Publish failed
I (134077) CMD_U0: waiting for pending UART response ch=8 before next command
E (134098) MQTT: Publish failed
W (134098) TRANSPORT: No transport connected for broadcast
W (134098) MSG: Broadcast failed, falling back to MQTT
E (134099) MQTT: Publish failed
I (134103) CMD_U0: waiting for pending UART response ch=8 before next command
E (134123) MQTT: Publish failed
W (134123) TRANSPORT: No transport connected for broadcast
W (134123) MSG: Broadcast failed, falling back to MQTT
E (134124) MQTT: Publish failed
I (134128) CMD_U0: waiting for pending UART response ch=8 before next command
E (134149) MQTT: Publish failed
W (134149) TRANSPORT: No transport connected for broadcast
W (134149) MSG: Broadcast failed, falling back to MQTT
E (134150) MQTT: Publish failed
I (134154) CMD_U0: waiting for pending UART response ch=8 before next command
E (134174) MQTT: Publish failed
W (134174) TRANSPORT: No transport connected for broadcast
W (134174) MSG: Broadcast failed, falling back to MQTT
E (134175) MQTT: Publish failedI (134175) CMD_U0: waiting for pending UART response ch=8 before next command

E (134199) MQTT: Publish failed
W (134199) TRANSPORT: No transport connected for broadcast
W (134199) MSG: Broadcast failed, falling back to MQTT
E (134200) MQTT: Publish failed
I (134200) CMD_U0: waiting for pending UART response ch=8 before next command
E (134219) MQTT: Publish failed
W (134219) TRANSPORT: No transport connected for broadcast
W (134219) MSG: Broadcast failed, falling back to MQTT
E (134220) MQTT: Publish failed
I (134221) CMD_U0: waiting for pending UART response ch=8 before next command
E (134245) MQTT: Publish failed
W (134245) TRANSPORT: No transport connected for broadcast
W (134245) MSG: Broadcast failed, falling back to MQTT
E (134246) MQTT: Publish failed
I (134247) CMD_U0: waiting for pending UART response ch=8 before next command
E (134271) MQTT: Publish failed
W (134271) TRANSPORT: No transport connected for broadcast
W (134271) MSG: Broadcast failed, falling back to MQTT
E (134272) MQTT: Publish failed
I (134273) CMD_U0: waiting for pending UART response ch=8 before next command
E (134297) MQTT: Publish failed
W (134297) TRANSPORT: No transport connected for broadcast
W (134297) MSG: Broadcast failed, falling back to MQTT
E (134298) MQTT: I (134298) CMD_U0: waiting for pending UART response ch=8 before next command
Publish failed
E (134322) MQTT: Publish failed
W (134322) TRANSPORT: No transport connected for broadcast
W (134322) MSG: Broadcast failed, falling back to MQTT
E (134323) MQTT: Publish failed
I (134323) CMD_U0: waiting for pending UART response ch=8 before next command
E (134342) MQTT: Publish failed
W (134342) TRANSPORT: No transport connected for broadcast
W (134342) MSG: Broadcast failed, falling back to MQTT
E (134343) MQTT: Publish failed
I (134344) CMD_U0: waiting for pending UART response ch=8 before next command
E (134368) MQTT: Publish failed
W (134368) TRANSPORT: No transport connected for broadcast
W (134368) MSG: Broadcast failed, falling back to MQTT
E (134369) MQTT: Publish failed
I (134370) CMD_U0: waiting for pending UART response ch=8 before next command
E (134393) MQTT: Publish failed
W (134393) TRANSPORT: No transport connected for broadcast
W (134393) MSG: Broadcast failed, falling back to MQTT
E (134394) MQTT: Publish failed
I (134396) CMD_U0: waiting for pending UART response ch=8 before next command
E (134418) MQTT: Publish failed
W (134418) TRANSPORT: No transport connected for broadcast
W (134418) MSG: Broadcast failed, falling back to MQTT
E (134419) MQTT: Publish failed
I (134422) CMD_U0: waiting for pending UART response ch=8 before next command
I (134448) CMD_U0: waiting for pending UART response ch=8 before next command
I (134473) CMD_U0: waiting for pending UART response ch=8 before next command
W (134494) RX_TASK: RX timeout slot1 type=1 reqID=0 (1001ms)
I (134498) CMD_U0: waiting for pending UART response ch=8 before next command
I (134525) CMD_U0: waiting for pending UART response ch=8 before next command
I (134533) CMD_U1: Stats: txn=10 err=0 (100%) no_ctx=0
I (134533) CMD_U1: waiting for pending UART response ch=9 before next command
I (134551) CMD_U0: waiting for pending UART response ch=8 before next command
I (134572) CMD_U0: waiting for pending UART response ch=8 before next command
I (134598) CMD_U0: waiting for pending UART response ch=8 before next command
I (134623) CMD_U0: waiting for pending UART response ch=8 before next command
I (134648) CMD_U0: waiting for pending UART response ch=8 before next command
I (134674) CMD_U0: waiting for pending UART response ch=8 before next command
I (134700) CMD_U0: waiting for pending UART response ch=8 before next command
I (134725) CMD_U0: waiting for pending UART response ch=8 before next command
I (134750) CMD_U0: waiting for pending UART response ch=8 before next command
I (134776) CMD_U0: waiting for pending UART response ch=8 before next command
I (134802) CMD_U0: waiting for pending UART response ch=8 before next command
I (134827) CMD_U0: waiting for pending UART response ch=8 before next command
I (134852) CMD_U0: waiting for pending UART response ch=8 before next command
I (134877) CMD_U0: waiting for pending UART response ch=8 before next command
I (134903) CMD_U0: waiting for pending UART response ch=8 before next command
I (134928) CMD_U0: waiting for pending UART response ch=8 before next command
I (134954) CMD_U0: waiting for pending UART response ch=8 before next command
I (134979) CMD_U0: waiting for pending UART response ch=8 before next command
I (135004) CMD_U0: waiting for pending UART response ch=8 before next command
I (135029) CMD_U0: waiting for pending UART response ch=8 before next command
I (135055) CMD_U0: waiting for pending UART response ch=8 before next command
I (135080) CMD_U0: waiting for pending UART response ch=8 before next command
I (135105) CMD_U0: waiting for pending UART response ch=8 before next command
I (135130) CMD_U0: waiting for pending UART response ch=8 before next command
I (135156) CMD_U0: waiting for pending UART response ch=8 before next command
I (135182) CMD_U0: waiting for pending UART response ch=8 before next command
I (135207) CMD_U0: waiting for pending UART response ch=8 before next command
I (135232) CMD_U0: waiting for pending UART response ch=8 before next command
I (135257) CMD_U0: waiting for pending UART response ch=8 before next command
E (135280) MQTT: Publish failed
W (135280) TRANSPORT: No transport connected for broadcast
W (135280) MSG: Broadcast failed, falling back to MQTT
E (135281) MQTT: Publish failed
I (135282) CMD_U0: waiting for pending UART response ch=8 before next command
E (135305) MQTT: Publish failed
W (135305) TRANSPORT: No transport connected for broadcast
W (135305) MSG: Broadcast failed, falling back to MQTT
E (135306) MQTT: Publish failed
I (135308) CMD_U0: waiting for pending UART response ch=8 before next command
E (135330) MQTT: Publish failed
W (135330) TRANSPORT: No transport connected for broadcast
W (135330) MSG: Broadcast failed, falling back to MQTT
E (135331) MQTT: Publish failed
I (135334) CMD_U0: waiting for pending UART response ch=8 before next command
(135356) MQTT: Publish failed
W (135356) TRANSPORT: No transport connected for broadcast
W (135356) MSG: Broadcast failed, falling back to MQTT
E (135357) MQTT: Publish failed
I (135360) CMD_U0: waiting for pending UART response ch=8 before next command
E (135381) MQTT: Publish failed
W (135381) TRANSPORT: No transport connected for broadcast
W (135381) MSG: Broadcast failed, falling back to MQTT
E (135382) MQTT: Publish failed
I (135386) CMD_U0: waiting for pending UART response ch=8 before next command
E (135406) MQTT: Publish failed
W (135406) TRANSPORT: No transport connected for broadcast
W (135406) MSG: Broadcast failed, falling back to MQTT
E (135407) MQTT: Publish failed
I (135411) CMD_U0: waiting for pending UART response ch=8 before next command
E (135432) MQTT: Publish failed
W (135432) TRANSPORT: No transport connected for broadcast
W (135432) MSG: Broadcast failed, falling back to MQTT
E (135433) MQTT: Publish failed
I (135437) CMD_U0: waiting for pending UART response ch=8 before next command
E (135457) MQTT: Publish failed
W (135457) TRANSPORT: No transport connected for broadcast
W (135457) MSG: Broadcast failed, falling back to MQTT
E (135458) MQTT: Publish failed
I (135462) CMD_U0: waiting for pending UART response ch=8 before next command
E (135482) MQTT: Publish failed
W (135482) TRANSPORT: No transport connected for broadcast
W (135482) MSG: Broadcast failed, falling back to MQTT
E (135483) MQTT: I (135483) CMD_U0: waiting for pending UART response ch=8 before next command
Publish failed
E (135503) MQTT: Publish failed
W (135503) TRANSPORT: No transport connected for broadcast
W (135503) MSG: Broadcast failed, falling back to MQTT
E (135504) MQTT: Publish failed
I (135508) CMD_U0: waiting for pending UART response ch=8 before next command
W (135518) RX_TASK: RX timeout slot1 type=1 reqID=0 (1001ms)
E (135528) MQTT: Publish failed
W (135528) TRANSPORT: No transport connected for broadcast
W (135528) MSG: Broadcast failed, falling back to MQTT
E (135529) MQTT: Publish failed
I (135529) CMD_U0: waiting for pending UART response ch=8 before next command
I (135536) CMD_U1: waiting for pending UART response ch=9 before next command
E (135548) MQTT: Publish failed
W (135548) TRANSPORT: No transport connected for broadcast
W (135548) MSG: Broadcast failed, falling back to MQTT
E (135549) MQTT: Publish failed
I (135550) CMD_U0: waiting for pending UART response ch=8 before next command
E (135564) MQTT: Publish failed
W (135564) TRANSPORT: No transport connected for broadcast
W (135564) MSG: Broadcast failed, falling back to MQTT
E (135565) MQTT: Publish failed
E (135574) MQTT: Publish failed
W (135574) TRANSPORT: No transport connected for broadcast
W (135574) MSG: Broadcast failed, falling back to MQTT
E (135575) MQTT: Publish failed
I (135576) CMD_U0: waiting for pending UART response ch=8 before next command
E (135600) MQTT: Publish failed
W (135600) TRANSPORT: No transport connected for broadcast
W (135600) MSG: Broadcast failed, falling back to MQTT
E (135601) MQTT: Publish failed
I (135601) CMD_U0: waiting for pending UART response ch=8 before next command
E (135621) MQTT: Publish failed
W (135621) TRANSPORT: No transport connected for broadcast
W (135621) MSG: Broadcast failed, falling back to MQTT
I (135622) CMD_U0: waiting for pending UART response ch=8 before next command
E (135622) MQTT: Publish failed
E (135646) MQTT: Publish failed
W (135646) TRANSPORT: No transport connected for broadcast
W (135646) MSG: Broadcast failed, falling back to MQTT
E (135647) MQTT: Publish failed
I (135647) CMD_U0: waiting for pending UART response ch=8 before next command
E (135666) MQTT: Publish failed
W (135666) TRANSPORT: No transport connected for broadcast
W (135666) MSG: Broadcast failed, falling back to MQTT
E (135667) MQTT: Publish failed
I (135668) CMD_U0: waiting for pending UART response ch=8 before next command
E (135692) MQTT: Publish failed
W (135692) TRANSPORT: No transport connected for broadcast
W (135692) MSG: Broadcast failed, falling back to MQTT
E (135693) MQTT: Publish failed
I (135694) CMD_U0: waiting for pending UART response ch=8 before next command
E (135717) MQTT: Publish failed
W (135717) TRANSPORT: No transport connected for broadcast
W (135717) MSG: Broadcast failed, falling back to MQTT
E (135718) MQTT: Publish failed
I (135720) CMD_U0: waiting for pending UART response ch=8 before next command
E (135742) MQTT: Publish failed
W (135742) TRANSPORT: No transport connected for broadcast
W (135742) MSG: Broadcast failed, falling back to MQTT
E (135743) MQTT: Publish failed
I (135746) CMD_U0: waiting for pending UART response ch=8 before next command
E (135767) MQTT: Publish failed
W (135767) TRANSPORT: No transport connected for broadcast
I (135768) CMD_U0: waiting for pending UART response ch=8 before next command
W (135768) MSG: Broadcast failed, falling back to MQTT
E (135768) MQTT: Publish failed
E (135788) MQTT: Publish failed
W (135788) TRANSPORT: No transport connected for broadcast
W (135788) MSG: Broadcast failed, falling back to MQTT
E (135789) MQTT: Publish failed
I (135793) CMD_U0: waiting for pending UART response ch=8 before next command
I (135814) CMD_U0: waiting for pending UART response ch=8 before next command
I (135834) CMD_U0: waiting for pending UART response ch=8 before next command
I (135859) CMD_U0: waiting for pending UART response ch=8 before next command
I (135880) CMD_U0: waiting for pending UART response ch=8 before next command
I (135905) CMD_U0: waiting for pending UART response ch=8 before next command
I (135925) CMD_U0: waiting for pending UART response ch=8 before next command
E (135945) MQTT: Publish failed
W (135945) TRANSPORT: No transport connected for broadcast
W (135945) MSG: Broadcast failed, falling back to MQTT
E (135946) MQTT: I (135946) CMD_U0: waiting for pending UART response ch=8 before next command
Publish failed
E (135970) MQTT: Publish failed
W (135970) TRANSPORT: No transport connected for broadcast
W (135970) MSG: Broadcast failed, falling back to MQTT
I (135971) CMD_U0: waiting for pending UART response ch=8 before next command
E (135971) MQTT: Publish failed
E (135990) MQTT: Publish failed
W (135990) TRANSPORT: No transport connected for broadcast
W (135990) MSG: Broadcast failed, falling back to MQTT
E (135991) MQTT: I (135991) CMD_U0: waiting for pending UART response ch=8 before next command
Publish failed
E (136011) MQTT: Publish failed
W (136011) TRANSPORT: No transport connected for broadcast
W (136011) MSG: Broadcast failed, falling back to MQTT
E (136012) MQTT: Publish failed
I (136016) CMD_U0: waiting for pending UART response ch=8 before next command
E (136036) MQTT: Publish failed
W (136036) TRANSPORT: No transport connected for broadcast
W (136036) MSG: Broadcast failed, falling back to MQTT
E (136037) MQTT: Publish failed
I (136037) CMD_U0: waiting for pending UART response ch=8 before next command
E (136062) MQTT: Publish failed
W (136062) TRANSPORT: No transport connected for broadcast
I (136063) CMD_U0: waiting for pending UART response ch=8 before next command
W (136063) MSG: Broadcast failed, falling back to MQTT
E (136063) MQTT: Publish failed
E (136081) MQTT: Publish failed
W (136081) TRANSPORT: No transport connected for broadcast
W (136081) MSG: Broadcast failed, falling back to MQTT
E (136082) MQTT: Publish failed
I (136083) CMD_U0: waiting for pending UART response ch=8 before next command
E (136107) MQTT: Publish failed
W (136107) TRANSPORT: No transport connected for broadcast
W (136107) MSG: Broadcast failed, falling back to MQTT
E (136108) MQTT: Publish failed
I (136109) CMD_U0: waiting for pending UART response ch=8 before next command
E (136132) MQTT: Publish failed
W (136132) TRANSPORT: No transport connected for broadcast
W (136132) MSG: Broadcast failed, falling back to MQTT
E (136133) MQTT: Publish failed
I (136135) CMD_U0: waiting for pending UART response ch=8 before next command
E (136158) MQTT: Publish failed
W (136158) TRANSPORT: No transport connected for broadcast
W (136159) MSG: Broadcast failed, falling back to MQTT
E (136159) MQTT: Publish failed
I (136161) CMD_U0: waiting for pending UART response ch=8 before next command
E (136185) MQTT: Publish failed
W (136185) TRANSPORT: No transport connected for broadcast
W (136185) MSG: Broadcast failed, falling back to MQTT
E (136186) MQTT: I (136186) CMD_U0: waiting for pending UART response ch=8 before next command
Publish failed
E (136205) MQTT: Publish failed
W (136205) TRANSPORT: No transport connected for broadcast
W (136205) MSG: Broadcast failed, falling back to MQTT
E (136206) MQTT: I (136206) CMD_U0: waiting for pending UART response ch=8 before next command
Publish failed
E (136227) MQTT: Publish failed
W (136227) TRANSPORT: No transport connected for broadcast
W (136227) MSG: Broadcast failed, falling back to MQTT
E (136228) MQTT: Publish failed
I (136231) CMD_U0: waiting for pending UART response ch=8 before next command
E (136252) MQTT: Publish failed
W (136252) TRANSPORT: No transport connected for broadcast
I (136252) CMD_U0: waiting for pending UART response ch=8 before next command
W (136252) MSG: Broadcast failed, falling back to MQTT
E (136253) MQTT: Publish failed
E (136273) MQTT: Publish failed
W (136273) TRANSPORT: No transport connected for broadcast
W (136273) MSG: Broadcast failed, falling back to MQTT
E (136274) MQTT: Publish failed
I (136278) CMD_U0: waiting for pending UART response ch=8 before next command
E (136299) MQTT: Publish failed
W (136299) TRANSPORT: No transport connected for broadcast
W (136299) MSG: Broadcast failed, falling back to MQTT
E (136300) MQTT: Publish failed
I (136303) CMD_U0: waiting for pending UART response ch=8 before next command
E (136325) MQTT: Publish failed
W (136325) TRANSPORT: No transport connected for broadcast
W (136325) MSG: Broadcast failed, falling back to MQTT
E (136326) MQTT: Publish failed
I (136329) CMD_U0: waiting for pending UART response ch=8 before next command
E (136351) MQTT: Publish failed
W (136351) TRANSPORT: No transport connected for broadcast
W (136351) MSG: Broadcast failed, falling back to MQTT
E (136352) MQTT: Publish failed
I (136354) CMD_U0: waiting for pending UART response ch=8 before next command
E (136376) MQTT: Publish failed
W (136376) TRANSPORT: No transport connected for broadcast
W (136376) MSG: Broadcast failed, falling back to MQTT
E (136377) MQTT: Publish failed
I (136379) CMD_U0: waiting for pending UART response ch=8 before next command
E (136401) MQTT: Publish failed
W (136401) TRANSPORT: No transport connected for broadcast
W (136401) MSG: Broadcast failed, falling back to MQTT
E (136402) MQTT: Publish failed
I (136404) CMD_U0: waiting for pending UART response ch=8 before next command
E (136427) MQTT: Publish failed
W (136427) TRANSPORT: No transport connected for broadcast
W (136427) MSG: Broadcast failed, falling back to MQTT
E (136428) MQTT: Publish failed
I (136430) CMD_U0: waiting for pending UART response ch=8 before next command
E (136452) MQTT: Publish failed
W (136452) TRANSPORT: No transport connected for broadcast
W (136452) MSG: Broadcast failed, falling back to MQTT
E (136453) MQTT: Publish failed
I (136455) CMD_U0: waiting for pending UART response ch=8 before next command
E (136477) MQTT: Publish failed
W (136477) TRANSPORT: No transport connected for broadcast
W (136477) MSG: Broadcast failed, falling back to MQTT
E (136478) MQTT: Publish failed
I (136480) CMD_U0: waiting for pending UART response ch=8 before next command
E (136503) MQTT: Publish failed
W (136503) TRANSPORT: No transport connected for broadcast
W (136503) MSG: Broadcast failed, falling back to MQTT
E (136504) MQTT: Publish failed
I (136506) CMD_U0: waiting for pending UART response ch=8 before next command
W (136520) RX_TASK: RX timeout slot1 type=1 reqID=0 (1001ms)
E (136520) MQTT: Publish failed
W (136521) TRANSPORT: No transport connected for broadcast
W (136521) MSG: Broadcast failed, falling back to MQTT
E (136521) MQTT: Publish failed
E (136528) MQTT: Publish failed
W (136528) TRANSPORT: No transport connected for broadcast
W (136528) MSG: Broadcast failed, falling back to MQTT
E (136529) MQTT: Publish failed
I (136532) CMD_U0: waiting for pending UART response ch=8 before next command
I (136539) CMD_U1: waiting for pending UART response ch=9 before next command
E (136553) MQTT: Publish failed
W (136553) TRANSPORT: No transport connected for broadcast
W (136553) MSG: Broadcast failed, falling back to MQTT
E (136554) MQTT: Publish failed
I (136557) CMD_U0: waiting for pending UART response ch=8 before next command
E (136564) MQTT: Publish failed
W (136564) TRANSPORT: No transport connected for broadcast
W (136564) MSG: Broadcast failed, falling back to MQTT
E (136564) MQTT: Publish failed
E (136579) MQTT: Publish failed
W (136579) TRANSPORT: No transport connected for broadcast
W (136579) MSG: Broadcast failed, falling back to MQTT
E (136580) MQTT: Publish failed
I (136583) CMD_U0: waiting for pending UART response ch=8 before next command
E (136604) MQTT: Publish failed
W (136604) TRANSPORT: No transport connected for broadcast
W (136604) MSG: Broadcast failed, falling back to MQTT
E (136605) MQTT: Publish failed
I (136608) CMD_U0: waiting for pending UART response ch=8 before next command
E (136629) MQTT: Publish failed
W (136629) TRANSPORT: No transport connected for broadcast
I (136629) CMD_U0: waiting for pending UART response ch=8 before next command
W (136629) MSG: Broadcast failed, falling back to MQTT
E (136630) MQTT: Publish failed
E (136650) MQTT: Publish failed
W (136650) TRANSPORT: No transport connected for broadcast
W (136650) MSG: Broadcast failed, falling back to MQTT
E (136651) MQTT: Publish failed
I (136655) CMD_U0: waiting for pending UART response ch=8 before next command
E (136675) MQTT: Publish failed
W (136675) TRANSPORT: No transport connected for broadcast
W (136675) MSG: Broadcast failed, falling back to MQTT
E (136676) MQTT: Publish failed
I (136676) CMD_U0: waiting for pending UART response ch=8 before next command
E (136695) MQTT: Publish failed
W (136695) TRANSPORT: No transport connected for broadcast
W (136695) MSG: Broadcast failed, falling back to MQTT
E (136696) MQTT: Publish failed
I (136697) CMD_U0: waiting for pending UART response ch=8 before next command
E (136721) MQTT: Publish failed
W (136721) TRANSPORT: No transport connected for broadcast
W (136721) MSG: Broadcast failed, falling back to MQTT
E (136722) MQTT: Publish failed
I (136722) CMD_U0: waiting for pending UART response ch=8 before next command
E (136746) MQTT: Publish failed
W (136746) TRANSPORT: No transport connected for broadcast
W (136746) MSG: Broadcast failed, falling back to MQTT
E (136747) MQTT: Publish failed
I (136748) CMD_U0: waiting for pending UART response ch=8 before next command
E (136771) MQTT: Publish failed
W (136771) TRANSPORT: No transport connected for broadcast
W (136772) MSG: Broadcast failed, falling back to MQTT
E (136772) MQTT: Publish failed
I (136773) CMD_U0: waiting for pending UART response ch=8 before next command
E (136797) MQTT: Publish failed
W (136797) TRANSPORT: No transport connected for broadcast
W (136797) MSG: Broadcast failed, falling back to MQTT
I (136798) CMD_U0: E (136798) MQTT: waiting for pending UART response ch=8 before next command
Publish failed
E (136822) MQTT: Publish failed
W (136822) TRANSPORT: No transport connected for broadcast
W (136822) MSG: Broadcast failed, falling back to MQTT
E (136823) MQTT: I (136823) CMD_U0: waiting for pending UART response ch=8 before next command
Publish failed
E (136842) MQTT: Publish failed
W (136842) TRANSPORT: No transport connected for broadcast
W (136842) MSG: Broadcast failed, falling back to MQTT
E (136843) MQTT: Publish failed
I (136843) CMD_U0: waiting for pending UART response ch=8 before next command
E (136863) MQTT: Publish failed
W (136863) TRANSPORT: No transport connected for broadcast
W (136863) MSG: Broadcast failed, falling back to MQTT
E (136864) MQTT: I (136864) CMD_U0: waiting for pending UART response ch=8 before next command
Publish failed
I (136889) CMD_U0: waiting for pending UART response ch=8 before next command
E (136899) MQTT: Publish failed
W (136900) TRANSPORT: No transport connected for broadcast
W (136901) MSG: Broadcast failed, falling back to MQTT
E (136901) MQTT: Publish failed
I (136909) CMD_U0: waiting for pending UART response ch=8 before next command
I (136929) CMD_U0: waiting for pending UART response ch=8 before next command
I (136950) CMD_U0: waiting for pending UART response ch=8 before next command
I (136970) CMD_U0: waiting for pending UART response ch=8 before next command
I (136995) CMD_U0: waiting for pending UART response ch=8 before next command
I (137016) CMD_U0: waiting for pending UART response ch=8 before next command
I (137041) CMD_U0: waiting for pending UART response ch=8 before next command
I (137061) CMD_U0: waiting for pending UART response ch=8 before next command
I (137081) CMD_U0: waiting for pending UART response ch=8 before next command
I (137102) CMD_U0: waiting for pending UART response ch=8 before next command
I (137122) CMD_U0: waiting for pending UART response ch=8 before next command
I (137142) CMD_U0: waiting for pending UART response ch=8 before next command
I (137163) CMD_U0: waiting for pending UART response ch=8 before next command
I (137188) CMD_U0: waiting for pending UART response ch=8 before next command
I (137209) CMD_U0: waiting for pending UART response ch=8 before next command
I (137235) CMD_U0: waiting for pending UART response ch=8 before next command
I (137260) CMD_U0: waiting for pending UART response ch=8 before next command
I (137286) CMD_U0: waiting for pending UART response ch=8 before next command
I (137311) CMD_U0: waiting for pending UART response ch=8 before next command
I (137336) CMD_U0: waiting for pending UART response ch=8 before next command
137361) CMD_U0: waiting for pending UART response ch=8 before next command
MD_U0: waiting for pending UART response ch=8 before next command
(137413) CMD_U0: waiting for pending UART response ch=8 before next command
I (137439) CMD_U0: waiting for pending UART response ch=8 before next command
I (137464) CMD_U0: waiting for pending UART response ch=8 before next command
I (137489) CMD_U0: waiting for pending UART response ch=8 before next command
I (137515) CMD_U0: waiting for pending UART response ch=8 before next command
W (137523) RX_TASK: RX timeout slot1 type=1 reqID=0 (1001ms)
I (137541) CMD_U0: waiting for pending UART response ch=8 before next command
I (137562) CMD_U1: waiting for pending UART response ch=9 before next command
I (137566) CMD_U0: waiting for pending UART response ch=8 before next command
I (137587) CMD_U0: waiting for pending UART response ch=8 before next command
I (137613) CMD_U0: waiting for pending UART response ch=8 before next command
I (137638) CMD_U0: waiting for pending UART response ch=8 before next command
I (137663) CMD_U0: waiting for pending UART response ch=8 before next command
I (137688) CMD_U0: waiting for pending UART response ch=8 before next command
I (137713) CMD_U0: waiting for pending UART response ch=8 before next command
I (137739) CMD_U0: waiting for pending UART response ch=8 before next command
I (137764) CMD_U0: waiting for pending UART response ch=8 before next command
I (137790) CMD_U0: waiting for pending UART response ch=8 before next command
I (137815) CMD_U0: waiting for pending UART response ch=8 before next command
I (137841) CMD_U0: waiting for pending UART response ch=8 before next command
I (137862) CMD_U0: waiting for pending UART response ch=8 before next command
I (137883) CMD_U0: waiting for pending UART response ch=8 before next command
I (137908) CMD_U0: waiting for pending UART response ch=8 before next command
I (137933) CMD_U0: waiting for pending UART response ch=8 before next command
I (137959) CMD_U0: waiting for pending UART response ch=8 before next command
I (137984) CMD_U0: waiting for pending UART response ch=8 before next command
I (138010) CMD_U0: waiting for pending UART response ch=8 before next command
I (138035) CMD_U0: waiting for pending UART response ch=8 before next command
I (138060) CMD_U0: waiting for pending UART response ch=8 before next command
I (138085) CMD_U0: waiting for pending UART response ch=8 before next command
I (138105) CMD_U0: waiting for pending UART response ch=8 before next command
I (138130) CMD_U0: waiting for pending UART response ch=8 before next command
I (138151) CMD_U0: waiting for pending UART response ch=8 before next command
I (138172) CMD_U0: waiting for pending UART response ch=8 before next command
I (138198) CMD_U0: waiting for pending UART response ch=8 before next command
I (138224) CMD_U0: waiting for pending UART response ch=8 before next command
I (138249) CMD_U0: waiting for pending UART response ch=8 before next command
I (138274) CMD_U0: waiting for pending UART response ch=8 before next command
I (138304) CMD_U0: waiting for pending UART response ch=8 before next command
E (138325) MQTT: Publish failed
W (138325) TRANSPORT: No transport connected for broadcast
W (138325) MSG: Broadcast failed, falling back to MQTT
E (138326) MQTT: Publish failed
I (138329) CMD_U0: waiting for pending UART response ch=8 before next command
E (138350) MQTT: Publish failed
W (138350) TRANSPORT: No transport connected for broadcast
W (138350) MSG: Broadcast failed, falling back to MQTT
E (138351) MQTT: Publish failed
I (138354) CMD_U0: waiting for pending UART response ch=8 before next command
E (138376) MQTT: Publish failed
W (138376) TRANSPORT: No transport connected for broadcast
W (138376) MSG: Broadcast failed, falling back to MQTT
E (138377) MQTT: Publish failed
I (138379) CMD_U0: waiting for pending UART response ch=8 before next command
E (138402) MQTT: Publish failed
W (138402) TRANSPORT: No transport connected for broadcast
W (138402) MSG: Broadcast failed, falling back to MQTT
E (138403) MQTT: Publish failed
I (138405) CMD_U0: waiting for pending UART response ch=8 before next command
E (138427) MQTT: Publish failed
W (138427) TRANSPORT: No transport connected for broadcast
W (138427) MSG: Broadcast failed, falling back to MQTT
E (138428) MQTT: Publish failed
I (138431) CMD_U0: waiting for pending UART response ch=8 before next command
E (138452) MQTT: Publish failed
W (138452) TRANSPORT: No transport connected for broadcast
I (138452) CMD_U0: waiting for pending UART response ch=8 before next command
W (138452) MSG: Broadcast failed, falling back to MQTT
E (138453) MQTT: Publish failed
E (138473) MQTT: Publish failed
W (138473) TRANSPORT: No transport connected for broadcast
W (138473) MSG: Broadcast failed, falling back to MQTT
E (138474) MQTT: Publish failed
I (138478) CMD_U0: waiting for pending UART response ch=8 before next command
E (138499) MQTT: Publish failed
W (138499) TRANSPORT: No transport connected for broadcast
W (138499) MSG: Broadcast failed, falling back to MQTT
E (138500) MQTT: Publish failed
I (138504) CMD_U0: waiting for pending UART response ch=8 before next command
E (138524) MQTT: Publish failed
W (138524) TRANSPORT: No transport connected for broadcast
W (138525) MSG: Broadcast failed, falling back to MQTT
E (138525) MQTT: Publish failed
I (138529) CMD_U0: waiting for pending UART response ch=8 before next command
W (138546) RX_TASK: RX timeout slot1 type=1 reqID=0 (1001ms)
I (138554) CMD_U0: waiting for pending UART response ch=8 before next command
I (138580) CMD_U0: waiting for pending UART response ch=8 before next command
I (138585) CMD_U1: waiting for pending UART response ch=9 before next command
I (138600) CMD_U0: waiting for pending UART response ch=8 before next command
E (138622) MQTT: Publish failed
W (138622) TRANSPORT: No transport connected for broadcast
W (138622) MSG: Broadcast failed, falling back to MQTT
E (138623) MQTT: Publish failed
I (138626) CMD_U0: waiting for pending UART response ch=8 before next command
E (138646) MQTT: Publish failed
W (138646) TRANSPORT: No transport connected for broadcast
W (138646) MSG: Broadcast failed, falling back to MQTT
E (138647) MQTT: Publish failed
I (138647) CMD_U0: waiting for pending UART response ch=8 before next command
E (138672) MQTT: Publish failed
W (138672) TRANSPORT: No transport connected for broadcast
W (138672) MSG: Broadcast failed, falling back to MQTT
I (138673) CMD_U0: waiting for pending UART response ch=8 before next command
E (138673) MQTT: Publish failed
E (138697) MQTT: Publish failed
W (138697) TRANSPORT: No transport connected for broadcast
W (138697) MSG: Broadcast failed, falling back to MQTT
E (138698) MQTT: Publish failed
I (138698) CMD_U0: waiting for pending UART response ch=8 before next command
E (138723) MQTT: Publish failed
W (138723) TRANSPORT: No transport connected for broadcast
W (138723) MSG: Broadcast failed, falling back to MQTT
E (138724) MQTT: I (138724) CMD_U0: waiting for pending UART response ch=8 before next command
Publish failed
E (138747) MQTT: Publish failed
W (138747) TRANSPORT: No transport connected for broadcast
W (138747) MSG: Broadcast failed, falling back to MQTT
E (138748) MQTT: Publish failed
I (138749) CMD_U0: waiting for pending UART response ch=8 before next command
E (138773) MQTT: Publish failed
W (138773) TRANSPORT: No transport connected for broadcast
W (138773) MSG: Broadcast failed, falling back to MQTT
E (138774) MQTT: I (138774) CMD_U0: waiting for pending UART response ch=8 before next command
Publish failed
E (138798) MQTT: Publish failed
W (138798) TRANSPORT: No transport connected for broadcast
W (138798) MSG: Broadcast failed, falling back to MQTT
E (138799) MQTT: Publish failed
I (138799) CMD_U0: waiting for pending UART response ch=8 before next command
E (138823) MQTT: Publish failed
W (138823) TRANSPORT: No transport connected for broadcast
W (138823) MSG: Broadcast failed, falling back to MQTT
E (138824) MQTT: Publish failed
I (138825) CMD_U0: waiting for pending UART response ch=8 before next command
E (138848) MQTT: Publish failed
W (138848) TRANSPORT: No transport connected for broadcast
W (138848) MSG: Broadcast failed, falling back to MQTT
E (138849) MQTT: Publish failed
I (138850) CMD_U0: waiting for pending UART response ch=8 before next command
E (138874) MQTT: Publish failed
W (138874) TRANSPORT: No transport connected for broadcast
W (138874) MSG: Broadcast failed, falling back to MQTT
E (138875) MQTT: Publish failed
I (138876) CMD_U0: waiting for pending UART response ch=8 before next command
E (138899) MQTT: Publish failed
W (138899) TRANSPORT: No transport connected for broadcast
W (138899) MSG: Broadcast failed, falling back to MQTT
E (138900) MQTT: Publish failed
I (138901) CMD_U0: waiting for pending UART response ch=8 before next command
E (138906) MQTT: Publish failed
W (138906) TRANSPORT: No transport connected for broadcast
W (138907) MSG: Broadcast failed, falling back to MQTT
E (138907) MQTT: Publish failed
E (138924) MQTT: Publish failed
W (138924) TRANSPORT: No transport connected for broadcast
W (138924) MSG: Broadcast failed, falling back to MQTT
E (138925) MQTT: Publish failed
I (138927) CMD_U0: waiting for pending UART response ch=8 before next command
E (138950) MQTT: Publish failed
W (138950) TRANSPORT: No transport connected for broadcast
W (138950) MSG: Broadcast failed, falling back to MQTT
E (138951) MQTT: Publish failed
I (138953) CMD_U0: waiting for pending UART response ch=8 before next command
E (138975) MQTT: Publish failed
W (138975) TRANSPORT: No transport connected for broadcast
W (138975) MSG: Broadcast failed, falling back to MQTT
E (138976) MQTT: Publish failed
I (138978) CMD_U0: waiting for pending UART response ch=8 before next command
E (139000) MQTT: Publish failed
W (139000) TRANSPORT: No transport connected for broadcast
W (139000) MSG: Broadcast failed, falling back to MQTT
E (139001) MQTT: Publish failed
I (139003) CMD_U0: waiting for pending UART response ch=8 before next command
E (139026) MQTT: Publish failed
W (139026) TRANSPORT: No transport connected for broadcast
W (139026) MSG: Broadcast failed, falling back to MQTT
E (139027) MQTT: Publish failed
I (139028) CMD_U0: waiting for pending UART response ch=8 before next command
E (139051) MQTT: Publish failed
W (139051) TRANSPORT: No transport connected for broadcast
W (139052) MSG: Broadcast failed, falling back to MQTT
E (139052) MQTT: Publish failed
I (139053) CMD_U0: waiting for pending UART response ch=8 before next command
E (139077) MQTT: Publish failed
W (139077) TRANSPORT: No transport connected for broadcast
W (139077) MSG: Broadcast failed, falling back to MQTT
E (139078) MQTT: Publish failed
I (139079) CMD_U0: waiting for pending UART response ch=8 before next command
E (139102) MQTT: Publish failed
W (139102) TRANSPORT: No transport connected for broadcast
W (139102) MSG: Broadcast failed, falling back to MQTT
E (139103) MQTT: Publish failed
I (139105) CMD_U0: waiting for pending UART response ch=8 before next command
E (139127) MQTT: Publish failed
W (139127) TRANSPORT: No transport connected for broadcast
W (139127) MSG: Broadcast failed, falling back to MQTT
E (139128) MQTT: Publish failed
I (139131) CMD_U0: waiting for pending UART response ch=8 before next command
E (139153) MQTT: Publish failed
W (139153) TRANSPORT: No transport connected for broadcast
W (139153) MSG: Broadcast failed, falling back to MQTT
E (139154) MQTT: Publish failed
I (139156) CMD_U0: waiting for pending UART response ch=8 before next command
E (139178) MQTT: Publish failed
W (139178) TRANSPORT: No transport connected for broadcast
W (139178) MSG: Broadcast failed, falling back to MQTT
E (139179) MQTT: Publish failed
I (139182) CMD_U0: waiting for pending UART response ch=8 before next command
E (139203) MQTT: Publish failed
W (139203) TRANSPORT: No transport connected for broadcast
W (139203) MSG: Broadcast failed, falling back to MQTT
E (139204) MQTT: Publish failed
I (139208) CMD_U0: waiting for pending UART response ch=8 before next command
I (139230) CMD_U0: E (139230) MQTT: waiting for pending UART response ch=8 before next command
Publish failed
W (139231) TRANSPORT: No transport connected for broadcast
W (139231) MSG: Broadcast failed, falling back to MQTT
E (139232) MQTT: Publish failed
E (139254) MQTT: Publish failed
W (139254) TRANSPORT: No transport connected for broadcast
W (139254) MSG: Broadcast failed, falling back to MQTT
E (139255) MQTT: Publish failed
I (139256) CMD_U0: waiting for pending UART response ch=8 before next command
E (139279) MQTT: Publish failed
W (139279) TRANSPORT: No transport connected for broadcast
W (139279) MSG: Broadcast failed, falling back to MQTT
E (139280) MQTT: Publish failed
I (139282) CMD_U0: waiting for pending UART response ch=8 before next command
E (139305) MQTT: Publish failed
W (139305) TRANSPORT: No transport connected for broadcast
W (139305) MSG: Broadcast failed, falling back to MQTT
E (139306) MQTT: Publish failed
I (139308) CMD_U0: waiting for pending UART response ch=8 before next command
E (139330) MQTT: Publish failed
W (139330) TRANSPORT: No transport connected for broadcast
W (139330) MSG: Broadcast failed, falling back to MQTT
E (139331) MQTT: Publish failed
I (139333) CMD_U0: waiting for pending UART response ch=8 before next command
E (139355) MQTT: Publish failed
W (139355) TRANSPORT: No transport connected for broadcast
W (139355) MSG: Broadcast failed, falling back to MQTT
E (139356) MQTT: Publish failed
I (139358) CMD_U0: waiting for pending UART response ch=8 before next command
E (139381) MQTT: Publish failed
W (139381) TRANSPORT: No transport connected for broadcast
W (139381) MSG: Broadcast failed, falling back to MQTT
E (139382) MQTT: Publish failed
I (139384) CMD_U0: waiting for pending UART response ch=8 before next command
E (139406) MQTT: Publish failed
W (139406) TRANSPORT: No transport connected for broadcast
W (139406) MSG: Broadcast failed, falling back to MQTT
E (139407) MQTT: Publish failed
I (139409) CMD_U0: waiting for pending UART response ch=8 before next command
E (139431) MQTT: Publish failed
W (139431) TRANSPORT: No transport connected for broadcast
W (139431) MSG: Broadcast failed, falling back to MQTT
E (139432) MQTT: Publish failed
I (139435) CMD_U0: waiting for pending UART response ch=8 before next command
E (139457) MQTT: Publish failed
W (139457) TRANSPORT: No transport connected for broadcast
W (139457) MSG: Broadcast failed, falling back to MQTT
E (139458) MQTT: Publish failed
I (139460) CMD_U0: waiting for pending UART response ch=8 before next command
E (139482) MQTT: Publish failed
W (139482) TRANSPORT: No transport connected for broadcast
W (139482) MSG: Broadcast failed, falling back to MQTT
E (139483) MQTT: Publish failed
I (139485) CMD_U0: waiting for pending UART response ch=8 before next command
E (139507) MQTT: Publish failed
W (139507) TRANSPORT: No transport connected for broadcast
W (139507) MSG: Broadcast failed, falling back to MQTT
E (139508) MQTT: Publish failed
I (139510) CMD_U0: waiting for pending UART response ch=8 before next command
E (139533) MQTT: Publish failed
W (139533) TRANSPORT: No transport connected for broadcast
W (139533) MSG: Broadcast failed, falling back to MQTT
E (139534) MQTT: Publish failed
I (139536) CMD_U0: waiting for pending UART response ch=8 before next command
E (139558) MQTT: Publish failed
W (139558) TRANSPORT: No transport connected for broadcast
W (139558) MSG: Broadcast failed, falling back to MQTT
E (139559) MQTT: Publish failed
I (139562) CMD_U0: waiting for pending UART response ch=8 before next command
E (139564) MQTT: Publish failed
W (139564) TRANSPORT: No transport connected for broadcast
W (139564) MSG: Broadcast failed, falling back to MQTT
E (139564) MQTT: Publish failed
W (139569) RX_TASK: RX timeout slot1 type=1 reqID=0 (1001ms)
I (139587) CMD_U0: waiting for pending UART response ch=8 before next command
I (139608) CMD_U1: waiting for pending UART response ch=9 before next command
I (139613) CMD_U0: waiting for pending UART response ch=8 before next command
I (139639) CMD_U0: waiting for pending UART response ch=8 before next command
I (139664) CMD_U0: waiting for pending UART response ch=8 before next command
I (139690) CMD_U0: waiting for pending UART response ch=8 before next command
I (139715) CMD_U0: waiting for pending UART response ch=8 before next command
I (139740) CMD_U0: waiting for pending UART response ch=8 before next command
I (139765) CMD_U0: waiting for pending UART response ch=8 before next command
I (139790) CMD_U0: waiting for pending UART response ch=8 before next command
I (139815) CMD_U0: waiting for pending UART response ch=8 before next command
I (139840) CMD_U0: waiting for pending UART response ch=8 before next command
I (139866) CMD_U0: waiting for pending UART response ch=8 before next command
I (139891) CMD_U0: waiting for pending UART response ch=8 before next command
I (139916) CMD_U0: waiting for pending UART response ch=8 before next command
I (139942) CMD_U0: waiting for pending UART response ch=8 before next command
I (139967) CMD_U0: waiting for pending UART response ch=8 before next command
I (139992) CMD_U0: waiting for pending UART response ch=8 before next command
I (140017) CMD_U0: waiting for pending UART response ch=8 before next command
I (140043) CMD_U0: waiting for pending UART response ch=8 before next command
I (140068) CMD_U0: waiting for pending UART response ch=8 before next command
I (140093) CMD_U0: waiting for pending UART response ch=8 before next command
I (140118) CMD_U0: waiting for pending UART response ch=8 before next command
I (140143) CMD_U0: waiting for pending UART response ch=8 before next command
I (140169) CMD_U0: waiting for pending UART response ch=8 before next command
I (140194) CMD_U0: waiting for pending UART response ch=8 before next command
I (140215) CMD_U0: waiting for pending UART response ch=8 before next command
I (140240) CMD_U0: waiting for pending UART response ch=8 before next command
I (140265) CMD_U0: waiting for pending UART response ch=8 before next command
I (140290) CMD_U0: waiting for pending UART response ch=8 before next command
I (140315) CMD_U0: waiting for pending UART response ch=8 before next command
I (140340) CMD_U0: waiting for pending UART response ch=8 before next command
I (140361) CMD_U0: waiting for pending UART response ch=8 before next command
I (140387) CMD_U0: waiting for pending UART response ch=8 before next command
I (140412) CMD_U0: waiting for pending UART response ch=8 before next command
E (140431) MQTT: Publish failed
W (140431) TRANSPORT: No transport connected for broadcast
W (140431) MSG: Broadcast failed, falling back to MQTT
E (140432) MQTT: Publish failed
I (140433) CMD_U0: waiting for pending UART response ch=8 before next command
E (140457) MQTT: Publish failed
W (140457) TRANSPORT: No transport connected for broadcast
W (140457) MSG: Broadcast failed, falling back to MQTT
E (140458) MQTT: Publish failed
I (140459) CMD_U0: waiting for pending UART response ch=8 before next command
E (140483) MQTT: Publish failed
W (140483) TRANSPORT: No transport connected for broadcast
W (140483) MSG: Broadcast failed, falling back to MQTT
I (140484) CMD_U0: waiting for pending UART response ch=8 before next command
E (140484) MQTT: Publish failed
E (140504) MQTT: Publish failed
W (140504) TRANSPORT: No transport connected for broadcast
W (140504) MSG: Broadcast failed, falling back to MQTT
E (140505) MQTT: Publish failed
I (140509) CMD_U0: waiting for pending UART response ch=8 before next command
E (140530) MQTT: Publish failed
W (140530) TRANSPORT: No transport connected for broadcast
W (140530) MSG: Broadcast failed, falling back to MQTT
E (140531) MQTT: Publish failed
I (140535) CMD_U0: waiting for pending UART response ch=8 before next command
E (140556) MQTT: Publish failed
W (140556) TRANSPORT: No transport connected for broadcast
W (140556) MSG: Broadcast failed, falling back to MQTT
E (140557) MQTT: Publish failed
I (140560) CMD_U0: waiting for pending UART response ch=8 before next command
E (140564) MQTT: Publish failed
W (140564) TRANSPORT: No transport connected for broadcast
W (140564) MSG: Broadcast failed, falling back to MQTT
E (140564) MQTT: Publish failed
E (140581) MQTT: Publish failed
W (140581) TRANSPORT: No transport connected for broadcast
W (140581) MSG: Broadcast failed, falling back to MQTT
E (140582) MQTT: Publish failed
I (140586) CMD_U0: waiting for pending UART response ch=8 before next command
W (140592) RX_TASK: RX timeout slot1 type=1 reqID=0 (1001ms)
E (140592) MQTT: Publish failed
W (140593) TRANSPORT: No transport connected for broadcast
W (140593) MSG: Broadcast failed, falling back to MQTT
E (140593) MQTT: Publish failed
E (140607) MQTT: Publish failed
W (140607) TRANSPORT: No transport connected for broadcast
W (140607) MSG: Broadcast failed, falling back to MQTT
E (140608) MQTT: Publish failed
I (140612) CMD_U0: waiting for pending UART response ch=8 before next command
I (140631) CMD_U1: waiting for pending UART response ch=9 before next command
E (140632) MQTT: Publish failed
W (140632) TRANSPORT: No transport connected for broadcast
W (140632) MSG: Broadcast failed, falling back to MQTT
E (140633) MQTT: Publish failed
I (140633) CMD_U0: waiting for pending UART response ch=8 before next command
E (140653) MQTT: Publish failed
W (140653) TRANSPORT: No transport connected for broadcast
W (140653) MSG: Broadcast failed, falling back to MQTT
E (140654) MQTT: Publish failed
I (140658) CMD_U0: waiting for pending UART response ch=8 before next command
E (140678) MQTT: Publish failed
W (140678) TRANSPORT: No transport connected for broadcast
W (140678) MSG: Broadcast failed, falling back to MQTT
E (140679) MQTT: Publish failed
I (140679) CMD_U0: waiting for pending UART response ch=8 before next command
E (140699) MQTT: Publish failed
W (140699) TRANSPORT: No transport connected for broadcast
W (140699) MSG: Broadcast failed, falling back to MQTT
I (140700) CMD_U0: waiting for pending UART response ch=8 before next command
E (140700) MQTT: Publish failed
E (140724) MQTT: Publish failed
W (140724) TRANSPORT: No transport connected for broadcast
W (140724) MSG: Broadcast failed, falling back to MQTT
E (140725) MQTT: I (140725) CMD_U0: waiting for pending UART response ch=8 before next command
Publish failed
E (140745) MQTT: Publish failed
W (140745) TRANSPORT: No transport connected for broadcast
W (140745) MSG: Broadcast failed, falling back to MQTT
E (140746) MQTT: Publish failed
I (140750) CMD_U0: waiting for pending UART response ch=8 before next command
E (140770) MQTT: Publish failed
W (140770) TRANSPORT: No transport connected for broadcast
W (140770) MSG: Broadcast failed, falling back to MQTT
E (140771) MQTT: Publish failed
I (140771) CMD_U0: waiting for pending UART response ch=8 before next command
E (140790) MQTT: Publish failed
W (140790) TRANSPORT: No transport connected for broadcast
W (140790) MSG: Broadcast failed, falling back to MQTT
E (140791) MQTT: Publish failed
I (140792) CMD_U0: waiting for pending UART response ch=8 before next command
E (140816) MQTT: Publish failed
W (140816) TRANSPORT: No transport connected for broadcast
W (140816) MSG: Broadcast failed, falling back to MQTT
I (140817) CMD_U0: waiting for pending UART response ch=8 before next command
E (140817) MQTT: Publish failed
E (140837) MQTT: Publish failed
W (140837) TRANSPORT: No transport connected for broadcast
I (140838) CMD_U0: waiting for pending UART response ch=8 before next command
W (140838) MSG: Broadcast failed, falling back to MQTT
E (140838) MQTT: Publish failed
E (140858) MQTT: Publish failed
W (140858) TRANSPORT: No transport connected for broadcast
W (140858) MSG: Broadcast failed, falling back to MQTT
E (140859) MQTT: Publish failed
I (140863) CMD_U0: waiting for pending UART response ch=8 before next command
E (140883) MQTT: Publish failed
W (140883) TRANSPORT: No transport connected for broadcast
W (140883) MSG: Broadcast failed, falling back to MQTT
I (140884) CMD_U0: E (140884) MQTT: waiting for pending UART response ch=8 before next command
Publish failed
E (140904) MQTT: Publish failed
W (140904) TRANSPORT: No transport connected for broadcast
W (140904) MSG: Broadcast failed, falling back to MQTT
E (140905) MQTT: Publish failed
I (140910) CMD_U0: waiting for pending UART response ch=8 before next command
E (140916) MQTT: Publish failed
W (140917) TRANSPORT: No transport connected for broadcast
W (140917) MSG: Broadcast failed, falling back to MQTT
E (140917) MQTT: Publish failed
I (140936) CMD_U0: waiting for pending UART response ch=8 before next command
I (140961) CMD_U0: waiting for pending UART response ch=8 before next command
I (140982) CMD_U0: waiting for pending UART response ch=8 before next command
I (141002) CMD_U0: waiting for pending UART response ch=8 before next command
I (141002) SCHEDULER: Stats: samples=419 full=588 min_free=3
I (141027) CMD_U0: waiting for pending UART response ch=8 before next command
I (141052) CMD_U0: waiting for pending UART response ch=8 before next command
I (141074) CMD_U0: waiting for pending UART response ch=8 before next command
I (141099) CMD_U0: waiting for pending UART response ch=8 before next command
I (141124) CMD_U0: waiting for pending UART response ch=8 before next command
I (141149) CMD_U0: waiting for pending UART response ch=8 before next command
I (141174) CMD_U0: waiting for pending UART response ch=8 before next command
I (141195) CMD_U0: waiting for pending UART response ch=8 before next command
I (141220) CMD_U0: waiting for pending UART response ch=8 before next command
I (141246) CMD_U0: waiting for pending UART response ch=8 before next command
I (141272) CMD_U0: waiting for pending UART response ch=8 before next command
I (141297) CMD_U0: waiting for pending UART response ch=8 before next command
I (141322) CMD_U0: waiting for pending UART response ch=8 before next command
I (141347) CMD_U0: waiting for pending UART response ch=8 before next command
I (141368) CMD_U0: waiting for pending UART response ch=8 before next command
I (141395) CMD_U0: waiting for pending UART response ch=8 before next command
I (141420) CMD_U0: waiting for pending UART response ch=8 before next command
I (141445) CMD_U0: waiting for pending UART response ch=8 before next command
I (141470) CMD_U0: waiting for pending UART response ch=8 before next command
(141495) CMD_U0: waiting for pending UART response ch=8 before next command
I (141520) CMD_U0: waiting for pending UART response ch=8 before next command
141545) CMD_U0: waiting for pending UART response ch=8 before next command
 (141570) CMD_U0: waiting for pending UART response ch=8 before next command
I (141591) CMD_U0: waiting for pending UART response ch=8 before next command
W (141615) RX_TASK: RX timeout slot1 type=1 reqID=0 (1001ms)
I (141617) CMD_U0: waiting for pending UART response ch=8 before next command
I (141642) CMD_U0: waiting for pending UART response ch=8 before next command
I (141654) CMD_U1: waiting for pending UART response ch=9 before next command
I (141667) CMD_U0: waiting for pending UART response ch=8 before next command
I (141693) CMD_U0: waiting for pending UART response ch=8 before next command
I (141719) CMD_U0: waiting for pending UART response ch=8 before next command
I (141744) CMD_U0: waiting for pending UART response ch=8 before next command
I (141770) CMD_U0: waiting for pending UART response ch=8 before next command
I (141795) CMD_U0: waiting for pending UART response ch=8 before next command
I (141820) CMD_U0: waiting for pending UART response ch=8 before next command
I (141845) CMD_U0: waiting for pending UART response ch=8 before next command
I (141870) CMD_U0: waiting for pending UART response ch=8 before next command
I (141895) CMD_U0: waiting for pending UART response ch=8 before next command
I (141921) CMD_U0: waiting for pending UART response ch=8 before next command
I (141946) CMD_U0: waiting for pending UART response ch=8 before next command
I (141972) CMD_U0: waiting for pending UART response ch=8 before next command
I (141998) CMD_U0: waiting for pending UART response ch=8 before next command
I (142024) CMD_U0: waiting for pending UART response ch=8 before next command
I (142049) CMD_U0: waiting for pending UART response ch=8 before next command
I (142075) CMD_U0: waiting for pending UART response ch=8 before next command
I (142100) CMD_U0: waiting for pending UART response ch=8 before next command
I (142125) CMD_U0: waiting for pending UART response ch=8 before next command
I (142151) CMD_U0: waiting for pending UART response ch=8 before next command
I (142176) CMD_U0: waiting for pending UART response ch=8 before next command
I (142202) CMD_U0: waiting for pending UART response ch=8 before next command
I (142227) CMD_U0: waiting for pending UART response ch=8 before next command
I (142252) CMD_U0: waiting for pending UART response ch=8 before next command
I (142277) CMD_U0: waiting for pending UART response ch=8 before next command
I (142302) CMD_U0: waiting for pending UART response ch=8 before next command
E (142326) MQTT: Publish failed
W (142326) TRANSPORT: No transport connected for broadcast
W (142326) MSG: Broadcast failed, falling back to MQTT
E (142327) MQTT: Publish failed
I (142328) CMD_U0: waiting for pending UART response ch=8 before next command
E (142351) MQTT: Publish failed
W (142351) TRANSPORT: No transport connected for broadcast
W (142351) MSG: Broadcast failed, falling back to MQTT
E (142352) MQTT: Publish failed
I (142353) CMD_U0: waiting for pending UART response ch=8 before next command
I (142377) RX_TASK: Stats: events=408 completions=418 report_drop=0 report_q_high=2
E (142377) MQTT: Publish failed
W (142377) TRANSPORT: No transport connected for broadcast
W (142378) MSG: Broadcast failed, falling back to MQTT
E (142378) MQTT: Publish failed
I (142379) CMD_U0: waiting for pending UART response ch=8 before next command
E (142403) MQTT: Publish failed
W (142403) TRANSPORT: No transport connected for broadcast
W (142404) MSG: Broadcast failed, falling back to MQTT
E (142404) MQTT: Publish failed
I (142405) CMD_U0: waiting for pending UART response ch=8 before next command
E (142425) MQTT: Publish failed
W (142425) TRANSPORT: No transport connected for broadcast
W (142425) MSG: Broadcast failed, falling back to MQTT
E (142426) MQTT: Publish failed
I (142430) CMD_U0: waiting for pending UART response ch=8 before next command
E (142450) MQTT: Publish failed
W (142450) TRANSPORT: No transport connected for broadcast
W (142450) MSG: Broadcast failed, falling back to MQTT
E (142451) MQTT: Publish failed
I (142451) CMD_U0: Stats: txn=409 err=0 (100%) no_ctx=0
I (142452) CMD_U0: waiting for pending UART response ch=8 before next command
E (142471) MQTT: Publish failed
W (142471) TRANSPORT: No transport connected for broadcast
W (142471) MSG: Broadcast failed, falling back to MQTT
E (142472) MQTT: Publish failed
I (142472) CMD_U0: waiting for pending UART response ch=8 before next command
I (142494) CMD_U0: waiting for pending UART response ch=8 before next command
I (142520) CMD_U0: waiting for pending UART response ch=8 before next command
I (142545) CMD_U0: waiting for pending UART response ch=8 before next command
I (142571) CMD_U0: waiting for pending UART response ch=8 before next command
E (142594) MQTT: Publish failed
W (142594) TRANSPORT: No transport connected for broadcast
W (142594) MSG: Broadcast failed, falling back to MQTT
E (142595) MQTT: Publish failed
I (142596) CMD_U0: waiting for pending UART response ch=8 before next command
E (142621) MQTT: Publish failed
W (142621) TRANSPORT: No transport connected for broadcast
W (142621) MSG: Broadcast failed, falling back to MQTT
E (142622) MQTT: Publish failed
I (142622) CMD_U0: waiting for pending UART response ch=8 before next command
W (142638) RX_TASK: RX timeout slot1 type=1 reqID=0 (1001ms)
E (142638) MQTT: Publish failed
W (142638) TRANSPORT: No transport connected for broadcast
W (142639) MSG: Broadcast failed, falling back to MQTT
E (142639) MQTT: Publish failed
E (142645) MQTT: Publish failed
W (142645) TRANSPORT: No transport connected for broadcast
W (142645) MSG: Broadcast failed, falling back to MQTT
E (142646) MQTT: Publish failed
I (142648) CMD_U0: waiting for pending UART response ch=8 before next command
I (142656) CMD_U1: waiting for pending UART response ch=9 before next command
E (142671) MQTT: Publish failed
W (142671) TRANSPORT: No transport connected for broadcast
W (142671) MSG: Broadcast failed, falling back to MQTT
E (142672) MQTT: Publish failed
I (142673) CMD_U0: waiting for pending UART response ch=8 before next command
E (142696) MQTT: Publish failed
W (142696) TRANSPORT: No transport connected for broadcast
W (142696) MSG: Broadcast failed, falling back to MQTT
E (142697) MQTT: Publish failed
I (142698) CMD_U0: waiting for pending UART response ch=8 before next command
E (142721) MQTT: Publish failed
W (142721) TRANSPORT: No transport connected for broadcast
W (142721) MSG: Broadcast failed, falling back to MQTT
E (142722) MQTT: Publish failed
I (142724) CMD_U0: waiting for pending UART response ch=8 before next command
E (142747) MQTT: Publish failed
W (142747) TRANSPORT: No transport connected for broadcast
W (142747) MSG: Broadcast failed, falling back to MQTT
E (142748) MQTT: Publish failed
I (142750) CMD_U0: waiting for pending UART response ch=8 before next command
E (142772) MQTT: Publish failed
W (142772) TRANSPORT: No transport connected for broadcast
W (142772) MSG: Broadcast failed, falling back to MQTT
E (142773) MQTT: Publish failed
I (142776) CMD_U0: waiting for pending UART response ch=8 before next command
E (142797) MQTT: Publish failed
W (142797) TRANSPORT: No transport connected for broadcast
W (142797) MSG: Broadcast failed, falling back to MQTT
E (142798) MQTT: Publish failed
I (142802) CMD_U0: waiting for pending UART response ch=8 before next command
E (142824) MQTT: Publish failed
W (142824) TRANSPORT: No transport connected for broadcast
W (142824) MSG: Broadcast failed, falling back to MQTT
E (142825) MQTT: Publish failed
I (142827) CMD_U0: waiting for pending UART response ch=8 before next command
E (142848) MQTT: Publish failed
W (142848) TRANSPORT: No transport connected for broadcast
W (142848) MSG: Broadcast failed, falling back to MQTT
E (142849) MQTT: Publish failed
I (142853) CMD_U0: waiting for pending UART response ch=8 before next command
E (142873) MQTT: Publish failed
W (142873) TRANSPORT: No transport connected for broadcast
W (142873) MSG: Broadcast failed, falling back to MQTT
E (142874) MQTT: I (142874) CMD_U0: waiting for pending UART response ch=8 before next command
Publish failed
E (142893) MQTT: Publish failed
W (142893) TRANSPORT: No transport connected for broadcast
W (142893) MSG: Broadcast failed, falling back to MQTT
E (142894) MQTT: I (142894) CMD_U0: waiting for pending UART response ch=8 before next command
Publish failed
E (142914) MQTT: Publish failed
W (142914) TRANSPORT: No transport connected for broadcast
W (142914) MSG: Broadcast failed, falling back to MQTT
E (142915) MQTT: Publish failed
I (142919) CMD_U0: waiting for pending UART response ch=8 before next command
E (142923) MQTT: Publish failed
W (142923) TRANSPORT: No transport connected for broadcast
W (142924) MSG: Broadcast failed, falling back to MQTT
E (142924) MQTT: Publish failed
E (142939) MQTT: Publish failed
W (142939) TRANSPORT: No transport connected for broadcast
W (142939) MSG: Broadcast failed, falling back to MQTT
E (142940) MQTT: Publish failed
I (142944) CMD_U0: waiting for pending UART response ch=8 before next command
E (142964) MQTT: Publish failed
W (142964) TRANSPORT: No transport connected for broadcast
W (142964) MSG: Broadcast failed, falling back to MQTT
E (142965) MQTT: Publish failed
I (142965) CMD_U0: waiting for pending UART response ch=8 before next command
E (142985) MQTT: Publish failed
W (142985) TRANSPORT: No transport connected for broadcast
W (142985) MSG: Broadcast failed, falling back to MQTT
E (142986) MQTT: Publish failedI (142986) CMD_U0: 
waiting for pending UART response ch=8 before next command
E (143010) MQTT: Publish failed
W (143010) TRANSPORT: No transport connected for broadcast
W (143010) MSG: Broadcast failed, falling back to MQTT
E (143011) MQTT: I (143011) CMD_U0: waiting for pending UART response ch=8 before next command
Publish failed
E (143030) MQTT: Publish failed
W (143030) TRANSPORT: No transport connected for broadcast
W (143030) MSG: Broadcast failed, falling back to MQTT
E (143031) MQTT: Publish failed
I (143031) CMD_U0: waiting for pending UART response ch=8 before next command
E (143052) MQTT: Publish failed
W (143052) TRANSPORT: No transport connected for broadcast
W (143053) MSG: Broadcast failed, falling back to MQTT
E (143053) MQTT: Publish failed
I (143057) CMD_U0: waiting for pending UART response ch=8 before next command
E (143081) MQTT: Publish failed
W (143081) TRANSPORT: No transport connected for broadcast
W (143081) MSG: Broadcast failed, falling back to MQTT
E (143082) MQTT: Publish failed
I (143082) CMD_U0: waiting for pending UART response ch=8 before next command
E (143106) MQTT: Publish failed
W (143106) TRANSPORT: No transport connected for broadcast
W (143106) MSG: Broadcast failed, falling back to MQTT
E (143107) MQTT: Publish failed
I (143108) CMD_U0: waiting for pending UART response ch=8 before next command
E (143131) MQTT: Publish failed
W (143131) TRANSPORT: No transport connected for broadcast
W (143131) MSG: Broadcast failed, falling back to MQTT
E (143132) MQTT: Publish failed
I (143133) CMD_U0: waiting for pending UART response ch=8 before next command
E (143157) MQTT: Publish failed
W (143157) TRANSPORT: No transport connected for broadcast
W (143157) MSG: Broadcast failed, falling back to MQTT
E (143158) MQTT: Publish failed
I (143159) CMD_U0: waiting for pending UART response ch=8 before next command
E (143182) MQTT: Publish failed
W (143182) TRANSPORT: No transport connected for broadcast
W (143182) MSG: Broadcast failed, falling back to MQTT
E (143183) MQTT: Publish failed
I (143185) CMD_U0: waiting for pending UART response ch=8 before next command
E (143207) MQTT: Publish failed
W (143207) TRANSPORT: No transport connected for broadcast
W (143207) MSG: Broadcast failed, falling back to MQTT
E (143208) MQTT: Publish failed
I (143211) CMD_U0: waiting for pending UART response ch=8 before next command
E (143234) MQTT: Publish failed
W (143234) TRANSPORT: No transport connected for broadcast
W (143234) MSG: Broadcast failed, falling back to MQTT
E (143235) MQTT: Publish failed
I (143236) CMD_U0: waiting for pending UART response ch=8 before next command
E (143258) MQTT: Publish failed
W (143258) TRANSPORT: No transport connected for broadcast
W (143258) MSG: Broadcast failed, falling back to MQTT
E (143259) MQTT: Publish failed
I (143262) CMD_U0: waiting for pending UART response ch=8 before next command
E (143283) MQTT: Publish failed
W (143283) TRANSPORT: No transport connected for broadcast
W (143283) MSG: Broadcast failed, falling back to MQTT
E (143284) MQTT: Publish failed
I (143287) CMD_U0: waiting for pending UART response ch=8 before next command
E (143309) MQTT: Publish failed
W (143309) TRANSPORT: No transport connected for broadcast
W (143309) MSG: Broadcast failed, falling back to MQTT
E (143310) MQTT: Publish failed
I (143313) CMD_U0: waiting for pending UART response ch=8 before next command
E (143334) MQTT: Publish failed
W (143334) TRANSPORT: No transport connected for broadcast
W (143334) MSG: Broadcast failed, falling back to MQTT
E (143335) MQTT: Publish failed
I (143339) CMD_U0: waiting for pending UART response ch=8 before next command
E (143359) MQTT: Publish failed
W (143359) TRANSPORT: No transport connected for broadcast
W (143359) MSG: Broadcast failed, falling back to MQTT
E (143360) MQTT: Publish failed
I (143360) CMD_U0: waiting for pending UART response ch=8 before next command
E (143380) MQTT: Publish failed
W (143380) TRANSPORT: No transport connected for broadcast
W (143380) MSG: Broadcast failed, falling back to MQTT
E (143381) MQTT: Publish failed
I (143381) CMD_U0: waiting for pending UART response ch=8 before next command
E (143405) MQTT: Publish failed
W (143405) TRANSPORT: No transport connected for broadcast
W (143405) MSG: Broadcast failed, falling back to MQTT
E (143406) MQTT: Publish failed
I (143407) CMD_U0: waiting for pending UART response ch=8 before next command
E (143430) MQTT: Publish failed
W (143430) TRANSPORT: No transport connected for broadcast
W (143430) MSG: Broadcast failed, falling back to MQTT
E (143431) MQTT: Publish failed
I (143433) CMD_U0: waiting for pending UART response ch=8 before next command
E (143456) MQTT: Publish failed
W (143456) TRANSPORT: No transport connected for broadcast
W (143456) MSG: Broadcast failed, falling back to MQTT
E (143457) MQTT: Publish failed
I (143458) CMD_U0: waiting for pending UART response ch=8 before next command
E (143481) MQTT: Publish failed
W (143481) TRANSPORT: No transport connected for broadcast
W (143481) MSG: Broadcast failed, falling back to MQTT
E (143482) MQTT: Publish failed
I (143483) CMD_U0: waiting for pending UART response ch=8 before next command
E (143506) MQTT: Publish failed
W (143506) TRANSPORT: No transport connected for broadcast
W (143506) MSG: Broadcast failed, falling back to MQTT
E (143507) MQTT: Publish failed
I (143508) CMD_U0: waiting for pending UART response ch=8 before next command
E (143532) MQTT: Publish failed
W (143533) TRANSPORT: No transport connected for broadcast
W (143533) MSG: Broadcast failed, falling back to MQTT
E (143533) MQTT: Publish failed
I (143534) CMD_U0: waiting for pending UART response ch=8 before next command
I (143560) CMD_U0: waiting for pending UART response ch=8 before next command
E (143564) MQTT: Publish failed
W (143565) TRANSPORT: No transport connected for broadcast
W (143565) MSG: Broadcast failed, falling back to MQTT
E (143565) MQTT: Publish failed
I (143586) CMD_U0: waiting for pending UART response ch=8 before next command
I (143611) CMD_U0: waiting for pending UART response ch=8 before next command
I (143636) CMD_U0: waiting for pending UART response ch=8 before next command
W (143640) RX_TASK: RX timeout slot1 type=1 reqID=0 (1001ms)
I (143658) CMD_U1: waiting for pending UART response ch=9 before next command
I (143662) CMD_U0: waiting for pending UART response ch=8 before next command
(143687) CMD_U0: waiting for pending UART response ch=8 before next command
 (143713) CMD_U0: waiting for pending UART response ch=8 before next command
I (143738) CMD_U0: waiting for pending UART response ch=8 before next command
I (143763) CMD_U0: waiting for pending UART response ch=8 before next command
I (143789) CMD_U0: waiting for pending UART response ch=8 before next command
I (143814) CMD_U0: waiting for pending UART response ch=8 before next command
I (143839) CMD_U0: waiting for pending UART response ch=8 before next command
I (143865) CMD_U0: waiting for pending UART response ch=8 before next command
I (143890) CMD_U0: waiting for pending UART response ch=8 before next command
I (143915) CMD_U0: waiting for pending UART response ch=8 before next command
I (143941) CMD_U0: waiting for pending UART response ch=8 before next command
I (143966) CMD_U0: waiting for pending UART response ch=8 before next command
I (143992) CMD_U0: waiting for pending UART response ch=8 before next command
I (144018) CMD_U0: waiting for pending UART response ch=8 before next command
I (144043) CMD_U0: waiting for pending UART response ch=8 before next command
I (144068) CMD_U0: waiting for pending UART response ch=8 before next command
I (144094) CMD_U0: waiting for pending UART response ch=8 before next command
I (144119) CMD_U0: waiting for pending UART response ch=8 before next command
I (144144) CMD_U0: waiting for pending UART response ch=8 before next command
I (144170) CMD_U0: waiting for pending UART response ch=8 before next command
I (144195) CMD_U0: waiting for pending UART response ch=8 before next command
I (144221) CMD_U0: waiting for pending UART response ch=8 before next command
I (144246) CMD_U0: waiting for pending UART response ch=8 before next command
I (144272) CMD_U0: waiting for pending UART response ch=8 before next command
I (144293) CMD_U0: waiting for pending UART response ch=8 before next command
I (144314) CMD_U0: waiting for pending UART response ch=8 before next command
I (144340) CMD_U0: waiting for pending UART response ch=8 before next command
I (144365) CMD_U0: waiting for pending UART response ch=8 before next command
I (144390) CMD_U0: waiting for pending UART response ch=8 before next command
I (144416) CMD_U0: waiting for pending UART response ch=8 before next command
E (144439) MQTT: Publish failed
W (144439) TRANSPORT: No transport connected for broadcast
W (144439) MSG: Broadcast failed, falling back to MQTT
E (144440) MQTT: Publish failed
I (144442) CMD_U0: waiting for pending UART response ch=8 before next command
E (144465) MQTT: Publish failed
W (144465) TRANSPORT: No transport connected for broadcast
W (144465) MSG: Broadcast failed, falling back to MQTT
E (144466) MQTT: Publish failed
I (144468) CMD_U0: waiting for pending UART response ch=8 before next command
E (144490) MQTT: Publish failed
W (144490) TRANSPORT: No transport connected for broadcast
W (144490) MSG: Broadcast failed, falling back to MQTT
E (144491) MQTT: Publish failed
I (144494) CMD_U0: waiting for pending UART response ch=8 before next command
E (144515) MQTT: Publish failed
W (144515) TRANSPORT: No transport connected for broadcast
W (144515) MSG: Broadcast failed, falling back to MQTT
E (144516) MQTT: Publish failed
I (144520) CMD_U0: waiting for pending UART response ch=8 before next command
E (144541) MQTT: Publish failed
W (144541) TRANSPORT: No transport connected for broadcast
W (144541) MSG: Broadcast failed, falling back to MQTT
E (144542) MQTT: Publish failed
I (144545) CMD_U0: waiting for pending UART response ch=8 before next command
E (144564) MQTT: Publish failed
W (144564) TRANSPORT: No transport connected for broadcast
W (144564) MSG: Broadcast failed, falling back to MQTT
E (144564) MQTT: Publish failed
E (144566) MQTT: Publish failed
W (144566) TRANSPORT: No transport connected for broadcast
W (144566) MSG: Broadcast failed, falling back to MQTT
E (144567) MQTT: Publish failed
I (144571) CMD_U0: waiting for pending UART response ch=8 before next command
E (144592) MQTT: Publish failed
W (144592) TRANSPORT: No transport connected for broadcast
W (144592) MSG: Broadcast failed, falling back to MQTT
E (144593) MQTT: Publish failed
I (144597) CMD_U0: waiting for pending UART response ch=8 before next command
E (144618) MQTT: Publish failed
W (144618) TRANSPORT: No transport connected for broadcast
I (144618) CMD_U0: waiting for pending UART response ch=8 before next command
W (144618) MSG: Broadcast failed, falling back to MQTT
E (144619) MQTT: Publish failed
E (144639) MQTT: Publish failed
W (144639) TRANSPORT: No transport connected for broadcast
W (144639) MSG: Broadcast failed, falling back to MQTT
E (144640) MQTT: Publish failed
W (144642) RX_TASK: RX timeout slot1 type=1 reqID=0 (1001ms)
E (144642) MQTT: Publish failed
W (144642) TRANSPORT: No transport connected for broadcast
W (144643) MSG: Broadcast failed, falling back to MQTT
E (144643) MQTT: Publish failed
I (144644) CMD_U0: waiting for pending UART response ch=8 before next command
E (144664) MQTT: Publish failed
W (144664) TRANSPORT: No transport connected for broadcast
W (144664) MSG: Broadcast failed, falling back to MQTT
E (144665) MQTT: Publish failed
I (144669) CMD_U0: waiting for pending UART response ch=8 before next command
I (144681) CMD_U1: Stats: txn=10 err=0 (100%) no_ctx=0
I (144681) CMD_U1: waiting for pending UART response ch=9 before next command
E (144690) MQTT: Publish failed
W (144690) TRANSPORT: No transport connected for broadcast
W (144690) MSG: Broadcast failed, falling back to MQTT
E (144691) MQTT: Publish failed
I (144694) CMD_U0: waiting for pending UART response ch=8 before next command
E (144715) MQTT: Publish failed
W (144715) TRANSPORT: No transport connected for broadcast
W (144715) MSG: Broadcast failed, falling back to MQTT
E (144716) MQTT: Publish failed
I (144720) CMD_U0: waiting for pending UART response ch=8 before next command
E (144741) MQTT: Publish failed
W (144741) TRANSPORT: No transport connected for broadcast
I (144741) CMD_U0: waiting for pending UART response ch=8 before next command
W (144742) MSG: Broadcast failed, falling back to MQTT
E (144742) MQTT: Publish failed
E (144762) MQTT: Publish failed
W (144762) TRANSPORT: No transport connected for broadcast
I (144763) CMD_U0: waiting for pending UART response ch=8 before next command
W (144763) MSG: Broadcast failed, falling back to MQTT
E (144763) MQTT: Publish failed
E (144782) MQTT: Publish failed
W (144782) TRANSPORT: No transport connected for broadcast
W (144782) MSG: Broadcast failed, falling back to MQTT
E (144783) MQTT: I (144783) CMD_U0: waiting for pending UART response ch=8 before next command
Publish failed
E (144802) MQTT: Publish failed
W (144802) TRANSPORT: No transport connected for broadcast
W (144802) MSG: Broadcast failed, falling back to MQTT
I (144803) CMD_U0: waiting for pending UART response ch=8 before next command
E (144803) MQTT: Publish failed
E (144823) MQTT: Publish failed
W (144823) TRANSPORT: No transport connected for broadcast
W (144823) MSG: Broadcast failed, falling back to MQTT
E (144824) MQTT: Publish failed
I (144828) CMD_U0: waiting for pending UART response ch=8 before next command
E (144848) MQTT: Publish failed
W (144848) TRANSPORT: No transport connected for broadcast
W (144848) MSG: Broadcast failed, falling back to MQTT
E (144849) MQTT: Publish failed
I (144853) CMD_U0: waiting for pending UART response ch=8 before next command
E (144873) MQTT: Publish failed
W (144873) TRANSPORT: No transport connected for broadcast
W (144873) MSG: Broadcast failed, falling back to MQTT
E (144874) MQTT: Publish failed
I (144878) CMD_U0: waiting for pending UART response ch=8 before next command
E (144899) MQTT: Publish failed
W (144899) TRANSPORT: No transport connected for broadcast
W (144900) MSG: Broadcast failed, falling back to MQTT
E (144900) MQTT: Publish failed
I (144904) CMD_U0: waiting for pending UART response ch=8 before next command
I (144925) CMD_U0: waiting for pending UART response ch=8 before next command
E (144929) MQTT: Publish failed
W (144929) TRANSPORT: No transport connected for broadcast
W (144930) MSG: Broadcast failed, falling back to MQTT
E (144930) MQTT: Publish failed
I (144947) CMD_U0: waiting for pending UART response ch=8 before next command
I (144972) CMD_U0: waiting for pending UART response ch=8 before next command
I (144998) CMD_U0: waiting for pending UART response ch=8 before next command
I (145024) CMD_U0: waiting for pending UART response ch=8 before next command
I (145050) CMD_U0: waiting for pending UART response ch=8 before next command
I (145076) CMD_U0: waiting for pending UART response ch=8 before next command
I (145101) CMD_U0: waiting for pending UART response ch=8 before next command
I (145126) CMD_U0: waiting for pending UART response ch=8 before next command
I (145152) CMD_U0: waiting for pending UART response ch=8 before next command
I (145178) CMD_U0: waiting for pending UART response ch=8 before next command
I (145203) CMD_U0: waiting for pending UART response ch=8 before next command
I (145228) CMD_U0: waiting for pending UART response ch=8 before next command
I (145253) CMD_U0: waiting for pending UART response ch=8 before next command
I (145278) CMD_U0: waiting for pending UART response ch=8 before next command
I (145304) CMD_U0: waiting for pending UART response ch=8 before next command
I (145329) CMD_U0: waiting for pending UART response ch=8 before next command
I (145350) CMD_U0: waiting for pending UART response ch=8 before next command
I (145372) CMD_U0: waiting for pending UART response ch=8 before next command
I (145392) CMD_U0: waiting for pending UART response ch=8 before next command
I (145412) CMD_U0: waiting for pending UART response ch=8 before next command
I (145432) CMD_U0: waiting for pending UART response ch=8 before next command
I (145453) CMD_U0: waiting for pending UART response ch=8 before next command
I (145479) CMD_U0: waiting for pending UART response ch=8 before next command
I (145499) CMD_U0: waiting for pending UART response ch=8 before next command
I (145525) CMD_U0: waiting for pending UART response ch=8 before next command
I (145550) CMD_U0: waiting for pending UART response ch=8 before next command
I (145575) CMD_U0: waiting for pending UART response ch=8 before next command
I (145600) CMD_U0: waiting for pending UART response ch=8 before next command
I (145626) CMD_U0: waiting for pending UART response ch=8 before next command
I (145647) CMD_U0: waiting for pending UART response ch=8 before next command
W (145665) RX_TASK: RX timeout slot1 type=1 reqID=0 (1001ms)
I (145667) CMD_U0: waiting for pending UART response ch=8 before next command
I (145688) CMD_U0: waiting for pending UART response ch=8 before next command
I (145704) CMD_U1: waiting for pending UART response ch=9 before next command
I (145713) CMD_U0: waiting for pending UART response ch=8 before next command
I (145734) CMD_U0: waiting for pending UART response ch=8 before next command
I (145755) CMD_U0: waiting for pending UART response ch=8 before next command
I (145775) CMD_U0: waiting for pending UART response ch=8 before next command
I (145800) CMD_U0: waiting for pending UART response ch=8 before next command
I (145826) CMD_U0: waiting for pending UART response ch=8 before next command
I (145852) CMD_U0: waiting for pending UART response ch=8 before next command
I (145877) CMD_U0: waiting for pending UART response ch=8 before next command
I (145903) CMD_U0: waiting for pending UART response ch=8 before next command
I (145929) CMD_U0: waiting for pending UART response ch=8 before next command
I (145954) CMD_U0: waiting for pending UART response ch=8 before next command
 (145979) CMD_U0: waiting for pending UART response ch=8 before next command
I (146005) CMD_U0: waiting for pending UART response ch=8 before next command
 (146031) CMD_U0: waiting for pending UART response ch=8 before next command
MD_U0: waiting for pending UART response ch=8 before next command
(146082) CMD_U0: waiting for pending UART response ch=8 before next command
I (146107) CMD_U0: waiting for pending UART response ch=8 before next command
I (146133) CMD_U0: waiting for pending UART response ch=8 before next command
I (146159) CMD_U0: waiting for pending UART response ch=8 before next command
I (146185) CMD_U0: waiting for pending UART response ch=8 before next command
I (146211) CMD_U0: waiting for pending UART response ch=8 before next command
I (146236) CMD_U0: waiting for pending UART response ch=8 before next command
I (146257) CMD_U0: waiting for pending UART response ch=8 before next command
I (146278) CMD_U0: waiting for pending UART response ch=8 before next command
I (146303) CMD_U0: waiting for pending UART response ch=8 before next command
I (146323) CMD_U0: waiting for pending UART response ch=8 before next command
I (146348) CMD_U0: waiting for pending UART response ch=8 before next command
I (146369) CMD_U0: waiting for pending UART response ch=8 before next command
E (146389) MQTT: Publish failed
W (146389) TRANSPORT: No transport connected for broadcast
I (146389) CMD_U0: waiting for pending UART response ch=8 before next command
W (146390) MSG: Broadcast failed, falling back to MQTT
E (146390) MQTT: Publish failed
E (146409) MQTT: Publish failed
W (146409) TRANSPORT: No transport connected for broadcast
W (146409) MSG: Broadcast failed, falling back to MQTT
E (146410) MQTT: Publish failed
I (146410) CMD_U0: waiting for pending UART response ch=8 before next command
E (146429) MQTT: Publish failed
W (146429) TRANSPORT: No transport connected for broadcast
W (146429) MSG: Broadcast failed, falling back to MQTT
E (146430) MQTT: Publish failed
I (146431) CMD_U0: waiting for pending UART response ch=8 before next command
E (146455) MQTT: Publish failed
W (146455) TRANSPORT: No transport connected for broadcast
W (146455) MSG: Broadcast failed, falling back to MQTT
E (146456) MQTT: Publish failed
I (146457) CMD_U0: waiting for pending UART response ch=8 before next command
E (146480) MQTT: Publish failed
W (146480) TRANSPORT: No transport connected for broadcast
W (146480) MSG: Broadcast failed, falling back to MQTT
E (146481) MQTT: Publish failed
I (146482) CMD_U0: waiting for pending UART response ch=8 before next command
E (146505) MQTT: Publish failed
W (146505) TRANSPORT: No transport connected for broadcast
W (146505) MSG: Broadcast failed, falling back to MQTT
E (146506) MQTT: Publish failed
I (146508) CMD_U0: waiting for pending UART response ch=8 before next command
E (146531) MQTT: Publish failed
W (146531) TRANSPORT: No transport connected for broadcast
W (146531) MSG: Broadcast failed, falling back to MQTT
E (146532) MQTT: Publish failed
I (146534) CMD_U0: waiting for pending UART response ch=8 before next command
E (146556) MQTT: Publish failed
W (146556) TRANSPORT: No transport connected for broadcast
W (146556) MSG: Broadcast failed, falling back to MQTT
E (146557) MQTT: Publish failed
I (146559) CMD_U0: waiting for pending UART response ch=8 before next command
E (146564) MQTT: Publish failed
W (146564) TRANSPORT: No transport connected for broadcast
W (146564) MSG: Broadcast failed, falling back to MQTT
E (146564) MQTT: Publish failed
I (146585) CMD_U0: waiting for pending UART response ch=8 before next command
I (146611) CMD_U0: waiting for pending UART response ch=8 before next command
E (146632) MQTT: Publish failed
W (146632) TRANSPORT: No transport connected for broadcast
W (146632) MSG: Broadcast failed, falling back to MQTT
E (146633) MQTT: Publish failed
I (146636) CMD_U0: waiting for pending UART response ch=8 before next command
E (146657) MQTT: Publish failed
W (146657) TRANSPORT: No transport connected for broadcast
W (146657) MSG: Broadcast failed, falling back to MQTT
E (146658) MQTT: Publish failed
I (146662) CMD_U0: waiting for pending UART response ch=8 before next command
E (146683) MQTT: Publish failed
W (146683) TRANSPORT: No transport connected for broadcast
W (146683) MSG: Broadcast failed, falling back to MQTT
E (146684) MQTT: Publish failed
W (146688) RX_TASK: RX timeout slot1 type=1 reqID=0 (1001ms)
E (146688) MQTT: Publish failed
I (146689) CMD_U0: waiting for pending UART response ch=8 before next command
W (146689) TRANSPORT: No transport connected for broadcast
W (146690) MSG: Broadcast failed, falling back to MQTT
E (146690) MQTT: Publish failed
I (146706) CMD_U1: waiting for pending UART response ch=9 before next command
E (146713) MQTT: Publish failed
W (146713) TRANSPORT: No transport connected for broadcast
W (146713) MSG: Broadcast failed, falling back to MQTT
E (146714) MQTT: Publish failed
I (146714) CMD_U0: waiting for pending UART response ch=8 before next command
E (146733) MQTT: Publish failed
W (146733) TRANSPORT: No transport connected for broadcast
W (146733) MSG: Broadcast failed, falling back to MQTT
E (146734) MQTT: Publish failed
I (146735) CMD_U0: waiting for pending UART response ch=8 before next command
E (146759) MQTT: Publish failed
W (146759) TRANSPORT: No transport connected for broadcast
W (146759) MSG: Broadcast failed, falling back to MQTT
E (146760) MQTT: Publish failed
I (146760) CMD_U0: waiting for pending UART response ch=8 before next command
E (146784) MQTT: Publish failed
W (146784) TRANSPORT: No transport connected for broadcast
W (146784) MSG: Broadcast failed, falling back to MQTT
E (146785) MQTT: Publish failed
I (146786) CMD_U0: waiting for pending UART response ch=8 before next command
E (146809) MQTT: Publish failed
W (146809) TRANSPORT: No transport connected for broadcast
W (146809) MSG: Broadcast failed, falling back to MQTT
E (146810) MQTT: Publish failed
I (146812) CMD_U0: waiting for pending UART response ch=8 before next command
E (146835) MQTT: Publish failed
W (146835) TRANSPORT: No transport connected for broadcast
W (146835) MSG: Broadcast failed, falling back to MQTT
E (146836) MQTT: Publish failed
I (146838) CMD_U0: waiting for pending UART response ch=8 before next command
E (146860) MQTT: Publish failed
W (146860) TRANSPORT: No transport connected for broadcast
W (146860) MSG: Broadcast failed, falling back to MQTT
E (146861) MQTT: Publish failed
I (146863) CMD_U0: waiting for pending UART response ch=8 before next command
E (146885) MQTT: Publish failed
W (146885) TRANSPORT: No transport connected for broadcast
W (146885) MSG: Broadcast failed, falling back to MQTT
E (146886) MQTT: Publish failed
I (146889) CMD_U0: waiting for pending UART response ch=8 before next command
E (146910) MQTT: Publish failed
W (146910) TRANSPORT: No transport connected for broadcast
W (146910) MSG: Broadcast failed, falling back to MQTT
E (146911) MQTT: Publish failed
I (146914) CMD_U0: waiting for pending UART response ch=8 before next command
E (146935) MQTT: Publish failed
W (146935) TRANSPORT: No transport connected for broadcast
W (146935) MSG: Broadcast failed, falling back to MQTT
E (146936) MQTT: Publish failed
W (146936) TRANSPORT: No transport connected for broadcast
W (146936) MSG: Broadcast failed, falling back to MQTT
E (146936) MQTT: Publish failedE (146937) MQTT: Publish failed

I (146939) CMD_U0: waiting for pending UART response ch=8 before next command
E (146961) MQTT: Publish failed
W (146961) TRANSPORT: No transport connected for broadcast
W (146961) MSG: Broadcast failed, falling back to MQTT
E (146962) MQTT: Publish failed
I (146964) CMD_U0: waiting for pending UART response ch=8 before next command
E (146986) MQTT: Publish failed
W (146986) TRANSPORT: No transport connected for broadcast
W (146986) MSG: Broadcast failed, falling back to MQTT
E (146987) MQTT: Publish failed
I (146990) CMD_U0: waiting for pending UART response ch=8 before next command
E (147012) MQTT: Publish failed
W (147012) TRANSPORT: No transport connected for broadcast
W (147012) MSG: Broadcast failed, falling back to MQTT
E (147013) MQTT: Publish failed
I (147015) CMD_U0: waiting for pending UART response ch=8 before next command
E (147037) MQTT: Publish failed
W (147037) TRANSPORT: No transport connected for broadcast
W (147037) MSG: Broadcast failed, falling back to MQTT
E (147038) MQTT: Publish failed
I (147040) CMD_U0: waiting for pending UART response ch=8 before next command
E (147063) MQTT: Publish failed
W (147063) TRANSPORT: No transport connected for broadcast
W (147063) MSG: Broadcast failed, falling back to MQTT
E (147064) MQTT: Publish failed
I (147066) CMD_U0: waiting for pending UART response ch=8 before next command
E (147088) MQTT: Publish failed
W (147088) TRANSPORT: No transport connected for broadcast
W (147088) MSG: Broadcast failed, falling back to MQTT
E (147089) MQTT: Publish failed
I (147091) CMD_U0: waiting for pending UART response ch=8 before next command
E (147113) MQTT: Publish failed
W (147113) TRANSPORT: No transport connected for broadcast
W (147113) MSG: Broadcast failed, falling back to MQTT
E (147114) MQTT: Publish failed
I (147117) CMD_U0: waiting for pending UART response ch=8 before next command
E (147138) MQTT: Publish failed
W (147138) TRANSPORT: No transport connected for broadcast
W (147138) MSG: Broadcast failed, falling back to MQTT
E (147139) MQTT: Publish failed
I (147142) CMD_U0: waiting for pending UART response ch=8 before next command
E (147164) MQTT: Publish failed
W (147164) TRANSPORT: No transport connected for broadcast
W (147164) MSG: Broadcast failed, falling back to MQTT
E (147165) MQTT: Publish failed
I (147167) CMD_U0: waiting for pending UART response ch=8 before next command
E (147189) MQTT: Publish failed
W (147189) TRANSPORT: No transport connected for broadcast
W (147189) MSG: Broadcast failed, falling back to MQTT
E (147190) MQTT: Publish failed
I (147193) CMD_U0: waiting for pending UART response ch=8 before next command
E (147214) MQTT: Publish failed
W (147214) TRANSPORT: No transport connected for broadcast
W (147214) MSG: Broadcast failed, falling back to MQTT
E (147215) MQTT: Publish failed
I (147219) CMD_U0: waiting for pending UART response ch=8 before next command
E (147240) MQTT: Publish failed
W (147240) TRANSPORT: No transport connected for broadcast
W (147240) MSG: Broadcast failed, falling back to MQTT
E (147241) MQTT: Publish failed
I (147244) CMD_U0: waiting for pending UART response ch=8 before next command
E (147265) MQTT: Publish failed
W (147265) TRANSPORT: No transport connected for broadcast
W (147265) MSG: Broadcast failed, falling back to MQTT
E (147266) MQTT: Publish failed
I (147269) CMD_U0: waiting for pending UART response ch=8 before next command
E (147290) MQTT: Publish failed
W (147290) TRANSPORT: No transport connected for broadcast
W (147290) MSG: Broadcast failed, falling back to MQTT
E (147291) MQTT: Publish failed
I (147294) CMD_U0: waiting for pending UART response ch=8 before next command
E (147316) MQTT: Publish failed
W (147316) TRANSPORT: No transport connected for broadcast
W (147316) MSG: Broadcast failed, falling back to MQTT
E (147317) MQTT: Publish failed
I (147319) CMD_U0: waiting for pending UART response ch=8 before next command
E (147341) MQTT: Publish failed
W (147341) TRANSPORT: No transport connected for broadcast
W (147341) MSG: Broadcast failed, falling back to MQTT
E (147342) MQTT: Publish failed
I (147344) CMD_U0: waiting for pending UART response ch=8 before next command
E (147366) MQTT: Publish failed
W (147366) TRANSPORT: No transport connected for broadcast
W (147366) MSG: Broadcast failed, falling back to MQTT
E (147367) MQTT: Publish failed
I (147370) CMD_U0: waiting for pending UART response ch=8 before next command
E (147392) MQTT: Publish failed
W (147392) TRANSPORT: No transport connected for broadcast
W (147392) MSG: Broadcast failed, falling back to MQTT
E (147393) MQTT: Publish failed
I (147396) CMD_U0: waiting for pending UART response ch=8 before next command
E (147417) MQTT: Publish failed
W (147417) TRANSPORT: No transport connected for broadcast
W (147417) MSG: Broadcast failed, falling back to MQTT
E (147418) MQTT: Publish failed
I (147422) CMD_U0: waiting for pending UART response ch=8 before next command
E (147442) MQTT: Publish failed
W (147442) TRANSPORT: No transport connected for broadcast
W (147442) MSG: Broadcast failed, falling back to MQTT
E (147443) MQTT: Publish failed
I (147447) CMD_U0: waiting for pending UART response ch=8 before next command
E (147468) MQTT: Publish failed
W (147468) TRANSPORT: No transport connected for broadcast
W (147468) MSG: Broadcast failed, falling back to MQTT
E (147469) MQTT: Publish failed
I (147473) CMD_U0: waiting for pending UART response ch=8 before next command
E (147493) MQTT: Publish failed
W (147493) TRANSPORT: No transport connected for broadcast
W (147493) MSG: Broadcast failed, falling back to MQTT
E (147494) MQTT: Publish failed
I (147498) CMD_U0: waiting for pending UART response ch=8 before next command
E (147518) MQTT: Publish failed
W (147518) TRANSPORT: No transport connected for broadcast
W (147518) MSG: Broadcast failed, falling back to MQTT
E (147519) MQTT: Publish failed
I (147519) CMD_U0: waiting for pending UART response ch=8 before next command
E (147539) MQTT: Publish failed
W (147539) TRANSPORT: No transport connected for broadcast
W (147539) MSG: Broadcast failed, falling back to MQTT
I (147540) CMD_U0: waiting for pending UART response ch=8 before next command
E (147540) MQTT: Publish failed
E (147564) MQTT: Publish failed
E (147564) MQTT: Publish failedW (147564) TRANSPORT: No transport connected for broadcast
I (147565) CMD_U0: waiting for pending UART response ch=8 before next command

W (147565) MSG: Broadcast failed, falling back to MQTT
W (147565) TRANSPORT: E (147566) MQTT: Publish failed
No transport connected for broadcast
W (147566) MSG: Broadcast failed, falling back to MQTT
E (147566) MQTT: Publish failed
E (147584) MQTT: Publish failed
I (147585) CMD_U0: waiting for pending UART response ch=8 before next command
W (147584) TRANSPORT: No transport connected for broadcast
W (147585) MSG: Broadcast failed, falling back to MQTT
E (147586) MQTT: Publish failed
I (147610) CMD_U0: waiting for pending UART response ch=8 before next command
I (147631) CMD_U0: waiting for pending UART response ch=8 before next command
I (147652) CMD_U0: waiting for pending UART response ch=8 before next command
I (147672) CMD_U0: waiting for pending UART response ch=8 before next command
W (147690) RX_TASK: RX timeout slot1 type=1 reqID=0 (1001ms)
I (147697) CMD_U0: waiting for pending UART response ch=8 before next command
I (147718) CMD_U0: waiting for pending UART response ch=8 before next command
I (147729) CMD_U1: waiting for pending UART response ch=9 before next command
I (147744) CMD_U0: waiting for pending UART response ch=8 before next command
I (147770) CMD_U0: waiting for pending UART response ch=8 before next command
I (147795) CMD_U0: waiting for pending UART response ch=8 before next command
I (147820) CMD_U0: waiting for pending UART response ch=8 before next command
I (147846) CMD_U0: waiting for pending UART response ch=8 before next command
I (147872) CMD_U0: waiting for pending UART response ch=8 before next command
I (147897) CMD_U0: waiting for pending UART response ch=8 before next command
I (147923) CMD_U0: waiting for pending UART response ch=8 before next command
I (147949) CMD_U0: waiting for pending UART response ch=8 before next command
I (147975) CMD_U0: waiting for pending UART response ch=8 before next command
I (148000) CMD_U0: waiting for pending UART response ch=8 before next command
I (148025) CMD_U0: waiting for pending UART response ch=8 before next command
I (148050) CMD_U0: waiting for pending UART response ch=8 before next command
I (148076) CMD_U0: waiting for pending UART response ch=8 before next command
 CMD_U0: waiting for pending UART response ch=8 before next command
MD_U0: waiting for pending UART response ch=8 before next command
I (148153) CMD_U0: waiting for pending UART response ch=8 before next command
I (148178) CMD_U0: waiting for pending UART response ch=8 before next command
I (148203) CMD_U0: waiting for pending UART response ch=8 before next command
I (148228) CMD_U0: waiting for pending UART response ch=8 before next command
I (148253) CMD_U0: waiting for pending UART response ch=8 before next command
I (148278) CMD_U0: waiting for pending UART response ch=8 before next command
I (148305) CMD_U0: waiting for pending UART response ch=8 before next command
I (148330) CMD_U0: waiting for pending UART response ch=8 before next command
I (148356) CMD_U0: waiting for pending UART response ch=8 before next command
I (148382) CMD_U0: waiting for pending UART response ch=8 before next command
I (148407) CMD_U0: waiting for pending UART response ch=8 before next command
I (148433) CMD_U0: waiting for pending UART response ch=8 before next command
I (148458) CMD_U0: waiting for pending UART response ch=8 before next command
I (148484) CMD_U0: waiting for pending UART response ch=8 before next command
I (148510) CMD_U0: waiting for pending UART response ch=8 before next command
I (148536) CMD_U0: waiting for pending UART response ch=8 before next command
I (148561) CMD_U0: waiting for pending UART response ch=8 before next command
I (148581) CMD_U0: waiting for pending UART response ch=8 before next command
I (148606) CMD_U0: waiting for pending UART response ch=8 before next command
I (148632) CMD_U0: waiting for pending UART response ch=8 before next command
I (148658) CMD_U0: waiting for pending UART response ch=8 before next command
I (148683) CMD_U0: waiting for pending UART response ch=8 before next command
I (148708) CMD_U0: waiting for pending UART response ch=8 before next command
W (148713) RX_TASK: RX timeout slot1 type=1 reqID=0 (1001ms)
I (148731) CMD_U1: waiting for pending UART response ch=9 before next command
I (148734) CMD_U0: waiting for pending UART response ch=8 before next command
I (148759) CMD_U0: waiting for pending UART response ch=8 before next command
I (148784) CMD_U0: waiting for pending UART response ch=8 before next command
I (148809) CMD_U0: waiting for pending UART response ch=8 before next command
I (148834) CMD_U0: waiting for pending UART response ch=8 before next command
I (148859) CMD_U0: waiting for pending UART response ch=8 before next command
I (148880) CMD_U0: waiting for pending UART response ch=8 before next command
I (148901) CMD_U0: waiting for pending UART response ch=8 before next command
I (148927) CMD_U0: waiting for pending UART response ch=8 before next command
I (148953) CMD_U0: waiting for pending UART response ch=8 before next command
I (148978) CMD_U0: waiting for pending UART response ch=8 before next command
I (148999) CMD_U0: waiting for pending UART response ch=8 before next command
I (149024) CMD_U0: waiting for pending UART response ch=8 before next command
I (149049) CMD_U0: waiting for pending UART response ch=8 before next command
I (149074) CMD_U0: waiting for pending UART response ch=8 before next command
E (149095) MQTT: Publish failed
W (149095) TRANSPORT: No transport connected for broadcast
W (149095) MSG: Broadcast failed, falling back to MQTT
E (149096) MQTT: Publish failed
I (149099) CMD_U0: waiting for pending UART response ch=8 before next command
E (149120) MQTT: Publish failed
W (149120) TRANSPORT: No transport connected for broadcast
W (149120) MSG: Broadcast failed, falling back to MQTT
E (149121) MQTT: Publish failed
I (149125) CMD_U0: waiting for pending UART response ch=8 before next command
E (149147) MQTT: Publish failed
W (149147) TRANSPORT: No transport connected for broadcast
W (149147) MSG: Broadcast failed, falling back to MQTT
E (149148) MQTT: Publish failed
I (149150) CMD_U0: waiting for pending UART response ch=8 before next command
E (149173) MQTT: Publish failed
W (149173) TRANSPORT: No transport connected for broadcast
W (149173) MSG: Broadcast failed, falling back to MQTT
E (149174) MQTT: Publish failed
I (149176) CMD_U0: waiting for pending UART response ch=8 before next command
E (149198) MQTT: Publish failed
W (149198) TRANSPORT: No transport connected for broadcast
W (149198) MSG: Broadcast failed, falling back to MQTT
E (149199) MQTT: Publish failed
I (149202) CMD_U0: waiting for pending UART response ch=8 before next command
E (149224) MQTT: Publish failed
W (149224) TRANSPORT: No transport connected for broadcast
W (149224) MSG: Broadcast failed, falling back to MQTT
E (149225) MQTT: Publish failed
I (149228) CMD_U0: waiting for pending UART response ch=8 before next command
E (149250) MQTT: Publish failed
W (149250) TRANSPORT: No transport connected for broadcast
W (149250) MSG: Broadcast failed, falling back to MQTT
E (149251) MQTT: Publish failed
I (149254) CMD_U0: waiting for pending UART response ch=8 before next command
I (149279) CMD_U0: waiting for pending UART response ch=8 before next command
I (149304) CMD_U0: waiting for pending UART response ch=8 before next command
I (149330) CMD_U0: waiting for pending UART response ch=8 before next command
I (149355) CMD_U0: waiting for pending UART response ch=8 before next command
I (149380) CMD_U0: waiting for pending UART response ch=8 before next command
I (149405) CMD_U0: waiting for pending UART response ch=8 before next command
I (149430) CMD_U0: waiting for pending UART response ch=8 before next command
I (149455) CMD_U0: waiting for pending UART response ch=8 before next command
I (149485) CMD_U0: waiting for pending UART response ch=8 before next command
I (149505) CMD_U0: waiting for pending UART response ch=8 before next command
I (149526) CMD_U0: waiting for pending UART response ch=8 before next command
I (149552) CMD_U0: waiting for pending UART response ch=8 before next command
I (149577) CMD_U0: waiting for pending UART response ch=8 before next command
E (149601) MQTT: Publish failed
W (149601) TRANSPORT: No transport connected for broadcast
W (149601) MSG: Broadcast failed, falling back to MQTT
E (149602) MQTT: Publish failed
I (149602) CMD_U0: waiting for pending UART response ch=8 before next command
E (149626) MQTT: Publish failed
W (149626) TRANSPORT: No transport connected for broadcast
W (149626) MSG: Broadcast failed, falling back to MQTT
E (149627) MQTT: Publish failed
I (149628) CMD_U0: waiting for pending UART response ch=8 before next command
E (149651) MQTT: Publish failed
W (149651) TRANSPORT: No transport connected for broadcast
W (149651) MSG: Broadcast failed, falling back to MQTT
E (149652) MQTT: Publish failed
I (149653) CMD_U0: waiting for pending UART response ch=8 before next command
E (149677) MQTT: Publish failed
W (149677) TRANSPORT: No transport connected for broadcast
W (149677) MSG: Broadcast failed, falling back to MQTT
E (149678) MQTT: Publish failed
I (149679) CMD_U0: waiting for pending UART response ch=8 before next command
E (149702) MQTT: Publish failed
W (149702) TRANSPORT: No transport connected for broadcast
W (149702) MSG: Broadcast failed, falling back to MQTT
E (149703) MQTT: Publish failed
I (149704) CMD_U0: waiting for pending UART response ch=8 before next command
W (149715) RX_TASK: RX timeout slot1 type=1 reqID=0 (1001ms)
E (149715) MQTT: Publish failed
W (149716) TRANSPORT: No transport connected for broadcast
W (149716) MSG: Broadcast failed, falling back to MQTT
E (149716) MQTT: Publish failed
E (149728) MQTT: Publish failed
W (149728) TRANSPORT: No transport connected for broadcast
W (149728) MSG: Broadcast failed, falling back to MQTT
E (149729) MQTT: Publish failed
I (149730) CMD_U0: waiting for pending UART response ch=8 before next command
I (149733) CMD_U1: waiting for pending UART response ch=9 before next command
E (149753) MQTT: Publish failed
W (149753) TRANSPORT: No transport connected for broadcast
W (149753) MSG: Broadcast failed, falling back to MQTT
E (149754) MQTT: Publish failed
I (149755) CMD_U0: waiting for pending UART response ch=8 before next command
E (149777) MQTT: Publish failed
W (149777) TRANSPORT: No transport connected for broadcast
W (149777) MSG: Broadcast failed, falling back to MQTT
E (149778) MQTT: Publish failed
I (149781) CMD_U0: waiting for pending UART response ch=8 before next command
E (149803) MQTT: Publish failed
W (149803) TRANSPORT: No transport connected for broadcast
W (149803) MSG: Broadcast failed, falling back to MQTT
E (149804) MQTT: Publish failed
I (149806) CMD_U0: waiting for pending UART response ch=8 before next command
E (149829) MQTT: Publish failed
W (149829) TRANSPORT: No transport connected for broadcast
W (149829) MSG: Broadcast failed, falling back to MQTT
E (149830) MQTT: Publish failed
I (149832) CMD_U0: waiting for pending UART response ch=8 before next command
E (149854) MQTT: Publish failed
W (149854) TRANSPORT: No transport connected for broadcast
W (149854) MSG: Broadcast failed, falling back to MQTT
E (149855) MQTT: Publish failed
I (149857) CMD_U0: waiting for pending UART response ch=8 before next command
E (149880) MQTT: Publish failed
W (149880) TRANSPORT: No transport connected for broadcast
W (149880) MSG: Broadcast failed, falling back to MQTT
E (149881) MQTT: Publish failed
I (149883) CMD_U0: waiting for pending UART response ch=8 before next command
E (149905) MQTT: Publish failed
W (149905) TRANSPORT: No transport connected for broadcast
W (149905) MSG: Broadcast failed, falling back to MQTT
E (149906) MQTT: Publish failed
I (149909) CMD_U0: waiting for pending UART response ch=8 before next command
E (149930) MQTT: Publish failed
W (149930) TRANSPORT: No transport connected for broadcast
W (149930) MSG: Broadcast failed, falling back to MQTT
E (149931) MQTT: Publish failed
I (149935) CMD_U0: waiting for pending UART response ch=8 before next command
E (149953) MQTT: Publish failed
W (149954) TRANSPORT: No transport connected for broadcast
W (149954) MSG: Broadcast failed, falling back to MQTT
E (149954) MQTT: Publish failed
E (149955) MQTT: Publish failed
W (149955) TRANSPORT: No transport connected for broadcast
W (149955) MSG: Broadcast failed, falling back to MQTT
E (149956) MQTT: Publish failed
I (149960) CMD_U0: waiting for pending UART response ch=8 before next command
E (149980) MQTT: Publish failed
W (149980) TRANSPORT: No transport connected for broadcast
W (149980) MSG: Broadcast failed, falling back to MQTT
E (149981) MQTT: Publish failed
I (149985) CMD_U0: waiting for pending UART response ch=8 before next command
E (150006) MQTT: Publish failed
W (150006) TRANSPORT: No transport connected for broadcast
W (150006) MSG: Broadcast failed, falling back to MQTT
E (150007) MQTT: Publish failed
I (150010) CMD_U0: waiting for pending UART response ch=8 before next command
E (150031) MQTT: Publish failed
W (150031) TRANSPORT: No transport connected for broadcast
W (150031) MSG: Broadcast failed, falling back to MQTT
E (150032) MQTT: Publish failed
I (150036) CMD_U0: waiting for pending UART response ch=8 before next command
E (150057) MQTT: Publish failed
W (150057) TRANSPORT: No transport connected for broadcast
W (150057) MSG: Broadcast failed, falling back to MQTT
E (150058) MQTT: Publish failed
I (150062) CMD_U0: waiting for pending UART response ch=8 before next command
E (150082) MQTT: Publish failed
W (150082) TRANSPORT: No transport connected for broadcast
W (150082) MSG: Broadcast failed, falling back to MQTT
E (150083) MQTT: Publish failed
I (150087) CMD_U0: waiting for pending UART response ch=8 before next command
E (150107) MQTT: Publish failed
W (150107) TRANSPORT: No transport connected for broadcast
W (150107) MSG: Broadcast failed, falling back to MQTT
E (150108) MQTT: Publish failed
I (150112) CMD_U0: waiting for pending UART response ch=8 before next command
E (150132) MQTT: Publish failed
W (150132) TRANSPORT: No transport connected for broadcast
W (150132) MSG: Broadcast failed, falling back to MQTT
I (150133) CMD_U0: waiting for pending UART response ch=8 before next command
E (150133) MQTT: Publish failed
E (150153) MQTT: Publish failed
W (150153) TRANSPORT: No transport connected for broadcast
I (150153) CMD_U0: waiting for pending UART response ch=8 before next command
W (150153) MSG: Broadcast failed, falling back to MQTT
E (150154) MQTT: Publish failed
E (150174) MQTT: Publish failed
W (150174) TRANSPORT: No transport connected for broadcast
W (150174) MSG: Broadcast failed, falling back to MQTT
E (150175) MQTT: Publish failed
I (150179) CMD_U0: waiting for pending UART response ch=8 before next command
E (150199) MQTT: Publish failed
W (150199) TRANSPORT: No transport connected for broadcast
W (150199) MSG: Broadcast failed, falling back to MQTT
E (150200) MQTT: Publish failed
I (150200) CMD_U0: waiting for pending UART response ch=8 before next command
E (150219) MQTT: Publish failed
W (150219) TRANSPORT: No transport connected for broadcast
W (150219) MSG: Broadcast failed, falling back to MQTT
E (150220) MQTT: Publish failed
I (150221) CMD_U0: waiting for pending UART response ch=8 before next command
E (150245) MQTT: Publish failed
W (150245) TRANSPORT: No transport connected for broadcast
W (150245) MSG: Broadcast failed, falling back to MQTT
E (150246) MQTT: I (150246) CMD_U0: waiting for pending UART response ch=8 before next command
Publish failed
E (150269) MQTT: Publish failed
W (150269) TRANSPORT: No transport connected for broadcast
W (150269) MSG: Broadcast failed, falling back to MQTT
E (150270) MQTT: Publish failed
I (150271) CMD_U0: waiting for pending UART response ch=8 before next command
E (150290) MQTT: Publish failed
W (150290) TRANSPORT: No transport connected for broadcast
W (150290) MSG: Broadcast failed, falling back to MQTT
E (150291) MQTT: Publish failed
I (150291) CMD_U0: waiting for pending UART response ch=8 before next command
E (150311) MQTT: Publish failed
W (150311) TRANSPORT: No transport connected for broadcast
W (150311) MSG: Broadcast failed, falling back to MQTT
E (150312) MQTT: Publish failed
I (150312) CMD_U0: waiting for pending UART response ch=8 before next command
E (150331) MQTT: Publish failed
W (150331) TRANSPORT: No transport connected for broadcast
W (150331) MSG: Broadcast failed, falling back to MQTT
E (150332) MQTT: Publish failed
I (150333) CMD_U0: waiting for pending UART response ch=8 before next command
E (150357) MQTT: Publish failed
W (150357) TRANSPORT: No transport connected for broadcast
W (150357) MSG: Broadcast failed, falling back to MQTT
E (150358) MQTT: Publish failed
I (150359) CMD_U0: waiting for pending UART response ch=8 before next command
E (150382) MQTT: Publish failed
W (150382) TRANSPORT: No transport connected for broadcast
W (150382) MSG: Broadcast failed, falling back to MQTT
E (150383) MQTT: Publish failed
I (150385) CMD_U0: waiting for pending UART response ch=8 before next command
I (150411) CMD_U0: waiting for pending UART response ch=8 before next command
I (150436) CMD_U0: waiting for pending UART response ch=8 before next command
I (150461) CMD_U0: waiting for pending UART response ch=8 before next command
I (150481) CMD_U0: waiting for pending UART response ch=8 before next command
I (150502) CMD_U0: waiting for pending UART response ch=8 before next command
I (150529) CMD_U0: waiting for pending UART response ch=8 before next command
I (150555) CMD_U0: waiting for pending UART response ch=8 before next command
I (150580) CMD_U0: waiting for pending UART response ch=8 before next command
I (150606) CMD_U0: waiting for pending UART response ch=8 before next command
I (150632) CMD_U0: waiting for pending UART response ch=8 before next command
I (150657) CMD_U0: waiting for pending UART response ch=8 before next command
I (150683) CMD_U0: waiting for pending UART response ch=8 before next command
I (150704) CMD_U0: waiting for pending UART response ch=8 before next command
W (150717) RX_TASK: RX timeout slot1 type=1 reqID=0 (1001ms)
I (150724) CMD_U0: waiting for pending UART response ch=8 before next command
I (150735) CMD_U1: waiting for pending UART response ch=9 before next command
I (150749) CMD_U0: waiting for pending UART response ch=8 before next command
I (150774) CMD_U0: waiting for pending UART response ch=8 before next command
I (150799) CMD_U0: waiting for pending UART response ch=8 before next command
I (150824) CMD_U0: waiting for pending UART response ch=8 before next command
I (150849) CMD_U0: waiting for pending UART response ch=8 before next command
I (150874) CMD_U0: waiting for pending UART response ch=8 before next command
I (150899) CMD_U0: waiting for pending UART response ch=8 before next command
I (150925) CMD_U0: waiting for pending UART response ch=8 before next command
I (150950) CMD_U0: waiting for pending UART response ch=8 before next command
I (150976) CMD_U0: waiting for pending UART response ch=8 before next command
I (150997) CMD_U0: waiting for pending UART response ch=8 before next command
I (151003) SCHEDULER: Stats: samples=416 full=591 min_free=2
I (151018) CMD_U0: waiting for pending UART response ch=8 before next command
I (151038) CMD_U0: waiting for pending UART response ch=8 before next command
I (151059) CMD_U0: waiting for pending UART response ch=8 before next command
I (151084) CMD_U0: waiting for pending UART response ch=8 before next command
I (151105) CMD_U0: waiting for pending UART response ch=8 before next command
I (151130) CMD_U0: waiting for pending UART response ch=8 before next command
I (151155) CMD_U0: waiting for pending UART response ch=8 before next command
I (151180) CMD_U0: waiting for pending UART response ch=8 before next command
E (151199) MQTT: Publish failed
W (151199) TRANSPORT: No transport connected for broadcast
W (151199) MSG: Broadcast failed, falling back to MQTT
E (151200) MQTT: Publish failedI (151200) CMD_U0: waiting for pending UART response ch=8 before next command

E (151221) MQTT: Publish failed
W (151221) TRANSPORT: No transport connected for broadcast
W (151221) MSG: Broadcast failed, falling back to MQTT
E (151222) MQTT: Publish failed
I (151225) CMD_U0: waiting for pending UART response ch=8 before next command
E (151244) MQTT: Publish failed
W (151244) TRANSPORT: No transport connected for broadcast
W (151244) MSG: Broadcast failed, falling back to MQTT
E (151245) MQTT: Publish failed
I (151246) CMD_U0: waiting for pending UART response ch=8 before next command
E (151265) MQTT: Publish failed
W (151265) TRANSPORT: No transport connected for broadcast
W (151265) MSG: Broadcast failed, falling back to MQTT
E (151266) MQTT: Publish failed
I (151267) CMD_U0: waiting for pending UART response ch=8 before next command
E (151291) MQTT: Publish failed
W (151291) TRANSPORT: No transport connected for broadcast
W (151291) MSG: Broadcast failed, falling back to MQTT
E (151292) MQTT: Publish failed
I (151293) CMD_U0: waiting for pending UART response ch=8 before next command
E (151315) MQTT: Publish failed
W (151315) TRANSPORT: No transport connected for broadcast
W (151315) MSG: Broadcast failed, falling back to MQTT
E (151316) MQTT: Publish failed
I (151318) CMD_U0: waiting for pending UART response ch=8 before next command
E (151341) MQTT: Publish failed
W (151341) TRANSPORT: No transport connected for broadcast
W (151341) MSG: Broadcast failed, falling back to MQTT
E (151342) MQTT: Publish failed
I (151343) CMD_U0: waiting for pending UART response ch=8 before next command
E (151366) MQTT: Publish failed
W (151366) TRANSPORT: No transport connected for broadcast
W (151366) MSG: Broadcast failed, falling back to MQTT
E (151367) MQTT: Publish failed
I (151368) CMD_U0: waiting for pending UART response ch=8 before next command
E (151391) MQTT: Publish failed
W (151391) TRANSPORT: No transport connected for broadcast
W (151391) MSG: Broadcast failed, falling back to MQTT
E (151392) MQTT: Publish failed
I (151393) CMD_U0: waiting for pending UART response ch=8 before next command
E (151412) MQTT: Publish failed
W (151412) TRANSPORT: No transport connected for broadcast
W (151413) MSG: Broadcast failed, falling back to MQTT
E (151413) MQTT: Publish failed
I (151414) CMD_U0: waiting for pending UART response ch=8 before next command
E (151438) MQTT: Publish failed
W (151438) TRANSPORT: No transport connected for broadcast
W (151438) MSG: Broadcast failed, falling back to MQTT
E (151439) MQTT: Publish failed
I (151440) CMD_U0: waiting for pending UART response ch=8 before next command
E (151462) MQTT: Publish failed
W (151462) TRANSPORT: No transport connected for broadcast
W (151462) MSG: Broadcast failed, falling back to MQTT
E (151463) MQTT: Publish failed
I (151465) CMD_U0: waiting for pending UART response ch=8 before next command
E (151488) MQTT: Publish failed
W (151488) TRANSPORT: No transport connected for broadcast
W (151488) MSG: Broadcast failed, falling back to MQTT
E (151489) MQTT: Publish failed
I (151491) CMD_U0: waiting for pending UART response ch=8 before next command
E (151513) MQTT: Publish failed
W (151513) TRANSPORT: No transport connected for broadcast
W (151513) MSG: Broadcast failed, falling back to MQTT
E (151514) MQTT: Publish failed
I (151517) CMD_U0: waiting for pending UART response ch=8 before next command
E (151539) MQTT: Publish failed
W (151539) TRANSPORT: No transport connected for broadcast
W (151539) MSG: Broadcast failed, falling back to MQTT
E (151540) MQTT: Publish failed
I (151543) CMD_U0: waiting for pending UART response ch=8 before next command
E (151564) MQTT: Publish failed
E (151564) MQTT: Publish failedW (151564) TRANSPORT: No transport connected for broadcast

W (151565) MSG: Broadcast failed, falling back to MQTT
W (151565) TRANSPORT: No transport connected for broadcast
E (151565) MQTT: Publish failed
W (151565) MSG: Broadcast failed, falling back to MQTT
E (151565) MQTT: Publish failed
I (151568) CMD_U0: waiting for pending UART response ch=8 before next command
E (151589) MQTT: Publish failed
W (151589) TRANSPORT: No transport connected for broadcast
W (151589) MSG: Broadcast failed, falling back to MQTT
E (151590) MQTT: Publish failed
I (151593) CMD_U0: waiting for pending UART response ch=8 before next command
E (151615) MQTT: Publish failed
W (151615) TRANSPORT: No transport connected for broadcast
W (151615) MSG: Broadcast failed, falling back to MQTT
E (151616) MQTT: Publish failed
I (151618) CMD_U0: waiting for pending UART response ch=8 before next command
E (151640) MQTT: Publish failed
W (151640) TRANSPORT: No transport connected for broadcast
W (151640) MSG: Broadcast failed, falling back to MQTT
E (151641) MQTT: Publish failed
I (151643) CMD_U0: waiting for pending UART response ch=8 before next command
E (151666) MQTT: Publish failed
W (151666) TRANSPORT: No transport connected for broadcast
W (151666) MSG: Broadcast failed, falling back to MQTT
E (151667) MQTT: Publish failed
I (151669) CMD_U0: waiting for pending UART response ch=8 before next command
E (151691) MQTT: Publish failed
W (151691) TRANSPORT: No transport connected for broadcast
W (151691) MSG: Broadcast failed, falling back to MQTT
E (151692) MQTT: Publish failed
I (151695) CMD_U0: waiting for pending UART response ch=8 before next command
E (151717) MQTT: Publish failed
W (151717) TRANSPORT: No transport connected for broadcast
W (151717) MSG: Broadcast failed, falling back to MQTT
E (151718) MQTT: Publish failed
W (151719) RX_TASK: RX timeout slot1 type=1 reqID=0 (1001ms)
E (151719) MQTT: Publish failed
W (151719) TRANSPORT: No transport connected for broadcast
W (151720) MSG: Broadcast failed, falling back to MQTT
E (151720) MQTT: Publish failed
I (151721) CMD_U0: waiting for pending UART response ch=8 before next command
I (151737) CMD_U1: waiting for pending UART response ch=9 before next command
E (151742) MQTT: Publish failed
W (151742) TRANSPORT: No transport connected for broadcast
W (151742) MSG: Broadcast failed, falling back to MQTT
E (151743) MQTT: Publish failed
I (151747) CMD_U0: waiting for pending UART response ch=8 before next command
E (151767) MQTT: Publish failed
W (151768) TRANSPORT: No transport connected for broadcast
W (151768) MSG: Broadcast failed, falling back to MQTT
I (151769) CMD_U0: waiting for pending UART response ch=8 before next command
E (151769) MQTT: Publish failed
I (151789) CMD_U0: waiting for pending UART response ch=8 before next command
I (151809) CMD_U0: waiting for pending UART response ch=8 before next command
I (151834) CMD_U0: waiting for pending UART response ch=8 before next command
I (151860) CMD_U0: waiting for pending UART response ch=8 before next command
I (151880) CMD_U0: waiting for pending UART response ch=8 before next command
I (151905) CMD_U0: waiting for pending UART response ch=8 before next command
I (151930) CMD_U0: waiting for pending UART response ch=8 before next command
I (151956) CMD_U0: waiting for pending UART response ch=8 before next command
E (151978) MQTT: Publish failed
W (151978) TRANSPORT: No transport connected for broadcast
W (151979) MSG: Broadcast failed, falling back to MQTT
E (151979) MQTT: Publish failed
I (151982) CMD_U0: waiting for pending UART response ch=8 before next command
E (152004) MQTT: Publish failed
W (152004) TRANSPORT: No transport connected for broadcast
W (152004) MSG: Broadcast failed, falling back to MQTT
E (152005) MQTT: Publish failed
I (152007) CMD_U0: waiting for pending UART response ch=8 before next command
E (152029) MQTT: Publish failed
W (152030) TRANSPORT: No transport connected for broadcast
W (152030) MSG: Broadcast failed, falling back to MQTT
E (152030) MQTT: Publish failed
I (152032) CMD_U0: waiting for pending UART response ch=8 before next command
E (152054) MQTT: Publish failed
W (152054) TRANSPORT: No transport connected for broadcast
W (152054) MSG: Broadcast failed, falling back to MQTT
E (152055) MQTT: Publish failed
I (152057) CMD_U0: waiting for pending UART response ch=8 before next command
E (152079) MQTT: Publish failed
W (152079) TRANSPORT: No transport connected for broadcast
W (152079) MSG: Broadcast failed, falling back to MQTT
E (152080) MQTT: Publish failed
I (152082) CMD_U0: waiting for pending UART response ch=8 before next command
E (152105) MQTT: Publish failed
W (152105) TRANSPORT: No transport connected for broadcast
W (152105) MSG: Broadcast failed, falling back to MQTT
E (152106) MQTT: Publish failed
I (152108) CMD_U0: waiting for pending UART response ch=8 before next command
E (152130) MQTT: Publish failed
W (152130) TRANSPORT: No transport connected for broadcast
W (152130) MSG: Broadcast failed, falling back to MQTT
E (152131) MQTT: Publish failed
I (152134) CMD_U0: waiting for pending UART response ch=8 before next command
E (152155) MQTT: Publish failed
W (152155) TRANSPORT: No transport connected for broadcast
W (152155) MSG: Broadcast failed, falling back to MQTT
E (152156) MQTT: Publish failed
I (152160) CMD_U0: waiting for pending UART response ch=8 before next command
E (152181) MQTT: Publish failed
W (152181) TRANSPORT: No transport connected for broadcast
W (152181) MSG: Broadcast failed, falling back to MQTT
E (152182) MQTT: Publish failed
I (152186) CMD_U0: waiting for pending UART response ch=8 before next command
 (152206) MQTT: Publish failed
 (152206) TRANSPORT: No transport connected for broadcast
 (152206) MSG: Broadcast failed, falling back to MQTT
 (152207) MQTT: I (152207) CMD_U0: waiting for pending UART response ch=8 before next command
Publish failed
 (152226) MQTT: Publish failed
 (152226) TRANSPORT: No transport connected for broadcast
 (152226) MSG: Broadcast failed, falling back to MQTT
 (152227) MQTT: Publish failed
 (152227) CMD_U0: waiting for pending UART response ch=8 before next command
52247) MQTT: Publish failed
52247) TRANSPORT: No transport connected for broadcast
52247) MSG: Broadcast failed, falling back to MQTT
I (152248) CMD_U0: waiting for pending UART response ch=8 before next command
E (152248) MQTT: Publish failed
E (152267) MQTT: Publish failed
W (152267) TRANSPORT: No transport connected for broadcast
W (152267) MSG: Broadcast failed, falling back to MQTT
E (152268) MQTT: I (152268) CMD_U0: waiting for pending UART response ch=8 before next command
Publish failed
E (152287) MQTT: Publish failed
W (152287) TRANSPORT: No transport connected for broadcast
W (152287) MSG: Broadcast failed, falling back to MQTT
E (152288) MQTT: Publish failed
I (152288) CMD_U0: waiting for pending UART response ch=8 before next command
E (152308) MQTT: Publish failed
W (152308) TRANSPORT: No transport connected for broadcast
W (152308) MSG: Broadcast failed, falling back to MQTT
I (152309) CMD_U0: E (152309) MQTT: waiting for pending UART response ch=8 before next commandPublish failed

E (152328) MQTT: Publish failed
W (152328) TRANSPORT: No transport connected for broadcast
W (152328) MSG: Broadcast failed, falling back to MQTT
E (152329) MQTT: I (152329) CMD_U0: waiting for pending UART response ch=8 before next command
Publish failed
E (152348) MQTT: Publish failed
W (152348) TRANSPORT: No transport connected for broadcast
W (152348) MSG: Broadcast failed, falling back to MQTT
I (152349) CMD_U0: E (152349) MQTT: waiting for pending UART response ch=8 before next command
Publish failed
E (152369) MQTT: Publish failed
W (152369) TRANSPORT: No transport connected for broadcast
W (152369) MSG: Broadcast failed, falling back to MQTT
E (152370) MQTT: Publish failed
I (152374) CMD_U0: waiting for pending UART response ch=8 before next command
I (152384) RX_TASK: Stats: events=409 completions=419 report_drop=0 report_q_high=2
E (152394) MQTT: Publish failed
W (152394) TRANSPORT: No transport connected for broadcast
W (152394) MSG: Broadcast failed, falling back to MQTT
E (152395) MQTT: I (152395) CMD_U0: waiting for pending UART response ch=8 before next command
Publish failed
E (152414) MQTT: Publish failed
W (152414) TRANSPORT: No transport connected for broadcast
W (152414) MSG: Broadcast failed, falling back to MQTT
E (152415) MQTT: I (152415) CMD_U0: Publish failedwaiting for pending UART response ch=8 before next command

E (152435) MQTT: Publish failed
W (152435) TRANSPORT: No transport connected for broadcast
W (152435) MSG: Broadcast failed, falling back to MQTT
E (152436) MQTT: Publish failed
I (152440) CMD_U0: waiting for pending UART response ch=8 before next command
E (152460) MQTT: Publish failed
W (152460) TRANSPORT: No transport connected for broadcast
W (152460) MSG: Broadcast failed, falling back to MQTT
E (152461) MQTT: Publish failed
I (152465) CMD_U0: Stats: txn=409 err=0 (100%) no_ctx=0
I (152466) CMD_U0: waiting for pending UART response ch=8 before next command
E (152486) MQTT: Publish failed
W (152486) TRANSPORT: No transport connected for broadcast
W (152486) MSG: Broadcast failed, falling back to MQTT
E (152487) MQTT: Publish failed
I (152491) CMD_U0: waiting for pending UART response ch=8 before next command
E (152511) MQTT: Publish failed
W (152511) TRANSPORT: No transport connected for broadcast
W (152511) MSG: Broadcast failed, falling back to MQTT
E (152512) MQTT: Publish failed
I (152512) CMD_U0: waiting for pending UART response ch=8 before next command
E (152532) MQTT: Publish failed
W (152532) TRANSPORT: No transport connected for broadcast
W (152532) MSG: Broadcast failed, falling back to MQTT
E (152533) MQTT: I (152533) CMD_U0: waiting for pending UART response ch=8 before next command
Publish failed
E (152552) MQTT: Publish failed
W (152552) TRANSPORT: No transport connected for broadcast
W (152552) MSG: Broadcast failed, falling back to MQTT
E (152553) MQTT: Publish failed
I (152554) CMD_U0: waiting for pending UART response ch=8 before next command
E (152564) MQTT: Publish failed
W (152564) TRANSPORT: No transport connected for broadcast
W (152564) MSG: Broadcast failed, falling back to MQTT
E (152564) MQTT: Publish failed
E (152572) MQTT: Publish failed
W (152572) TRANSPORT: No transport connected for broadcast
W (152572) MSG: Broadcast failed, falling back to MQTT
E (152573) MQTT: Publish failed
I (152574) CMD_U0: waiting for pending UART response ch=8 before next command
E (152598) MQTT: Publish failed
W (152598) TRANSPORT: No transport connected for broadcast
W (152598) MSG: Broadcast failed, falling back to MQTT
E (152599) MQTT: Publish failed
I (152599) CMD_U0: waiting for pending UART response ch=8 before next command
E (152618) MQTT: Publish failed
W (152618) TRANSPORT: No transport connected for broadcast
W (152618) MSG: Broadcast failed, falling back to MQTT
E (152619) MQTT: Publish failed
I (152620) CMD_U0: waiting for pending UART response ch=8 before next command
E (152643) MQTT: Publish failed
W (152643) TRANSPORT: No transport connected for broadcast
W (152644) MSG: Broadcast failed, falling back to MQTT
E (152644) MQTT: Publish failed
I (152646) CMD_U0: waiting for pending UART response ch=8 before next command
E (152669) MQTT: Publish failed
W (152669) TRANSPORT: No transport connected for broadcast
W (152669) MSG: Broadcast failed, falling back to MQTT
E (152670) MQTT: Publish failed
I (152671) CMD_U0: waiting for pending UART response ch=8 before next command
E (152694) MQTT: Publish failed
W (152694) TRANSPORT: No transport connected for broadcast
W (152694) MSG: Broadcast failed, falling back to MQTT
E (152695) MQTT: Publish failed
I (152697) CMD_U0: waiting for pending UART response ch=8 before next command
E (152720) MQTT: Publish failed
W (152720) TRANSPORT: No transport connected for broadcast
W (152720) MSG: Broadcast failed, falling back to MQTT
E (152721) MQTT: Publish failed
W (152721) RX_TASK: RX timeout slot1 type=1 reqID=0 (1001ms)
E (152721) MQTT: Publish failed
W (152721) TRANSPORT: No transport connected for broadcast
W (152722) MSG: Broadcast failed, falling back to MQTT
E (152722) MQTT: Publish failed
I (152723) CMD_U0: waiting for pending UART response ch=8 before next command
I (152739) CMD_U1: waiting for pending UART response ch=9 before next command
E (152745) MQTT: Publish failed
W (152745) TRANSPORT: No transport connected for broadcast
W (152745) MSG: Broadcast failed, falling back to MQTT
E (152746) MQTT: Publish failed
I (152749) CMD_U0: waiting for pending UART response ch=8 before next command
E (152771) MQTT: Publish failed
W (152771) TRANSPORT: No transport connected for broadcast
W (152771) MSG: Broadcast failed, falling back to MQTT
E (152772) MQTT: Publish failed
I (152774) CMD_U0: waiting for pending UART response ch=8 before next command
E (152796) MQTT: Publish failed
W (152796) TRANSPORT: No transport connected for broadcast
W (152796) MSG: Broadcast failed, falling back to MQTT
E (152797) MQTT: Publish failed
I (152799) CMD_U0: waiting for pending UART response ch=8 before next command
E (152821) MQTT: Publish failed
W (152821) TRANSPORT: No transport connected for broadcast
W (152821) MSG: Broadcast failed, falling back to MQTT
E (152822) MQTT: Publish failed
I (152825) CMD_U0: waiting for pending UART response ch=8 before next command
E (152847) MQTT: Publish failed
W (152847) TRANSPORT: No transport connected for broadcast
W (152847) MSG: Broadcast failed, falling back to MQTT
E (152848) MQTT: Publish failed
I (152850) CMD_U0: waiting for pending UART response ch=8 before next command
I (152875) CMD_U0: waiting for pending UART response ch=8 before next command
I (152900) CMD_U0: waiting for pending UART response ch=8 before next command
I (152926) CMD_U0: waiting for pending UART response ch=8 before next command
I (152952) CMD_U0: waiting for pending UART response ch=8 before next command
I (152978) CMD_U0: waiting for pending UART response ch=8 before next command
I (153003) CMD_U0: waiting for pending UART response ch=8 before next command
I (153028) CMD_U0: waiting for pending UART response ch=8 before next command
I (153055) CMD_U0: waiting for pending UART response ch=8 before next command
I (153081) CMD_U0: waiting for pending UART response ch=8 before next command
I (153106) CMD_U0: waiting for pending UART response ch=8 before next command
I (153132) CMD_U0: waiting for pending UART response ch=8 before next command
I (153157) CMD_U0: waiting for pending UART response ch=8 before next command
I (153182) CMD_U0: waiting for pending UART response ch=8 before next command
I (153207) CMD_U0: waiting for pending UART response ch=8 before next command
I (153232) CMD_U0: waiting for pending UART response ch=8 before next command
I (153258) CMD_U0: waiting for pending UART response ch=8 before next command
I (153280) CMD_U0: waiting for pending UART response ch=8 before next command
I (153300) CMD_U0: waiting for pending UART response ch=8 before next command
I (153325) CMD_U0: waiting for pending UART response ch=8 before next command
I (153346) CMD_U0: waiting for pending UART response ch=8 before next command
I (153366) CMD_U0: waiting for pending UART response ch=8 before next command
I (153392) CMD_U0: waiting for pending UART response ch=8 before next command
I (153412) CMD_U0: waiting for pending UART response ch=8 before next command
I (153437) CMD_U0: waiting for pending UART response ch=8 before next command
I (153462) CMD_U0: waiting for pending UART response ch=8 before next command
I (153483) CMD_U0: waiting for pending UART response ch=8 before next command
I (153508) CMD_U0: waiting for pending UART response ch=8 before next command
I (153533) CMD_U0: waiting for pending UART response ch=8 before next command
I (153554) CMD_U0: waiting for pending UART response ch=8 before next command
I (153580) CMD_U0: waiting for pending UART response ch=8 before next command
I (153606) CMD_U0: waiting for pending UART response ch=8 before next command
I (153631) CMD_U0: waiting for pending UART response ch=8 before next command
I (153656) CMD_U0: waiting for pending UART response ch=8 before next command
I (153677) CMD_U0: waiting for pending UART response ch=8 before next command
I (153702) CMD_U0: waiting for pending UART response ch=8 before next command
W (153723) RX_TASK: RX timeout slot1 type=1 reqID=0 (1001ms)
I (153727) CMD_U0: waiting for pending UART response ch=8 before next command
I (153748) CMD_U0: waiting for pending UART response ch=8 before next command
I (153762) CMD_U1: waiting for pending UART response ch=9 before next command
I (153774) CMD_U0: waiting for pending UART response ch=8 before next command
I (153799) CMD_U0: waiting for pending UART response ch=8 before next command
I (153825) CMD_U0: waiting for pending UART response ch=8 before next command
I (153851) CMD_U0: waiting for pending UART response ch=8 before next command
I (153876) CMD_U0: waiting for pending UART response ch=8 before next command
I (153901) CMD_U0: waiting for pending UART response ch=8 before next command
I (153927) CMD_U0: waiting for pending UART response ch=8 before next command
I (153952) CMD_U0: waiting for pending UART response ch=8 before next command
I (153978) CMD_U0: waiting for pending UART response ch=8 before next command
I (154004) CMD_U0: waiting for pending UART response ch=8 before next command
I (154030) CMD_U0: waiting for pending UART response ch=8 before next command
I (154055) CMD_U0: waiting for pending UART response ch=8 before next command
I (154076) CMD_U0: waiting for pending UART response ch=8 before next command
I (154097) CMD_U0: waiting for pending UART response ch=8 before next command
I (154117) CMD_U0: waiting for pending UART response ch=8 before next command
I (154138) CMD_U0: waiting for pending UART response ch=8 before next command
I (154159) CMD_U0: waiting for pending UART response ch=8 before next command
I (154180) CMD_U0: waiting for pending UART response ch=8 before next command
I (154205) CMD_U0: waiting for pending UART response ch=8 before next command
I (154230) CMD_U0: waiting for pending UART response ch=8 before next command
 (154251) CMD_U0: waiting for pending UART response ch=8 before next command
 (154277) CMD_U0: waiting for pending UART response ch=8 before next command
I (154302) CMD_U0: waiting for pending UART response ch=8 before next command
I (154328) CMD_U0: waiting for pending UART response ch=8 before next command
E (154350) MQTT: Publish failed
W (154350) TRANSPORT: No transport connected for broadcast
W (154350) MSG: Broadcast failed, falling back to MQTT
E (154351) MQTT: Publish failed
I (154353) CMD_U0: waiting for pending UART response ch=8 before next command
E (154375) MQTT: Publish failed
W (154375) TRANSPORT: No transport connected for broadcast
W (154375) MSG: Broadcast failed, falling back to MQTT
E (154376) MQTT: Publish failed
I (154379) CMD_U0: waiting for pending UART response ch=8 before next command
E (154401) MQTT: Publish failed
W (154401) TRANSPORT: No transport connected for broadcast
W (154401) MSG: Broadcast failed, falling back to MQTT
E (154402) MQTT: Publish failed
I (154404) CMD_U0: waiting for pending UART response ch=8 before next command
E (154426) MQTT: Publish failed
W (154426) TRANSPORT: No transport connected for broadcast
W (154426) MSG: Broadcast failed, falling back to MQTT
E (154427) MQTT: Publish failed
I (154429) CMD_U0: waiting for pending UART response ch=8 before next command
E (154451) MQTT: Publish failed
W (154451) TRANSPORT: No transport connected for broadcast
W (154451) MSG: Broadcast failed, falling back to MQTT
E (154452) MQTT: Publish failed
I (154454) CMD_U0: waiting for pending UART response ch=8 before next command
E (154477) MQTT: Publish failed
W (154477) TRANSPORT: No transport connected for broadcast
W (154477) MSG: Broadcast failed, falling back to MQTT
E (154478) MQTT: Publish failed
I (154479) CMD_U0: waiting for pending UART response ch=8 before next command
E (154502) MQTT: Publish failed
W (154502) TRANSPORT: No transport connected for broadcast
W (154502) MSG: Broadcast failed, falling back to MQTT
E (154503) MQTT: Publish failed
I (154504) CMD_U0: waiting for pending UART response ch=8 before next command
E (154527) MQTT: Publish failed
W (154527) TRANSPORT: No transport connected for broadcast
W (154527) MSG: Broadcast failed, falling back to MQTT
E (154528) MQTT: Publish failed
I (154529) CMD_U0: waiting for pending UART response ch=8 before next command
I (154551) CMD_U0: waiting for pending UART response ch=8 before next command
I (154576) CMD_U0: waiting for pending UART response ch=8 before next command
E (154598) MQTT: Publish failed
W (154598) TRANSPORT: No transport connected for broadcast
W (154598) MSG: Broadcast failed, falling back to MQTT
E (154599) MQTT: Publish failed
I (154601) CMD_U0: waiting for pending UART response ch=8 before next command
E (154624) MQTT: Publish failed
W (154624) TRANSPORT: No transport connected for broadcast
W (154624) MSG: Broadcast failed, falling back to MQTT
E (154625) MQTT: Publish failed
I (154627) CMD_U0: waiting for pending UART response ch=8 before next command
E (154649) MQTT: Publish failed
W (154649) TRANSPORT: No transport connected for broadcast
W (154649) MSG: Broadcast failed, falling back to MQTT
E (154650) MQTT: Publish failed
I (154653) CMD_U0: waiting for pending UART response ch=8 before next command
E (154674) MQTT: Publish failed
W (154674) TRANSPORT: No transport connected for broadcast
W (154674) MSG: Broadcast failed, falling back to MQTT
E (154675) MQTT: Publish failed
I (154679) CMD_U0: waiting for pending UART response ch=8 before next command
E (154700) MQTT: Publish failed
W (154700) TRANSPORT: No transport connected for broadcast
W (154700) MSG: Broadcast failed, falling back to MQTT
E (154701) MQTT: Publish failed
I (154705) CMD_U0: waiting for pending UART response ch=8 before next command
E (154725) MQTT: Publish failed
W (154725) TRANSPORT: No transport connected for broadcast
W (154725) MSG: Broadcast failed, falling back to MQTT
E (154726) MQTT: Publish failed
I (154730) CMD_U0: waiting for pending UART response ch=8 before next command
W (154746) RX_TASK: RX timeout slot1 type=1 reqID=0 (1001ms)
E (154746) MQTT: Publish failed
W (154746) TRANSPORT: No transport connected for broadcast
W (154747) MSG: Broadcast failed, falling back to MQTT
E (154747) MQTT: Publish failed
E (154750) MQTT: Publish failed
W (154750) TRANSPORT: No transport connected for broadcast
W (154750) MSG: Broadcast failed, falling back to MQTT
E (154751) MQTT: Publish failed
I (154751) CMD_U0: waiting for pending UART response ch=8 before next command
I (154764) CMD_U1: Stats: txn=10 err=0 (100%) no_ctx=0
I (154764) CMD_U1: waiting for pending UART response ch=9 before next command
E (154771) MQTT: Publish failed
W (154771) TRANSPORT: No transport connected for broadcast
W (154771) MSG: Broadcast failed, falling back to MQTT
E (154772) MQTT: Publish failed
I (154776) CMD_U0: waiting for pending UART response ch=8 before next command
E (154796) MQTT: Publish failed
W (154796) TRANSPORT: No transport connected for broadcast
W (154796) MSG: Broadcast failed, falling back to MQTT
E (154797) MQTT: Publish failed
I (154801) CMD_U0: waiting for pending UART response ch=8 before next command
E (154821) MQTT: Publish failed
W (154821) TRANSPORT: No transport connected for broadcast
W (154821) MSG: Broadcast failed, falling back to MQTT
E (154822) MQTT: Publish failed
I (154822) CMD_U0: waiting for pending UART response ch=8 before next command
E (154841) MQTT: Publish failed
W (154841) TRANSPORT: No transport connected for broadcast
W (154841) MSG: Broadcast failed, falling back to MQTT
E (154842) MQTT: Publish failed
I (154843) CMD_U0: waiting for pending UART response ch=8 before next command
E (154862) MQTT: Publish failed
W (154862) TRANSPORT: No transport connected for broadcast
W (154862) MSG: Broadcast failed, falling back to MQTT
E (154863) MQTT: Publish failed
I (154863) CMD_U0: waiting for pending UART response ch=8 before next command
E (154882) MQTT: Publish failed
W (154882) TRANSPORT: No transport connected for broadcast
W (154882) MSG: Broadcast failed, falling back to MQTT
E (154883) MQTT: Publish failed
I (154884) CMD_U0: waiting for pending UART response ch=8 before next command
E (154907) MQTT: Publish failed
W (154907) TRANSPORT: No transport connected for broadcast
W (154907) MSG: Broadcast failed, falling back to MQTT
E (154908) MQTT: Publish failed
I (154909) CMD_U0: waiting for pending UART response ch=8 before next command
E (154933) MQTT: Publish failed
W (154933) TRANSPORT: No transport connected for broadcast
W (154933) MSG: Broadcast failed, falling back to MQTT
E (154934) MQTT: I (154934) CMD_U0: waiting for pending UART response ch=8 before next command
Publish failed
E (154953) MQTT: Publish failed
W (154953) TRANSPORT: No transport connected for broadcast
W (154953) MSG: Broadcast failed, falling back to MQTT
E (154954) MQTT: Publish failed
I (154954) CMD_U0: waiting for pending UART response ch=8 before next command
E (154967) MQTT: Publish failed
W (154967) TRANSPORT: No transport connected for broadcast
W (154968) MSG: Broadcast failed, falling back to MQTT
E (154968) MQTT: Publish failed
E (154973) MQTT: Publish failed
W (154973) TRANSPORT: No transport connected for broadcast
W (154973) MSG: Broadcast failed, falling back to MQTT
E (154974) MQTT: Publish failed
I (154975) CMD_U0: waiting for pending UART response ch=8 before next command
E (154999) MQTT: Publish failed
W (154999) TRANSPORT: No transport connected for broadcast
W (154999) MSG: Broadcast failed, falling back to MQTT
E (155000) MQTT: Publish failed
I (155001) CMD_U0: waiting for pending UART response ch=8 before next command
E (155024) MQTT: Publish failed
W (155024) TRANSPORT: No transport connected for broadcast
W (155024) MSG: Broadcast failed, falling back to MQTT
E (155025) MQTT: Publish failed
I (155027) CMD_U0: waiting for pending UART response ch=8 before next command
E (155049) MQTT: Publish failed
W (155049) TRANSPORT: No transport connected for broadcast
W (155049) MSG: Broadcast failed, falling back to MQTT
E (155050) MQTT: Publish failed
I (155052) CMD_U0: waiting for pending UART response ch=8 before next command
E (155075) MQTT: Publish failed
W (155075) TRANSPORT: No transport connected for broadcast
W (155075) MSG: Broadcast failed, falling back to MQTT
E (155076) MQTT: Publish failed
I (155077) CMD_U0: waiting for pending UART response ch=8 before next command
E (155100) MQTT: Publish failed
W (155100) TRANSPORT: No transport connected for broadcast
W (155100) MSG: Broadcast failed, falling back to MQTT
E (155101) MQTT: Publish failed
I (155102) CMD_U0: waiting for pending UART response ch=8 before next command
E (155125) MQTT: Publish failed
W (155125) TRANSPORT: No transport connected for broadcast
W (155125) MSG: Broadcast failed, falling back to MQTT
E (155126) MQTT: Publish failed
I (155128) CMD_U0: waiting for pending UART response ch=8 before next command
E (155150) MQTT: Publish failed
W (155150) TRANSPORT: No transport connected for broadcast
W (155150) MSG: Broadcast failed, falling back to MQTT
E (155151) MQTT: Publish failed
I (155154) CMD_U0: waiting for pending UART response ch=8 before next command
E (155176) MQTT: Publish failed
W (155176) TRANSPORT: No transport connected for broadcast
W (155176) MSG: Broadcast failed, falling back to MQTT
E (155177) MQTT: Publish failed
I (155180) CMD_U0: waiting for pending UART response ch=8 before next command
E (155201) MQTT: Publish failed
W (155201) TRANSPORT: No transport connected for broadcast
W (155201) MSG: Broadcast failed, falling back to MQTT
E (155202) MQTT: Publish failed
I (155206) CMD_U0: waiting for pending UART response ch=8 before next command
E (155227) MQTT: Publish failed
W (155227) TRANSPORT: No transport connected for broadcast
W (155227) MSG: Broadcast failed, falling back to MQTT
E (155228) MQTT: Publish failed
I (155231) CMD_U0: waiting for pending UART response ch=8 before next command
E (155252) MQTT: Publish failed
W (155252) TRANSPORT: No transport connected for broadcast
W (155252) MSG: Broadcast failed, falling back to MQTT
E (155253) MQTT: Publish failed
I (155256) CMD_U0: waiting for pending UART response ch=8 before next command
E (155278) MQTT: Publish failed
W (155278) TRANSPORT: No transport connected for broadcast
W (155278) MSG: Broadcast failed, falling back to MQTT
E (155279) MQTT: Publish failed
I (155281) CMD_U0: waiting for pending UART response ch=8 before next command
E (155303) MQTT: Publish failed
W (155303) TRANSPORT: No transport connected for broadcast
W (155304) MSG: Broadcast failed, falling back to MQTT
E (155304) MQTT: Publish failed
I (155307) CMD_U0: waiting for pending UART response ch=8 before next command
E (155328) MQTT: Publish failed
W (155328) TRANSPORT: No transport connected for broadcast
W (155328) MSG: Broadcast failed, falling back to MQTT
E (155329) MQTT: Publish failed
I (155333) CMD_U0: waiting for pending UART response ch=8 before next command
E (155354) MQTT: Publish failed
W (155354) TRANSPORT: No transport connected for broadcast
I (155354) CMD_U0: waiting for pending UART response ch=8 before next commandW (155354) MSG: 
Broadcast failed, falling back to MQTT
E (155355) MQTT: Publish failed
E (155374) MQTT: Publish failed
W (155374) TRANSPORT: No transport connected for broadcast
W (155374) MSG: Broadcast failed, falling back to MQTT
E (155375) MQTT: Publish failed
I (155375) CMD_U0: waiting for pending UART response ch=8 before next command
E (155394) MQTT: Publish failed
W (155394) TRANSPORT: No transport connected for broadcast
W (155394) MSG: Broadcast failed, falling back to MQTT
E (155395) MQTT: Publish failed
I (155396) CMD_U0: waiting for pending UART response ch=8 before next command
E (155415) MQTT: Publish failed
W (155415) TRANSPORT: No transport connected for broadcast
W (155415) MSG: Broadcast failed, falling back to MQTT
I (155416) CMD_U0: waiting for pending UART response ch=8 before next command
E (155416) MQTT: Publish failed
E (155435) MQTT: Publish failed
W (155435) TRANSPORT: No transport connected for broadcast
W (155435) MSG: Broadcast failed, falling back to MQTT
E (155436) MQTT: I (155436) CMD_U0: waiting for pending UART response ch=8 before next command
Publish failed
E (155455) MQTT: Publish failed
W (155455) TRANSPORT: No transport connected for broadcast
W (155455) MSG: Broadcast failed, falling back to MQTT
E (155456) MQTT: Publish failed
I (155456) CMD_U0: waiting for pending UART response ch=8 before next command
E (155476) MQTT: Publish failed
W (155476) TRANSPORT: No transport connected for broadcast
W (155476) MSG: Broadcast failed, falling back to MQTT
E (155477) MQTT: I (155477) CMD_U0: Publish failedwaiting for pending UART response ch=8 before next command

E (155496) MQTT: Publish failed
W (155496) TRANSPORT: No transport connected for broadcast
W (155496) MSG: Broadcast failed, falling back to MQTT
E (155497) MQTT: I (155497) CMD_U0: waiting for pending UART response ch=8 before next command
Publish failed
E (155516) MQTT: Publish failed
W (155516) TRANSPORT: No transport connected for broadcast
W (155516) MSG: Broadcast failed, falling back to MQTT
I (155517) CMD_U0: waiting for pending UART response ch=8 before next command
E (155517) MQTT: Publish failed
E (155536) MQTT: Publish failed
W (155536) TRANSPORT: No transport connected for broadcast
W (155536) MSG: Broadcast failed, falling back to MQTT
E (155537) MQTT: Publish failed
I (155537) CMD_U0: waiting for pending UART response ch=8 before next command
E (155557) MQTT: Publish failed
W (155557) TRANSPORT: No transport connected for broadcast
W (155557) MSG: Broadcast failed, falling back to MQTT
E (155558) MQTT: Publish failed
I (155562) CMD_U0: waiting for pending UART response ch=8 before next command
E (155564) MQTT: Publish failed
W (155565) TRANSPORT: No transport connected for broadcast
W (155565) MSG: Broadcast failed, falling back to MQTT
E (155565) MQTT: Publish failed
I (155587) CMD_U0: waiting for pending UART response ch=8 before next command
I (155612) CMD_U0: waiting for pending UART response ch=8 before next command
I (155638) CMD_U0: waiting for pending UART response ch=8 before next command
I (155664) CMD_U0: waiting for pending UART response ch=8 before next command
I (155685) CMD_U0: waiting for pending UART response ch=8 before next command
I (155705) CMD_U0: waiting for pending UART response ch=8 before next command
I (155725) CMD_U0: waiting for pending UART response ch=8 before next command
I (155745) CMD_U0: waiting for pending UART response ch=8 before next command
W (155748) RX_TASK: RX timeout slot1 type=1 reqID=0 (1001ms)
I (155766) CMD_U1: waiting for pending UART response ch=9 before next command
I (155766) CMD_U0: waiting for pending UART response ch=8 before next command
I (155787) CMD_U0: waiting for pending UART response ch=8 before next command
I (155813) CMD_U0: waiting for pending UART response ch=8 before next command
I (155839) CMD_U0: waiting for pending UART response ch=8 before next command
I (155864) CMD_U0: waiting for pending UART response ch=8 before next command
I (155890) CMD_U0: waiting for pending UART response ch=8 before next command
I (155915) CMD_U0: waiting for pending UART response ch=8 before next command
I (155940) CMD_U0: waiting for pending UART response ch=8 before next command
I (155966) CMD_U0: waiting for pending UART response ch=8 before next command
I (155991) CMD_U0: waiting for pending UART response ch=8 before next command
I (156016) CMD_U0: waiting for pending UART response ch=8 before next command
I (156042) CMD_U0: waiting for pending UART response ch=8 before next command
I (156067) CMD_U0: waiting for pending UART response ch=8 before next command
I (156092) CMD_U0: waiting for pending UART response ch=8 before next command
I (156117) CMD_U0: waiting for pending UART response ch=8 before next command
I (156143) CMD_U0: waiting for pending UART response ch=8 before next command
I (156168) CMD_U0: waiting for pending UART response ch=8 before next command
I (156193) CMD_U0: waiting for pending UART response ch=8 before next command
I (156218) CMD_U0: waiting for pending UART response ch=8 before next command
I (156244) CMD_U0: waiting for pending UART response ch=8 before next command
I (156269) CMD_U0: waiting for pending UART response ch=8 before next command
waiting for pending UART response ch=8 before next command
 (156319) CMD_U0: waiting for pending UART response ch=8 before next command
(156344) CMD_U0: waiting for pending UART response ch=8 before next command
I (156365) CMD_U0: waiting for pending UART response ch=8 before next command
I (156391) CMD_U0: waiting for pending UART response ch=8 before next command
I (156416) CMD_U0: waiting for pending UART response ch=8 before next command
 (156439) MQTT: Publish failed
 (156439) TRANSPORT: No transport connected for broadcast
W (156439) MSG: Broadcast failed, falling back to MQTT
 (156440) MQTT: Publish failed
 (156441) CMD_U0: waiting for pending UART response ch=8 before next command
(156464) MQTT: Publish failed
W (156464) TRANSPORT: No transport connected for broadcast
W (156464) MSG: Broadcast failed, falling back to MQTT
E (156465) MQTT: Publish failed
I (156467) CMD_U0: waiting for pending UART response ch=8 before next command
E (156490) MQTT: Publish failed
W (156490) TRANSPORT: No transport connected for broadcast
W (156490) MSG: Broadcast failed, falling back to MQTT
E (156491) MQTT: Publish failed
I (156493) CMD_U0: waiting for pending UART response ch=8 before next command
E (156515) MQTT: Publish failed
W (156515) TRANSPORT: No transport connected for broadcast
W (156515) MSG: Broadcast failed, falling back to MQTT
E (156516) MQTT: Publish failed
I (156519) CMD_U0: waiting for pending UART response ch=8 before next command
E (156541) MQTT: Publish failed
W (156541) TRANSPORT: No transport connected for broadcast
W (156541) MSG: Broadcast failed, falling back to MQTT
E (156542) MQTT: Publish failed
I (156545) CMD_U0: waiting for pending UART response ch=8 before next command
E (156564) MQTT: Publish failed
W (156564) TRANSPORT: No transport connected for broadcast
W (156564) MSG: Broadcast failed, falling back to MQTT
E (156565) MQTT: Publish failed
E (156566) MQTT: Publish failed
W (156566) TRANSPORT: No transport connected for broadcast
I (156567) CMD_U0: waiting for pending UART response ch=8 before next command
W (156567) MSG: Broadcast failed, falling back to MQTT
E (156567) MQTT: Publish failed
E (156586) MQTT: Publish failed
W (156586) TRANSPORT: No transport connected for broadcast
W (156586) MSG: Broadcast failed, falling back to MQTT
E (156587) MQTT: Publish failed
I (156587) CMD_U0: waiting for pending UART response ch=8 before next command
E (156607) MQTT: Publish failed
W (156607) TRANSPORT: No transport connected for broadcast
W (156607) MSG: Broadcast failed, falling back to MQTT
E (156608) MQTT: Publish failed
I (156608) CMD_U0: waiting for pending UART response ch=8 before next command
E (156627) MQTT: Publish failed
W (156627) TRANSPORT: No transport connected for broadcast
W (156627) MSG: Broadcast failed, falling back to MQTT
E (156628) MQTT: Publish failed
I (156629) CMD_U0: waiting for pending UART response ch=8 before next command
E (156652) MQTT: Publish failed
W (156652) TRANSPORT: No transport connected for broadcast
W (156652) MSG: Broadcast failed, falling back to MQTT
E (156653) MQTT: Publish failed
I (156655) CMD_U0: waiting for pending UART response ch=8 before next command
E (156678) MQTT: Publish failed
W (156678) TRANSPORT: No transport connected for broadcast
W (156678) MSG: Broadcast failed, falling back to MQTT
E (156679) MQTT: Publish failed
I (156681) CMD_U0: waiting for pending UART response ch=8 before next command
E (156703) MQTT: Publish failed
W (156703) TRANSPORT: No transport connected for broadcast
W (156703) MSG: Broadcast failed, falling back to MQTT
E (156704) MQTT: Publish failed
I (156707) CMD_U0: waiting for pending UART response ch=8 before next command
E (156729) MQTT: Publish failed
W (156729) TRANSPORT: No transport connected for broadcast
W (156729) MSG: Broadcast failed, falling back to MQTT
E (156730) MQTT: Publish failed
I (156732) CMD_U0: waiting for pending UART response ch=8 before next command
W (156750) RX_TASK: RX timeout slot1 type=1 reqID=0 (1001ms)
E (156750) MQTT: Publish failed
W (156751) TRANSPORT: No transport connected for broadcast
W (156751) MSG: Broadcast failed, falling back to MQTT
E (156751) MQTT: Publish failed
E (156754) MQTT: Publish failed
W (156754) TRANSPORT: No transport connected for broadcast
W (156754) MSG: Broadcast failed, falling back to MQTT
E (156755) MQTT: Publish failed
I (156757) CMD_U0: waiting for pending UART response ch=8 before next command
I (156768) CMD_U1: waiting for pending UART response ch=9 before next command
E (156779) MQTT: Publish failed
W (156779) TRANSPORT: No transport connected for broadcast
W (156779) MSG: Broadcast failed, falling back to MQTT
E (156780) MQTT: Publish failed
I (156782) CMD_U0: waiting for pending UART response ch=8 before next command
E (156805) MQTT: Publish failed
W (156805) TRANSPORT: No transport connected for broadcast
W (156805) MSG: Broadcast failed, falling back to MQTT
E (156806) MQTT: Publish failed
I (156808) CMD_U0: waiting for pending UART response ch=8 before next command
E (156830) MQTT: Publish failed
W (156830) TRANSPORT: No transport connected for broadcast
W (156830) MSG: Broadcast failed, falling back to MQTT
E (156831) MQTT: Publish failed
I (156833) CMD_U0: waiting for pending UART response ch=8 before next command
E (156855) MQTT: Publish failed
W (156855) TRANSPORT: No transport connected for broadcast
W (156855) MSG: Broadcast failed, falling back to MQTT
E (156856) MQTT: Publish failed
I (156858) CMD_U0: waiting for pending UART response ch=8 before next command
E (156881) MQTT: Publish failed
W (156881) TRANSPORT: No transport connected for broadcast
W (156881) MSG: Broadcast failed, falling back to MQTT
E (156882) MQTT: Publish failed
I (156884) CMD_U0: waiting for pending UART response ch=8 before next command
E (156906) MQTT: Publish failed
W (156906) TRANSPORT: No transport connected for broadcast
W (156906) MSG: Broadcast failed, falling back to MQTT
E (156907) MQTT: Publish failed
I (156910) CMD_U0: waiting for pending UART response ch=8 before next command
E (156932) MQTT: Publish failed
W (156933) TRANSPORT: No transport connected for broadcast
W (156933) MSG: Broadcast failed, falling back to MQTT
E (156933) MQTT: Publish failed
I (156935) CMD_U0: waiting for pending UART response ch=8 before next command
I (156960) CMD_U0: waiting for pending UART response ch=8 before next command
I (156985) CMD_U0: waiting for pending UART response ch=8 before next command
I (157011) CMD_U0: waiting for pending UART response ch=8 before next command
I (157036) CMD_U0: waiting for pending UART response ch=8 before next command
I (157061) CMD_U0: waiting for pending UART response ch=8 before next command
I (157088) CMD_U0: waiting for pending UART response ch=8 before next command
I (157113) CMD_U0: waiting for pending UART response ch=8 before next command
I (157138) CMD_U0: waiting for pending UART response ch=8 before next command
I (157163) CMD_U0: waiting for pending UART response ch=8 before next command
I (157188) CMD_U0: waiting for pending UART response ch=8 before next command
I (157214) CMD_U0: waiting for pending UART response ch=8 before next command
I (157239) CMD_U0: waiting for pending UART response ch=8 before next command
I (157264) CMD_U0: waiting for pending UART response ch=8 before next command
I (157289) CMD_U0: waiting for pending UART response ch=8 before next command
I (157315) CMD_U0: waiting for pending UART response ch=8 before next command
I (157340) CMD_U0: waiting for pending UART response ch=8 before next command
I (157366) CMD_U0: waiting for pending UART response ch=8 before next command
I (157391) CMD_U0: waiting for pending UART response ch=8 before next command
I (157416) CMD_U0: waiting for pending UART response ch=8 before next command
I (157441) CMD_U0: waiting for pending UART response ch=8 before next command
I (157468) CMD_U0: waiting for pending UART response ch=8 before next command
I (157493) CMD_U0: waiting for pending UART response ch=8 before next command
I (157519) CMD_U0: waiting for pending UART response ch=8 before next command
I (157544) CMD_U0: waiting for pending UART response ch=8 before next command
I (157569) CMD_U0: waiting for pending UART response ch=8 before next command
I (157595) CMD_U0: waiting for pending UART response ch=8 before next command
I (157621) CMD_U0: waiting for pending UART response ch=8 before next command
I (157647) CMD_U0: waiting for pending UART response ch=8 before next command
I (157673) CMD_U0: waiting for pending UART response ch=8 before next command
I (157698) CMD_U0: waiting for pending UART response ch=8 before next command
I (157724) CMD_U0: waiting for pending UART response ch=8 before next command
I (157750) CMD_U0: waiting for pending UART response ch=8 before next command
W (157752) RX_TASK: RX timeout slot1 type=1 reqID=0 (1001ms)
I (157770) CMD_U1: waiting for pending UART response ch=9 before next command
I (157775) CMD_U0: waiting for pending UART response ch=8 before next command
I (157801) CMD_U0: waiting for pending UART response ch=8 before next command
I (157822) CMD_U0: waiting for pending UART response ch=8 before next command
I (157843) CMD_U0: waiting for pending UART response ch=8 before next command
I (157864) CMD_U0: waiting for pending UART response ch=8 before next command
I (157884) CMD_U0: waiting for pending UART response ch=8 before next command
I (157904) CMD_U0: waiting for pending UART response ch=8 before next command
I (157929) CMD_U0: waiting for pending UART response ch=8 before next command
I (157950) CMD_U0: waiting for pending UART response ch=8 before next command
I (157971) CMD_U0: waiting for pending UART response ch=8 before next command
I (157996) CMD_U0: waiting for pending UART response ch=8 before next command
I (158016) CMD_U0: waiting for pending UART response ch=8 before next command
I (158037) CMD_U0: waiting for pending UART response ch=8 before next command
I (158062) CMD_U0: waiting for pending UART response ch=8 before next command
I (158083) CMD_U0: waiting for pending UART response ch=8 before next command
I (158109) CMD_U0: waiting for pending UART response ch=8 before next command
I (158135) CMD_U0: waiting for pending UART response ch=8 before next command
I (158156) CMD_U0: waiting for pending UART response ch=8 before next command
I (158177) CMD_U0: waiting for pending UART response ch=8 before next command
I (158202) CMD_U0: waiting for pending UART response ch=8 before next command
I (158228) CMD_U0: waiting for pending UART response ch=8 before next command
I (158248) CMD_U0: waiting for pending UART response ch=8 before next command
I (158273) CMD_U0: waiting for pending UART response ch=8 before next command
E (158294) MQTT: Publish failed
W (158294) TRANSPORT: No transport connected for broadcast
W (158294) MSG: Broadcast failed, falling back to MQTT
E (158295) MQTT: Publish failed
I (158299) CMD_U0: waiting for pending UART response ch=8 before next command
E (158320) MQTT: Publish failed
W (158320) TRANSPORT: No transport connected for broadcast
I (158320) CMD_U0: waiting for pending UART response ch=8 before next command
W (158321) MSG: Broadcast failed, falling back to MQTT
E (158321) MQTT: Publish failed
E (158340) MQTT: Publish failed
W (158340) TRANSPORT: No transport connected for broadcast
W (158340) MSG: Broadcast failed, falling back to MQTT
E (158341) MQTT: I (158341) CMD_U0: waiting for pending UART response ch=8 before next command
Publish failed
E (158360) MQTT: Publish failed
W (158360) TRANSPORT: No transport connected for broadcast
W (158360) MSG: Broadcast failed, falling back to MQTT
I (158361) CMD_U0: waiting for pending UART response ch=8 before next command
E (158361) MQTT: Publish failed
E (158381) MQTT: Publish failed
W (158381) TRANSPORT: No transport connected for broadcast
W (158381) MSG: Broadcast failed, falling back to MQTT
E (158382) MQTT: Publish failed
I (158386) CMD_U0: waiting for pending UART response ch=8 before next command
E (158406) MQTT: Publish failed
W (158406) TRANSPORT: No transport connected for broadcast
W (158406) MSG: Broadcast failed, falling back to MQTT
E (158407) MQTT: I (158407) CMD_U0: waiting for pending UART response ch=8 before next command
Publish failed
E (158426) MQTT: Publish failed
W (158426) TRANSPORT: No transport connected for broadcast
W (158426) MSG: Broadcast failed, falling back to MQTT
E (158427) MQTT: Publish failed
I (158427) CMD_U0: waiting for pending UART response ch=8 before next command
E (158446) MQTT: Publish failed
W (158446) TRANSPORT: No transport connected for broadcast
W (158446) MSG: Broadcast failed, falling back to MQTT
E (158447) MQTT: Publish failed
I (158448) CMD_U0: waiting for pending UART response ch=8 before next command
 (158467) MQTT: Publish failed
W (158467) TRANSPORT: No transport connected for broadcast
W (158467) MSG: Broadcast failed, falling back to MQTT
E (158468) MQTT: I (158468) CMD_U0: waiting for pending UART response ch=8 before next command
Publish failed
E (158487) MQTT: Publish failed
W (158487) TRANSPORT: No transport connected for broadcast
W (158487) MSG: Broadcast failed, falling back to MQTT
I (158488) CMD_U0: waiting for pending UART response ch=8 before next command
E (158488) MQTT: Publish failed
I (158508) CMD_U0: waiting for pending UART response ch=8 before next command
I (158529) CMD_U0: waiting for pending UART response ch=8 before next command
I (158549) CMD_U0: waiting for pending UART response ch=8 before next command
E (158568) MQTT: Publish failed
W (158568) TRANSPORT: No transport connected for broadcast
W (158568) MSG: Broadcast failed, falling back to MQTT
E (158569) MQTT: Publish failed
I (158570) CMD_U0: waiting for pending UART response ch=8 before next command
E (158594) MQTT: Publish failed
W (158594) TRANSPORT: No transport connected for broadcast
W (158594) MSG: Broadcast failed, falling back to MQTT
E (158595) MQTT: Publish failed
I (158596) CMD_U0: waiting for pending UART response ch=8 before next command
E (158619) MQTT: Publish failed
W (158619) TRANSPORT: No transport connected for broadcast
W (158619) MSG: Broadcast failed, falling back to MQTT
E (158620) MQTT: Publish failed
I (158621) CMD_U0: waiting for pending UART response ch=8 before next command
E (158644) MQTT: Publish failed
W (158644) TRANSPORT: No transport connected for broadcast
W (158644) MSG: Broadcast failed, falling back to MQTT
E (158645) MQTT: Publish failed
I (158646) CMD_U0: waiting for pending UART response ch=8 before next command
E (158670) MQTT: Publish failed
W (158670) TRANSPORT: No transport connected for broadcast
W (158670) MSG: Broadcast failed, falling back to MQTT
E (158671) MQTT: I (158671) CMD_U0: waiting for pending UART response ch=8 before next command
Publish failed
E (158691) MQTT: Publish failed
W (158691) TRANSPORT: No transport connected for broadcast
W (158691) MSG: Broadcast failed, falling back to MQTT
E (158692) MQTT: Publish failed
I (158696) CMD_U0: waiting for pending UART response ch=8 before next command
E (158715) MQTT: Publish failed
W (158715) TRANSPORT: No transport connected for broadcast
W (158715) MSG: Broadcast failed, falling back to MQTT
E (158716) MQTT: Publish failed
I (158717) CMD_U0: waiting for pending UART response ch=8 before next command
E (158740) MQTT: Publish failed
W (158740) TRANSPORT: No transport connected for broadcast
W (158740) MSG: Broadcast failed, falling back to MQTT
E (158741) MQTT: Publish failed
I (158743) CMD_U0: waiting for pending UART response ch=8 before next command
W (158754) RX_TASK: RX timeout slot1 type=1 reqID=0 (1001ms)
E (158754) MQTT: Publish failed
W (158755) TRANSPORT: No transport connected for broadcast
W (158755) MSG: Broadcast failed, falling back to MQTT
E (158755) MQTT: Publish failed
E (158767) MQTT: Publish failed
W (158767) TRANSPORT: No transport connected for broadcast
W (158767) MSG: Broadcast failed, falling back to MQTT
E (158768) MQTT: Publish failed
I (158769) CMD_U0: waiting for pending UART response ch=8 before next command
I (158772) CMD_U1: waiting for pending UART response ch=9 before next command
E (158791) MQTT: Publish failed
W (158791) TRANSPORT: No transport connected for broadcast
W (158791) MSG: Broadcast failed, falling back to MQTT
E (158792) MQTT: Publish failed
I (158794) CMD_U0: waiting for pending UART response ch=8 before next command
E (158816) MQTT: Publish failed
W (158816) TRANSPORT: No transport connected for broadcast
W (158816) MSG: Broadcast failed, falling back to MQTT
E (158817) MQTT: Publish failed
I (158819) CMD_U0: waiting for pending UART response ch=8 before next command
E (158842) MQTT: Publish failed
W (158842) TRANSPORT: No transport connected for broadcast
W (158842) MSG: Broadcast failed, falling back to MQTT
E (158843) MQTT: Publish failed
I (158844) CMD_U0: waiting for pending UART response ch=8 before next command
E (158867) MQTT: Publish failed
W (158867) TRANSPORT: No transport connected for broadcast
W (158867) MSG: Broadcast failed, falling back to MQTT
E (158868) MQTT: Publish failed
I (158870) CMD_U0: waiting for pending UART response ch=8 before next command
E (158892) MQTT: Publish failed
W (158892) TRANSPORT: No transport connected for broadcast
W (158892) MSG: Broadcast failed, falling back to MQTT
E (158893) MQTT: Publish failed
I (158896) CMD_U0: waiting for pending UART response ch=8 before next command
E (158918) MQTT: Publish failed
W (158918) TRANSPORT: No transport connected for broadcast
W (158918) MSG: Broadcast failed, falling back to MQTT
E (158919) MQTT: Publish failed
I (158922) CMD_U0: waiting for pending UART response ch=8 before next command
E (158943) MQTT: Publish failed
W (158943) TRANSPORT: No transport connected for broadcast
W (158943) MSG: Broadcast failed, falling back to MQTT
E (158944) MQTT: Publish failed
I (158948) CMD_U0: waiting for pending UART response ch=8 before next command
E (158968) MQTT: Publish failed
W (158968) TRANSPORT: No transport connected for broadcast
W (158968) MSG: Broadcast failed, falling back to MQTT
E (158969) MQTT: Publish failed
I (158973) CMD_U0: waiting for pending UART response ch=8 before next command
E (158979) MQTT: Publish failed
W (158979) TRANSPORT: No transport connected for broadcast
W (158980) MSG: Broadcast failed, falling back to MQTT
E (158980) MQTT: Publish failed
E (158994) MQTT: Publish failed
W (158994) TRANSPORT: No transport connected for broadcast
W (158994) MSG: Broadcast failed, falling back to MQTT
E (158995) MQTT: Publish failed
I (158999) CMD_U0: waiting for pending UART response ch=8 before next command
E (159019) MQTT: Publish failed
W (159019) TRANSPORT: No transport connected for broadcast
W (159019) MSG: Broadcast failed, falling back to MQTT
E (159020) MQTT: I (159020) CMD_U0: waiting for pending UART response ch=8 before next command
Publish failed
E (159039) MQTT: Publish failed
W (159039) TRANSPORT: No transport connected for broadcast
W (159039) MSG: Broadcast failed, falling back to MQTT
E (159040) MQTT: I (159040) CMD_U0: waiting for pending UART response ch=8 before next command
Publish failed
E (159060) MQTT: Publish failed
W (159060) TRANSPORT: No transport connected for broadcast
W (159060) MSG: Broadcast failed, falling back to MQTT
E (159061) MQTT: Publish failed
I (159065) CMD_U0: waiting for pending UART response ch=8 before next command
E (159085) MQTT: Publish failed
W (159085) TRANSPORT: No transport connected for broadcast
W (159085) MSG: Broadcast failed, falling back to MQTT
I (159086) CMD_U0: waiting for pending UART response ch=8 before next commandE (159086) MQTT: 
Publish failed
E (159106) MQTT: Publish failed
W (159106) TRANSPORT: No transport connected for broadcast
W (159106) MSG: Broadcast failed, falling back to MQTT
E (159107) MQTT: Publish failed
I (159111) CMD_U0: waiting for pending UART response ch=8 before next command
E (159130) MQTT: Publish failed
W (159130) TRANSPORT: No transport connected for broadcast
W (159130) MSG: Broadcast failed, falling back to MQTT
E (159131) MQTT: Publish failed
I (159132) CMD_U0: waiting for pending UART response ch=8 before next command
E (159151) MQTT: Publish failed
W (159151) TRANSPORT: No transport connected for broadcast
W (159151) MSG: Broadcast failed, falling back to MQTT
E (159152) MQTT: Publish failedI (159152) CMD_U0: waiting for pending UART response ch=8 before next command

E (159171) MQTT: Publish failed
W (159171) TRANSPORT: No transport connected for broadcast
W (159171) MSG: Broadcast failed, falling back to MQTT
E (159172) MQTT: Publish failed
I (159172) CMD_U0: waiting for pending UART response ch=8 before next command
E (159191) MQTT: Publish failed
W (159192) TRANSPORT: No transport connected for broadcast
W (159192) MSG: Broadcast failed, falling back to MQTT
E (159192) MQTT: Publish failed
I (159193) CMD_U0: waiting for pending UART response ch=8 before next command
E (159211) MQTT: Publish failed
W (159211) TRANSPORT: No transport connected for broadcast
W (159211) MSG: Broadcast failed, falling back to MQTT
E (159212) MQTT: Publish failed
I (159214) CMD_U0: waiting for pending UART response ch=8 before next command
E (159237) MQTT: Publish failed
W (159237) TRANSPORT: No transport connected for broadcast
W (159237) MSG: Broadcast failed, falling back to MQTT
E (159238) MQTT: Publish failed
I (159240) CMD_U0: waiting for pending UART response ch=8 before next command
E (159262) MQTT: Publish failed
W (159262) TRANSPORT: No transport connected for broadcast
W (159262) MSG: Broadcast failed, falling back to MQTT
E (159263) MQTT: Publish failed
I (159266) CMD_U0: waiting for pending UART response ch=8 before next command
E (159288) MQTT: Publish failed
W (159288) TRANSPORT: No transport connected for broadcast
W (159288) MSG: Broadcast failed, falling back to MQTT
E (159289) MQTT: Publish failed
I (159292) CMD_U0: waiting for pending UART response ch=8 before next command
E (159314) MQTT: Publish failed
W (159314) TRANSPORT: No transport connected for broadcast
W (159314) MSG: Broadcast failed, falling back to MQTT
E (159315) MQTT: Publish failed
I (159318) CMD_U0: waiting for pending UART response ch=8 before next command
E (159338) MQTT: Publish failed
W (159338) TRANSPORT: No transport connected for broadcast
W (159338) MSG: Broadcast failed, falling back to MQTT
E (159339) MQTT: Publish failed
I (159343) CMD_U0: waiting for pending UART response ch=8 before next command
E (159364) MQTT: Publish failed
W (159364) TRANSPORT: No transport connected for broadcast
W (159364) MSG: Broadcast failed, falling back to MQTT
E (159365) MQTT: Publish failed
I (159369) CMD_U0: waiting for pending UART response ch=8 before next command
E (159389) MQTT: Publish failed
W (159389) TRANSPORT: No transport connected for broadcast
W (159389) MSG: Broadcast failed, falling back to MQTT
E (159390) MQTT: Publish failed
I (159390) CMD_U0: waiting for pending UART response ch=8 before next command
E (159409) MQTT: Publish failed
W (159409) TRANSPORT: No transport connected for broadcast
W (159409) MSG: Broadcast failed, falling back to MQTT
E (159410) MQTT: Publish failed
I (159411) CMD_U0: waiting for pending UART response ch=8 before next command
E (159434) MQTT: Publish failed
W (159434) TRANSPORT: No transport connected for broadcast
W (159434) MSG: Broadcast failed, falling back to MQTT
E (159435) MQTT: Publish failed
I (159437) CMD_U0: waiting for pending UART response ch=8 before next command
E (159460) MQTT: Publish failed
W (159460) TRANSPORT: No transport connected for broadcast
W (159460) MSG: Broadcast failed, falling back to MQTT
E (159461) MQTT: Publish failed
I (159463) CMD_U0: waiting for pending UART response ch=8 before next command
E (159485) MQTT: Publish failed
W (159485) TRANSPORT: No transport connected for broadcast
W (159485) MSG: Broadcast failed, falling back to MQTT
E (159486) MQTT: Publish failed
I (159489) CMD_U0: waiting for pending UART response ch=8 before next command
E (159510) MQTT: Publish failed
W (159510) TRANSPORT: No transport connected for broadcast
W (159510) MSG: Broadcast failed, falling back to MQTT
E (159511) MQTT: Publish failed
I (159514) CMD_U0: waiting for pending UART response ch=8 before next command
E (159536) MQTT: Publish failed
W (159536) TRANSPORT: No transport connected for broadcast
W (159537) MSG: Broadcast failed, falling back to MQTT
I (159540) CMD_U0: waiting for pending UART response ch=8 before next command
E (159564) MQTT: Publish failed
W (159564) TRANSPORT: No transport connected for broadcast
W (159565) MSG: Broadcast failed, falling back to MQTT
E (159566) MQTT: Publish failed
I (159566) CMD_U0: waiting for pending UART response ch=8 before next command
I (159587) CMD_U0: waiting for pending UART response ch=8 before next command
I (159608) CMD_U0: waiting for pending UART response ch=8 before next command
I (159628) CMD_U0: waiting for pending UART response ch=8 before next command
I (159648) CMD_U0: waiting for pending UART response ch=8 before next command
I (159669) CMD_U0: waiting for pending UART response ch=8 before next command
I (159689) CMD_U0: waiting for pending UART response ch=8 before next command
I (159709) CMD_U0: waiting for pending UART response ch=8 before next command
I (159734) CMD_U0: waiting for pending UART response ch=8 before next command
I (159755) CMD_U0: waiting for pending UART response ch=8 before next command
W (159756) RX_TASK: RX timeout slot1 type=1 reqID=0 (1001ms)
I (159774) CMD_U1: waiting for pending UART response ch=9 before next command
I (159775) CMD_U0: waiting for pending UART response ch=8 before next command
I (159795) CMD_U0: waiting for pending UART response ch=8 before next command
I (159821) CMD_U0: waiting for pending UART response ch=8 before next command
I (159842) CMD_U0: waiting for pending UART response ch=8 before next command
I (159867) CMD_U0: waiting for pending UART response ch=8 before next command
I (159887) CMD_U0: waiting for pending UART response ch=8 before next command
I (159907) CMD_U0: waiting for pending UART response ch=8 before next command
I (159928) CMD_U0: waiting for pending UART response ch=8 before next command
I (159948) CMD_U0: waiting for pending UART response ch=8 before next command
I (159968) CMD_U0: waiting for pending UART response ch=8 before next command
I (159993) CMD_U0: waiting for pending UART response ch=8 before next command
I (160014) CMD_U0: waiting for pending UART response ch=8 before next command
I (160034) CMD_U0: waiting for pending UART response ch=8 before next command
I (160054) CMD_U0: waiting for pending UART response ch=8 before next command
I (160075) CMD_U0: waiting for pending UART response ch=8 before next command
I (160096) CMD_U0: waiting for pending UART response ch=8 before next command
I (160122) CMD_U0: waiting for pending UART response ch=8 before next command
I (160148) CMD_U0: waiting for pending UART response ch=8 before next command
I (160174) CMD_U0: waiting for pending UART response ch=8 before next command
I (160199) CMD_U0: waiting for pending UART response ch=8 before next command
I (160224) CMD_U0: waiting for pending UART response ch=8 before next command
I (160250) CMD_U0: waiting for pending UART response ch=8 before next command
I (160276) CMD_U0: waiting for pending UART response ch=8 before next command
I (160302) CMD_U0: waiting for pending UART response ch=8 before next command
I (160323) CMD_U0: waiting for pending UART response ch=8 before next command
E (160342) MQTT: Publish failed
W (160342) TRANSPORT: No transport connected for broadcast
W (160342) MSG: Broadcast failed, falling back to MQTT
I (160343) CMD_U0: waiting for pending UART response ch=8 before next command
E (160343) MQTT: Publish failed
E (160363) MQTT: Publish failed
W (160363) TRANSPORT: No transport connected for broadcast
W (160363) MSG: Broadcast failed, falling back to MQTT
E (160364) MQTT: Publish failed
I (160368) CMD_U0: waiting for pending UART response ch=8 before next command
E (160388) MQTT: Publish failed
W (160388) TRANSPORT: No transport connected for broadcast
W (160388) MSG: Broadcast failed, falling back to MQTT
I (160389) CMD_U0: E (160389) MQTT: waiting for pending UART response ch=8 before next command
Publish failed
E (160408) MQTT: Publish failed
W (160408) TRANSPORT: No transport connected for broadcast
W (160408) MSG: Broadcast failed, falling back to MQTT
E (160409) MQTT: I (160409) CMD_U0: waiting for pending UART response ch=8 before next command
Publish failed
E (160429) MQTT: Publish failed
W (160429) TRANSPORT: No transport connected for broadcast
I (160430) CMD_U0: waiting for pending UART response ch=8 before next command
W (160430) MSG: Broadcast failed, falling back to MQTT
E (160430) MQTT: Publish failed
E (160449) MQTT: Publish failed
W (160449) TRANSPORT: No transport connected for broadcast
W (160449) MSG: Broadcast failed, falling back to MQTT
E (160450) MQTT: I (160450) CMD_U0: waiting for pending UART response ch=8 before next command
Publish failed
E (160469) MQTT: Publish failed
W (160469) TRANSPORT: No transport connected for broadcast
W (160469) MSG: Broadcast failed, falling back to MQTT
E (160470) MQTT: I (160470) CMD_U0: waiting for pending UART response ch=8 before next command
Publish failed
E (160489) MQTT: Publish failed
W (160489) TRANSPORT: No transport connected for broadcast
W (160489) MSG: Broadcast failed, falling back to MQTT
E (160490) MQTT: Publish failed
I (160490) CMD_U0: waiting for pending UART response ch=8 before next command
E (160510) MQTT: Publish failed
W (160510) TRANSPORT: No transport connected for broadcast
W (160510) MSG: Broadcast failed, falling back to MQTT
E (160511) MQTT: I (160511) CMD_U0: waiting for pending UART response ch=8 before next command
Publish failed
E (160530) MQTT: Publish failed
W (160530) TRANSPORT: No transport connected for broadcast
W (160530) MSG: Broadcast failed, falling back to MQTT
I (160531) CMD_U0: waiting for pending UART response ch=8 before next command
E (160531) MQTT: Publish failed
E (160550) MQTT: Publish failed
W (160550) TRANSPORT: No transport connected for broadcast
W (160550) MSG: Broadcast failed, falling back to MQTT
E (160551) MQTT: Publish failed
I (160551) CMD_U0: waiting for pending UART response ch=8 before next command
E (160564) MQTT: Publish failed
W (160564) TRANSPORT: No transport connected for broadcast
W (160564) MSG: Broadcast failed, falling back to MQTT
E (160564) MQTT: Publish failed
E (160570) MQTT: Publish failed
W (160570) TRANSPORT: No transport connected for broadcast
W (160570) MSG: Broadcast failed, falling back to MQTT
E (160571) MQTT: Publish failed
I (160572) CMD_U0: waiting for pending UART response ch=8 before next command
E (160591) MQTT: Publish failed
W (160591) TRANSPORT: No transport connected for broadcast
W (160591) MSG: Broadcast failed, falling back to MQTT
E (160592) MQTT: Publish failed
I (160593) CMD_U0: waiting for pending UART response ch=8 before next command
E (160616) MQTT: Publish failed
W (160616) TRANSPORT: No transport connected for broadcast
W (160616) MSG: Broadcast failed, falling back to MQTT
E (160617) MQTT: Publish failed
I (160619) CMD_U0: waiting for pending UART response ch=8 before next command
E (160642) MQTT: Publish failed
W (160642) TRANSPORT: No transport connected for broadcast
W (160642) MSG: Broadcast failed, falling back to MQTT
E (160643) MQTT: Publish failed
I (160645) CMD_U0: waiting for pending UART response ch=8 before next command
E (160667) MQTT: Publish failed
W (160667) TRANSPORT: No transport connected for broadcast
W (160667) MSG: Broadcast failed, falling back to MQTT
E (160668) MQTT: Publish failed
I (160671) CMD_U0: waiting for pending UART response ch=8 before next command
E (160692) MQTT: Publish failed
W (160692) TRANSPORT: No transport connected for broadcast
W (160692) MSG: Broadcast failed, falling back to MQTT
E (160693) MQTT: Publish failed
I (160696) CMD_U0: waiting for pending UART response ch=8 before next command
E (160717) MQTT: Publish failed
W (160717) TRANSPORT: No transport connected for broadcast
W (160717) MSG: Broadcast failed, falling back to MQTT
E (160718) MQTT: Publish failed
I (160721) CMD_U0: waiting for pending UART response ch=8 before next command
E (160743) MQTT: Publish failed
W (160743) TRANSPORT: No transport connected for broadcast
W (160743) MSG: Broadcast failed, falling back to MQTT
E (160744) MQTT: Publish failed
I (160747) CMD_U0: waiting for pending UART response ch=8 before next command
W (160758) RX_TASK: RX timeout slot1 type=1 reqID=0 (1001ms)
E (160759) MQTT: Publish failed
W (160759) TRANSPORT: No transport connected for broadcast
W (160759) MSG: Broadcast failed, falling back to MQTT
E (160759) MQTT: Publish failed
E (160768) MQTT: Publish failed
W (160768) TRANSPORT: No transport connected for broadcast
W (160768) MSG: Broadcast failed, falling back to MQTT
E (160769) MQTT: Publish failed
I (160773) CMD_U0: waiting for pending UART response ch=8 before next command
I (160776) CMD_U1: waiting for pending UART response ch=9 before next command
E (160793) MQTT: Publish failed
W (160793) TRANSPORT: No transport connected for broadcast
W (160793) MSG: Broadcast failed, falling back to MQTT
E (160794) MQTT: Publish failed
I (160798) CMD_U0: waiting for pending UART response ch=8 before next command
E (160819) MQTT: Publish failed
W (160819) TRANSPORT: No transport connected for broadcast
W (160819) MSG: Broadcast failed, falling back to MQTT
E (160820) MQTT: Publish failed
I (160823) CMD_U0: waiting for pending UART response ch=8 before next command
E (160844) MQTT: Publish failed
W (160844) TRANSPORT: No transport connected for broadcast
W (160844) MSG: Broadcast failed, falling back to MQTT
E (160845) MQTT: Publish failed
I (160848) CMD_U0: waiting for pending UART response ch=8 before next command
E (160869) MQTT: Publish failed
W (160869) TRANSPORT: No transport connected for broadcast
W (160869) MSG: Broadcast failed, falling back to MQTT
E (160870) MQTT: Publish failed
I (160874) CMD_U0: waiting for pending UART response ch=8 before next command
E (160895) MQTT: Publish failed
W (160895) TRANSPORT: No transport connected for broadcast
W (160895) MSG: Broadcast failed, falling back to MQTT
E (160896) MQTT: Publish failed
I (160900) CMD_U0: waiting for pending UART response ch=8 before next command
E (160920) MQTT: Publish failed
W (160920) TRANSPORT: No transport connected for broadcast
W (160920) MSG: Broadcast failed, falling back to MQTT
E (160921) MQTT: Publish failed
I (160921) CMD_U0: waiting for pending UART response ch=8 before next command
E (160941) MQTT: Publish failed
W (160941) TRANSPORT: No transport connected for broadcast
W (160942) MSG: Broadcast failed, falling back to MQTT
I (160943) CMD_U0: waiting for pending UART response ch=8 before next command
E (160943) MQTT: Publish failed
I (160968) CMD_U0: waiting for pending UART response ch=8 before next command
I (160993) CMD_U0: waiting for pending UART response ch=8 before next command
I (161004) SCHEDULER: Stats: samples=430 full=576 min_free=2
I (161018) CMD_U0: waiting for pending UART response ch=8 before next command
I (161039) CMD_U0: waiting for pending UART response ch=8 before next command
I (161064) CMD_U0: waiting for pending UART response ch=8 before next command
I (161090) CMD_U0: waiting for pending UART response ch=8 before next command
I (161116) CMD_U0: waiting for pending UART response ch=8 before next command
I (161141) CMD_U0: waiting for pending UART response ch=8 before next command
I (161167) CMD_U0: waiting for pending UART response ch=8 before next command
I (161192) CMD_U0: waiting for pending UART response ch=8 before next command
I (161217) CMD_U0: waiting for pending UART response ch=8 before next command
I (161242) CMD_U0: waiting for pending UART response ch=8 before next command
I (161267) CMD_U0: waiting for pending UART response ch=8 before next command
I (161293) CMD_U0: waiting for pending UART response ch=8 before next command
I (161319) CMD_U0: waiting for pending UART response ch=8 before next command
I (161344) CMD_U0: waiting for pending UART response ch=8 before next command
I (161369) CMD_U0: waiting for pending UART response ch=8 before next command
I (161394) CMD_U0: waiting for pending UART response ch=8 before next command
I (161419) CMD_U0: waiting for pending UART response ch=8 before next command
I (161445) CMD_U0: waiting for pending UART response ch=8 before next command
I (161470) CMD_U0: waiting for pending UART response ch=8 before next command
I (161495) CMD_U0: waiting for pending UART response ch=8 before next command
I (161520) CMD_U0: waiting for pending UART response ch=8 before next command
I (161545) CMD_U0: waiting for pending UART response ch=8 before next command
I (161571) CMD_U0: waiting for pending UART response ch=8 before next command
I (161596) CMD_U0: waiting for pending UART response ch=8 before next command
I (161621) CMD_U0: waiting for pending UART response ch=8 before next command
I (161646) CMD_U0: waiting for pending UART response ch=8 before next command
I (161666) CMD_U0: waiting for pending UART response ch=8 before next command
I (161687) CMD_U0: waiting for pending UART response ch=8 before next command
I (161712) CMD_U0: waiting for pending UART response ch=8 before next command
I (161733) CMD_U0: waiting for pending UART response ch=8 before next command
I (161758) CMD_U0: waiting for pending UART response ch=8 before next command
W (161760) RX_TASK: RX timeout slot1 type=1 reqID=0 (1001ms)
I (161778) CMD_U1: waiting for pending UART response ch=9 before next command
I (161783) CMD_U0: waiting for pending UART response ch=8 before next command
I (161804) CMD_U0: waiting for pending UART response ch=8 before next command
I (161830) CMD_U0: waiting for pending UART response ch=8 before next command
I (161855) CMD_U0: waiting for pending UART response ch=8 before next command
I (161880) CMD_U0: waiting for pending UART response ch=8 before next command
I (161906) CMD_U0: waiting for pending UART response ch=8 before next command
I (161931) CMD_U0: waiting for pending UART response ch=8 before next command
I (161957) CMD_U0: waiting for pending UART response ch=8 before next command
I (161982) CMD_U0: waiting for pending UART response ch=8 before next command
I (162008) CMD_U0: waiting for pending UART response ch=8 before next command
I (162033) CMD_U0: waiting for pending UART response ch=8 before next command
I (162059) CMD_U0: waiting for pending UART response ch=8 before next command
I (162084) CMD_U0: waiting for pending UART response ch=8 before next command
I (162110) CMD_U0: waiting for pending UART response ch=8 before next command
I (162136) CMD_U0: waiting for pending UART response ch=8 before next command
I (162161) CMD_U0: waiting for pending UART response ch=8 before next command
I (162186) CMD_U0: waiting for pending UART response ch=8 before next command
I (162212) CMD_U0: waiting for pending UART response ch=8 before next command
I (162233) CMD_U0: waiting for pending UART response ch=8 before next command
I (162253) CMD_U0: waiting for pending UART response ch=8 before next command
I (162279) CMD_U0: waiting for pending UART response ch=8 before next command
I (162299) CMD_U0: waiting for pending UART response ch=8 before next command
I (162320) CMD_U0: waiting for pending UART response ch=8 before next command
I (162340) CMD_U0: waiting for pending UART response ch=8 before next command
I (162361) CMD_U0: waiting for pending UART response ch=8 before next command
I (162386) CMD_U0: waiting for pending UART response ch=8 before next command
I (162395) RX_TASK: Stats: events=419 completions=429 report_drop=0 report_q_high=2
I (162406) CMD_U0: waiting for pending UART response ch=8 before next command
E (162425) MQTT: Publish failed
W (162425) TRANSPORT: No transport connected for broadcast
W (162425) MSG: Broadcast failed, falling back to MQTT
E (162426) MQTT: Publish failed
I (162427) CMD_U0: waiting for pending UART response ch=8 before next command
E (162450) MQTT: Publish failed
W (162450) TRANSPORT: No transport connected for broadcast
W (162450) MSG: Broadcast failed, falling back to MQTT
E (162451) MQTT: Publish failed
I (162452) CMD_U0: waiting for pending UART response ch=8 before next command
E (162471) MQTT: Publish failed
W (162471) TRANSPORT: No transport connected for broadcast
W (162471) MSG: Broadcast failed, falling back to MQTT
I (162472) CMD_U0: Stats: txn=419 err=0 (100%) no_ctx=0E (162472) MQTT: 
Publish failed
I (162472) CMD_U0: waiting for pending UART response ch=8 before next command
E (162491) MQTT: Publish failed
W (162491) TRANSPORT: No transport connected for broadcast
W (162491) MSG: Broadcast failed, falling back to MQTT
E (162492) MQTT: Publish failed
I (162493) CMD_U0: waiting for pending UART response ch=8 before next command
E (162517) MQTT: Publish failed
W (162517) TRANSPORT: No transport connected for broadcast
W (162517) MSG: Broadcast failed, falling back to MQTT
E (162518) MQTT: I (162518) CMD_U0: waiting for pending UART response ch=8 before next command
Publish failed
E (162537) MQTT: Publish failed
W (162537) TRANSPORT: No transport connected for broadcast
W (162537) MSG: Broadcast failed, falling back to MQTT
I (162538) CMD_U0: waiting for pending UART response ch=8 before next command
E (162538) MQTT: Publish failed
E (162557) MQTT: Publish failed
W (162557) TRANSPORT: No transport connected for broadcast
W (162557) MSG: Broadcast failed, falling back to MQTT
I (162558) CMD_U0: waiting for pending UART response ch=8 before next command
E (162558) MQTT: Publish failed
E (162564) MQTT: Publish failed
W (162564) TRANSPORT: No transport connected for broadcast
W (162564) MSG: Broadcast failed, falling back to MQTT
E (162564) MQTT: Publish failed
E (162577) MQTT: Publish failed
W (162577) TRANSPORT: No transport connected for broadcast
W (162577) MSG: Broadcast failed, falling back to MQTT
E (162578) MQTT: Publish failed
I (162578) CMD_U0: waiting for pending UART response ch=8 before next command
E (162598) MQTT: Publish failed
W (162598) TRANSPORT: No transport connected for broadcast
I (162599) CMD_U0: waiting for pending UART response ch=8 before next command
W (162599) MSG: Broadcast failed, falling back to MQTT
E (162600) MQTT: Publish failed
I (162619) CMD_U0: waiting for pending UART response ch=8 before next command
I (162639) CMD_U0: waiting for pending UART response ch=8 before next command
I (162665) CMD_U0: waiting for pending UART response ch=8 before next command
I (162686) CMD_U0: waiting for pending UART response ch=8 before next command
I (162711) CMD_U0: waiting for pending UART response ch=8 before next command
I (162738) CMD_U0: waiting for pending UART response ch=8 before next command
W (162762) RX_TASK: RX timeout slot1 type=1 reqID=0 (1001ms)
I (162763) CMD_U0: waiting for pending UART response ch=8 before next command
I (162780) CMD_U1: waiting for pending UART response ch=9 before next command
I (162788) CMD_U0: waiting for pending UART response ch=8 before next command
I (162814) CMD_U0: waiting for pending UART response ch=8 before next command
I (162839) CMD_U0: waiting for pending UART response ch=8 before next command
I (162864) CMD_U0: waiting for pending UART response ch=8 before next command
I (162889) CMD_U0: waiting for pending UART response ch=8 before next command
I (162915) CMD_U0: waiting for pending UART response ch=8 before next command
I (162940) CMD_U0: waiting for pending UART response ch=8 before next command
I (162965) CMD_U0: waiting for pending UART response ch=8 before next command
I (162991) CMD_U0: waiting for pending UART response ch=8 before next command
I (163017) CMD_U0: waiting for pending UART response ch=8 before next command
I (163043) CMD_U0: waiting for pending UART response ch=8 before next command
I (163068) CMD_U0: waiting for pending UART response ch=8 before next command
I (163094) CMD_U0: waiting for pending UART response ch=8 before next command
I (163119) CMD_U0: waiting for pending UART response ch=8 before next command
I (163144) CMD_U0: waiting for pending UART response ch=8 before next command
I (163169) CMD_U0: waiting for pending UART response ch=8 before next command
I (163194) CMD_U0: waiting for pending UART response ch=8 before next command
I (163220) CMD_U0: waiting for pending UART response ch=8 before next command
I (163246) CMD_U0: waiting for pending UART response ch=8 before next command
I (163271) CMD_U0: waiting for pending UART response ch=8 before next command
I (163296) CMD_U0: waiting for pending UART response ch=8 before next command
I (163321) CMD_U0: waiting for pending UART response ch=8 before next command
I (163346) CMD_U0: waiting for pending UART response ch=8 before next command
I (163371) CMD_U0: waiting for pending UART response ch=8 before next command
I (163396) CMD_U0: waiting for pending UART response ch=8 before next command
I (163421) CMD_U0: waiting for pending UART response ch=8 before next command
I (163446) CMD_U0: waiting for pending UART response ch=8 before next command
I (163472) CMD_U0: waiting for pending UART response ch=8 before next command
I (163497) CMD_U0: waiting for pending UART response ch=8 before next command
I (163522) CMD_U0: waiting for pending UART response ch=8 before next command
I (163548) CMD_U0: waiting for pending UART response ch=8 before next command
I (163574) CMD_U0: waiting for pending UART response ch=8 before next command
I (163600) CMD_U0: waiting for pending UART response ch=8 before next command
I (163625) CMD_U0: waiting for pending UART response ch=8 before next command
I (163651) CMD_U0: waiting for pending UART response ch=8 before next command
I (163676) CMD_U0: waiting for pending UART response ch=8 before next command
I (163701) CMD_U0: waiting for pending UART response ch=8 before next command
I (163727) CMD_U0: waiting for pending UART response ch=8 before next command
I (163753) CMD_U0: waiting for pending UART response ch=8 before next command
W (163765) RX_TASK: RX timeout slot1 type=1 reqID=0 (1001ms)
I (163779) CMD_U0: waiting for pending UART response ch=8 before next command
I (163803) CMD_U1: waiting for pending UART response ch=9 before next command
I (163805) CMD_U0: waiting for pending UART response ch=8 before next command
I (163831) CMD_U0: waiting for pending UART response ch=8 before next command
I (163856) CMD_U0: waiting for pending UART response ch=8 before next command
I (163882) CMD_U0: waiting for pending UART response ch=8 before next command
I (163908) CMD_U0: waiting for pending UART response ch=8 before next command
I (163934) CMD_U0: waiting for pending UART response ch=8 before next command
I (163959) CMD_U0: waiting for pending UART response ch=8 before next command
I (163984) CMD_U0: waiting for pending UART response ch=8 before next command
I (164004) CMD_U0: waiting for pending UART response ch=8 before next command
I (164025) CMD_U0: waiting for pending UART response ch=8 before next command
I (164045) CMD_U0: waiting for pending UART response ch=8 before next command
I (164065) CMD_U0: waiting for pending UART response ch=8 before next command
E (164085) MQTT: Publish failed
W (164085) TRANSPORT: No transport connected for broadcast
W (164085) MSG: Broadcast failed, falling back to MQTT
E (164086) MQTT: Publish failed
I (164086) CMD_U0: waiting for pending UART response ch=8 before next command
E (164105) MQTT: Publish failed
W (164105) TRANSPORT: No transport connected for broadcast
W (164105) MSG: Broadcast failed, falling back to MQTT
E (164106) MQTT: Publish failed
I (164107) CMD_U0: waiting for pending UART response ch=8 before next command
E (164130) MQTT: Publish failed
W (164130) TRANSPORT: No transport connected for broadcast
W (164130) MSG: Broadcast failed, falling back to MQTT
E (164131) MQTT: Publish failed
I (164132) CMD_U0: waiting for pending UART response ch=8 before next command
E (164155) MQTT: Publish failed
W (164155) TRANSPORT: No transport connected for broadcast
W (164155) MSG: Broadcast failed, falling back to MQTT
E (164156) MQTT: Publish failed
I (164158) CMD_U0: waiting for pending UART response ch=8 before next command
E (164181) MQTT: Publish failed
W (164181) TRANSPORT: No transport connected for broadcast
W (164181) MSG: Broadcast failed, falling back to MQTT
E (164182) MQTT: Publish failed
I (164184) CMD_U0: waiting for pending UART response ch=8 before next command
E (164207) MQTT: Publish failed
W (164207) TRANSPORT: No transport connected for broadcast
W (164207) MSG: Broadcast failed, falling back to MQTT
E (164208) MQTT: Publish failed
I (164210) CMD_U0: waiting for pending UART response ch=8 before next command
E (164232) MQTT: Publish failed
W (164232) TRANSPORT: No transport connected for broadcast
W (164232) MSG: Broadcast failed, falling back to MQTT
E (164233) MQTT: Publish failed
I (164235) CMD_U0: waiting for pending UART response ch=8 before next command
E (164258) MQTT: Publish failed
W (164258) TRANSPORT: No transport connected for broadcast
W (164258) MSG: Broadcast failed, falling back to MQTT
E (164259) MQTT: Publish failed
I (164261) CMD_U0: waiting for pending UART response ch=8 before next command
I (164287) CMD_U0: waiting for pending UART response ch=8 before next command
I (164312) CMD_U0: waiting for pending UART response ch=8 before next command
I (164338) CMD_U0: waiting for pending UART response ch=8 before next command
I (164363) CMD_U0: waiting for pending UART response ch=8 before next command
I (164384) CMD_U0: waiting for pending UART response ch=8 before next command
I (164409) CMD_U0: waiting for pending UART response ch=8 before next command
I (164434) CMD_U0: waiting for pending UART response ch=8 before next command
I (164454) CMD_U0: waiting for pending UART response ch=8 before next command
I (164475) CMD_U0: waiting for pending UART response ch=8 before next command
I (164500) CMD_U0: waiting for pending UART response ch=8 before next command
I (164520) CMD_U0: waiting for pending UART response ch=8 before next command
I (164540) CMD_U0: waiting for pending UART response ch=8 before next command
I (164565) CMD_U0: waiting for pending UART response ch=8 before next command
E (164585) MQTT: Publish failed
W (164585) TRANSPORT: No transport connected for broadcast
W (164585) MSG: Broadcast failed, falling back to MQTT
E (164586) MQTT: Publish failed
I (164590) CMD_U0: waiting for pending UART response ch=8 before next command
E (164610) MQTT: Publish failed
W (164610) TRANSPORT: No transport connected for broadcast
W (164610) MSG: Broadcast failed, falling back to MQTT
E (164611) MQTT: Publish failed
I (164615) CMD_U0: waiting for pending UART response ch=8 before next command
E (164636) MQTT: Publish failed
W (164636) TRANSPORT: No transport connected for broadcast
W (164636) MSG: Broadcast failed, falling back to MQTT
E (164637) MQTT: Publish failed
I (164640) CMD_U0: waiting for pending UART response ch=8 before next command
E (164661) MQTT: Publish failed
W (164661) TRANSPORT: No transport connected for broadcast
W (164661) MSG: Broadcast failed, falling back to MQTT
E (164662) MQTT: Publish failed
I (164666) CMD_U0: waiting for pending UART response ch=8 before next command
E (164686) MQTT: Publish failed
W (164686) TRANSPORT: No transport connected for broadcast
W (164686) MSG: Broadcast failed, falling back to MQTT
E (164687) MQTT: Publish failed
I (164687) CMD_U0: waiting for pending UART response ch=8 before next command
E (164707) MQTT: Publish failed
W (164707) TRANSPORT: No transport connected for broadcast
W (164707) MSG: Broadcast failed, falling back to MQTT
E (164708) MQTT: Publish failed
I (164712) CMD_U0: waiting for pending UART response ch=8 before next command
E (164732) MQTT: Publish failed
W (164732) TRANSPORT: No transport connected for broadcast
W (164732) MSG: Broadcast failed, falling back to MQTT
I (164733) CMD_U0: waiting for pending UART response ch=8 before next command
E (164733) MQTT: Publish failed
E (164752) MQTT: Publish failed
W (164752) TRANSPORT: No transport connected for broadcast
W (164752) MSG: Broadcast failed, falling back to MQTT
E (164753) MQTT: Publish failed
I (164753) CMD_U0: waiting for pending UART response ch=8 before next command
E (164773) MQTT: Publish failed
W (164773) TRANSPORT: No transport connected for broadcast
W (164773) MSG: Broadcast failed, falling back to MQTT
E (164774) MQTT: Publish failed
I (164774) CMD_U0: waiting for pending UART response ch=8 before next command
W (164787) RX_TASK: RX timeout slot1 type=1 reqID=0 (1001ms)
E (164788) MQTT: Publish failed
W (164788) TRANSPORT: No transport connected for broadcast
W (164788) MSG: Broadcast failed, falling back to MQTT
E (164789) MQTT: Publish failed
E (164794) MQTT: Publish failed
W (164794) TRANSPORT: No transport connected for broadcast
W (164794) MSG: Broadcast failed, falling back to MQTT
E (164794) MQTT: Publish failed
I (164795) CMD_U0: waiting for pending UART response ch=8 before next command
I (164805) CMD_U1: Stats: txn=10 err=0 (100%) no_ctx=0
I (164805) CMD_U1: waiting for pending UART response ch=9 before next command
E (164818) MQTT: Publish failed
W (164818) TRANSPORT: No transport connected for broadcast
W (164818) MSG: Broadcast failed, falling back to MQTT
E (164819) MQTT: Publish failed
I (164820) CMD_U0: waiting for pending UART response ch=8 before next command
E (164843) MQTT: Publish failed
W (164843) TRANSPORT: No transport connected for broadcast
W (164843) MSG: Broadcast failed, falling back to MQTT
E (164844) MQTT: Publish failed
I (164845) CMD_U0: waiting for pending UART response ch=8 before next command
E (164864) MQTT: Publish failed
W (164864) TRANSPORT: No transport connected for broadcast
W (164864) MSG: Broadcast failed, falling back to MQTT
E (164865) MQTT: I (164865) CMD_U0: waiting for pending UART response ch=8 before next command
Publish failed
E (164884) MQTT: Publish failed
W (164884) TRANSPORT: No transport connected for broadcast
W (164884) MSG: Broadcast failed, falling back to MQTT
E (164885) MQTT: Publish failedI (164885) CMD_U0: waiting for pending UART response ch=8 before next command

E (164904) MQTT: Publish failed
W (164904) TRANSPORT: No transport connected for broadcast
W (164904) MSG: Broadcast failed, falling back to MQTT
E (164905) MQTT: Publish failedI (164905) CMD_U0: waiting for pending UART response ch=8 before next command

E (164925) MQTT: Publish failed
I (164926) CMD_U0: waiting for pending UART response ch=8 before next command
W (164926) TRANSPORT: No transport connected for broadcast
W (164926) MSG: Broadcast failed, falling back to MQTT
E (164927) MQTT: Publish failed
E (164945) MQTT: Publish failed
W (164945) TRANSPORT: No transport connected for broadcast
W (164945) MSG: Broadcast failed, falling back to MQTT
I (164946) CMD_U0: E (164946) MQTT: waiting for pending UART response ch=8 before next command
Publish failed
E (164965) MQTT: Publish failed
W (164965) TRANSPORT: No transport connected for broadcast
W (164965) MSG: Broadcast failed, falling back to MQTT
E (164966) MQTT: Publish failed
I (164966) CMD_U0: waiting for pending UART response ch=8 before next command
E (164985) MQTT: Publish failed
W (164985) TRANSPORT: No transport connected for broadcast
W (164985) MSG: Broadcast failed, falling back to MQTT
E (164986) MQTT: Publish failed
I (164987) CMD_U0: waiting for pending UART response ch=8 before next command
E (165005) MQTT: Publish failed
W (165005) TRANSPORT: No transport connected for broadcast
W (165006) MSG: Broadcast failed, falling back to MQTT
E (165006) MQTT: Publish failed
E (165008) MQTT: Publish failed
I (165008) CMD_U0: waiting for pending UART response ch=8 before next command
W (165008) TRANSPORT: No transport connected for broadcast
W (165009) MSG: Broadcast failed, falling back to MQTT
E (165009) MQTT: Publish failed
E (165031) MQTT: Publish failed
W (165031) TRANSPORT: No transport connected for broadcast
W (165031) MSG: Broadcast failed, falling back to MQTT
E (165032) MQTT: Publish failed
I (165033) CMD_U0: waiting for pending UART response ch=8 before next command
E (165056) MQTT: Publish failed
W (165056) TRANSPORT: No transport connected for broadcast
W (165056) MSG: Broadcast failed, falling back to MQTT
E (165057) MQTT: Publish failed
I (165059) CMD_U0: waiting for pending UART response ch=8 before next command
E (165082) MQTT: Publish failed
W (165082) TRANSPORT: No transport connected for broadcast
W (165082) MSG: Broadcast failed, falling back to MQTT
E (165083) MQTT: Publish failed
I (165084) CMD_U0: waiting for pending UART response ch=8 before next command
E (165107) MQTT: Publish failed
W (165107) TRANSPORT: No transport connected for broadcast
W (165107) MSG: Broadcast failed, falling back to MQTT
E (165108) MQTT: Publish failed
I (165110) CMD_U0: waiting for pending UART response ch=8 before next command
E (165132) MQTT: Publish failed
W (165132) TRANSPORT: No transport connected for broadcast
W (165132) MSG: Broadcast failed, falling back to MQTT
E (165133) MQTT: Publish failed
I (165136) CMD_U0: waiting for pending UART response ch=8 before next command
E (165158) MQTT: Publish failed
W (165158) TRANSPORT: No transport connected for broadcast
W (165158) MSG: Broadcast failed, falling back to MQTT
E (165159) MQTT: Publish failed
I (165161) CMD_U0: waiting for pending UART response ch=8 before next command
E (165183) MQTT: Publish failed
W (165183) TRANSPORT: No transport connected for broadcast
W (165183) MSG: Broadcast failed, falling back to MQTT
E (165184) MQTT: Publish failed
I (165187) CMD_U0: waiting for pending UART response ch=8 before next command
E (165209) MQTT: Publish failed
W (165209) TRANSPORT: No transport connected for broadcast
W (165209) MSG: Broadcast failed, falling back to MQTT
E (165210) MQTT: Publish failed
I (165213) CMD_U0: waiting for pending UART response ch=8 before next command
E (165234) MQTT: Publish failed
W (165234) TRANSPORT: No transport connected for broadcast
W (165234) MSG: Broadcast failed, falling back to MQTT
E (165235) MQTT: Publish failed
I (165239) CMD_U0: waiting for pending UART response ch=8 before next command
E (165260) MQTT: Publish failed
W (165260) TRANSPORT: No transport connected for broadcast
W (165260) MSG: Broadcast failed, falling back to MQTT
E (165261) MQTT: Publish failed
I (165264) CMD_U0: waiting for pending UART response ch=8 before next command
E (165285) MQTT: Publish failed
W (165285) TRANSPORT: No transport connected for broadcast
I (165285) CMD_U0: waiting for pending UART response ch=8 before next command
W (165286) MSG: Broadcast failed, falling back to MQTT
E (165286) MQTT: Publish failed
E (165306) MQTT: Publish failed
W (165306) TRANSPORT: No transport connected for broadcast
W (165306) MSG: Broadcast failed, falling back to MQTT
E (165307) MQTT: Publish failed
I (165311) CMD_U0: waiting for pending UART response ch=8 before next command
E (165331) MQTT: Publish failed
W (165331) TRANSPORT: No transport connected for broadcast
W (165331) MSG: Broadcast failed, falling back to MQTT
E (165332) MQTT: I (165332) CMD_U0: waiting for pending UART response ch=8 before next command
Publish failed
E (165351) MQTT: Publish failed
W (165351) TRANSPORT: No transport connected for broadcast
W (165351) MSG: Broadcast failed, falling back to MQTT
I (165352) CMD_U0: waiting for pending UART response ch=8 before next command
E (165352) MQTT: Publish failed
E (165371) MQTT: Publish failed
W (165371) TRANSPORT: No transport connected for broadcast
W (165371) MSG: Broadcast failed, falling back to MQTT
E (165372) MQTT: Publish failed
I (165372) CMD_U0: waiting for pending UART response ch=8 before next command
E (165392) MQTT: Publish failed
W (165392) TRANSPORT: No transport connected for broadcast
I (165393) CMD_U0: waiting for pending UART response ch=8 before next command
W (165393) MSG: Broadcast failed, falling back to MQTT
E (165394) MQTT: Publish failed
I (165413) CMD_U0: waiting for pending UART response ch=8 before next command
I (165433) CMD_U0: waiting for pending UART response ch=8 before next command
I (165454) CMD_U0: waiting for pending UART response ch=8 before next command
I (165474) CMD_U0: waiting for pending UART response ch=8 before next command
I (165501) CMD_U0: waiting for pending UART response ch=8 before next command
I (165526) CMD_U0: waiting for pending UART response ch=8 before next command
I (165552) CMD_U0: waiting for pending UART response ch=8 before next command
I (165578) CMD_U0: waiting for pending UART response ch=8 before next command
I (165603) CMD_U0: waiting for pending UART response ch=8 before next command
I (165629) CMD_U0: waiting for pending UART response ch=8 before next command
I (165655) CMD_U0: waiting for pending UART response ch=8 before next command
I (165680) CMD_U0: waiting for pending UART response ch=8 before next command
I (165705) CMD_U0: waiting for pending UART response ch=8 before next command
I (165731) CMD_U0: waiting for pending UART response ch=8 before next command
I (165757) CMD_U0: waiting for pending UART response ch=8 before next command
I (165782) CMD_U0: waiting for pending UART response ch=8 before next command
W (165789) RX_TASK: RX timeout slot1 type=1 reqID=0 (1001ms)
I (165808) CMD_U0: waiting for pending UART response ch=8 before next command
I (165828) CMD_U1: waiting for pending UART response ch=9 before next command
I (165829) CMD_U0: waiting for pending UART response ch=8 before next command
I (165849) CMD_U0: waiting for pending UART response ch=8 before next command
I (165875) CMD_U0: waiting for pending UART response ch=8 before next command
I (165900) CMD_U0: waiting for pending UART response ch=8 before next command
I (165920) CMD_U0: waiting for pending UART response ch=8 before next command
I (165940) CMD_U0: waiting for pending UART response ch=8 before next command
I (165965) CMD_U0: waiting for pending UART response ch=8 before next command
I (165986) CMD_U0: waiting for pending UART response ch=8 before next command
I (166006) CMD_U0: waiting for pending UART response ch=8 before next command
I (166031) CMD_U0: waiting for pending UART response ch=8 before next command
I (166053) CMD_U0: waiting for pending UART response ch=8 before next command
I (166078) CMD_U0: waiting for pending UART response ch=8 before next command
I (166104) CMD_U0: waiting for pending UART response ch=8 before next command
I (166129) CMD_U0: waiting for pending UART response ch=8 before next command
I (166154) CMD_U0: waiting for pending UART response ch=8 before next command
I (166180) CMD_U0: waiting for pending UART response ch=8 before next command
I (166200) CMD_U0: waiting for pending UART response ch=8 before next command
E (166219) MQTT: Publish failed
W (166219) TRANSPORT: No transport connected for broadcast
W (166219) MSG: Broadcast failed, falling back to MQTT
E (166220) MQTT: I (166220) CMD_U0: waiting for pending UART response ch=8 before next commandPublish failed

E (166240) MQTT: Publish failed
W (166240) TRANSPORT: No transport connected for broadcast
W (166240) MSG: Broadcast failed, falling back to MQTT
E (166241) MQTT: Publish failed
I (166245) CMD_U0: waiting for pending UART response ch=8 before next command
E (166265) MQTT: Publish failed
W (166265) TRANSPORT: No transport connected for broadcast
W (166265) MSG: Broadcast failed, falling back to MQTT
E (166266) MQTT: Publish failed
I (166266) CMD_U0: waiting for pending UART response ch=8 before next command
E (166285) MQTT: Publish failed
W (166285) TRANSPORT: No transport connected for broadcast
W (166285) MSG: Broadcast failed, falling back to MQTT
E (166286) MQTT: Publish failed
I (166287) CMD_U0: waiting for pending UART response ch=8 before next command
E (166310) MQTT: Publish failed
W (166310) TRANSPORT: No transport connected for broadcast
W (166310) MSG: Broadcast failed, falling back to MQTT
E (166311) MQTT: Publish failed
I (166312) CMD_U0: waiting for pending UART response ch=8 before next command
E (166336) MQTT: Publish failed
W (166336) TRANSPORT: No transport connected for broadcast
W (166336) MSG: Broadcast failed, falling back to MQTT
E (166337) MQTT: Publish failed
I (166337) CMD_U0: waiting for pending UART response ch=8 before next command
E (166361) MQTT: Publish failed
W (166361) TRANSPORT: No transport connected for broadcast
W (166361) MSG: Broadcast failed, falling back to MQTT
E (166362) MQTT: Publish failed
I (166363) CMD_U0: waiting for pending UART response ch=8 before next command
E (166386) MQTT: Publish failed
W (166386) TRANSPORT: No transport connected for broadcast
W (166386) MSG: Broadcast failed, falling back to MQTT
E (166387) MQTT: Publish failed
I (166389) CMD_U0: waiting for pending UART response ch=8 before next command
E (166412) MQTT: Publish failed
W (166412) TRANSPORT: No transport connected for broadcast
W (166412) MSG: Broadcast failed, falling back to MQTT
E (166413) MQTT: Publish failed
I (166414) CMD_U0: waiting for pending UART response ch=8 before next command
E (166437) MQTT: Publish failed
W (166437) TRANSPORT: No transport connected for broadcast
W (166437) MSG: Broadcast failed, falling back to MQTT
E (166438) MQTT: Publish failed
I (166440) CMD_U0: waiting for pending UART response ch=8 before next command
E (166462) MQTT: Publish failed
W (166462) TRANSPORT: No transport connected for broadcast
W (166463) MSG: Broadcast failed, falling back to MQTT
E (166463) MQTT: Publish failed
I (166466) CMD_U0: waiting for pending UART response ch=8 before next command
E (166488) MQTT: Publish failed
W (166488) TRANSPORT: No transport connected for broadcast
W (166488) MSG: Broadcast failed, falling back to MQTT
E (166489) MQTT: Publish failed
I (166492) CMD_U0: waiting for pending UART response ch=8 before next command
E (166513) MQTT: Publish failed
W (166513) TRANSPORT: No transport connected for broadcast
I (166513) CMD_U0: waiting for pending UART response ch=8 before next command
W (166513) MSG: Broadcast failed, falling back to MQTT
E (166514) MQTT: Publish failed
E (166533) MQTT: Publish failed
W (166533) TRANSPORT: No transport connected for broadcast
W (166533) MSG: Broadcast failed, falling back to MQTT
E (166534) MQTT: Publish failed
I (166534) CMD_U0: waiting for pending UART response ch=8 before next command
E (166554) MQTT: Publish failed
W (166554) TRANSPORT: No transport connected for broadcast
W (166554) MSG: Broadcast failed, falling back to MQTT
E (166555) MQTT: Publish failed
I (166555) CMD_U0: waiting for pending UART response ch=8 before next command
E (166564) MQTT: Publish failed
W (166564) TRANSPORT: No transport connected for broadcast
W (166565) MSG: Broadcast failed, falling back to MQTT
E (166565) MQTT: Publish failed
E (166575) MQTT: Publish failed
W (166575) TRANSPORT: No transport connected for broadcast
W (166575) MSG: Broadcast failed, falling back to MQTT
E (166576) MQTT: Publish failed
I (166576) CMD_U0: waiting for pending UART response ch=8 before next command
E (166599) MQTT: Publish failed
W (166599) TRANSPORT: No transport connected for broadcast
W (166599) MSG: Broadcast failed, falling back to MQTT
E (166600) MQTT: Publish failed
I (166601) CMD_U0: waiting for pending UART response ch=8 before next command
E (166625) MQTT: Publish failed
W (166625) TRANSPORT: No transport connected for broadcast
W (166625) MSG: Broadcast failed, falling back to MQTT
E (166626) MQTT: Publish failed
I (166627) CMD_U0: waiting for pending UART response ch=8 before next command
E (166650) MQTT: Publish failed
W (166650) TRANSPORT: No transport connected for broadcast
W (166650) MSG: Broadcast failed, falling back to MQTT
E (166651) MQTT: Publish failed
I (166653) CMD_U0: waiting for pending UART response ch=8 before next command
E (166675) MQTT: Publish failed
W (166675) TRANSPORT: No transport connected for broadcast
W (166675) MSG: Broadcast failed, falling back to MQTT
E (166676) MQTT: Publish failed
I (166678) CMD_U0: waiting for pending UART response ch=8 before next command
E (166701) MQTT: Publish failed
W (166701) TRANSPORT: No transport connected for broadcast
W (166701) MSG: Broadcast failed, falling back to MQTT
E (166702) MQTT: Publish failed
I (166703) CMD_U0: waiting for pending UART response ch=8 before next command
E (166726) MQTT: Publish failed
W (166726) TRANSPORT: No transport connected for broadcast
W (166726) MSG: Broadcast failed, falling back to MQTT
E (166727) MQTT: Publish failed
I (166728) CMD_U0: waiting for pending UART response ch=8 before next command
E (166751) MQTT: Publish failed
W (166751) TRANSPORT: No transport connected for broadcast
W (166751) MSG: Broadcast failed, falling back to MQTT
E (166752) MQTT: Publish failed
I (166754) CMD_U0: waiting for pending UART response ch=8 before next command
E (166776) MQTT: Publish failed
W (166777) TRANSPORT: No transport connected for broadcast
W (166777) MSG: Broadcast failed, falling back to MQTT
E (166777) MQTT: Publish failed
I (166780) CMD_U0: waiting for pending UART response ch=8 before next command
I (166805) CMD_U0: waiting for pending UART response ch=8 before next command
W (166812) RX_TASK: RX timeout slot1 type=1 reqID=0 (1001ms)
I (166830) CMD_U1: waiting for pending UART response ch=9 before next command
I (166831) CMD_U0: waiting for pending UART response ch=8 before next command
I (166856) CMD_U0: waiting for pending UART response ch=8 before next command
I (166881) CMD_U0: waiting for pending UART response ch=8 before next command
I (166906) CMD_U0: waiting for pending UART response ch=8 before next command
I (166931) CMD_U0: waiting for pending UART response ch=8 before next command
I (166957) CMD_U0: waiting for pending UART response ch=8 before next command
I (166982) CMD_U0: waiting for pending UART response ch=8 before next command
E (167001) MQTT: Publish failed
W (167001) TRANSPORT: No transport connected for broadcast
W (167001) MSG: Broadcast failed, falling back to MQTT
I (167002) CMD_U0: waiting for pending UART response ch=8 before next command
E (167002) MQTT: Publish failed
E (167013) MQTT: Publish failed
W (167013) TRANSPORT: No transport connected for broadcast
W (167013) MSG: Broadcast failed, falling back to MQTT
E (167014) MQTT: Publish failed
E (167021) MQTT: Publish failed
W (167021) TRANSPORT: No transport connected for broadcast
W (167021) MSG: Broadcast failed, falling back to MQTT
E (167022) MQTT: Publish failed
I (167022) CMD_U0: waiting for pending UART response ch=8 before next command
E (167042) MQTT: Publish failed
W (167042) TRANSPORT: No transport connected for broadcast
W (167042) MSG: Broadcast failed, falling back to MQTT
E (167043) MQTT: Publish failed
I (167047) CMD_U0: waiting for pending UART response ch=8 before next command
E (167067) MQTT: Publish failed
W (167067) TRANSPORT: No transport connected for broadcast
W (167067) MSG: Broadcast failed, falling back to MQTT
I (167068) CMD_U0: waiting for pending UART response ch=8 before next command
E (167068) MQTT: Publish failed
E (167088) MQTT: Publish failed
W (167088) TRANSPORT: No transport connected for broadcast
W (167088) MSG: Broadcast failed, falling back to MQTT
E (167089) MQTT: Publish failed
I (167093) CMD_U0: waiting for pending UART response ch=8 before next command
E (167112) MQTT: Publish failed
W (167112) TRANSPORT: No transport connected for broadcast
W (167112) MSG: Broadcast failed, falling back to MQTT
E (167113) MQTT: Publish failed
I (167113) CMD_U0: waiting for pending UART response ch=8 before next command
E (167133) MQTT: Publish failed
W (167133) TRANSPORT: No transport connected for broadcast
W (167133) MSG: Broadcast failed, falling back to MQTT
I (167134) CMD_U0: waiting for pending UART response ch=8 before next command
E (167134) MQTT: Publish failed
E (167153) MQTT: Publish failed
W (167153) TRANSPORT: No transport connected for broadcast
W (167153) MSG: Broadcast failed, falling back to MQTT
E (167154) MQTT: Publish failed
I (167154) CMD_U0: waiting for pending UART response ch=8 before next command
E (167173) MQTT: Publish failed
W (167173) TRANSPORT: No transport connected for broadcast
W (167173) MSG: Broadcast failed, falling back to MQTT
E (167174) MQTT: Publish failed
I (167175) CMD_U0: waiting for pending UART response ch=8 before next command
E (167194) MQTT: Publish failed
W (167194) TRANSPORT: No transport connected for broadcast
W (167194) MSG: Broadcast failed, falling back to MQTT
E (167195) MQTT: Publish failed
I (167196) CMD_U0: waiting for pending UART response ch=8 before next command
E (167219) MQTT: Publish failed
W (167219) TRANSPORT: No transport connected for broadcast
W (167219) MSG: Broadcast failed, falling back to MQTT
E (167220) MQTT: Publish failed
I (167221) CMD_U0: waiting for pending UART response ch=8 before next command
E (167244) MQTT: Publish failed
W (167244) TRANSPORT: No transport connected for broadcast
W (167244) MSG: Broadcast failed, falling back to MQTT
E (167245) MQTT: Publish failed
I (167247) CMD_U0: waiting for pending UART response ch=8 before next command
E (167270) MQTT: Publish failed
W (167270) TRANSPORT: No transport connected for broadcast
W (167270) MSG: Broadcast failed, falling back to MQTT
E (167271) MQTT: Publish failed
I (167273) CMD_U0: waiting for pending UART response ch=8 before next command
E (167295) MQTT: Publish failed
W (167295) TRANSPORT: No transport connected for broadcast
W (167295) MSG: Broadcast failed, falling back to MQTT
E (167296) MQTT: Publish failed
I (167299) CMD_U0: waiting for pending UART response ch=8 before next command
E (167320) MQTT: Publish failed
W (167320) TRANSPORT: No transport connected for broadcast
I (167320) CMD_U0: waiting for pending UART response ch=8 before next command
W (167321) MSG: Broadcast failed, falling back to MQTT
E (167321) MQTT: Publish failed
E (167341) MQTT: Publish failed
W (167341) TRANSPORT: No transport connected for broadcast
W (167341) MSG: Broadcast failed, falling back to MQTT
E (167342) MQTT: Publish failed
I (167346) CMD_U0: waiting for pending UART response ch=8 before next command
E (167366) MQTT: Publish failed
W (167366) TRANSPORT: No transport connected for broadcast
W (167366) MSG: Broadcast failed, falling back to MQTT
E (167367) MQTT: Publish failed
I (167371) CMD_U0: waiting for pending UART response ch=8 before next command
E (167391) MQTT: Publish failed
W (167391) TRANSPORT: No transport connected for broadcast
W (167391) MSG: Broadcast failed, falling back to MQTT
E (167392) MQTT: Publish failed
I (167396) CMD_U0: waiting for pending UART response ch=8 before next command
E (167417) MQTT: Publish failed
W (167417) TRANSPORT: No transport connected for broadcast
W (167417) MSG: Broadcast failed, falling back to MQTT
E (167418) MQTT: Publish failed
I (167421) CMD_U0: waiting for pending UART response ch=8 before next command
E (167442) MQTT: Publish failed
W (167442) TRANSPORT: No transport connected for broadcast
W (167442) MSG: Broadcast failed, falling back to MQTT
E (167443) MQTT: Publish failed
I (167446) CMD_U0: waiting for pending UART response ch=8 before next command
E (167467) MQTT: Publish failed
W (167467) TRANSPORT: No transport connected for broadcast
W (167467) MSG: Broadcast failed, falling back to MQTT
E (167468) MQTT: Publish failed
I (167471) CMD_U0: waiting for pending UART response ch=8 before next command
E (167493) MQTT: Publish failed
W (167493) TRANSPORT: No transport connected for broadcast
W (167493) MSG: Broadcast failed, falling back to MQTT
E (167494) MQTT: Publish failed
I (167496) CMD_U0: waiting for pending UART response ch=8 before next command
E (167518) MQTT: Publish failed
W (167518) TRANSPORT: No transport connected for broadcast
W (167518) MSG: Broadcast failed, falling back to MQTT
E (167519) MQTT: Publish failed
I (167522) CMD_U0: waiting for pending UART response ch=8 before next command
E (167543) MQTT: Publish failed
W (167543) TRANSPORT: No transport connected for broadcast
W (167543) MSG: Broadcast failed, falling back to MQTT
E (167544) MQTT: Publish failed
I (167548) CMD_U0: waiting for pending UART response ch=8 before next command
E (167564) MQTT: Publish failed
W (167564) TRANSPORT: No transport connected for broadcast
W (167564) MSG: Broadcast failed, falling back to MQTT
E (167564) MQTT: Publish failed
E (167569) MQTT: Publish failed
W (167569) TRANSPORT: No transport connected for broadcast
W (167569) MSG: Broadcast failed, falling back to MQTT
E (167569) MQTT: Publish failed
I (167573) CMD_U0: waiting for pending UART response ch=8 before next command
E (167595) MQTT: Publish failed
W (167595) TRANSPORT: No transport connected for broadcast
W (167596) MSG: Broadcast failed, falling back to MQTT
E (167596) MQTT: Publish failed
I (167598) CMD_U0: waiting for pending UART response ch=8 before next command
E (167619) MQTT: Publish failed
W (167619) TRANSPORT: No transport connected for broadcast
W (167619) MSG: Broadcast failed, falling back to MQTT
E (167620) MQTT: Publish failed
I (167623) CMD_U0: waiting for pending UART response ch=8 before next command
E (167645) MQTT: Publish failed
W (167645) TRANSPORT: No transport connected for broadcast
W (167645) MSG: Broadcast failed, falling back to MQTT
E (167646) MQTT: Publish failed
I (167649) CMD_U0: waiting for pending UART response ch=8 before next command
E (167670) MQTT: Publish failed
W (167670) TRANSPORT: No transport connected for broadcast
I (167670) CMD_U0: waiting for pending UART response ch=8 before next command
W (167670) MSG: Broadcast failed, falling back to MQTT
E (167671) MQTT: Publish failed
I (167691) CMD_U0: waiting for pending UART response ch=8 before next command
E (167690) MQTT: Publish failed
W (167691) TRANSPORT: No transport connected for broadcast
W (167692) MSG: Broadcast failed, falling back to MQTT
E (167692) MQTT: Publish failed
E (167711) MQTT: Publish failed
W (167711) TRANSPORT: No transport connected for broadcast
W (167711) MSG: Broadcast failed, falling back to MQTT
E (167712) MQTT: Publish failed
I (167716) CMD_U0: waiting for pending UART response ch=8 before next command
E (167736) MQTT: Publish failed
W (167736) TRANSPORT: No transport connected for broadcast
W (167736) MSG: Broadcast failed, falling back to MQTT
E (167737) MQTT: Publish failed
I (167737) CMD_U0: waiting for pending UART response ch=8 before next command
E (167761) MQTT: Publish failed
W (167761) TRANSPORT: No transport connected for broadcast
W (167761) MSG: Broadcast failed, falling back to MQTT
E (167762) MQTT: Publish failed
I (167763) CMD_U0: waiting for pending UART response ch=8 before next command
E (167787) MQTT: Publish failed
W (167787) TRANSPORT: No transport connected for broadcast
W (167787) MSG: Broadcast failed, falling back to MQTT
E (167788) MQTT: Publish failed
I (167789) CMD_U0: waiting for pending UART response ch=8 before next command
E (167812) MQTT: Publish failed
W (167812) TRANSPORT: No transport connected for broadcast
W (167812) MSG: Broadcast failed, falling back to MQTT
E (167813) MQTT: Publish failed
W (167814) RX_TASK: RX timeout slot1 type=1 reqID=0 (1001ms)
I (167815) CMD_U0: waiting for pending UART response ch=8 before next command
I (167832) CMD_U1: waiting for pending UART response ch=9 before next command
E (167837) MQTT: Publish failed
W (167837) TRANSPORT: No transport connected for broadcast
W (167837) MSG: Broadcast failed, falling back to MQTT
E (167838) MQTT: Publish failed
I (167841) CMD_U0: waiting for pending UART response ch=8 before next command
E (167863) MQTT: Publish failed
W (167863) TRANSPORT: No transport connected for broadcast
W (167864) MSG: Broadcast failed, falling back to MQTT
E (167864) MQTT: Publish failed
I (167866) CMD_U0: waiting for pending UART response ch=8 before next command
I (167892) CMD_U0: waiting for pending UART response ch=8 before next command
I (167918) CMD_U0: waiting for pending UART response ch=8 before next command
I (167943) CMD_U0: waiting for pending UART response ch=8 before next command
I (167968) CMD_U0: waiting for pending UART response ch=8 before next command
I (167993) CMD_U0: waiting for pending UART response ch=8 before next command
I (168018) CMD_U0: waiting for pending UART response ch=8 before next command
I (168043) CMD_U0: waiting for pending UART response ch=8 before next command
I (168069) CMD_U0: waiting for pending UART response ch=8 before next command
I (168094) CMD_U0: waiting for pending UART response ch=8 before next command
I (168120) CMD_U0: waiting for pending UART response ch=8 before next command
I (168146) CMD_U0: waiting for pending UART response ch=8 before next command
I (168171) CMD_U0: waiting for pending UART response ch=8 before next command
I (168196) CMD_U0: waiting for pending UART response ch=8 before next command
I (168221) CMD_U0: waiting for pending UART response ch=8 before next command
I (168247) CMD_U0: waiting for pending UART response ch=8 before next command
I (168273) CMD_U0: waiting for pending UART response ch=8 before next command
I (168298) CMD_U0: waiting for pending UART response ch=8 before next command
I (168323) CMD_U0: waiting for pending UART response ch=8 before next command
I (168349) CMD_U0: waiting for pending UART response ch=8 before next command
I (168375) CMD_U0: waiting for pending UART response ch=8 before next command
I (168400) CMD_U0: waiting for pending UART response ch=8 before next command
I (168426) CMD_U0: waiting for pending UART response ch=8 before next command
I (168451) CMD_U0: waiting for pending UART response ch=8 before next command
I (168477) CMD_U0: waiting for pending UART response ch=8 before next command
I (168502) CMD_U0: waiting for pending UART response ch=8 before next command
I (168527) CMD_U0: waiting for pending UART response ch=8 before next command
I (168547) CMD_U0: waiting for pending UART response ch=8 before next command
 (168568) CMD_U0: waiting for pending UART response ch=8 before next command
I (168593) CMD_U0: waiting for pending UART response ch=8 before next command
I (168614) CMD_U0: waiting for pending UART response ch=8 before next command
 (168639) CMD_U0: waiting for pending UART response ch=8 before next command
I (168664) CMD_U0: waiting for pending UART response ch=8 before next command
 (168690) CMD_U0: waiting for pending UART response ch=8 before next command
 (168716) CMD_U0: waiting for pending UART response ch=8 before next command
 (168741) CMD_U0: waiting for pending UART response ch=8 before next command
 (168766) CMD_U0: waiting for pending UART response ch=8 before next command
 (168787) CMD_U0: waiting for pending UART response ch=8 before next command
I (168812) CMD_U0: waiting for pending UART response ch=8 before next command
W (168816) RX_TASK: RX timeout slot1 type=1 reqID=0 (1001ms)
I (168834) CMD_U1: waiting for pending UART response ch=9 before next command
 (168838) CMD_U0: waiting for pending UART response ch=8 before next command
I (168858) CMD_U0: waiting for pending UART response ch=8 before next command
I (168879) CMD_U0: waiting for pending UART response ch=8 before next command
 (168904) CMD_U0: waiting for pending UART response ch=8 before next command
I (168930) CMD_U0: waiting for pending UART response ch=8 before next command
I (168955) CMD_U0: waiting for pending UART response ch=8 before next command
I (168981) CMD_U0: waiting for pending UART response ch=8 before next command
I (169006) CMD_U0: waiting for pending UART response ch=8 before next command
I (169032) CMD_U0: waiting for pending UART response ch=8 before next command
I (169058) CMD_U0: waiting for pending UART response ch=8 before next command
I (169084) CMD_U0: waiting for pending UART response ch=8 before next command
I (169109) CMD_U0: waiting for pending UART response ch=8 before next command
I (169134) CMD_U0: waiting for pending UART response ch=8 before next command
I (169159) CMD_U0: waiting for pending UART response ch=8 before next command
I (169179) CMD_U0: waiting for pending UART response ch=8 before next command
I (169200) CMD_U0: waiting for pending UART response ch=8 before next command
I (169221) CMD_U0: waiting for pending UART response ch=8 before next command
I (169247) CMD_U0: waiting for pending UART response ch=8 before next command
I (169272) CMD_U0: waiting for pending UART response ch=8 before next command
I (169298) CMD_U0: waiting for pending UART response ch=8 before next command
I (169323) CMD_U0: waiting for pending UART response ch=8 before next command
E (169346) MQTT: Publish failed
W (169346) TRANSPORT: No transport connected for broadcast
W (169346) MSG: Broadcast failed, falling back to MQTT
E (169347) MQTT: Publish failed
I (169348) CMD_U0: waiting for pending UART response ch=8 before next command
E (169371) MQTT: Publish failed
W (169371) TRANSPORT: No transport connected for broadcast
W (169371) MSG: Broadcast failed, falling back to MQTT
E (169372) MQTT: Publish failed
I (169373) CMD_U0: waiting for pending UART response ch=8 before next command
E (169392) MQTT: Publish failed
W (169392) TRANSPORT: No transport connected for broadcast
W (169392) MSG: Broadcast failed, falling back to MQTT
E (169393) MQTT: Publish failed
I (169394) CMD_U0: waiting for pending UART response ch=8 before next command
E (169413) MQTT: Publish failed
W (169413) TRANSPORT: No transport connected for broadcast
W (169413) MSG: Broadcast failed, falling back to MQTT
E (169414) MQTT: Publish failed
I (169414) CMD_U0: waiting for pending UART response ch=8 before next command
E (169433) MQTT: Publish failed
W (169433) TRANSPORT: No transport connected for broadcast
W (169433) MSG: Broadcast failed, falling back to MQTT
I (169434) CMD_U0: E (169434) MQTT: waiting for pending UART response ch=8 before next command
Publish failed
E (169454) MQTT: Publish failed
W (169454) TRANSPORT: No transport connected for broadcast
I (169455) CMD_U0: waiting for pending UART response ch=8 before next command
W (169455) MSG: Broadcast failed, falling back to MQTT
E (169455) MQTT: Publish failed
E (169474) MQTT: Publish failed
W (169474) TRANSPORT: No transport connected for broadcast
W (169474) MSG: Broadcast failed, falling back to MQTT
I (169475) CMD_U0: waiting for pending UART response ch=8 before next command
E (169475) MQTT: Publish failed
E (169495) MQTT: Publish failed
W (169495) TRANSPORT: No transport connected for broadcast
W (169495) MSG: Broadcast failed, falling back to MQTT
E (169496) MQTT: Publish failed
I (169500) CMD_U0: waiting for pending UART response ch=8 before next command
E (169521) MQTT: Publish failed
I (169522) CMD_U0: waiting for pending UART response ch=8 before next command
W (169523) TRANSPORT: No transport connected for broadcast
W (169524) MSG: Broadcast failed, falling back to MQTT
E (169524) MQTT: Publish failed
I (169544) CMD_U0: waiting for pending UART response ch=8 before next command
I (169569) CMD_U0: waiting for pending UART response ch=8 before next command
E (169592) MQTT: Publish failed
W (169592) TRANSPORT: No transport connected for broadcast
W (169592) MSG: Broadcast failed, falling back to MQTT
E (169593) MQTT: Publish failed
I (169595) CMD_U0: waiting for pending UART response ch=8 before next command
E (169617) MQTT: Publish failed
W (169617) TRANSPORT: No transport connected for broadcast
W (169617) MSG: Broadcast failed, falling back to MQTT
E (169618) MQTT: Publish failed
I (169620) CMD_U0: waiting for pending UART response ch=8 before next command
E (169643) MQTT: Publish failed
W (169643) TRANSPORT: No transport connected for broadcast
W (169643) MSG: Broadcast failed, falling back to MQTT
E (169644) MQTT: Publish failed
I (169646) CMD_U0: waiting for pending UART response ch=8 before next command
E (169668) MQTT: Publish failed
W (169668) TRANSPORT: No transport connected for broadcast
W (169668) MSG: Broadcast failed, falling back to MQTT
E (169669) MQTT: Publish failed
I (169671) CMD_U0: waiting for pending UART response ch=8 before next command
E (169694) MQTT: Publish failed
W (169694) TRANSPORT: No transport connected for broadcast
W (169694) MSG: Broadcast failed, falling back to MQTT
E (169695) MQTT: Publish failed
I (169697) CMD_U0: waiting for pending UART response ch=8 before next command
E (169719) MQTT: Publish failed
W (169719) TRANSPORT: No transport connected for broadcast
W (169719) MSG: Broadcast failed, falling back to MQTT
E (169720) MQTT: Publish failed
I (169722) CMD_U0: waiting for pending UART response ch=8 before next command
E (169746) MQTT: Publish failed
W (169746) TRANSPORT: No transport connected for broadcast
W (169746) MSG: Broadcast failed, falling back to MQTT
E (169747) MQTT: Publish failed
I (169748) CMD_U0: waiting for pending UART response ch=8 before next command
E (169767) MQTT: Publish failed
W (169767) TRANSPORT: No transport connected for broadcast
W (169767) MSG: Broadcast failed, falling back to MQTT
E (169768) MQTT: I (169768) CMD_U0: waiting for pending UART response ch=8 before next command
Publish failed
E (169787) MQTT: Publish failed
W (169787) TRANSPORT: No transport connected for broadcast
W (169787) MSG: Broadcast failed, falling back to MQTT
E (169788) MQTT: Publish failed
I (169788) CMD_U0: waiting for pending UART response ch=8 before next command
E (169808) MQTT: Publish failed
W (169808) TRANSPORT: No transport connected for broadcast
W (169808) MSG: Broadcast failed, falling back to MQTT
E (169809) MQTT: I (169809) CMD_U0: waiting for pending UART response ch=8 before next command
Publish failed
W (169818) RX_TASK: RX timeout slot1 type=1 reqID=0 (1001ms)
E (169818) MQTT: Publish failed
W (169819) TRANSPORT: No transport connected for broadcast
W (169819) MSG: Broadcast failed, falling back to MQTT
E (169819) MQTT: Publish failed
E (169834) MQTT: Publish failed
W (169834) TRANSPORT: No transport connected for broadcast
W (169834) MSG: Broadcast failed, falling back to MQTT
E (169835) MQTT: Publish failed
I (169836) CMD_U1: waiting for pending UART response ch=9 before next command
I (169839) CMD_U0: waiting for pending UART response ch=8 before next command
E (169859) MQTT: Publish failed
W (169859) TRANSPORT: No transport connected for broadcast
W (169859) MSG: Broadcast failed, falling back to MQTT
I (169860) CMD_U0: E (169860) MQTT: waiting for pending UART response ch=8 before next command
Publish failed
E (169879) MQTT: Publish failed
W (169879) TRANSPORT: No transport connected for broadcast
W (169879) MSG: Broadcast failed, falling back to MQTT
E (169880) MQTT: I (169880) CMD_U0: waiting for pending UART response ch=8 before next command
Publish failed
E (169900) MQTT: Publish failed
W (169900) TRANSPORT: No transport connected for broadcast
W (169900) MSG: Broadcast failed, falling back to MQTT
E (169901) MQTT: Publish failed
I (169905) CMD_U0: waiting for pending UART response ch=8 before next command
E (169925) MQTT: Publish failed
W (169925) TRANSPORT: No transport connected for broadcast
W (169925) MSG: Broadcast failed, falling back to MQTT
E (169926) MQTT: Publish failed
I (169930) CMD_U0: waiting for pending UART response ch=8 before next command
E (169950) MQTT: Publish failed
W (169950) TRANSPORT: No transport connected for broadcast
W (169950) MSG: Broadcast failed, falling back to MQTT
E (169951) MQTT: Publish failed
I (169955) CMD_U0: waiting for pending UART response ch=8 before next command
E (169976) MQTT: Publish failed
W (169976) TRANSPORT: No transport connected for broadcast
W (169976) MSG: Broadcast failed, falling back to MQTT
E (169977) MQTT: Publish failed
I (169980) CMD_U0: waiting for pending UART response ch=8 before next command
E (170002) MQTT: Publish failed
W (170002) TRANSPORT: No transport connected for broadcast
W (170002) MSG: Broadcast failed, falling back to MQTT
E (170003) MQTT: Publish failed
I (170006) CMD_U0: waiting for pending UART response ch=8 before next command
E (170027) MQTT: Publish failed
W (170027) TRANSPORT: No transport connected for broadcast
W (170028) MSG: Broadcast failed, falling back to MQTT
E (170028) MQTT: Publish failed
E (170029) MQTT: Publish failed
W (170029) TRANSPORT: No transport connected for broadcast
W (170029) MSG: Broadcast failed, falling back to MQTT
E (170029) MQTT: Publish failed
I (170032) CMD_U0: waiting for pending UART response ch=8 before next command
E (170052) MQTT: Publish failed
W (170052) TRANSPORT: No transport connected for broadcast
W (170052) MSG: Broadcast failed, falling back to MQTT
E (170053) MQTT: Publish failed
I (170057) CMD_U0: waiting for pending UART response ch=8 before next command
E (170078) MQTT: Publish failed
W (170078) TRANSPORT: No transport connected for broadcast
W (170078) MSG: Broadcast failed, falling back to MQTT
E (170079) MQTT: Publish failed
I (170083) CMD_U0: waiting for pending UART response ch=8 before next command
E (170103) MQTT: Publish failed
W (170103) TRANSPORT: No transport connected for broadcast
W (170103) MSG: Broadcast failed, falling back to MQTT
E (170104) MQTT: Publish failed
I (170104) CMD_U0: waiting for pending UART response ch=8 before next command
E (170123) MQTT: Publish failed
W (170123) TRANSPORT: No transport connected for broadcast
W (170123) MSG: Broadcast failed, falling back to MQTT
E (170124) MQTT: Publish failed
I (170125) CMD_U0: waiting for pending UART response ch=8 before next command
E (170144) MQTT: Publish failed
W (170144) TRANSPORT: No transport connected for broadcast
W (170144) MSG: Broadcast failed, falling back to MQTT
E (170145) MQTT: Publish failed
I (170146) CMD_U0: waiting for pending UART response ch=8 before next command
E (170169) MQTT: Publish failed
W (170169) TRANSPORT: No transport connected for broadcast
W (170169) MSG: Broadcast failed, falling back to MQTT
E (170170) MQTT: Publish failed
I (170171) CMD_U0: waiting for pending UART response ch=8 before next command
E (170194) MQTT: Publish failed
W (170194) TRANSPORT: No transport connected for broadcast
W (170194) MSG: Broadcast failed, falling back to MQTT
E (170195) MQTT: Publish failed
I (170197) CMD_U0: waiting for pending UART response ch=8 before next command
E (170220) MQTT: Publish failed
W (170220) TRANSPORT: No transport connected for broadcast
W (170220) MSG: Broadcast failed, falling back to MQTT
E (170221) MQTT: Publish failed
I (170222) CMD_U0: waiting for pending UART response ch=8 before next command
E (170245) MQTT: Publish failed
W (170245) TRANSPORT: No transport connected for broadcast
W (170245) MSG: Broadcast failed, falling back to MQTT
E (170246) MQTT: Publish failed
I (170248) CMD_U0: waiting for pending UART response ch=8 before next command
E (170270) MQTT: Publish failed
W (170270) TRANSPORT: No transport connected for broadcast
W (170270) MSG: Broadcast failed, falling back to MQTT
E (170271) MQTT: Publish failed
I (170274) CMD_U0: waiting for pending UART response ch=8 before next command
E (170296) MQTT: Publish failed
W (170296) TRANSPORT: No transport connected for broadcast
W (170296) MSG: Broadcast failed, falling back to MQTT
E (170297) MQTT: Publish failed
I (170300) CMD_U0: waiting for pending UART response ch=8 before next command
E (170321) MQTT: Publish failed
W (170321) TRANSPORT: No transport connected for broadcast
I (170321) CMD_U0: waiting for pending UART response ch=8 before next command
W (170322) MSG: Broadcast failed, falling back to MQTT
E (170322) MQTT: Publish failed
E (170341) MQTT: Publish failed
W (170341) TRANSPORT: No transport connected for broadcast
W (170341) MSG: Broadcast failed, falling back to MQTT
E (170342) MQTT: I (170342) CMD_U0: waiting for pending UART response ch=8 before next command
Publish failed
E (170362) MQTT: Publish failed
W (170362) TRANSPORT: No transport connected for broadcast
I (170363) CMD_U0: waiting for pending UART response ch=8 before next command
W (170363) MSG: Broadcast failed, falling back to MQTT
E (170363) MQTT: Publish failed
E (170382) MQTT: Publish failed
W (170382) TRANSPORT: No transport connected for broadcast
W (170382) MSG: Broadcast failed, falling back to MQTT
I (170383) CMD_U0: E (170383) MQTT: waiting for pending UART response ch=8 before next command
Publish failed
E (170402) MQTT: Publish failed
W (170402) TRANSPORT: No transport connected for broadcast
W (170402) MSG: Broadcast failed, falling back to MQTT
E (170403) MQTT: I (170403) CMD_U0: waiting for pending UART response ch=8 before next command
Publish failed
E (170422) MQTT: Publish failed
W (170422) TRANSPORT: No transport connected for broadcast
W (170422) MSG: Broadcast failed, falling back to MQTT
E (170423) MQTT: Publish failed
I (170423) CMD_U0: waiting for pending UART response ch=8 before next command
E (170443) MQTT: Publish failed
W (170443) TRANSPORT: No transport connected for broadcast
W (170443) MSG: Broadcast failed, falling back to MQTT
E (170444) MQTT: I (170444) CMD_U0: waiting for pending UART response ch=8 before next command
Publish failed
E (170463) MQTT: Publish failed
W (170463) TRANSPORT: No transport connected for broadcast
W (170463) MSG: Broadcast failed, falling back to MQTT
E (170464) MQTT: Publish failed
I (170464) CMD_U0: waiting for pending UART response ch=8 before next command
E (170488) MQTT: Publish failed
W (170488) TRANSPORT: No transport connected for broadcast
W (170488) MSG: Broadcast failed, falling back to MQTT
E (170489) MQTT: Publish failed
I (170490) CMD_U0: waiting for pending UART response ch=8 before next command
E (170514) MQTT: Publish failed
W (170514) TRANSPORT: No transport connected for broadcast
W (170514) MSG: Broadcast failed, falling back to MQTT
E (170515) MQTT: Publish failed
I (170516) CMD_U0: waiting for pending UART response ch=8 before next command
E (170539) MQTT: Publish failed
W (170539) TRANSPORT: No transport connected for broadcast
W (170539) MSG: Broadcast failed, falling back to MQTT
E (170540) MQTT: Publish failed
I (170541) CMD_U0: waiting for pending UART response ch=8 before next command
E (170564) MQTT: Publish failed
I (170566) CMD_U0: waiting for pending UART response ch=8 before next command
W (170567) TRANSPORT: No transport connected for broadcast
W (170567) MSG: Broadcast failed, falling back to MQTT
E (170568) MQTT: Publish failed
I (170591) CMD_U0: waiting for pending UART response ch=8 before next command
I (170616) CMD_U0: waiting for pending UART response ch=8 before next command
I (170641) CMD_U0: waiting for pending UART response ch=8 before next command
I (170667) CMD_U0: waiting for pending UART response ch=8 before next command
I (170693) CMD_U0: waiting for pending UART response ch=8 before next command
I (170718) CMD_U0: waiting for pending UART response ch=8 before next command
I (170744) CMD_U0: waiting for pending UART response ch=8 before next command
I (170770) CMD_U0: waiting for pending UART response ch=8 before next command
I (170796) CMD_U0: waiting for pending UART response ch=8 before next command
W (170820) RX_TASK: RX timeout slot1 type=1 reqID=0 (1001ms)
I (170822) CMD_U0: waiting for pending UART response ch=8 before next command
I (170838) CMD_U1: waiting for pending UART response ch=9 before next command
I (170847) CMD_U0: waiting for pending UART response ch=8 before next command
I (170872) CMD_U0: waiting for pending UART response ch=8 before next command
I (170897) CMD_U0: waiting for pending UART response ch=8 before next command
I (170923) CMD_U0: waiting for pending UART response ch=8 before next command
I (170949) CMD_U0: waiting for pending UART response ch=8 before next command
(170975) CMD_U0: waiting for pending UART response ch=8 before next command
I (171001) CMD_U0: waiting for pending UART response ch=8 before next command
I (171005) SCHEDULER: Stats: samples=424 full=581 min_free=3
I (171022) CMD_U0: waiting for pending UART response ch=8 before next command
I (171047) CMD_U0: waiting for pending UART response ch=8 before next command
I (171072) CMD_U0: waiting for pending UART response ch=8 before next command
I (171097) CMD_U0: waiting for pending UART response ch=8 before next command
I (171122) CMD_U0: waiting for pending UART response ch=8 before next command
I (171143) CMD_U0: waiting for pending UART response ch=8 before next command
I (171164) CMD_U0: waiting for pending UART response ch=8 before next command
I (171189) CMD_U0: waiting for pending UART response ch=8 before next command
I (171214) CMD_U0: waiting for pending UART response ch=8 before next command
I (171239) CMD_U0: waiting for pending UART response ch=8 before next command
I (171264) CMD_U0: waiting for pending UART response ch=8 before next command
I (171289) CMD_U0: waiting for pending UART response ch=8 before next command
I (171314) CMD_U0: waiting for pending UART response ch=8 before next command
I (171339) CMD_U0: waiting for pending UART response ch=8 before next command
I (171365) CMD_U0: waiting for pending UART response ch=8 before next command
I (171391) CMD_U0: waiting for pending UART response ch=8 before next command
I (171416) CMD_U0: waiting for pending UART response ch=8 before next command
E (171438) MQTT: Publish failed
W (171438) TRANSPORT: No transport connected for broadcast
W (171438) MSG: Broadcast failed, falling back to MQTT
E (171439) MQTT: Publish failed
I (171442) CMD_U0: waiting for pending UART response ch=8 before next command
E (171463) MQTT: Publish failed
W (171463) TRANSPORT: No transport connected for broadcast
W (171463) MSG: Broadcast failed, falling back to MQTT
E (171464) MQTT: Publish failed
I (171467) CMD_U0: waiting for pending UART response ch=8 before next command
E (171488) MQTT: Publish failed
W (171488) TRANSPORT: No transport connected for broadcast
W (171488) MSG: Broadcast failed, falling back to MQTT
E (171489) MQTT: Publish failed
I (171492) CMD_U0: waiting for pending UART response ch=8 before next command
E (171514) MQTT: Publish failed
W (171514) TRANSPORT: No transport connected for broadcast
W (171514) MSG: Broadcast failed, falling back to MQTT
E (171515) MQTT: Publish failed
I (171517) CMD_U0: waiting for pending UART response ch=8 before next command
E (171539) MQTT: Publish failed
W (171539) TRANSPORT: No transport connected for broadcast
W (171539) MSG: Broadcast failed, falling back to MQTT
E (171540) MQTT: Publish failed
I (171543) CMD_U0: waiting for pending UART response ch=8 before next command
E (171564) MQTT: Publish failed
E (171564) MQTT: Publish failedW (171564) TRANSPORT: No transport connected for broadcast
W (171565) MSG: Broadcast failed, falling back to MQTT
E (171565) MQTT: Publish failed

W (171565) TRANSPORT: No transport connected for broadcast
W (171565) MSG: Broadcast failed, falling back to MQTT
E (171565) MQTT: Publish failed
I (171569) CMD_U0: waiting for pending UART response ch=8 before next command
E (171590) MQTT: Publish failed
W (171590) TRANSPORT: No transport connected for broadcast
W (171590) MSG: Broadcast failed, falling back to MQTT
E (171591) MQTT: Publish failed
I (171595) CMD_U0: waiting for pending UART response ch=8 before next command
E (171616) MQTT: Publish failed
W (171616) TRANSPORT: No transport connected for broadcast
W (171616) MSG: Broadcast failed, falling back to MQTT
E (171617) MQTT: Publish failed
I (171621) CMD_U0: waiting for pending UART response ch=8 before next command
E (171640) MQTT: Publish failed
W (171640) TRANSPORT: No transport connected for broadcast
W (171640) MSG: Broadcast failed, falling back to MQTT
E (171641) MQTT: Publish failed
I (171642) CMD_U0: waiting for pending UART response ch=8 before next command
E (171661) MQTT: Publish failed
W (171661) TRANSPORT: No transport connected for broadcast
W (171661) MSG: Broadcast failed, falling back to MQTT
E (171662) MQTT: Publish failed
I (171663) CMD_U0: waiting for pending UART response ch=8 before next command
E (171686) MQTT: Publish failed
W (171686) TRANSPORT: No transport connected for broadcast
W (171686) MSG: Broadcast failed, falling back to MQTT
E (171687) MQTT: Publish failed
I (171689) CMD_U0: waiting for pending UART response ch=8 before next command
E (171711) MQTT: Publish failed
W (171711) TRANSPORT: No transport connected for broadcast
W (171711) MSG: Broadcast failed, falling back to MQTT
E (171712) MQTT: Publish failed
I (171715) CMD_U0: waiting for pending UART response ch=8 before next command
E (171737) MQTT: Publish failed
W (171737) TRANSPORT: No transport connected for broadcast
W (171737) MSG: Broadcast failed, falling back to MQTT
E (171738) MQTT: Publish failed
I (171740) CMD_U0: waiting for pending UART response ch=8 before next command
E (171762) MQTT: Publish failed
W (171762) TRANSPORT: No transport connected for broadcast
W (171762) MSG: Broadcast failed, falling back to MQTT
E (171763) MQTT: Publish failed
I (171765) CMD_U0: waiting for pending UART response ch=8 before next command
E (171787) MQTT: Publish failed
W (171787) TRANSPORT: No transport connected for broadcast
W (171787) MSG: Broadcast failed, falling back to MQTT
E (171788) MQTT: Publish failed
I (171790) CMD_U0: waiting for pending UART response ch=8 before next command
E (171814) MQTT: Publish failed
W (171814) TRANSPORT: No transport connected for broadcast
W (171814) MSG: Broadcast failed, falling back to MQTT
E (171815) MQTT: Publish failed
I (171816) CMD_U0: waiting for pending UART response ch=8 before next command
W (171822) RX_TASK: RX timeout slot1 type=1 reqID=0 (1001ms)
E (171823) MQTT: Publish failed
W (171823) TRANSPORT: No transport connected for broadcast
W (171823) MSG: Broadcast failed, falling back to MQTT
E (171823) MQTT: Publish failed
E (171838) MQTT: Publish failed
W (171838) TRANSPORT: No transport connected for broadcast
W (171838) MSG: Broadcast failed, falling back to MQTT
E (171839) MQTT: Publish failed
I (171840) CMD_U1: waiting for pending UART response ch=9 before next command
I (171842) CMD_U0: waiting for pending UART response ch=8 before next command
E (171863) MQTT: Publish failed
W (171863) TRANSPORT: No transport connected for broadcast
W (171863) MSG: Broadcast failed, falling back to MQTT
E (171864) MQTT: Publish failed
I (171868) CMD_U0: waiting for pending UART response ch=8 before next command
E (171889) MQTT: Publish failed
W (171889) TRANSPORT: No transport connected for broadcast
W (171889) MSG: Broadcast failed, falling back to MQTT
E (171890) MQTT: Publish failed
I (171894) CMD_U0: waiting for pending UART response ch=8 before next command
E (171914) MQTT: Publish failed
W (171914) TRANSPORT: No transport connected for broadcast
W (171914) MSG: Broadcast failed, falling back to MQTT
E (171915) MQTT: Publish failed
I (171919) CMD_U0: waiting for pending UART response ch=8 before next command
I (171944) CMD_U0: waiting for pending UART response ch=8 before next command
I (171970) CMD_U0: waiting for pending UART response ch=8 before next command
I (171991) CMD_U0: waiting for pending UART response ch=8 before next command
I (172016) CMD_U0: waiting for pending UART response ch=8 before next command
I (172043) CMD_U0: waiting for pending UART response ch=8 before next command
I (172069) CMD_U0: waiting for pending UART response ch=8 before next command
I (172095) CMD_U0: waiting for pending UART response ch=8 before next command
I (172120) CMD_U0: waiting for pending UART response ch=8 before next command
I (172146) CMD_U0: waiting for pending UART response ch=8 before next command
I (172171) CMD_U0: waiting for pending UART response ch=8 before next command
I (172196) CMD_U0: waiting for pending UART response ch=8 before next command
I (172221) CMD_U0: waiting for pending UART response ch=8 before next command
I (172246) CMD_U0: waiting for pending UART response ch=8 before next command
I (172272) CMD_U0: waiting for pending UART response ch=8 before next command
I (172297) CMD_U0: waiting for pending UART response ch=8 before next command
I (172322) CMD_U0: waiting for pending UART response ch=8 before next command
I (172348) CMD_U0: waiting for pending UART response ch=8 before next command
I (172373) CMD_U0: waiting for pending UART response ch=8 before next command
I (172396) RX_TASK: Stats: events=413 completions=423 report_drop=0 report_q_high=2
I (172398) CMD_U0: waiting for pending UART response ch=8 before next command
I (172423) CMD_U0: waiting for pending UART response ch=8 before next command
I (172449) CMD_U0: waiting for pending UART response ch=8 before next command
I (172475) CMD_U0: Stats: txn=413 err=0 (100%) no_ctx=0
I (172475) CMD_U0: waiting for pending UART response ch=8 before next command
I (172501) CMD_U0: waiting for pending UART response ch=8 before next command
I (172527) CMD_U0: waiting for pending UART response ch=8 before next command
I (172552) CMD_U0: waiting for pending UART response ch=8 before next command
I (172577) CMD_U0: waiting for pending UART response ch=8 before next command
I (172603) CMD_U0: waiting for pending UART response ch=8 before next command
I (172628) CMD_U0: waiting for pending UART response ch=8 before next command
I (172653) CMD_U0: waiting for pending UART response ch=8 before next command
I (172678) CMD_U0: waiting for pending UART response ch=8 before next command
I (172704) CMD_U0: waiting for pending UART response ch=8 before next command
I (172729) CMD_U0: waiting for pending UART response ch=8 before next command
I (172755) CMD_U0: waiting for pending UART response ch=8 before next command
I (172781) CMD_U0: waiting for pending UART response ch=8 before next command
I (172806) CMD_U0: waiting for pending UART response ch=8 before next command
W (172824) RX_TASK: RX timeout slot1 type=1 reqID=0 (1001ms)
I (172832) CMD_U0: waiting for pending UART response ch=8 before next command
I (172843) CMD_U1: waiting for pending UART response ch=9 before next command
I (172857) CMD_U0: waiting for pending UART response ch=8 before next command
I (172883) CMD_U0: waiting for pending UART response ch=8 before next command
I (172909) CMD_U0: waiting for pending UART response ch=8 before next command
I (172934) CMD_U0: waiting for pending UART response ch=8 before next command
I (172959) CMD_U0: waiting for pending UART response ch=8 before next command
I (172984) CMD_U0: waiting for pending UART response ch=8 before next command
CMD_U0: waiting for pending UART response ch=8 before next command
I (173031) CMD_U0: waiting for pending UART response ch=8 before next command
I (173051) CMD_U0: waiting for pending UART response ch=8 before next command
I (173076) CMD_U0: waiting for pending UART response ch=8 before next command
I (173097) CMD_U0: waiting for pending UART response ch=8 before next command
I (173123) CMD_U0: waiting for pending UART response ch=8 before next command
I (173149) CMD_U0: waiting for pending UART response ch=8 before next command
I (173175) CMD_U0: waiting for pending UART response ch=8 before next command
I (173200) CMD_U0: waiting for pending UART response ch=8 before next command
I (173226) CMD_U0: waiting for pending UART response ch=8 before next command
I (173252) CMD_U0: waiting for pending UART response ch=8 before next command
I (173277) CMD_U0: waiting for pending UART response ch=8 before next command
I (173302) CMD_U0: waiting for pending UART response ch=8 before next command
I (173328) CMD_U0: waiting for pending UART response ch=8 before next command
E (173349) MQTT: Publish failed
W (173349) TRANSPORT: No transport connected for broadcast
W (173349) MSG: Broadcast failed, falling back to MQTT
E (173350) MQTT: Publish failed
I (173354) CMD_U0: waiting for pending UART response ch=8 before next command
E (173375) MQTT: Publish failed
W (173375) TRANSPORT: No transport connected for broadcast
W (173375) MSG: Broadcast failed, falling back to MQTT
E (173376) MQTT: Publish failed
I (173379) CMD_U0: waiting for pending UART response ch=8 before next command
E (173400) MQTT: Publish failed
W (173400) TRANSPORT: No transport connected for broadcast
W (173400) MSG: Broadcast failed, falling back to MQTT
E (173401) MQTT: Publish failed
I (173404) CMD_U0: waiting for pending UART response ch=8 before next command
E (173426) MQTT: Publish failed
W (173426) TRANSPORT: No transport connected for broadcast
W (173426) MSG: Broadcast failed, falling back to MQTT
E (173427) MQTT: Publish failed
I (173429) CMD_U0: waiting for pending UART response ch=8 before next command
E (173451) MQTT: Publish failed
W (173451) TRANSPORT: No transport connected for broadcast
W (173451) MSG: Broadcast failed, falling back to MQTT
E (173452) MQTT: Publish failed
I (173455) CMD_U0: waiting for pending UART response ch=8 before next command
E (173476) MQTT: Publish failed
W (173476) TRANSPORT: No transport connected for broadcast
W (173476) MSG: Broadcast failed, falling back to MQTT
E (173477) MQTT: Publish failed
I (173480) CMD_U0: waiting for pending UART response ch=8 before next command
E (173503) MQTT: Publish failed
W (173503) TRANSPORT: No transport connected for broadcast
W (173504) MSG: Broadcast failed, falling back to MQTT
I (173507) CMD_U0: waiting for pending UART response ch=8 before next command
I (173533) CMD_U0: waiting for pending UART response ch=8 before next command
I (173559) CMD_U0: waiting for pending UART response ch=8 before next command
E (173580) MQTT: Publish failed
W (173580) TRANSPORT: No transport connected for broadcast
W (173580) MSG: Broadcast failed, falling back to MQTT
E (173581) MQTT: Publish failed
I (173585) CMD_U0: waiting for pending UART response ch=8 before next command
E (173606) MQTT: Publish failed
W (173606) TRANSPORT: No transport connected for broadcast
W (173606) MSG: Broadcast failed, falling back to MQTT
E (173607) MQTT: Publish failed
I (173610) CMD_U0: waiting for pending UART response ch=8 before next command
E (173631) MQTT: Publish failed
W (173631) TRANSPORT: No transport connected for broadcast
W (173631) MSG: Broadcast failed, falling back to MQTT
E (173632) MQTT: Publish failed
I (173636) CMD_U0: waiting for pending UART response ch=8 before next command
E (173657) MQTT: Publish failed
W (173657) TRANSPORT: No transport connected for broadcast
W (173657) MSG: Broadcast failed, falling back to MQTT
E (173658) MQTT: Publish failed
I (173662) CMD_U0: waiting for pending UART response ch=8 before next command
E (173682) MQTT: Publish failed
W (173682) TRANSPORT: No transport connected for broadcast
W (173682) MSG: Broadcast failed, falling back to MQTT
E (173683) MQTT: Publish failed
I (173683) CMD_U0: waiting for pending UART response ch=8 before next command
E (173707) MQTT: Publish failed
W (173707) TRANSPORT: No transport connected for broadcast
W (173707) MSG: Broadcast failed, falling back to MQTT
E (173708) MQTT: Publish failed
I (173709) CMD_U0: waiting for pending UART response ch=8 before next command
E (173733) MQTT: Publish failed
W (173733) TRANSPORT: No transport connected for broadcast
W (173733) MSG: Broadcast failed, falling back to MQTT
E (173734) MQTT: Publish failed
I (173735) CMD_U0: waiting for pending UART response ch=8 before next command
E (173758) MQTT: Publish failed
W (173758) TRANSPORT: No transport connected for broadcast
W (173758) MSG: Broadcast failed, falling back to MQTT
E (173759) MQTT: Publish failed
I (173761) CMD_U0: waiting for pending UART response ch=8 before next command
E (173784) MQTT: Publish failed
W (173784) TRANSPORT: No transport connected for broadcast
W (173784) MSG: Broadcast failed, falling back to MQTT
E (173785) MQTT: Publish failed
I (173786) CMD_U0: waiting for pending UART response ch=8 before next command
E (173810) MQTT: Publish failed
W (173810) TRANSPORT: No transport connected for broadcast
W (173810) MSG: Broadcast failed, falling back to MQTT
E (173811) MQTT: I (173811) CMD_U0: waiting for pending UART response ch=8 before next command
Publish failed
W (173827) RX_TASK: RX timeout slot1 type=1 reqID=0 (1001ms)
E (173827) MQTT: Publish failed
W (173828) TRANSPORT: No transport connected for broadcast
W (173828) MSG: Broadcast failed, falling back to MQTT
E (173828) MQTT: Publish failed
E (173835) MQTT: Publish failed
W (173835) TRANSPORT: No transport connected for broadcast
W (173835) MSG: Broadcast failed, falling back to MQTT
I (173836) CMD_U0: waiting for pending UART response ch=8 before next command
E (173836) MQTT: Publish failed
I (173845) CMD_U1: waiting for pending UART response ch=9 before next command
E (173861) MQTT: Publish failed
W (173861) TRANSPORT: No transport connected for broadcast
W (173861) MSG: Broadcast failed, falling back to MQTT
E (173862) MQTT: Publish failed
I (173866) CMD_U0: waiting for pending UART response ch=8 before next command
E (173886) MQTT: Publish failed
W (173886) TRANSPORT: No transport connected for broadcast
W (173886) MSG: Broadcast failed, falling back to MQTT
E (173887) MQTT: Publish failed
I (173887) CMD_U0: waiting for pending UART response ch=8 before next command
E (173912) MQTT: Publish failed
W (173912) TRANSPORT: No transport connected for broadcast
I (173913) CMD_U0: waiting for pending UART response ch=8 before next command
W (173913) MSG: Broadcast failed, falling back to MQTT
E (173913) MQTT: Publish failed
E (173932) MQTT: Publish failed
W (173932) TRANSPORT: No transport connected for broadcast
W (173932) MSG: Broadcast failed, falling back to MQTT
E (173933) MQTT: I (173933) CMD_U0: waiting for pending UART response ch=8 before next command
Publish failed
E (173952) MQTT: Publish failed
W (173952) TRANSPORT: No transport connected for broadcast
W (173952) MSG: Broadcast failed, falling back to MQTT
E (173953) MQTT: Publish failed
I (173953) CMD_U0: waiting for pending UART response ch=8 before next command
E (173973) MQTT: Publish failed
W (173973) TRANSPORT: No transport connected for broadcast
W (173973) MSG: Broadcast failed, falling back to MQTT
E (173974) MQTT: I (173974) CMD_U0: waiting for pending UART response ch=8 before next command
Publish failed
E (173998) MQTT: Publish failed
W (173998) TRANSPORT: No transport connected for broadcast
W (173998) MSG: Broadcast failed, falling back to MQTT
E (173999) MQTT: I (173999) CMD_U0: waiting for pending UART response ch=8 before next command
Publish failed
E (174019) MQTT: Publish failed
W (174019) TRANSPORT: No transport connected for broadcast
W (174019) MSG: Broadcast failed, falling back to MQTT
E (174020) MQTT: Publish failed
I (174024) CMD_U0: waiting for pending UART response ch=8 before next command
E (174044) MQTT: Publish failed
W (174044) TRANSPORT: No transport connected for broadcast
W (174044) MSG: Broadcast failed, falling back to MQTT
E (174045) MQTT: Publish failed
I (174045) CMD_U0: waiting for pending UART response ch=8 before next command
E (174048) MQTT: Publish failed
W (174049) TRANSPORT: No transport connected for broadcast
W (174049) MSG: Broadcast failed, falling back to MQTT
E (174049) MQTT: Publish failed
E (174069) MQTT: Publish failed
W (174069) TRANSPORT: No transport connected for broadcast
W (174069) MSG: Broadcast failed, falling back to MQTT
E (174070) MQTT: Publish failed
I (174071) CMD_U0: waiting for pending UART response ch=8 before next command
E (174095) MQTT: Publish failed
W (174095) TRANSPORT: No transport connected for broadcast
W (174095) MSG: Broadcast failed, falling back to MQTT
E (174096) MQTT: Publish failed
I (174097) CMD_U0: waiting for pending UART response ch=8 before next command
E (174120) MQTT: Publish failed
W (174120) TRANSPORT: No transport connected for broadcast
W (174120) MSG: Broadcast failed, falling back to MQTT
E (174121) MQTT: Publish failed
I (174122) CMD_U0: waiting for pending UART response ch=8 before next command
E (174145) MQTT: Publish failed
W (174145) TRANSPORT: No transport connected for broadcast
W (174145) MSG: Broadcast failed, falling back to MQTT
E (174146) MQTT: Publish failed
I (174148) CMD_U0: waiting for pending UART response ch=8 before next command
E (174171) MQTT: Publish failed
W (174171) TRANSPORT: No transport connected for broadcast
W (174171) MSG: Broadcast failed, falling back to MQTT
E (174172) MQTT: Publish failed
I (174173) CMD_U0: waiting for pending UART response ch=8 before next command
E (174196) MQTT: Publish failed
W (174196) TRANSPORT: No transport connected for broadcast
W (174196) MSG: Broadcast failed, falling back to MQTT
E (174197) MQTT: Publish failed
I (174199) CMD_U0: waiting for pending UART response ch=8 before next command
E (174221) MQTT: Publish failed
W (174221) TRANSPORT: No transport connected for broadcast
W (174221) MSG: Broadcast failed, falling back to MQTT
E (174222) MQTT: Publish failed
I (174225) CMD_U0: waiting for pending UART response ch=8 before next command
E (174247) MQTT: Publish failed
W (174247) TRANSPORT: No transport connected for broadcast
W (174247) MSG: Broadcast failed, falling back to MQTT
E (174248) MQTT: Publish failed
I (174251) CMD_U0: waiting for pending UART response ch=8 before next command
E (174272) MQTT: Publish failed
W (174272) TRANSPORT: No transport connected for broadcast
W (174272) MSG: Broadcast failed, falling back to MQTT
E (174273) MQTT: Publish failed
I (174276) CMD_U0: waiting for pending UART response ch=8 before next command
E (174297) MQTT: Publish failed
W (174297) TRANSPORT: No transport connected for broadcast
W (174297) MSG: Broadcast failed, falling back to MQTT
E (174298) MQTT: Publish failed
I (174302) CMD_U0: waiting for pending UART response ch=8 before next command
E (174322) MQTT: Publish failed
W (174322) TRANSPORT: No transport connected for broadcast
W (174322) MSG: Broadcast failed, falling back to MQTT
E (174323) MQTT: Publish failed
I (174327) CMD_U0: waiting for pending UART response ch=8 before next command
E (174348) MQTT: Publish failed
W (174348) TRANSPORT: No transport connected for broadcast
W (174348) MSG: Broadcast failed, falling back to MQTT
E (174349) MQTT: Publish failed
I (174352) CMD_U0: waiting for pending UART response ch=8 before next command
E (174373) MQTT: Publish failed
W (174373) TRANSPORT: No transport connected for broadcast
W (174373) MSG: Broadcast failed, falling back to MQTT
E (174374) MQTT: Publish failed
I (174378) CMD_U0: waiting for pending UART response ch=8 before next command
E (174398) MQTT: Publish failed
W (174398) TRANSPORT: No transport connected for broadcast
W (174398) MSG: Broadcast failed, falling back to MQTT
E (174399) MQTT: Publish failed
I (174403) CMD_U0: waiting for pending UART response ch=8 before next command
E (174424) MQTT: Publish failed
W (174424) TRANSPORT: No transport connected for broadcast
W (174424) MSG: Broadcast failed, falling back to MQTT
E (174425) MQTT: Publish failed
I (174428) CMD_U0: waiting for pending UART response ch=8 before next command
E (174449) MQTT: Publish failed
W (174449) TRANSPORT: No transport connected for broadcast
W (174449) MSG: Broadcast failed, falling back to MQTT
E (174450) MQTT: Publish failed
I (174454) CMD_U0: waiting for pending UART response ch=8 before next command
E (174474) MQTT: Publish failed
W (174474) TRANSPORT: No transport connected for broadcast
W (174474) MSG: Broadcast failed, falling back to MQTT
E (174475) MQTT: Publish failed
I (174479) CMD_U0: waiting for pending UART response ch=8 before next command
E (174500) MQTT: Publish failed
W (174500) TRANSPORT: No transport connected for broadcast
W (174500) MSG: Broadcast failed, falling back to MQTT
E (174501) MQTT: Publish failed
I (174504) CMD_U0: waiting for pending UART response ch=8 before next command
E (174525) MQTT: Publish failed
W (174525) TRANSPORT: No transport connected for broadcast
I (174525) CMD_U0: waiting for pending UART response ch=8 before next command
W (174525) MSG: Broadcast failed, falling back to MQTT
E (174526) MQTT: Publish failed
I (174551) CMD_U0: waiting for pending UART response ch=8 before next command
I (174573) CMD_U0: waiting for pending UART response ch=8 before next command
I (174598) CMD_U0: waiting for pending UART response ch=8 before next command
I (174623) CMD_U0: waiting for pending UART response ch=8 before next command
I (174648) CMD_U0: waiting for pending UART response ch=8 before next command
I (174673) CMD_U0: waiting for pending UART response ch=8 before next command
I (174699) CMD_U0: waiting for pending UART response ch=8 before next command
I (174724) CMD_U0: waiting for pending UART response ch=8 before next command
I (174749) CMD_U0: waiting for pending UART response ch=8 before next command
I (174774) CMD_U0: waiting for pending UART response ch=8 before next command
I (174799) CMD_U0: waiting for pending UART response ch=8 before next command
I (174825) CMD_U0: waiting for pending UART response ch=8 before next command
W (174829) RX_TASK: RX timeout slot1 type=1 reqID=0 (1001ms)
I (174847) CMD_U1: Stats: txn=10 err=0 (100%) no_ctx=0
I (174847) CMD_U1: waiting for pending UART response ch=9 before next command
I (174850) CMD_U0: waiting for pending UART response ch=8 before next command
I (174871) CMD_U0: waiting for pending UART response ch=8 before next command
I (174891) CMD_U0: waiting for pending UART response ch=8 before next command
I (174912) CMD_U0: waiting for pending UART response ch=8 before next command
I (174938) CMD_U0: waiting for pending UART response ch=8 before next command
I (174963) CMD_U0: waiting for pending UART response ch=8 before next command
I (174988) CMD_U0: waiting for pending UART response ch=8 before next command
I (175013) CMD_U0: waiting for pending UART response ch=8 before next command
 (175043) CMD_U0: waiting for pending UART response ch=8 before next command
I (175069) CMD_U0: waiting for pending UART response ch=8 before next command
I (175090) CMD_U0: waiting for pending UART response ch=8 before next command
I (175120) CMD_U0: waiting for pending UART response ch=8 before next command
I (175141) CMD_U0: waiting for pending UART response ch=8 before next command
I (175167) CMD_U0: waiting for pending UART response ch=8 before next command
I (175192) CMD_U0: waiting for pending UART response ch=8 before next command
I (175217) CMD_U0: waiting for pending UART response ch=8 before next command
I (175238) CMD_U0: waiting for pending UART response ch=8 before next command
I (175264) CMD_U0: waiting for pending UART response ch=8 before next command
I (175289) CMD_U0: waiting for pending UART response ch=8 before next command
I (175314) CMD_U0: waiting for pending UART response ch=8 before next command
I (175340) CMD_U0: waiting for pending UART response ch=8 before next command
I (175365) CMD_U0: waiting for pending UART response ch=8 before next command
E (175388) MQTT: Publish failed
W (175388) TRANSPORT: No transport connected for broadcast
W (175388) MSG: Broadcast failed, falling back to MQTT
E (175389) MQTT: Publish failed
I (175391) CMD_U0: waiting for pending UART response ch=8 before next command
E (175414) MQTT: Publish failed
W (175414) TRANSPORT: No transport connected for broadcast
W (175414) MSG: Broadcast failed, falling back to MQTT
E (175415) MQTT: Publish failed
I (175417) CMD_U0: waiting for pending UART response ch=8 before next command
E (175439) MQTT: Publish failed
W (175439) TRANSPORT: No transport connected for broadcast
W (175439) MSG: Broadcast failed, falling back to MQTT
E (175440) MQTT: Publish failed
I (175443) CMD_U0: waiting for pending UART response ch=8 before next command
E (175464) MQTT: Publish failed
W (175464) TRANSPORT: No transport connected for broadcast
W (175464) MSG: Broadcast failed, falling back to MQTT
E (175465) MQTT: Publish failed
I (175469) CMD_U0: waiting for pending UART response ch=8 before next command
E (175490) MQTT: Publish failed
W (175490) TRANSPORT: No transport connected for broadcast
W (175490) MSG: Broadcast failed, falling back to MQTT
E (175491) MQTT: Publish failed
I (175495) CMD_U0: waiting for pending UART response ch=8 before next command
E (175515) MQTT: Publish failed
W (175515) TRANSPORT: No transport connected for broadcast
W (175515) MSG: Broadcast failed, falling back to MQTT
E (175516) MQTT: Publish failed
I (175520) CMD_U0: waiting for pending UART response ch=8 before next command
E (175540) MQTT: Publish failed
W (175540) TRANSPORT: No transport connected for broadcast
W (175540) MSG: Broadcast failed, falling back to MQTT
E (175541) MQTT: Publish failed
I (175541) CMD_U0: waiting for pending UART response ch=8 before next command
E (175560) MQTT: Publish failed
W (175560) TRANSPORT: No transport connected for broadcast
W (175560) MSG: Broadcast failed, falling back to MQTT
E (175561) MQTT: Publish failed
I (175562) CMD_U0: waiting for pending UART response ch=8 before next command
E (175564) MQTT: Publish failed
W (175564) TRANSPORT: No transport connected for broadcast
W (175564) MSG: Broadcast failed, falling back to MQTT
E (175564) MQTT: Publish failed
E (175587) MQTT: Publish failed
W (175587) TRANSPORT: No transport connected for broadcast
W (175587) MSG: Broadcast failed, falling back to MQTT
I (175588) CMD_U0: waiting for pending UART response ch=8 before next commandE (175588) MQTT: 
Publish failed
E (175611) MQTT: Publish failed
W (175611) TRANSPORT: No transport connected for broadcast
W (175611) MSG: Broadcast failed, falling back to MQTT
E (175612) MQTT: Publish failed
I (175613) CMD_U0: waiting for pending UART response ch=8 before next command
E (175637) MQTT: Publish failed
W (175637) TRANSPORT: No transport connected for broadcast
W (175637) MSG: Broadcast failed, falling back to MQTT
E (175638) MQTT: Publish failed
I (175639) CMD_U0: waiting for pending UART response ch=8 before next command
E (175662) MQTT: Publish failed
W (175662) TRANSPORT: No transport connected for broadcast
W (175662) MSG: Broadcast failed, falling back to MQTT
E (175663) MQTT: Publish failed
I (175664) CMD_U0: waiting for pending UART response ch=8 before next command
E (175687) MQTT: Publish failed
W (175687) TRANSPORT: No transport connected for broadcast
W (175687) MSG: Broadcast failed, falling back to MQTT
E (175688) MQTT: Publish failed
I (175689) CMD_U0: waiting for pending UART response ch=8 before next command
E (175713) MQTT: Publish failed
W (175713) TRANSPORT: No transport connected for broadcast
W (175713) MSG: Broadcast failed, falling back to MQTT
E (175714) MQTT: I (175714) CMD_U0: waiting for pending UART response ch=8 before next command
Publish failed
E (175738) MQTT: Publish failed
W (175738) TRANSPORT: No transport connected for broadcast
W (175738) MSG: Broadcast failed, falling back to MQTT
E (175739) MQTT: I (175739) CMD_U0: waiting for pending UART response ch=8 before next command
Publish failed
E (175759) MQTT: Publish failed
W (175759) TRANSPORT: No transport connected for broadcast
W (175759) MSG: Broadcast failed, falling back to MQTT
E (175760) MQTT: Publish failed
I (175764) CMD_U0: waiting for pending UART response ch=8 before next command
E (175785) MQTT: Publish failed
W (175785) TRANSPORT: No transport connected for broadcast
W (175785) MSG: Broadcast failed, falling back to MQTT
E (175786) MQTT: Publish failed
I (175790) CMD_U0: waiting for pending UART response ch=8 before next command
E (175811) MQTT: Publish failed
W (175811) TRANSPORT: No transport connected for broadcast
W (175811) MSG: Broadcast failed, falling back to MQTT
E (175812) MQTT: Publish failed
I (175815) CMD_U0: waiting for pending UART response ch=8 before next command
W (175831) RX_TASK: RX timeout slot1 type=1 reqID=0 (1001ms)
E (175831) MQTT: Publish failed
W (175832) TRANSPORT: No transport connected for broadcast
W (175832) MSG: Broadcast failed, falling back to MQTT
E (175832) MQTT: Publish failed
E (175836) MQTT: Publish failed
W (175836) TRANSPORT: No transport connected for broadcast
W (175836) MSG: Broadcast failed, falling back to MQTT
E (175837) MQTT: Publish failed
I (175841) CMD_U0: waiting for pending UART response ch=8 before next command
I (175849) CMD_U1: waiting for pending UART response ch=9 before next command
E (175862) MQTT: Publish failed
W (175862) TRANSPORT: No transport connected for broadcast
I (175863) CMD_U0: waiting for pending UART response ch=8 before next command
W (175863) MSG: Broadcast failed, falling back to MQTT
E (175863) MQTT: Publish failed
E (175883) MQTT: Publish failed
W (175883) TRANSPORT: No transport connected for broadcast
W (175883) MSG: Broadcast failed, falling back to MQTT
E (175884) MQTT: Publish failed
I (175888) CMD_U0: waiting for pending UART response ch=8 before next command
E (175908) MQTT: Publish failed
W (175908) TRANSPORT: No transport connected for broadcast
W (175909) MSG: Broadcast failed, falling back to MQTT
E (175909) MQTT: Publish failed
I (175914) CMD_U0: waiting for pending UART response ch=8 before next command
I (175934) CMD_U0: waiting for pending UART response ch=8 before next command
I (175960) CMD_U0: waiting for pending UART response ch=8 before next command
I (175985) CMD_U0: waiting for pending UART response ch=8 before next command
E (176005) MQTT: Publish failed
W (176005) TRANSPORT: No transport connected for broadcast
W (176005) MSG: Broadcast failed, falling back to MQTT
E (176006) MQTT: Publish failed
I (176006) CMD_U0: waiting for pending UART response ch=8 before next command
E (176031) MQTT: Publish failed
W (176031) TRANSPORT: No transport connected for broadcast
W (176031) MSG: Broadcast failed, falling back to MQTT
E (176032) MQTT: I (176032) CMD_U0: waiting for pending UART response ch=8 before next command
Publish failed
E (176053) MQTT: Publish failed
W (176053) TRANSPORT: No transport connected for broadcast
W (176054) MSG: Broadcast failed, falling back to MQTT
E (176054) MQTT: Publish failed
E (176056) MQTT: Publish failed
W (176056) TRANSPORT: No transport connected for broadcast
W (176056) MSG: Broadcast failed, falling back to MQTT
I (176057) CMD_U0: waiting for pending UART response ch=8 before next command
E (176057) MQTT: Publish failed
E (176081) MQTT: Publish failed
W (176081) TRANSPORT: No transport connected for broadcast
W (176081) MSG: Broadcast failed, falling back to MQTT
E (176082) MQTT: Publish failed
I (176082) CMD_U0: waiting for pending UART response ch=8 before next command
E (176102) MQTT: Publish failed
W (176102) TRANSPORT: No transport connected for broadcast
W (176102) MSG: Broadcast failed, falling back to MQTT
I (176103) CMD_U0: waiting for pending UART response ch=8 before next command
E (176103) MQTT: Publish failed
E (176127) MQTT: Publish failed
W (176127) TRANSPORT: No transport connected for broadcast
W (176127) MSG: Broadcast failed, falling back to MQTT
E (176128) MQTT: Publish failed
I (176128) CMD_U0: waiting for pending UART response ch=8 before next command
E (176152) MQTT: Publish failed
W (176152) TRANSPORT: No transport connected for broadcast
W (176152) MSG: Broadcast failed, falling back to MQTT
E (176153) MQTT: Publish failed
I (176154) CMD_U0: waiting for pending UART response ch=8 before next command
E (176178) MQTT: Publish failed
W (176178) TRANSPORT: No transport connected for broadcast
W (176178) MSG: Broadcast failed, falling back to MQTT
E (176179) MQTT: Publish failed
I (176180) CMD_U0: waiting for pending UART response ch=8 before next command
E (176203) MQTT: Publish failed
W (176203) TRANSPORT: No transport connected for broadcast
W (176203) MSG: Broadcast failed, falling back to MQTT
E (176204) MQTT: Publish failed
I (176205) CMD_U0: waiting for pending UART response ch=8 before next command
E (176228) MQTT: Publish failed
W (176228) TRANSPORT: No transport connected for broadcast
W (176228) MSG: Broadcast failed, falling back to MQTT
E (176229) MQTT: Publish failed
I (176231) CMD_U0: waiting for pending UART response ch=8 before next command
E (176254) MQTT: Publish failed
W (176254) TRANSPORT: No transport connected for broadcast
W (176254) MSG: Broadcast failed, falling back to MQTT
E (176255) MQTT: Publish failed
I (176257) CMD_U0: waiting for pending UART response ch=8 before next command
E (176279) MQTT: Publish failed
W (176279) TRANSPORT: No transport connected for broadcast
W (176279) MSG: Broadcast failed, falling back to MQTT
E (176280) MQTT: Publish failed
I (176283) CMD_U0: waiting for pending UART response ch=8 before next command
E (176304) MQTT: Publish failed
W (176304) TRANSPORT: No transport connected for broadcast
W (176304) MSG: Broadcast failed, falling back to MQTT
E (176305) MQTT: Publish failed
I (176308) CMD_U0: waiting for pending UART response ch=8 before next command
E (176330) MQTT: Publish failed
W (176330) TRANSPORT: No transport connected for broadcast
W (176330) MSG: Broadcast failed, falling back to MQTT
E (176331) MQTT: Publish failed
I (176334) CMD_U0: waiting for pending UART response ch=8 before next command
E (176355) MQTT: Publish failed
W (176355) TRANSPORT: No transport connected for broadcast
W (176355) MSG: Broadcast failed, falling back to MQTT
E (176356) MQTT: Publish failed
I (176359) CMD_U0: waiting for pending UART response ch=8 before next command
E (176380) MQTT: Publish failed
W (176380) TRANSPORT: No transport connected for broadcast
W (176380) MSG: Broadcast failed, falling back to MQTT
E (176381) MQTT: Publish failed
I (176385) CMD_U0: waiting for pending UART response ch=8 before next command
E (176406) MQTT: Publish failed
W (176406) TRANSPORT: No transport connected for broadcast
W (176406) MSG: Broadcast failed, falling back to MQTT
E (176407) MQTT: Publish failed
I (176410) CMD_U0: waiting for pending UART response ch=8 before next command
E (176431) MQTT: Publish failed
W (176431) TRANSPORT: No transport connected for broadcast
W (176431) MSG: Broadcast failed, falling back to MQTT
E (176432) MQTT: Publish failed
I (176435) CMD_U0: waiting for pending UART response ch=8 before next command
E (176456) MQTT: Publish failed
W (176456) TRANSPORT: No transport connected for broadcast
W (176456) MSG: Broadcast failed, falling back to MQTT
E (176457) MQTT: Publish failed
I (176460) CMD_U0: waiting for pending UART response ch=8 before next command
E (176482) MQTT: Publish failed
W (176482) TRANSPORT: No transport connected for broadcast
W (176482) MSG: Broadcast failed, falling back to MQTT
E (176483) MQTT: Publish failed
I (176486) CMD_U0: waiting for pending UART response ch=8 before next command
E (176507) MQTT: Publish failed
W (176507) TRANSPORT: No transport connected for broadcast
W (176507) MSG: Broadcast failed, falling back to MQTT
E (176508) MQTT: Publish failed
I (176512) CMD_U0: waiting for pending UART response ch=8 before next command
E (176532) MQTT: Publish failed
W (176532) TRANSPORT: No transport connected for broadcast
W (176532) MSG: Broadcast failed, falling back to MQTT
E (176533) MQTT: I (176533) CMD_U0: waiting for pending UART response ch=8 before next command
Publish failed
E (176553) MQTT: Publish failed
W (176553) TRANSPORT: No transport connected for broadcast
W (176553) MSG: Broadcast failed, falling back to MQTT
E (176554) MQTT: Publish failed
I (176558) CMD_U0: waiting for pending UART response ch=8 before next command
E (176565) MQTT: Publish failed
W (176565) TRANSPORT: No transport connected for broadcast
W (176565) MSG: Broadcast failed, falling back to MQTT
E (176565) MQTT: Publish failed
E (176578) MQTT: Publish failed
W (176578) TRANSPORT: No transport connected for broadcast
W (176578) MSG: Broadcast failed, falling back to MQTT
E (176579) MQTT: Publish failed
I (176579) CMD_U0: waiting for pending UART response ch=8 before next command
E (176603) MQTT: Publish failed
W (176603) TRANSPORT: No transport connected for broadcast
W (176603) MSG: Broadcast failed, falling back to MQTT
I (176604) CMD_U0: E (176604) MQTT: waiting for pending UART response ch=8 before next commandPublish failed

E (176623) MQTT: Publish failed
W (176623) TRANSPORT: No transport connected for broadcast
W (176623) MSG: Broadcast failed, falling back to MQTT
E (176624) MQTT: I (176624) CMD_U0: waiting for pending UART response ch=8 before next command
Publish failed
E (176644) MQTT: Publish failed
W (176644) TRANSPORT: No transport connected for broadcast
I (176644) CMD_U0: waiting for pending UART response ch=8 before next command
W (176644) MSG: Broadcast failed, falling back to MQTT
E (176645) MQTT: Publish failed
E (176664) MQTT: Publish failed
W (176664) TRANSPORT: No transport connected for broadcast
W (176664) MSG: Broadcast failed, falling back to MQTT
E (176665) MQTT: Publish failed
I (176665) CMD_U0: waiting for pending UART response ch=8 before next command
E (176689) MQTT: Publish failed
W (176689) TRANSPORT: No transport connected for broadcast
W (176689) MSG: Broadcast failed, falling back to MQTT
E (176690) MQTT: Publish failed
I (176691) CMD_U0: waiting for pending UART response ch=8 before next command
E (176715) MQTT: Publish failed
W (176715) TRANSPORT: No transport connected for broadcast
W (176715) MSG: Broadcast failed, falling back to MQTT
E (176716) MQTT: Publish failed
I (176717) CMD_U0: waiting for pending UART response ch=8 before next command
E (176740) MQTT: Publish failed
W (176740) TRANSPORT: No transport connected for broadcast
W (176740) MSG: Broadcast failed, falling back to MQTT
E (176741) MQTT: Publish failed
I (176742) CMD_U0: waiting for pending UART response ch=8 before next command
E (176765) MQTT: Publish failed
W (176765) TRANSPORT: No transport connected for broadcast
W (176765) MSG: Broadcast failed, falling back to MQTT
E (176766) MQTT: Publish failed
I (176768) CMD_U0: waiting for pending UART response ch=8 before next command
E (176791) MQTT: Publish failed
W (176791) TRANSPORT: No transport connected for broadcast
W (176791) MSG: Broadcast failed, falling back to MQTT
E (176792) MQTT: Publish failed
I (176793) CMD_U0: waiting for pending UART response ch=8 before next command
E (176817) MQTT: Publish failed
W (176817) TRANSPORT: No transport connected for broadcast
W (176817) MSG: Broadcast failed, falling back to MQTT
I (176818) CMD_U0: E (176818) MQTT: waiting for pending UART response ch=8 before next command
Publish failed
W (176833) RX_TASK: RX timeout slot1 type=1 reqID=0 (1001ms)
E (176833) MQTT: Publish failed
W (176834) TRANSPORT: No transport connected for broadcast
W (176834) MSG: Broadcast failed, falling back to MQTT
E (176834) MQTT: Publish failed
E (176843) MQTT: Publish failed
W (176843) TRANSPORT: No transport connected for broadcast
W (176843) MSG: Broadcast failed, falling back to MQTT
E (176844) MQTT: Publish failed
I (176848) CMD_U0: waiting for pending UART response ch=8 before next command
E (176868) MQTT: Publish failed
W (176868) TRANSPORT: No transport connected for broadcast
W (176868) MSG: Broadcast failed, falling back to MQTT
E (176869) MQTT: Publish failed
I (176872) CMD_U1: waiting for pending UART response ch=9 before next command
I (176873) CMD_U0: waiting for pending UART response ch=8 before next command
E (176894) MQTT: Publish failed
W (176894) TRANSPORT: No transport connected for broadcast
W (176894) MSG: Broadcast failed, falling back to MQTT
E (176895) MQTT: Publish failed
I (176898) CMD_U0: waiting for pending UART response ch=8 before next command
E (176919) MQTT: Publish failed
W (176919) TRANSPORT: No transport connected for broadcast
W (176919) MSG: Broadcast failed, falling back to MQTT
E (176920) MQTT: Publish failed
I (176924) CMD_U0: waiting for pending UART response ch=8 before next command
I (176950) CMD_U0: waiting for pending UART response ch=8 before next command
I (176975) CMD_U0: waiting for pending UART response ch=8 before next command
I (177000) CMD_U0: waiting for pending UART response ch=8 before next command
I (177022) CMD_U0: waiting for pending UART response ch=8 before next command
I (177042) CMD_U0: waiting for pending UART response ch=8 before next command
I (177068) CMD_U0: waiting for pending UART response ch=8 before next command
I (177093) CMD_U0: waiting for pending UART response ch=8 before next command
I (177119) CMD_U0: waiting for pending UART response ch=8 before next command
I (177144) CMD_U0: waiting for pending UART response ch=8 before next command
I (177170) CMD_U0: waiting for pending UART response ch=8 before next command
I (177195) CMD_U0: waiting for pending UART response ch=8 before next command
I (177220) CMD_U0: waiting for pending UART response ch=8 before next command
I (177245) CMD_U0: waiting for pending UART response ch=8 before next command
I (177270) CMD_U0: waiting for pending UART response ch=8 before next command
I (177300) CMD_U0: waiting for pending UART response ch=8 before next command
I (177326) CMD_U0: waiting for pending UART response ch=8 before next command
I (177351) CMD_U0: waiting for pending UART response ch=8 before next command
I (177377) CMD_U0: waiting for pending UART response ch=8 before next command
I (177403) CMD_U0: waiting for pending UART response ch=8 before next command
I (177428) CMD_U0: waiting for pending UART response ch=8 before next command
I (177453) CMD_U0: waiting for pending UART response ch=8 before next command
I (177478) CMD_U0: waiting for pending UART response ch=8 before next command
I (177504) CMD_U0: waiting for pending UART response ch=8 before next command
I (177529) CMD_U0: waiting for pending UART response ch=8 before next command
I (177556) CMD_U0: waiting for pending UART response ch=8 before next command
I (177582) CMD_U0: waiting for pending UART response ch=8 before next command
I (177607) CMD_U0: waiting for pending UART response ch=8 before next command
I (177633) CMD_U0: waiting for pending UART response ch=8 before next command
I (177659) CMD_U0: waiting for pending UART response ch=8 before next command
I (177684) CMD_U0: waiting for pending UART response ch=8 before next command
I (177710) CMD_U0: waiting for pending UART response ch=8 before next command
I (177731) CMD_U0: waiting for pending UART response ch=8 before next command
I (177752) CMD_U0: waiting for pending UART response ch=8 before next command
I (177777) CMD_U0: waiting for pending UART response ch=8 before next command
I (177803) CMD_U0: waiting for pending UART response ch=8 before next command
I (177824) CMD_U0: waiting for pending UART response ch=8 before next command
I (177850) CMD_U0: waiting for pending UART response ch=8 before next command
W (177856) RX_TASK: RX timeout slot1 type=1 reqID=0 (1001ms)
I (177874) CMD_U1: waiting for pending UART response ch=9 before next command
I (177875) CMD_U0: waiting for pending UART response ch=8 before next command
I (177900) CMD_U0: waiting for pending UART response ch=8 before next command
I (177926) CMD_U0: waiting for pending UART response ch=8 before next command
I (177951) CMD_U0: waiting for pending UART response ch=8 before next command
I (177976) CMD_U0: waiting for pending UART response ch=8 before next command
I (177997) CMD_U0: waiting for pending UART response ch=8 before next command
I (178023) CMD_U0: waiting for pending UART response ch=8 before next command
I (178048) CMD_U0: waiting for pending UART response ch=8 before next command
I (178078) CMD_U0: waiting for pending UART response ch=8 before next command
I (178108) CMD_U0: waiting for pending UART response ch=8 before next command
I (178130) CMD_U0: waiting for pending UART response ch=8 before next command
I (178155) CMD_U0: waiting for pending UART response ch=8 before next command
I (178180) CMD_U0: waiting for pending UART response ch=8 before next command
I (178205) CMD_U0: waiting for pending UART response ch=8 before next command
I (178226) CMD_U0: waiting for pending UART response ch=8 before next command
I (178251) CMD_U0: waiting for pending UART response ch=8 before next command
I (178276) CMD_U0: waiting for pending UART response ch=8 before next command
I (178306) CMD_U0: waiting for pending UART response ch=8 before next command
I (178331) CMD_U0: waiting for pending UART response ch=8 before next command
I (178356) CMD_U0: waiting for pending UART response ch=8 before next command
I (178381) CMD_U0: waiting for pending UART response ch=8 before next command
I (178406) CMD_U0: waiting for pending UART response ch=8 before next command
I (178431) CMD_U0: waiting for pending UART response ch=8 before next command
I (178456) CMD_U0: waiting for pending UART response ch=8 before next command
E (178478) MQTT: Publish failed
W (178478) TRANSPORT: No transport connected for broadcast
W (178478) MSG: Broadcast failed, falling back to MQTT
E (178479) MQTT: Publish failed
I (178482) CMD_U0: waiting for pending UART response ch=8 before next command
E (178503) MQTT: Publish failed
W (178503) TRANSPORT: No transport connected for broadcast
W (178503) MSG: Broadcast failed, falling back to MQTT
E (178504) MQTT: Publish failed
I (178508) CMD_U0: waiting for pending UART response ch=8 before next command
E (178528) MQTT: Publish failed
W (178528) TRANSPORT: No transport connected for broadcast
W (178528) MSG: Broadcast failed, falling back to MQTT
E (178529) MQTT: Publish failedI (178529) CMD_U0: waiting for pending UART response ch=8 before next command

E (178549) MQTT: Publish failed
W (178549) TRANSPORT: No transport connected for broadcast
I (178550) CMD_U0: waiting for pending UART response ch=8 before next command
W (178550) MSG: Broadcast failed, falling back to MQTT
E (178550) MQTT: Publish failed
E (178565) MQTT: Publish failed
W (178565) TRANSPORT: No transport connected for broadcast
W (178565) MSG: Broadcast failed, falling back to MQTT
E (178565) MQTT: Publish failed
E (178569) MQTT: Publish failed
W (178569) TRANSPORT: No transport connected for broadcast
W (178569) MSG: Broadcast failed, falling back to MQTT
E (178569) MQTT: Publish failed
I (178570) CMD_U0: waiting for pending UART response ch=8 before next command
I (178595) CMD_U0: waiting for pending UART response ch=8 before next command
E (178597) MQTT: Publish failed
W (178597) TRANSPORT: No transport connected for broadcast
W (178597) MSG: Broadcast failed, falling back to MQTT
E (178597) MQTT: Publish failed
I (178621) CMD_U0: waiting for pending UART response ch=8 before next command
I (178647) CMD_U0: waiting for pending UART response ch=8 before next command
I (178673) CMD_U0: waiting for pending UART response ch=8 before next command
I (178698) CMD_U0: waiting for pending UART response ch=8 before next command
I (178723) CMD_U0: waiting for pending UART response ch=8 before next command
I (178749) CMD_U0: waiting for pending UART response ch=8 before next command
I (178775) CMD_U0: waiting for pending UART response ch=8 before next command
I (178800) CMD_U0: waiting for pending UART response ch=8 before next command
I (178825) CMD_U0: waiting for pending UART response ch=8 before next command
I (178850) CMD_U0: waiting for pending UART response ch=8 before next command
W (178858) RX_TASK: RX timeout slot1 type=1 reqID=0 (1001ms)
I (178875) CMD_U0: waiting for pending UART response ch=8 before next command
I (178897) CMD_U1: waiting for pending UART response ch=9 before next command
I (178900) CMD_U0: waiting for pending UART response ch=8 before next command
I (178925) CMD_U0: waiting for pending UART response ch=8 before next command
I (178950) CMD_U0: waiting for pending UART response ch=8 before next command
I (178980) CMD_U0: waiting for pending UART response ch=8 before next command
I (179000) CMD_U0: waiting for pending UART response ch=8 before next command
I (179020) CMD_U0: waiting for pending UART response ch=8 before next command
I (179041) CMD_U0: waiting for pending UART response ch=8 before next command
I (179072) CMD_U0: waiting for pending UART response ch=8 before next command
(179098) CMD_U0: waiting for pending UART response ch=8 before next command
179124) CMD_U0: waiting for pending UART response ch=8 before next command
179150) CMD_U0: waiting for pending UART response ch=8 before next command
179175) CMD_U0: waiting for pending UART response ch=8 before next command
I (179202) CMD_U0: waiting for pending UART response ch=8 before next command
I (179223) CMD_U0: waiting for pending UART response ch=8 before next command
I (179244) CMD_U0: waiting for pending UART response ch=8 before next command
I (179265) CMD_U0: waiting for pending UART response ch=8 before next command
I (179290) CMD_U0: waiting for pending UART response ch=8 before next command
I (179316) CMD_U0: waiting for pending UART response ch=8 before next command
I (179341) CMD_U0: waiting for pending UART response ch=8 before next command
I (179366) CMD_U0: waiting for pending UART response ch=8 before next command
I (179392) CMD_U0: waiting for pending UART response ch=8 before next command
I (179418) CMD_U0: waiting for pending UART response ch=8 before next command
I (179443) CMD_U0: waiting for pending UART response ch=8 before next command
I (179468) CMD_U0: waiting for pending UART response ch=8 before next command
I (179498) CMD_U0: waiting for pending UART response ch=8 before next command
I (179523) CMD_U0: waiting for pending UART response ch=8 before next command
I (179549) CMD_U0: waiting for pending UART response ch=8 before next command
I (179574) CMD_U0: waiting for pending UART response ch=8 before next command
I (179599) CMD_U0: waiting for pending UART response ch=8 before next command
I (179625) CMD_U0: waiting for pending UART response ch=8 before next command
I (179650) CMD_U0: waiting for pending UART response ch=8 before next command
I (179672) CMD_U0: waiting for pending UART response ch=8 before next command
I (179692) CMD_U0: waiting for pending UART response ch=8 before next command
I (179713) CMD_U0: waiting for pending UART response ch=8 before next command
I (179738) CMD_U0: waiting for pending UART response ch=8 before next command
I (179759) CMD_U0: waiting for pending UART response ch=8 before next command
I (179780) CMD_U0: waiting for pending UART response ch=8 before next command
I (179805) CMD_U0: waiting for pending UART response ch=8 before next command
I (179830) CMD_U0: waiting for pending UART response ch=8 before next command
I (179855) CMD_U0: waiting for pending UART response ch=8 before next command
I (179880) CMD_U0: waiting for pending UART response ch=8 before next command
W (179881) RX_TASK: RX timeout slot1 type=1 reqID=0 (1001ms)
I (179899) CMD_U1: waiting for pending UART response ch=9 before next command
I (179905) CMD_U0: waiting for pending UART response ch=8 before next command
I (179930) CMD_U0: waiting for pending UART response ch=8 before next command
I (179955) CMD_U0: waiting for pending UART response ch=8 before next command
I (179980) CMD_U0: waiting for pending UART response ch=8 before next command
I (180005) CMD_U0: waiting for pending UART response ch=8 before next command
I (180026) CMD_U0: waiting for pending UART response ch=8 before next command
I (180051) CMD_U0: waiting for pending UART response ch=8 before next command
I (180072) CMD_U0: waiting for pending UART response ch=8 before next command
I (180097) CMD_U0: waiting for pending UART response ch=8 before next command
E (180117) MQTT: Publish failed
W (180117) TRANSPORT: No transport connected for broadcast
W (180117) MSG: Broadcast failed, falling back to MQTT
E (180118) MQTT: Publish failed
I (180122) CMD_U0: waiting for pending UART response ch=8 before next command
E (180142) MQTT: Publish failed
W (180142) TRANSPORT: No transport connected for broadcast
W (180142) MSG: Broadcast failed, falling back to MQTT
I (180143) CMD_U0: waiting for pending UART response ch=8 before next command
E (180143) MQTT: Publish failed
E (180162) MQTT: Publish failed
W (180162) TRANSPORT: No transport connected for broadcast
W (180162) MSG: Broadcast failed, falling back to MQTT
E (180163) MQTT: Publish failed
I (180163) CMD_U0: waiting for pending UART response ch=8 before next command
E (180183) MQTT: Publish failed
W (180184) TRANSPORT: No transport connected for broadcast
I (180184) CMD_U0: waiting for pending UART response ch=8 before next command
W (180184) MSG: Broadcast failed, falling back to MQTT
E (180185) MQTT: Publish failed
E (180208) MQTT: Publish failed
W (180208) TRANSPORT: No transport connected for broadcast
W (180208) MSG: Broadcast failed, falling back to MQTT
I (180209) CMD_U0: E (180209) MQTT: waiting for pending UART response ch=8 before next command
Publish failed
E (180228) MQTT: Publish failed
W (180228) TRANSPORT: No transport connected for broadcast
W (180228) MSG: Broadcast failed, falling back to MQTT
E (180229) MQTT: Publish failedI (180229) CMD_U0: waiting for pending UART response ch=8 before next command

E (180248) MQTT: Publish failed
W (180248) TRANSPORT: No transport connected for broadcast
W (180248) MSG: Broadcast failed, falling back to MQTT
E (180249) MQTT: Publish failed
I (180249) CMD_U0: waiting for pending UART response ch=8 before next command
E (180269) MQTT: Publish failed
W (180269) TRANSPORT: No transport connected for broadcast
W (180269) MSG: Broadcast failed, falling back to MQTT
E (180270) MQTT: I (180270) CMD_U0: waiting for pending UART response ch=8 before next commandPublish failed

I (180300) CMD_U0: waiting for pending UART response ch=8 before next command
I (180326) CMD_U0: waiting for pending UART response ch=8 before next command
I (180347) CMD_U0: waiting for pending UART response ch=8 before next command
I (180372) CMD_U0: waiting for pending UART response ch=8 before next command
I (180398) CMD_U0: waiting for pending UART response ch=8 before next command
I (180423) CMD_U0: waiting for pending UART response ch=8 before next command
I (180449) CMD_U0: waiting for pending UART response ch=8 before next command
I (180475) CMD_U0: waiting for pending UART response ch=8 before next command
I (180500) CMD_U0: waiting for pending UART response ch=8 before next command
I (180525) CMD_U0: waiting for pending UART response ch=8 before next command
I (180550) CMD_U0: waiting for pending UART response ch=8 before next command
E (180573) MQTT: Publish failed
W (180573) TRANSPORT: No transport connected for broadcast
W (180573) MSG: Broadcast failed, falling back to MQTT
E (180574) MQTT: Publish failed
I (180576) CMD_U0: waiting for pending UART response ch=8 before next command
E (180599) MQTT: Publish failed
W (180599) TRANSPORT: No transport connected for broadcast
W (180600) MSG: Broadcast failed, falling back to MQTT
E (180600) MQTT: Publish failed
I (180601) CMD_U0: waiting for pending UART response ch=8 before next command
E (180624) MQTT: Publish failed
W (180624) TRANSPORT: No transport connected for broadcast
W (180624) MSG: Broadcast failed, falling back to MQTT
E (180625) MQTT: Publish failed
I (180626) CMD_U0: waiting for pending UART response ch=8 before next command
E (180649) MQTT: Publish failed
W (180649) TRANSPORT: No transport connected for broadcast
W (180649) MSG: Broadcast failed, falling back to MQTT
E (180650) MQTT: Publish failed
I (180651) CMD_U0: waiting for pending UART response ch=8 before next command
E (180675) MQTT: Publish failed
W (180675) TRANSPORT: No transport connected for broadcast
W (180675) MSG: Broadcast failed, falling back to MQTT
E (180676) MQTT: Publish failed
I (180676) CMD_U0: waiting for pending UART response ch=8 before next command
E (180700) MQTT: Publish failed
W (180700) TRANSPORT: No transport connected for broadcast
W (180700) MSG: Broadcast failed, falling back to MQTT
E (180701) MQTT: Publish failed
I (180702) CMD_U0: waiting for pending UART response ch=8 before next command
E (180725) MQTT: Publish failed
W (180725) TRANSPORT: No transport connected for broadcast
W (180725) MSG: Broadcast failed, falling back to MQTT
E (180726) MQTT: Publish failed
I (180727) CMD_U0: waiting for pending UART response ch=8 before next command
E (180751) MQTT: Publish failed
W (180751) TRANSPORT: No transport connected for broadcast
W (180751) MSG: Broadcast failed, falling back to MQTT
E (180752) MQTT: Publish failed
I (180752) CMD_U0: waiting for pending UART response ch=8 before next command
E (180776) MQTT: Publish failed
W (180776) TRANSPORT: No transport connected for broadcast
W (180776) MSG: Broadcast failed, falling back to MQTT
E (180777) MQTT: Publish failed
I (180778) CMD_U0: waiting for pending UART response ch=8 before next command
E (180801) MQTT: Publish failed
W (180801) TRANSPORT: No transport connected for broadcast
W (180801) MSG: Broadcast failed, falling back to MQTT
E (180802) MQTT: Publish failed
I (180803) CMD_U0: waiting for pending UART response ch=8 before next command
E (180826) MQTT: Publish failed
W (180826) TRANSPORT: No transport connected for broadcast
W (180826) MSG: Broadcast failed, falling back to MQTT
E (180827) MQTT: Publish failed
I (180829) CMD_U0: waiting for pending UART response ch=8 before next command
E (180852) MQTT: Publish failed
W (180852) TRANSPORT: No transport connected for broadcast
W (180852) MSG: Broadcast failed, falling back to MQTT
E (180853) MQTT: Publish failed
I (180854) CMD_U0: waiting for pending UART response ch=8 before next command
E (180877) MQTT: Publish failed
W (180877) TRANSPORT: No transport connected for broadcast
W (180877) MSG: Broadcast failed, falling back to MQTT
E (180878) MQTT: Publish failed
I (180880) CMD_U0: waiting for pending UART response ch=8 before next command
W (180883) RX_TASK: RX timeout slot1 type=1 reqID=0 (1001ms)
E (180884) MQTT: Publish failed
W (180884) TRANSPORT: No transport connected for broadcast
W (180884) MSG: Broadcast failed, falling back to MQTT
E (180885) MQTT: Publish failed
I (180901) CMD_U1: waiting for pending UART response ch=9 before next command
E (180902) MQTT: Publish failed
W (180902) TRANSPORT: No transport connected for broadcast
W (180902) MSG: Broadcast failed, falling back to MQTT
E (180903) MQTT: Publish failed
I (180906) CMD_U0: waiting for pending UART response ch=8 before next command
E (180928) MQTT: Publish failed
W (180928) TRANSPORT: No transport connected for broadcast
W (180928) MSG: Broadcast failed, falling back to MQTT
E (180929) MQTT: Publish failed
I (180932) CMD_U0: waiting for pending UART response ch=8 before next command
E (180953) MQTT: Publish failed
W (180953) TRANSPORT: No transport connected for broadcast
W (180953) MSG: Broadcast failed, falling back to MQTT
E (180954) MQTT: Publish failed
I (180958) CMD_U0: waiting for pending UART response ch=8 before next command
E (180978) MQTT: Publish failed
W (180978) TRANSPORT: No transport connected for broadcast
W (180978) MSG: Broadcast failed, falling back to MQTT
E (180979) MQTT: Publish failed
I (180983) CMD_U0: waiting for pending UART response ch=8 before next command
E (181004) MQTT: Publish failed
W (181004) TRANSPORT: No transport connected for broadcast
W (181004) MSG: Broadcast failed, falling back to MQTT
E (181005) MQTT: Publish failed
I (181006) SCHEDULER: Stats: samples=413 full=590 min_free=2
I (181009) CMD_U0: waiting for pending UART response ch=8 before next command
E (181029) MQTT: Publish failed
W (181029) TRANSPORT: No transport connected for broadcast
W (181029) MSG: Broadcast failed, falling back to MQTT
E (181030) MQTT: Publish failed
I (181034) CMD_U0: waiting for pending UART response ch=8 before next command
E (181054) MQTT: Publish failed
W (181054) TRANSPORT: No transport connected for broadcast
W (181054) MSG: Broadcast failed, falling back to MQTT
E (181055) MQTT: Publish failed
I (181059) CMD_U0: waiting for pending UART response ch=8 before next command
E (181076) MQTT: Publish failed
W (181076) TRANSPORT: No transport connected for broadcast
W (181077) MSG: Broadcast failed, falling back to MQTT
E (181077) MQTT: Publish failed
E (181080) MQTT: Publish failed
W (181080) TRANSPORT: No transport connected for broadcast
W (181080) MSG: Broadcast failed, falling back to MQTT
E (181081) MQTT: Publish failed
I (181085) CMD_U0: waiting for pending UART response ch=8 before next command
E (181105) MQTT: Publish failed
W (181105) TRANSPORT: No transport connected for broadcast
W (181105) MSG: Broadcast failed, falling back to MQTT
I (181106) CMD_U0: waiting for pending UART response ch=8 before next commandE (181106) MQTT: 
Publish failed
E (181125) MQTT: Publish failed
W (181125) TRANSPORT: No transport connected for broadcast
W (181125) MSG: Broadcast failed, falling back to MQTT
E (181126) MQTT: I (181126) CMD_U0: waiting for pending UART response ch=8 before next command
Publish failed
E (181146) MQTT: Publish failed
W (181146) TRANSPORT: No transport connected for broadcast
I (181146) CMD_U0: waiting for pending UART response ch=8 before next command
W (181147) MSG: Broadcast failed, falling back to MQTT
E (181147) MQTT: Publish failed
E (181166) MQTT: Publish failed
W (181166) TRANSPORT: No transport connected for broadcast
W (181166) MSG: Broadcast failed, falling back to MQTT
E (181167) MQTT: I (181167) CMD_U0: waiting for pending UART response ch=8 before next command
Publish failed
E (181191) MQTT: Publish failed
W (181191) TRANSPORT: No transport connected for broadcast
W (181191) MSG: Broadcast failed, falling back to MQTT
E (181192) MQTT: Publish failed
I (181193) CMD_U0: waiting for pending UART response ch=8 before next command
E (181211) MQTT: Publish failed
W (181211) TRANSPORT: No transport connected for broadcast
W (181211) MSG: Broadcast failed, falling back to MQTT
E (181212) MQTT: Publish failed
I (181214) CMD_U0: waiting for pending UART response ch=8 before next command
E (181237) MQTT: Publish failed
W (181237) TRANSPORT: No transport connected for broadcast
W (181237) MSG: Broadcast failed, falling back to MQTT
E (181238) MQTT: Publish failed
I (181240) CMD_U0: waiting for pending UART response ch=8 before next command
E (181262) MQTT: Publish failed
W (181262) TRANSPORT: No transport connected for broadcast
W (181262) MSG: Broadcast failed, falling back to MQTT
E (181263) MQTT: Publish failed
I (181265) CMD_U0: waiting for pending UART response ch=8 before next command
E (181287) MQTT: Publish failed
W (181287) TRANSPORT: No transport connected for broadcast
W (181287) MSG: Broadcast failed, falling back to MQTT
E (181288) MQTT: Publish failed
I (181290) CMD_U0: waiting for pending UART response ch=8 before next command
E (181313) MQTT: Publish failed
W (181313) TRANSPORT: No transport connected for broadcast
W (181313) MSG: Broadcast failed, falling back to MQTT
E (181314) MQTT: Publish failed
I (181315) CMD_U0: waiting for pending UART response ch=8 before next command
E (181338) MQTT: Publish failed
W (181338) TRANSPORT: No transport connected for broadcast
W (181338) MSG: Broadcast failed, falling back to MQTT
E (181339) MQTT: Publish failed
I (181341) CMD_U0: waiting for pending UART response ch=8 before next command
E (181363) MQTT: Publish failed
W (181363) TRANSPORT: No transport connected for broadcast
W (181363) MSG: Broadcast failed, falling back to MQTT
E (181364) MQTT: Publish failed
I (181367) CMD_U0: waiting for pending UART response ch=8 before next command
E (181389) MQTT: Publish failed
W (181389) TRANSPORT: No transport connected for broadcast
W (181389) MSG: Broadcast failed, falling back to MQTT
E (181390) MQTT: Publish failed
I (181392) CMD_U0: waiting for pending UART response ch=8 before next command
I (181418) CMD_U0: waiting for pending UART response ch=8 before next command
I (181444) CMD_U0: waiting for pending UART response ch=8 before next command
I (181469) CMD_U0: waiting for pending UART response ch=8 before next command
I (181491) CMD_U0: waiting for pending UART response ch=8 before next command
I (181512) CMD_U0: waiting for pending UART response ch=8 before next command
I (181532) CMD_U0: waiting for pending UART response ch=8 before next command
I (181557) CMD_U0: waiting for pending UART response ch=8 before next command
I (181583) CMD_U0: waiting for pending UART response ch=8 before next command
I (181604) CMD_U0: waiting for pending UART response ch=8 before next command
I (181629) CMD_U0: waiting for pending UART response ch=8 before next command
I (181655) CMD_U0: waiting for pending UART response ch=8 before next command
I (181676) CMD_U0: waiting for pending UART response ch=8 before next command
I (181702) CMD_U0: waiting for pending UART response ch=8 before next command
I (181728) CMD_U0: waiting for pending UART response ch=8 before next command
I (181753) CMD_U0: waiting for pending UART response ch=8 before next command
I (181778) CMD_U0: waiting for pending UART response ch=8 before next command
I (181803) CMD_U0: waiting for pending UART response ch=8 before next command
I (181829) CMD_U0: waiting for pending UART response ch=8 before next command
I (181855) CMD_U0: waiting for pending UART response ch=8 before next command
I (181880) CMD_U0: waiting for pending UART response ch=8 before next command
W (181885) RX_TASK: RX timeout slot1 type=1 reqID=0 (1001ms)
I (181903) CMD_U1: waiting for pending UART response ch=9 before next command
I (181905) CMD_U0: waiting for pending UART response ch=8 before next command
I (181931) CMD_U0: waiting for pending UART response ch=8 before next command
I (181957) CMD_U0: waiting for pending UART response ch=8 before next command
I (181982) CMD_U0: waiting for pending UART response ch=8 before next command
I (182007) CMD_U0: waiting for pending UART response ch=8 before next command
I (182033) CMD_U0: waiting for pending UART response ch=8 before next command
I (182058) CMD_U0: waiting for pending UART response ch=8 before next command
I (182084) CMD_U0: waiting for pending UART response ch=8 before next command
I (182109) CMD_U0: waiting for pending UART response ch=8 before next command
I (182135) CMD_U0: waiting for pending UART response ch=8 before next command
I (182160) CMD_U0: waiting for pending UART response ch=8 before next command
I (182186) CMD_U0: waiting for pending UART response ch=8 before next command
I (182211) CMD_U0: waiting for pending UART response ch=8 before next command
E (182232) MQTT: Publish failed
W (182232) TRANSPORT: No transport connected for broadcast
W (182232) MSG: Broadcast failed, falling back to MQTT
E (182233) MQTT: Publish failed
I (182238) CMD_U0: waiting for pending UART response ch=8 before next command
E (182257) MQTT: Publish failed
W (182257) TRANSPORT: No transport connected for broadcast
W (182257) MSG: Broadcast failed, falling back to MQTT
E (182258) MQTT: Publish failed
I (182259) CMD_U0: waiting for pending UART response ch=8 before next command
E (182283) MQTT: Publish failed
W (182283) TRANSPORT: No transport connected for broadcast
W (182283) MSG: Broadcast failed, falling back to MQTT
E (182284) MQTT: Publish failed
I (182285) CMD_U0: waiting for pending UART response ch=8 before next command
E (182308) MQTT: Publish failed
W (182308) TRANSPORT: No transport connected for broadcast
W (182308) MSG: Broadcast failed, falling back to MQTT
E (182309) MQTT: Publish failed
I (182311) CMD_U0: waiting for pending UART response ch=8 before next command
E (182333) MQTT: Publish failed
W (182333) TRANSPORT: No transport connected for broadcast
W (182334) MSG: Broadcast failed, falling back to MQTT
E (182334) MQTT: Publish failed
I (182336) CMD_U0: waiting for pending UART response ch=8 before next command
E (182359) MQTT: Publish failed
W (182359) TRANSPORT: No transport connected for broadcast
W (182359) MSG: Broadcast failed, falling back to MQTT
E (182360) MQTT: Publish failed
I (182361) CMD_U0: waiting for pending UART response ch=8 before next command
E (182384) MQTT: Publish failed
W (182384) TRANSPORT: No transport connected for broadcast
W (182384) MSG: Broadcast failed, falling back to MQTT
E (182385) MQTT: Publish failed
I (182387) CMD_U0: waiting for pending UART response ch=8 before next command
I (182400) RX_TASK: Stats: events=404 completions=414 report_drop=0 report_q_high=2
E (182410) MQTT: Publish failed
W (182410) TRANSPORT: No transport connected for broadcast
W (182410) MSG: Broadcast failed, falling back to MQTT
E (182411) MQTT: Publish failed
I (182413) CMD_U0: waiting for pending UART response ch=8 before next command
E (182435) MQTT: Publish failed
W (182435) TRANSPORT: No transport connected for broadcast
W (182435) MSG: Broadcast failed, falling back to MQTT
E (182436) MQTT: Publish failed
I (182439) CMD_U0: waiting for pending UART response ch=8 before next command
E (182461) MQTT: Publish failed
W (182461) TRANSPORT: No transport connected for broadcast
W (182461) MSG: Broadcast failed, falling back to MQTT
E (182462) MQTT: Publish failed
I (182465) CMD_U0: waiting for pending UART response ch=8 before next command
E (182486) MQTT: Publish failed
W (182486) TRANSPORT: No transport connected for broadcast
W (182486) MSG: Broadcast failed, falling back to MQTT
E (182487) MQTT: Publish failed
I (182491) CMD_U0: Stats: txn=404 err=0 (100%) no_ctx=0
I (182492) CMD_U0: waiting for pending UART response ch=8 before next command
E (182511) MQTT: Publish failed
W (182511) TRANSPORT: No transport connected for broadcast
W (182511) MSG: Broadcast failed, falling back to MQTT
E (182512) MQTT: Publish failed
I (182512) CMD_U0: waiting for pending UART response ch=8 before next command
E (182531) MQTT: Publish failed
W (182531) TRANSPORT: No transport connected for broadcast
W (182531) MSG: Broadcast failed, falling back to MQTT
E (182532) MQTT: Publish failed
I (182533) CMD_U0: waiting for pending UART response ch=8 before next command
E (182557) MQTT: Publish failed
W (182557) TRANSPORT: No transport connected for broadcast
W (182557) MSG: Broadcast failed, falling back to MQTT
E (182558) MQTT: Publish failed
I (182559) CMD_U0: waiting for pending UART response ch=8 before next command
E (182565) MQTT: Publish failed
W (182565) TRANSPORT: No transport connected for broadcast
W (182565) MSG: Broadcast failed, falling back to MQTT
E (182565) MQTT: Publish failed
E (182582) MQTT: Publish failed
W (182582) TRANSPORT: No transport connected for broadcast
W (182582) MSG: Broadcast failed, falling back to MQTT
E (182583) MQTT: Publish failed
I (182585) CMD_U0: waiting for pending UART response ch=8 before next command
E (182608) MQTT: Publish failed
W (182608) TRANSPORT: No transport connected for broadcast
W (182608) MSG: Broadcast failed, falling back to MQTT
E (182609) MQTT: Publish failed
I (182610) CMD_U0: waiting for pending UART response ch=8 before next command
E (182633) MQTT: Publish failed
W (182633) TRANSPORT: No transport connected for broadcast
W (182633) MSG: Broadcast failed, falling back to MQTT
E (182634) MQTT: Publish failed
I (182635) CMD_U0: waiting for pending UART response ch=8 before next command
E (182660) MQTT: Publish failed
W (182660) TRANSPORT: No transport connected for broadcast
W (182660) MSG: Broadcast failed, falling back to MQTT
E (182661) MQTT: I (182661) CMD_U0: waiting for pending UART response ch=8 before next command
Publish failed
E (182684) MQTT: Publish failed
W (182684) TRANSPORT: No transport connected for broadcast
W (182684) MSG: Broadcast failed, falling back to MQTT
E (182685) MQTT: Publish failed
I (182686) CMD_U0: waiting for pending UART response ch=8 before next command
E (182709) MQTT: Publish failed
W (182709) TRANSPORT: No transport connected for broadcast
W (182709) MSG: Broadcast failed, falling back to MQTT
E (182710) MQTT: Publish failed
I (182712) CMD_U0: waiting for pending UART response ch=8 before next command
E (182734) MQTT: Publish failed
W (182734) TRANSPORT: No transport connected for broadcast
W (182734) MSG: Broadcast failed, falling back to MQTT
E (182735) MQTT: Publish failed
I (182738) CMD_U0: waiting for pending UART response ch=8 before next command
E (182760) MQTT: Publish failed
W (182760) TRANSPORT: No transport connected for broadcast
W (182760) MSG: Broadcast failed, falling back to MQTT
E (182761) MQTT: Publish failed
I (182764) CMD_U0: waiting for pending UART response ch=8 before next command
I (182789) CMD_U0: waiting for pending UART response ch=8 before next command
I (182814) CMD_U0: waiting for pending UART response ch=8 before next command
I (182839) CMD_U0: waiting for pending UART response ch=8 before next command
I (182864) CMD_U0: waiting for pending UART response ch=8 before next command
W (182887) RX_TASK: RX timeout slot1 type=1 reqID=0 (1001ms)
I (182889) CMD_U0: waiting for pending UART response ch=8 before next command
I (182905) CMD_U1: waiting for pending UART response ch=9 before next command
I (182915) CMD_U0: waiting for pending UART response ch=8 before next command
I (182940) CMD_U0: waiting for pending UART response ch=8 before next command
I (182965) CMD_U0: waiting for pending UART response ch=8 before next command
I (182991) CMD_U0: waiting for pending UART response ch=8 before next command
E (183015) MQTT: Publish failed
W (183015) TRANSPORT: No transport connected for broadcast
W (183015) MSG: Broadcast failed, falling back to MQTT
E (183016) MQTT: Publish failed
I (183017) CMD_U0: waiting for pending UART response ch=8 before next command
E (183041) MQTT: Publish failed
W (183041) TRANSPORT: No transport connected for broadcast
W (183041) MSG: Broadcast failed, falling back to MQTT
E (183042) MQTT: I (183042) CMD_U0: waiting for pending UART response ch=8 before next command
Publish failed
E (183066) MQTT: Publish failed
W (183066) TRANSPORT: No transport connected for broadcast
W (183066) MSG: Broadcast failed, falling back to MQTT
E (183067) MQTT: Publish failed
I (183067) CMD_U0: waiting for pending UART response ch=8 before next command
E (183084) MQTT: Publish failed
W (183084) TRANSPORT: No transport connected for broadcast
W (183085) MSG: Broadcast failed, falling back to MQTT
E (183085) MQTT: Publish failed
E (183086) MQTT: Publish failed
W (183086) TRANSPORT: No transport connected for broadcast
W (183086) MSG: Broadcast failed, falling back to MQTT
E (183087) MQTT: Publish failed
I (183088) CMD_U0: waiting for pending UART response ch=8 before next command
E (183112) MQTT: Publish failed
W (183112) TRANSPORT: No transport connected for broadcast
W (183112) MSG: Broadcast failed, falling back to MQTT
I (183113) CMD_U0: waiting for pending UART response ch=8 before next command
E (183113) MQTT: Publish failed
E (183137) MQTT: Publish failed
W (183137) TRANSPORT: No transport connected for broadcast
W (183137) MSG: Broadcast failed, falling back to MQTT
E (183138) MQTT: Publish failed
I (183138) CMD_U0: waiting for pending UART response ch=8 before next command
E (183157) MQTT: Publish failed
W (183157) TRANSPORT: No transport connected for broadcast
W (183157) MSG: Broadcast failed, falling back to MQTT
E (183158) MQTT: Publish failed
I (183159) CMD_U0: waiting for pending UART response ch=8 before next command
E (183183) MQTT: Publish failed
W (183183) TRANSPORT: No transport connected for broadcast
W (183183) MSG: Broadcast failed, falling back to MQTT
E (183184) MQTT: Publish failed
I (183184) CMD_U0: waiting for pending UART response ch=8 before next command
E (183208) MQTT: Publish failed
W (183208) TRANSPORT: No transport connected for broadcast
W (183208) MSG: Broadcast failed, falling back to MQTT
E (183209) MQTT: Publish failed
I (183210) CMD_U0: waiting for pending UART response ch=8 before next command
E (183233) MQTT: Publish failed
W (183233) TRANSPORT: No transport connected for broadcast
W (183233) MSG: Broadcast failed, falling back to MQTT
E (183234) MQTT: Publish failed
I (183236) CMD_U0: waiting for pending UART response ch=8 before next command
E (183259) MQTT: Publish failed
W (183259) TRANSPORT: No transport connected for broadcast
W (183259) MSG: Broadcast failed, falling back to MQTT
E (183260) MQTT: Publish failed
I (183262) CMD_U0: waiting for pending UART response ch=8 before next command
E (183284) MQTT: Publish failed
W (183284) TRANSPORT: No transport connected for broadcast
W (183284) MSG: Broadcast failed, falling back to MQTT
E (183285) MQTT: Publish failed
I (183287) CMD_U0: waiting for pending UART response ch=8 before next command
E (183310) MQTT: Publish failed
W (183310) TRANSPORT: No transport connected for broadcast
W (183310) MSG: Broadcast failed, falling back to MQTT
E (183311) MQTT: Publish failed
I (183313) CMD_U0: waiting for pending UART response ch=8 before next command
E (183335) MQTT: Publish failed
W (183335) TRANSPORT: No transport connected for broadcast
W (183335) MSG: Broadcast failed, falling back to MQTT
E (183336) MQTT: Publish failed
I (183338) CMD_U0: waiting for pending UART response ch=8 before next command
E (183360) MQTT: Publish failed
W (183360) TRANSPORT: No transport connected for broadcast
W (183360) MSG: Broadcast failed, falling back to MQTT
E (183361) MQTT: Publish failed
I (183363) CMD_U0: waiting for pending UART response ch=8 before next command
E (183386) MQTT: Publish failed
W (183386) TRANSPORT: No transport connected for broadcast
W (183386) MSG: Broadcast failed, falling back to MQTT
E (183387) MQTT: Publish failed
I (183389) CMD_U0: waiting for pending UART response ch=8 before next command
E (183411) MQTT: Publish failed
W (183411) TRANSPORT: No transport connected for broadcast
W (183411) MSG: Broadcast failed, falling back to MQTT
E (183412) MQTT: Publish failed
I (183415) CMD_U0: waiting for pending UART response ch=8 before next command
E (183437) MQTT: Publish failed
W (183437) TRANSPORT: No transport connected for broadcast
W (183437) MSG: Broadcast failed, falling back to MQTT
E (183438) MQTT: Publish failed
I (183441) CMD_U0: waiting for pending UART response ch=8 before next command
E (183462) MQTT: Publish failed
W (183462) TRANSPORT: No transport connected for broadcast
W (183462) MSG: Broadcast failed, falling back to MQTT
E (183463) MQTT: Publish failed
I (183466) CMD_U0: waiting for pending UART response ch=8 before next command
E (183488) MQTT: Publish failed
W (183488) TRANSPORT: No transport connected for broadcast
W (183488) MSG: Broadcast failed, falling back to MQTT
E (183489) MQTT: Publish failed
I (183492) CMD_U0: waiting for pending UART response ch=8 before next command
E (183513) MQTT: Publish failed
W (183513) TRANSPORT: No transport connected for broadcast
W (183513) MSG: Broadcast failed, falling back to MQTT
E (183514) MQTT: Publish failed
I (183518) CMD_U0: waiting for pending UART response ch=8 before next command
E (183538) MQTT: Publish failed
W (183538) TRANSPORT: No transport connected for broadcast
W (183538) MSG: Broadcast failed, falling back to MQTT
E (183539) MQTT: I (183539) CMD_U0: waiting for pending UART response ch=8 before next command
Publish failed
E (183559) MQTT: Publish failed
W (183559) TRANSPORT: No transport connected for broadcast
W (183559) MSG: Broadcast failed, falling back to MQTT
E (183560) MQTT: Publish failed
I (183564) CMD_U0: waiting for pending UART response ch=8 before next command
E (183565) MQTT: Publish failed
W (183565) TRANSPORT: No transport connected for broadcast
W (183565) MSG: Broadcast failed, falling back to MQTT
E (183565) MQTT: Publish failed
I (183566) SCHEDULER: sched: ch=8 edge_device_count=1, choosing v2 path
I (183571) SCHEDULER: sched: ch=9 edge_device_count=1, choosing v2 path
E (183584) MQTT: Publish failed
W (183584) TRANSPORT: No transport connected for broadcast
W (183584) MSG: Broadcast failed, falling back to MQTT
E (183585) MQTT: Publish failed
I (183589) CMD_U0: waiting for pending UART response ch=8 before next command
E (183609) MQTT: Publish failed
W (183609) TRANSPORT: No transport connected for broadcast
W (183609) MSG: Broadcast failed, falling back to MQTT
E (183610) MQTT: Publish failed
I (183614) CMD_U0: waiting for pending UART response ch=8 before next command
E (183635) MQTT: Publish failed
W (183635) TRANSPORT: No transport connected for broadcast
I (183635) CMD_U0: waiting for pending UART response ch=8 before next command
W (183635) MSG: Broadcast failed, falling back to MQTT
E (183636) MQTT: Publish failed
E (183655) MQTT: Publish failed
W (183655) TRANSPORT: No transport connected for broadcast
W (183655) MSG: Broadcast failed, falling back to MQTT
I (183656) CMD_U0: waiting for pending UART response ch=8 before next command
E (183656) MQTT: Publish failed
E (183675) MQTT: Publish failed
W (183675) TRANSPORT: No transport connected for broadcast
W (183675) MSG: Broadcast failed, falling back to MQTT
I (183676) CMD_U0: waiting for pending UART response ch=8 before next command
E (183676) MQTT: Publish failed
E (183696) MQTT: Publish failed
W (183696) TRANSPORT: No transport connected for broadcast
W (183696) MSG: Broadcast failed, falling back to MQTT
E (183697) MQTT: Publish failed
I (183701) CMD_U0: waiting for pending UART response ch=8 before next command
E (183721) MQTT: Publish failed
W (183721) TRANSPORT: No transport connected for broadcast
W (183721) MSG: Broadcast failed, falling back to MQTT
I (183722) CMD_U0: waiting for pending UART response ch=8 before next command
E (183722) MQTT: Publish failed
E (183742) MQTT: Publish failed
W (183742) TRANSPORT: No transport connected for broadcast
W (183742) MSG: Broadcast failed, falling back to MQTT
E (183743) MQTT: Publish failed
I (183747) CMD_U0: waiting for pending UART response ch=8 before next command
E (183767) MQTT: Publish failed
W (183768) TRANSPORT: No transport connected for broadcast
W (183768) MSG: Broadcast failed, falling back to MQTT
E (183768) MQTT: Publish failed
I (183772) CMD_U0: waiting for pending UART response ch=8 before next command
E (183792) MQTT: Publish failed
W (183792) TRANSPORT: No transport connected for broadcast
W (183792) MSG: Broadcast failed, falling back to MQTT
I (183793) CMD_U0: E (183793) MQTT: waiting for pending UART response ch=8 before next command
Publish failed
E (183813) MQTT: Publish failed
W (183813) TRANSPORT: No transport connected for broadcast
W (183813) MSG: Broadcast failed, falling back to MQTT
E (183814) MQTT: Publish failed
I (183818) CMD_U0: waiting for pending UART response ch=8 before next command
E (183838) MQTT: Publish failed
W (183838) TRANSPORT: No transport connected for broadcast
W (183838) MSG: Broadcast failed, falling back to MQTT
E (183839) MQTT: Publish failed
I (183843) CMD_U0: waiting for pending UART response ch=8 before next command
I (183869) CMD_U0: waiting for pending UART response ch=8 before next command
W (183890) RX_TASK: RX timeout slot1 type=1 reqID=0 (1001ms)
I (183891) CMD_U0: waiting for pending UART response ch=8 before next command
I (183917) CMD_U0: waiting for pending UART response ch=8 before next command
I (183928) CMD_U1: waiting for pending UART response ch=9 before next command
I (183944) CMD_U0: waiting for pending UART response ch=8 before next command
I (183969) CMD_U0: waiting for pending UART response ch=8 before next command
I (183994) CMD_U0: waiting for pending UART response ch=8 before next command
I (184020) CMD_U0: waiting for pending UART response ch=8 before next command
I (184046) CMD_U0: waiting for pending UART response ch=8 before next command
I (184071) CMD_U0: waiting for pending UART response ch=8 before next command
I (184096) CMD_U0: waiting for pending UART response ch=8 before next command
I (184121) CMD_U0: waiting for pending UART response ch=8 before next command
I (184147) CMD_U0: waiting for pending UART response ch=8 before next command
I (184173) CMD_U0: waiting for pending UART response ch=8 before next command
I (184198) CMD_U0: waiting for pending UART response ch=8 before next command
I (184224) CMD_U0: waiting for pending UART response ch=8 before next command
I (184249) CMD_U0: waiting for pending UART response ch=8 before next command
I (184275) CMD_U0: waiting for pending UART response ch=8 before next command
I (184301) CMD_U0: waiting for pending UART response ch=8 before next command
I (184322) CMD_U0: waiting for pending UART response ch=8 before next command
I (184347) CMD_U0: waiting for pending UART response ch=8 before next command
I (184372) CMD_U0: waiting for pending UART response ch=8 before next command
I (184398) CMD_U0: waiting for pending UART response ch=8 before next command
I (184423) CMD_U0: waiting for pending UART response ch=8 before next command
I (184448) CMD_U0: waiting for pending UART response ch=8 before next command
I (184473) CMD_U0: waiting for pending UART response ch=8 before next command
I (184498) CMD_U0: waiting for pending UART response ch=8 before next command
I (184523) CMD_U0: waiting for pending UART response ch=8 before next command
I (184548) CMD_U0: waiting for pending UART response ch=8 before next command
I (184573) CMD_U0: waiting for pending UART response ch=8 before next command
I (184594) CMD_U0: waiting for pending UART response ch=8 before next command
I (184620) CMD_U0: waiting for pending UART response ch=8 before next command
I (184645) CMD_U0: waiting for pending UART response ch=8 before next command
I (184670) CMD_U0: waiting for pending UART response ch=8 before next command
I (184696) CMD_U0: waiting for pending UART response ch=8 before next command
I (184722) CMD_U0: waiting for pending UART response ch=8 before next command
I (184748) CMD_U0: waiting for pending UART response ch=8 before next command
I (184773) CMD_U0: waiting for pending UART response ch=8 before next command
I (184798) CMD_U0: waiting for pending UART response ch=8 before next command
I (184823) CMD_U0: waiting for pending UART response ch=8 before next command
I (184849) CMD_U0: waiting for pending UART response ch=8 before next command
I (184874) CMD_U0: waiting for pending UART response ch=8 before next command
I (184900) CMD_U0: waiting for pending UART response ch=8 before next command
W (184914) RX_TASK: RX timeout slot1 type=1 reqID=0 (1002ms)
I (184925) CMD_U0: waiting for pending UART response ch=8 before next command
I (184950) CMD_U0: waiting for pending UART response ch=8 before next command
I (184952) CMD_U1: Stats: txn=10 err=0 (100%) no_ctx=0
I (184952) CMD_U1: waiting for pending UART response ch=9 before next command
I (184975) CMD_U0: waiting for pending UART response ch=8 before next command
I (185000) CMD_U0: waiting for pending UART response ch=8 before next command
I (185025) CMD_U0: waiting for pending UART response ch=8 before next command
I (185051) CMD_U0: waiting for pending UART response ch=8 before next command
I (185076) CMD_U0: waiting for pending UART response ch=8 before next command
I (185106) CMD_U0: waiting for pending UART response ch=8 before next command
I (185127) CMD_U0: waiting for pending UART response ch=8 before next command
I (185148) CMD_U0: waiting for pending UART response ch=8 before next command
I (185174) CMD_U0: waiting for pending UART response ch=8 before next command
I (185199) CMD_U0: waiting for pending UART response ch=8 before next command
I (185225) CMD_U0: waiting for pending UART response ch=8 before next command
(185250) CMD_U0: waiting for pending UART response ch=8 before next command
185275) CMD_U0: waiting for pending UART response ch=8 before next command
I (185300) CMD_U0: waiting for pending UART response ch=8 before next command
(185326) CMD_U0: waiting for pending UART response ch=8 before next command
I (185351) CMD_U0: waiting for pending UART response ch=8 before next command
E (185375) MQTT: Publish failed
W (185375) TRANSPORT: No transport connected for broadcast
W (185375) MSG: Broadcast failed, falling back to MQTT
E (185376) MQTT: Publish failed
I (185377) CMD_U0: waiting for pending UART response ch=8 before next command
E (185400) MQTT: Publish failed
W (185400) TRANSPORT: No transport connected for broadcast
W (185400) MSG: Broadcast failed, falling back to MQTT
E (185401) MQTT: Publish failed
I (185403) CMD_U0: waiting for pending UART response ch=8 before next command
E (185425) MQTT: Publish failed
W (185425) TRANSPORT: No transport connected for broadcast
W (185425) MSG: Broadcast failed, falling back to MQTT
E (185426) MQTT: Publish failed
I (185429) CMD_U0: waiting for pending UART response ch=8 before next command
E (185450) MQTT: Publish failed
W (185450) TRANSPORT: No transport connected for broadcast
W (185450) MSG: Broadcast failed, falling back to MQTT
E (185451) MQTT: Publish failed
I (185455) CMD_U0: waiting for pending UART response ch=8 before next command
E (185476) MQTT: Publish failed
W (185476) TRANSPORT: No transport connected for broadcast
W (185476) MSG: Broadcast failed, falling back to MQTT
E (185477) MQTT: Publish failed
I (185481) CMD_U0: waiting for pending UART response ch=8 before next command
E (185501) MQTT: Publish failed
W (185501) TRANSPORT: No transport connected for broadcast
W (185501) MSG: Broadcast failed, falling back to MQTT
E (185502) MQTT: Publish failed
I (185502) CMD_U0: waiting for pending UART response ch=8 before next command
E (185521) MQTT: Publish failed
W (185521) TRANSPORT: No transport connected for broadcast
W (185521) MSG: Broadcast failed, falling back to MQTT
E (185522) MQTT: Publish failed
I (185523) CMD_U0: waiting for pending UART response ch=8 before next command
E (185547) MQTT: Publish failed
W (185547) TRANSPORT: No transport connected for broadcast
W (185547) MSG: Broadcast failed, falling back to MQTT
E (185548) MQTT: Publish failed
I (185549) CMD_U0: waiting for pending UART response ch=8 before next command
E (185565) MQTT: Publish failed
W (185565) TRANSPORT: No transport connected for broadcast
W (185565) MSG: Broadcast failed, falling back to MQTT
I (185575) CMD_U0: waiting for pending UART response ch=8 before next command
I (185600) CMD_U0: waiting for pending UART response ch=8 before next command
E (185623) MQTT: Publish failed
W (185623) TRANSPORT: No transport connected for broadcast
W (185623) MSG: Broadcast failed, falling back to MQTT
E (185624) MQTT: Publish failed
I (185625) CMD_U0: waiting for pending UART response ch=8 before next command
E (185648) MQTT: Publish failed
W (185648) TRANSPORT: No transport connected for broadcast
W (185648) MSG: Broadcast failed, falling back to MQTT
E (185649) MQTT: Publish failed
I (185651) CMD_U0: waiting for pending UART response ch=8 before next command
E (185673) MQTT: Publish failed
W (185673) TRANSPORT: No transport connected for broadcast
W (185673) MSG: Broadcast failed, falling back to MQTT
E (185674) MQTT: Publish failed
I (185676) CMD_U0: waiting for pending UART response ch=8 before next command
E (185699) MQTT: Publish failed
W (185699) TRANSPORT: No transport connected for broadcast
W (185699) MSG: Broadcast failed, falling back to MQTT
E (185700) MQTT: Publish failed
I (185701) CMD_U0: waiting for pending UART response ch=8 before next command
E (185725) MQTT: Publish failed
W (185725) TRANSPORT: No transport connected for broadcast
W (185725) MSG: Broadcast failed, falling back to MQTT
E (185726) MQTT: Publish failed
I (185727) CMD_U0: waiting for pending UART response ch=8 before next command
E (185749) MQTT: Publish failed
W (185749) TRANSPORT: No transport connected for broadcast
W (185749) MSG: Broadcast failed, falling back to MQTT
E (185750) MQTT: Publish failed
I (185752) CMD_U0: waiting for pending UART response ch=8 before next command
E (185775) MQTT: Publish failed
W (185775) TRANSPORT: No transport connected for broadcast
W (185775) MSG: Broadcast failed, falling back to MQTT
E (185776) MQTT: Publish failed
I (185778) CMD_U0: waiting for pending UART response ch=8 before next command
E (185800) MQTT: Publish failed
W (185800) TRANSPORT: No transport connected for broadcast
W (185800) MSG: Broadcast failed, falling back to MQTT
E (185801) MQTT: Publish failed
I (185803) CMD_U0: waiting for pending UART response ch=8 before next command
E (185826) MQTT: Publish failed
W (185826) TRANSPORT: No transport connected for broadcast
W (185826) MSG: Broadcast failed, falling back to MQTT
E (185827) MQTT: Publish failed
I (185829) CMD_U0: waiting for pending UART response ch=8 before next command
E (185851) MQTT: Publish failed
W (185851) TRANSPORT: No transport connected for broadcast
W (185851) MSG: Broadcast failed, falling back to MQTT
E (185852) MQTT: Publish failed
I (185854) CMD_U0: waiting for pending UART response ch=8 before next command
E (185876) MQTT: Publish failed
W (185876) TRANSPORT: No transport connected for broadcast
W (185876) MSG: Broadcast failed, falling back to MQTT
E (185877) MQTT: Publish failed
I (185880) CMD_U0: waiting for pending UART response ch=8 before next command
E (185901) MQTT: Publish failed
W (185901) TRANSPORT: No transport connected for broadcast
W (185901) MSG: Broadcast failed, falling back to MQTT
E (185902) MQTT: Publish failed
I (185906) CMD_U0: waiting for pending UART response ch=8 before next command
E (185927) MQTT: Publish failed
W (185927) TRANSPORT: No transport connected for broadcast
I (185928) CMD_U0: waiting for pending UART response ch=8 before next command
W (185928) MSG: Broadcast failed, falling back to MQTT
E (185928) MQTT: Publish failed
W (185937) RX_TASK: RX timeout slot1 type=1 reqID=0 (1001ms)
E (185938) MQTT: Publish failed
W (185938) TRANSPORT: No transport connected for broadcast
W (185938) MSG: Broadcast failed, falling back to MQTT
E (185938) MQTT: Publish failed
E (185947) MQTT: Publish failed
W (185947) TRANSPORT: No transport connected for broadcast
W (185947) MSG: Broadcast failed, falling back to MQTT
E (185948) MQTT: Publish failed
I (185948) CMD_U0: waiting for pending UART response ch=8 before next command
I (185954) CMD_U1: waiting for pending UART response ch=9 before next command
E (185972) MQTT: Publish failed
W (185972) TRANSPORT: No transport connected for broadcast
W (185972) MSG: Broadcast failed, falling back to MQTT
E (185973) MQTT: Publish failed
I (185974) CMD_U0: waiting for pending UART response ch=8 before next command
E (185997) MQTT: Publish failed
W (185997) TRANSPORT: No transport connected for broadcast
W (185997) MSG: Broadcast failed, falling back to MQTT
E (185998) MQTT: Publish failed
I (185999) CMD_U0: waiting for pending UART response ch=8 before next command
E (186023) MQTT: Publish failed
W (186023) TRANSPORT: No transport connected for broadcast
W (186023) MSG: Broadcast failed, falling back to MQTT
E (186024) MQTT: Publish failed
I (186024) CMD_U0: waiting for pending UART response ch=8 before next command
E (186048) MQTT: Publish failed
W (186048) TRANSPORT: No transport connected for broadcast
W (186048) MSG: Broadcast failed, falling back to MQTT
E (186049) MQTT: Publish failed
I (186050) CMD_U0: waiting for pending UART response ch=8 before next command
E (186073) MQTT: Publish failed
W (186073) TRANSPORT: No transport connected for broadcast
W (186073) MSG: Broadcast failed, falling back to MQTT
E (186074) MQTT: Publish failed
I (186075) CMD_U0: waiting for pending UART response ch=8 before next command
E (186098) MQTT: Publish failed
W (186098) TRANSPORT: No transport connected for broadcast
W (186099) MSG: E (186099) MQTT: Publish failed
Broadcast failed, falling back to MQTT
W (186099) TRANSPORT: No transport connected for broadcast
W (186100) MSG: Broadcast failed, falling back to MQTT
E (186100) MQTT: Publish failed
E (186100) MQTT: Publish failed
I (186101) CMD_U0: waiting for pending UART response ch=8 before next command
E (186124) MQTT: Publish failed
W (186124) TRANSPORT: No transport connected for broadcast
W (186124) MSG: Broadcast failed, falling back to MQTT
E (186125) MQTT: Publish failed
I (186127) CMD_U0: waiting for pending UART response ch=8 before next command
E (186149) MQTT: Publish failed
W (186149) TRANSPORT: No transport connected for broadcast
W (186149) MSG: Broadcast failed, falling back to MQTT
E (186150) MQTT: Publish failed
I (186153) CMD_U0: waiting for pending UART response ch=8 before next command
E (186175) MQTT: Publish failed
W (186175) TRANSPORT: No transport connected for broadcast
W (186175) MSG: Broadcast failed, falling back to MQTT
E (186176) MQTT: Publish failed
I (186178) CMD_U0: waiting for pending UART response ch=8 before next command
E (186200) MQTT: Publish failed
W (186200) TRANSPORT: No transport connected for broadcast
W (186200) MSG: Broadcast failed, falling back to MQTT
E (186201) MQTT: Publish failed
I (186204) CMD_U0: waiting for pending UART response ch=8 before next command
E (186225) MQTT: Publish failed
W (186225) TRANSPORT: No transport connected for broadcast
W (186225) MSG: Broadcast failed, falling back to MQTT
E (186226) MQTT: Publish failed
I (186230) CMD_U0: waiting for pending UART response ch=8 before next command
E (186251) MQTT: Publish failed
W (186251) TRANSPORT: No transport connected for broadcast
W (186251) MSG: Broadcast failed, falling back to MQTT
E (186252) MQTT: Publish failed
I (186256) CMD_U0: waiting for pending UART response ch=8 before next command
E (186276) MQTT: Publish failed
W (186276) TRANSPORT: No transport connected for broadcast
W (186276) MSG: Broadcast failed, falling back to MQTT
E (186277) MQTT: I (186277) CMD_U0: waiting for pending UART response ch=8 before next command
Publish failed
E (186296) MQTT: Publish failed
W (186296) TRANSPORT: No transport connected for broadcast
W (186296) MSG: Broadcast failed, falling back to MQTT
E (186297) MQTT: I (186297) CMD_U0: Publish failedwaiting for pending UART response ch=8 before next command

E (186317) MQTT: Publish failed
W (186317) TRANSPORT: No transport connected for broadcast
W (186317) MSG: Broadcast failed, falling back to MQTT
E (186318) MQTT: Publish failed
I (186322) CMD_U0: waiting for pending UART response ch=8 before next command
E (186342) MQTT: Publish failed
W (186342) TRANSPORT: No transport connected for broadcast
W (186342) MSG: Broadcast failed, falling back to MQTT
E (186343) MQTT: Publish failed
I (186347) CMD_U0: waiting for pending UART response ch=8 before next command
E (186367) MQTT: Publish failed
W (186367) TRANSPORT: No transport connected for broadcast
W (186367) MSG: Broadcast failed, falling back to MQTT
E (186368) MQTT: Publish failed
I (186368) CMD_U0: waiting for pending UART response ch=8 before next command
E (186387) MQTT: Publish failed
W (186387) TRANSPORT: No transport connected for broadcast
W (186387) MSG: Broadcast failed, falling back to MQTT
E (186388) MQTT: Publish failed
I (186389) CMD_U0: waiting for pending UART response ch=8 before next command
E (186413) MQTT: Publish failed
W (186413) TRANSPORT: No transport connected for broadcast
W (186413) MSG: Broadcast failed, falling back to MQTT
E (186414) MQTT: Publish failedI (186414) CMD_U0: waiting for pending UART response ch=8 before next command

E (186438) MQTT: Publish failed
W (186438) TRANSPORT: No transport connected for broadcast
W (186438) MSG: Broadcast failed, falling back to MQTT
I (186439) CMD_U0: waiting for pending UART response ch=8 before next command
E (186439) MQTT: Publish failed
E (186458) MQTT: Publish failed
W (186458) TRANSPORT: No transport connected for broadcast
W (186458) MSG: Broadcast failed, falling back to MQTT
E (186459) MQTT: I (186459) CMD_U0: waiting for pending UART response ch=8 before next command
Publish failed
E (186479) MQTT: Publish failed
W (186479) TRANSPORT: No transport connected for broadcast
I (186479) CMD_U0: waiting for pending UART response ch=8 before next command
W (186479) MSG: Broadcast failed, falling back to MQTT
E (186480) MQTT: Publish failed
E (186499) MQTT: Publish failed
W (186499) TRANSPORT: No transport connected for broadcast
W (186499) MSG: Broadcast failed, falling back to MQTT
I (186500) CMD_U0: E (186500) MQTT: waiting for pending UART response ch=8 before next command
Publish failed
E (186519) MQTT: Publish failed
W (186519) TRANSPORT: No transport connected for broadcast
W (186519) MSG: Broadcast failed, falling back to MQTT
E (186520) MQTT: Publish failed
I (186520) CMD_U0: waiting for pending UART response ch=8 before next command
E (186539) MQTT: Publish failed
W (186539) TRANSPORT: No transport connected for broadcast
W (186539) MSG: Broadcast failed, falling back to MQTT
E (186540) MQTT: Publish failed
I (186541) CMD_U0: waiting for pending UART response ch=8 before next command
E (186565) MQTT: Publish failed
W (186565) TRANSPORT: No transport connected for broadcast
W (186565) MSG: Broadcast failed, falling back to MQTT
E (186566) MQTT: Publish failed
W (186566) TRANSPORT: No transport connected for broadcast
W (186566) MSG: Broadcast failed, falling back to MQTT
E (186567) MQTT: Publish failed
E (186565) MQTT: Publish failed
I (186571) CMD_U0: waiting for pending UART response ch=8 before next command
I (186597) CMD_U0: waiting for pending UART response ch=8 before next command
I (186627) CMD_U0: waiting for pending UART response ch=8 before next command
I (186653) CMD_U0: waiting for pending UART response ch=8 before next command
I (186678) CMD_U0: waiting for pending UART response ch=8 before next command
I (186704) CMD_U0: waiting for pending UART response ch=8 before next command
I (186725) CMD_U0: waiting for pending UART response ch=8 before next command
I (186750) CMD_U0: waiting for pending UART response ch=8 before next command
I (186775) CMD_U0: waiting for pending UART response ch=8 before next command
I (186801) CMD_U0: waiting for pending UART response ch=8 before next command
I (186831) CMD_U0: waiting for pending UART response ch=8 before next command
I (186856) CMD_U0: waiting for pending UART response ch=8 before next command
I (186881) CMD_U0: waiting for pending UART response ch=8 before next command
I (186906) CMD_U0: waiting for pending UART response ch=8 before next command
I (186931) CMD_U0: waiting for pending UART response ch=8 before next command
W (186938) RX_TASK: RX timeout slot1 type=1 reqID=0 (1001ms)
I (186956) CMD_U0: waiting for pending UART response ch=8 before next command
I (186977) CMD_U1: waiting for pending UART response ch=9 before next command
I (186982) CMD_U0: waiting for pending UART response ch=8 before next command
I (187007) CMD_U0: waiting for pending UART response ch=8 before next command
I (187032) CMD_U0: waiting for pending UART response ch=8 before next command
I (187057) CMD_U0: waiting for pending UART response ch=8 before next command
I (187083) CMD_U0: waiting for pending UART response ch=8 before next command
I (187108) CMD_U0: waiting for pending UART response ch=8 before next command
I (187134) CMD_U0: waiting for pending UART response ch=8 before next command
I (187160) CMD_U0: waiting for pending UART response ch=8 before next command
I (187185) CMD_U0: waiting for pending UART response ch=8 before next command
I (187210) CMD_U0: waiting for pending UART response ch=8 before next command
I (187235) CMD_U0: waiting for pending UART response ch=8 before next command
I (187261) CMD_U0: waiting for pending UART response ch=8 before next command
I (187287) CMD_U0: waiting for pending UART response ch=8 before next command
I (187313) CMD_U0: waiting for pending UART response ch=8 before next command
I (187339) CMD_U0: waiting for pending UART response ch=8 before next command
CMD_U0: waiting for pending UART response ch=8 before next command
I (187380) CMD_U0: waiting for pending UART response ch=8 before next command
I (187405) CMD_U0: waiting for pending UART response ch=8 before next command
I (187426) CMD_U0: waiting for pending UART response ch=8 before next command
E (187445) MQTT: Publish failed
W (187445) TRANSPORT: No transport connected for broadcast
W (187445) MSG: Broadcast failed, falling back to MQTT
I (187446) CMD_U0: waiting for pending UART response ch=8 before next command
E (187446) MQTT: Publish failed
E (187466) MQTT: Publish failed
W (187466) TRANSPORT: No transport connected for broadcast
W (187467) MSG: Broadcast failed, falling back to MQTT
E (187467) MQTT: Publish failed
I (187471) CMD_U0: waiting for pending UART response ch=8 before next command
E (187491) MQTT: Publish failed
W (187491) TRANSPORT: No transport connected for broadcast
W (187491) MSG: Broadcast failed, falling back to MQTT
E (187492) MQTT: Publish failed
I (187496) CMD_U0: waiting for pending UART response ch=8 before next command
E (187516) MQTT: Publish failed
W (187516) TRANSPORT: No transport connected for broadcast
W (187516) MSG: Broadcast failed, falling back to MQTT
E (187517) MQTT: Publish failed
I (187517) CMD_U0: waiting for pending UART response ch=8 before next command
E (187536) MQTT: Publish failed
W (187536) TRANSPORT: No transport connected for broadcast
W (187536) MSG: Broadcast failed, falling back to MQTT
E (187537) MQTT: Publish failed
I (187537) CMD_U0: waiting for pending UART response ch=8 before next command
E (187557) MQTT: Publish failed
W (187557) TRANSPORT: No transport connected for broadcast
I (187558) CMD_U0: waiting for pending UART response ch=8 before next command
W (187558) MSG: Broadcast failed, falling back to MQTT
E (187558) MQTT: Publish failed
E (187565) MQTT: Publish failed
W (187565) TRANSPORT: No transport connected for broadcast
W (187565) MSG: Broadcast failed, falling back to MQTT
E (187566) MQTT: Publish failed
E (187577) MQTT: Publish failed
W (187577) TRANSPORT: No transport connected for broadcast
W (187577) MSG: Broadcast failed, falling back to MQTT
E (187578) MQTT: Publish failed
I (187578) CMD_U0: waiting for pending UART response ch=8 before next command
E (187597) MQTT: Publish failed
W (187597) TRANSPORT: No transport connected for broadcast
W (187597) MSG: Broadcast failed, falling back to MQTT
I (187598) CMD_U0: waiting for pending UART response ch=8 before next command
E (187598) MQTT: Publish failed
E (187617) MQTT: Publish failed
W (187617) TRANSPORT: No transport connected for broadcast
W (187617) MSG: Broadcast failed, falling back to MQTT
E (187618) MQTT: Publish failedI (187618) CMD_U0: waiting for pending UART response ch=8 before next command

E (187638) MQTT: Publish failed
W (187638) TRANSPORT: No transport connected for broadcast
W (187638) MSG: Broadcast failed, falling back to MQTT
E (187639) MQTT: Publish failed
I (187643) CMD_U0: waiting for pending UART response ch=8 before next command
E (187663) MQTT: Publish failed
W (187663) TRANSPORT: No transport connected for broadcast
W (187663) MSG: Broadcast failed, falling back to MQTT
E (187664) MQTT: Publish failed
I (187664) CMD_U0: waiting for pending UART response ch=8 before next command
E (187683) MQTT: Publish failed
W (187683) TRANSPORT: No transport connected for broadcast
W (187683) MSG: Broadcast failed, falling back to MQTT
E (187684) MQTT: Publish failed
I (187685) CMD_U0: waiting for pending UART response ch=8 before next command
E (187709) MQTT: Publish failed
W (187709) TRANSPORT: No transport connected for broadcast
W (187709) MSG: Broadcast failed, falling back to MQTT
E (187710) MQTT: Publish failed
I (187711) CMD_U0: waiting for pending UART response ch=8 before next command
E (187734) MQTT: Publish failed
W (187734) TRANSPORT: No transport connected for broadcast
W (187734) MSG: Broadcast failed, falling back to MQTT
E (187735) MQTT: Publish failed
I (187737) CMD_U0: waiting for pending UART response ch=8 before next command
E (187759) MQTT: Publish failed
W (187759) TRANSPORT: No transport connected for broadcast
W (187759) MSG: Broadcast failed, falling back to MQTT
E (187760) MQTT: Publish failed
I (187763) CMD_U0: waiting for pending UART response ch=8 before next command
E (187785) MQTT: Publish failed
W (187785) TRANSPORT: No transport connected for broadcast
W (187785) MSG: Broadcast failed, falling back to MQTT
E (187786) MQTT: Publish failed
I (187789) CMD_U0: waiting for pending UART response ch=8 before next command
E (187810) MQTT: Publish failed
W (187810) TRANSPORT: No transport connected for broadcast
W (187810) MSG: Broadcast failed, falling back to MQTT
E (187811) MQTT: Publish failed
I (187814) CMD_U0: waiting for pending UART response ch=8 before next command
E (187835) MQTT: Publish failed
W (187835) TRANSPORT: No transport connected for broadcast
W (187835) MSG: Broadcast failed, falling back to MQTT
E (187836) MQTT: Publish failed
I (187840) CMD_U0: waiting for pending UART response ch=8 before next command
E (187861) MQTT: Publish failed
W (187861) TRANSPORT: No transport connected for broadcast
W (187861) MSG: Broadcast failed, falling back to MQTT
E (187862) MQTT: Publish failed
I (187865) CMD_U0: waiting for pending UART response ch=8 before next command
E (187886) MQTT: Publish failed
W (187886) TRANSPORT: No transport connected for broadcast
W (187886) MSG: Broadcast failed, falling back to MQTT
E (187887) MQTT: Publish failed
I (187891) CMD_U0: waiting for pending UART response ch=8 before next command
E (187911) MQTT: Publish failed
W (187911) TRANSPORT: No transport connected for broadcast
W (187911) MSG: Broadcast failed, falling back to MQTT
E (187912) MQTT: Publish failed
I (187916) CMD_U0: waiting for pending UART response ch=8 before next command
E (187937) MQTT: Publish failed
W (187937) TRANSPORT: No transport connected for broadcast
I (187938) CMD_U0: waiting for pending UART response ch=8 before next command
W (187938) MSG: Broadcast failed, falling back to MQTT
E (187938) MQTT: Publish failed
I (187958) CMD_U0: waiting for pending UART response ch=8 before next command
W (187961) RX_TASK: RX timeout slot1 type=1 reqID=0 (1001ms)
E (187962) MQTT: Publish failed
W (187962) TRANSPORT: No transport connected for broadcast
W (187963) MSG: Broadcast failed, falling back to MQTT
E (187963) MQTT: Publish failed
I (187979) CMD_U1: waiting for pending UART response ch=9 before next command
I (187984) CMD_U0: waiting for pending UART response ch=8 before next command
I (188009) CMD_U0: waiting for pending UART response ch=8 before next command
I (188034) CMD_U0: waiting for pending UART response ch=8 before next command
I (188060) CMD_U0: waiting for pending UART response ch=8 before next command
I (188080) CMD_U0: waiting for pending UART response ch=8 before next command
I (188105) CMD_U0: waiting for pending UART response ch=8 before next command
I (188126) CMD_U0: waiting for pending UART response ch=8 before next command
I (188152) CMD_U0: waiting for pending UART response ch=8 before next command
I (188177) CMD_U0: waiting for pending UART response ch=8 before next command
I (188202) CMD_U0: waiting for pending UART response ch=8 before next command
I (188222) CMD_U0: waiting for pending UART response ch=8 before next command
I (188242) CMD_U0: waiting for pending UART response ch=8 before next command
I (188264) CMD_U0: waiting for pending UART response ch=8 before next command
I (188290) CMD_U0: waiting for pending UART response ch=8 before next command
I (188315) CMD_U0: waiting for pending UART response ch=8 before next command
I (188341) CMD_U0: waiting for pending UART response ch=8 before next command
I (188366) CMD_U0: waiting for pending UART response ch=8 before next command
I (188391) CMD_U0: waiting for pending UART response ch=8 before next command
I (188421) CMD_U0: waiting for pending UART response ch=8 before next command
I (188446) CMD_U0: waiting for pending UART response ch=8 before next command
I (188472) CMD_U0: waiting for pending UART response ch=8 before next command
I (188497) CMD_U0: waiting for pending UART response ch=8 before next command
I (188523) CMD_U0: waiting for pending UART response ch=8 before next command
I (188548) CMD_U0: waiting for pending UART response ch=8 before next command
I (188573) CMD_U0: waiting for pending UART response ch=8 before next command
I (188599) CMD_U0: waiting for pending UART response ch=8 before next command
I (188624) CMD_U0: waiting for pending UART response ch=8 before next command
I (188649) CMD_U0: waiting for pending UART response ch=8 before next command
I (188674) CMD_U0: waiting for pending UART response ch=8 before next command
I (188695) CMD_U0: waiting for pending UART response ch=8 before next command
I (188715) CMD_U0: waiting for pending UART response ch=8 before next command
I (188736) CMD_U0: waiting for pending UART response ch=8 before next command
I (188761) CMD_U0: waiting for pending UART response ch=8 before next command
I (188786) CMD_U0: waiting for pending UART response ch=8 before next command
I (188807) CMD_U0: waiting for pending UART response ch=8 before next command
I (188832) CMD_U0: waiting for pending UART response ch=8 before next command
I (188857) CMD_U0: waiting for pending UART response ch=8 before next command
I (188882) CMD_U0: waiting for pending UART response ch=8 before next command
I (188908) CMD_U0: waiting for pending UART response ch=8 before next command
I (188929) CMD_U0: waiting for pending UART response ch=8 before next command
I (188949) CMD_U0: waiting for pending UART response ch=8 before next command
W (188963) RX_TASK: RX timeout slot1 type=1 reqID=0 (1001ms)
I (188974) CMD_U0: waiting for pending UART response ch=8 before next command
I (188981) CMD_U1: waiting for pending UART response ch=9 before next command
I (188999) CMD_U0: waiting for pending UART response ch=8 before next command
I (189025) CMD_U0: waiting for pending UART response ch=8 before next command
I (189046) CMD_U0: waiting for pending UART response ch=8 before next command
I (189066) CMD_U0: waiting for pending UART response ch=8 before next command
I (189087) CMD_U0: waiting for pending UART response ch=8 before next command
I (189112) CMD_U0: waiting for pending UART response ch=8 before next command
I (189133) CMD_U0: waiting for pending UART response ch=8 before next command
I (189158) CMD_U0: waiting for pending UART response ch=8 before next command
I (189178) CMD_U0: waiting for pending UART response ch=8 before next command
I (189203) CMD_U0: waiting for pending UART response ch=8 before next command
I (189228) CMD_U0: waiting for pending UART response ch=8 before next command
I (189254) CMD_U0: waiting for pending UART response ch=8 before next command
I (189280) CMD_U0: waiting for pending UART response ch=8 before next command
I (189306) CMD_U0: waiting for pending UART response ch=8 before next command
E (189329) MQTT: Publish failed
W (189329) TRANSPORT: No transport connected for broadcast
W (189329) MSG: Broadcast failed, falling back to MQTT
E (189330) MQTT: Publish failed
I (189331) CMD_U0: waiting for pending UART response ch=8 before next command
E (189354) MQTT: Publish failed
W (189354) TRANSPORT: No transport connected for broadcast
W (189354) MSG: Broadcast failed, falling back to MQTT
E (189355) MQTT: Publish failed
I (189357) CMD_U0: waiting for pending UART response ch=8 before next command
E (189380) MQTT: Publish failed
W (189380) TRANSPORT: No transport connected for broadcast
W (189380) MSG: Broadcast failed, falling back to MQTT
E (189381) MQTT: Publish failed
I (189382) CMD_U0: waiting for pending UART response ch=8 before next command
E (189405) MQTT: Publish failed
W (189405) TRANSPORT: No transport connected for broadcast
W (189406) MSG: Broadcast failed, falling back to MQTT
E (189406) MQTT: Publish failed
I (189408) CMD_U0: waiting for pending UART response ch=8 before next command
E (189430) MQTT: Publish failed
W (189430) TRANSPORT: No transport connected for broadcast
W (189430) MSG: Broadcast failed, falling back to MQTT
E (189431) MQTT: Publish failed
I (189434) CMD_U0: waiting for pending UART response ch=8 before next command
E (189456) MQTT: Publish failed
W (189456) TRANSPORT: No transport connected for broadcast
W (189456) MSG: Broadcast failed, falling back to MQTT
E (189457) MQTT: Publish failed
I (189460) CMD_U0: waiting for pending UART response ch=8 before next command
E (189481) MQTT: Publish failed
W (189481) TRANSPORT: No transport connected for broadcast
W (189481) MSG: Broadcast failed, falling back to MQTT
E (189482) MQTT: Publish failed
I (189485) CMD_U0: waiting for pending UART response ch=8 before next command
E (189506) MQTT: Publish failed
W (189506) TRANSPORT: No transport connected for broadcast
I (189507) CMD_U0: waiting for pending UART response ch=8 before next command
W (189507) MSG: Broadcast failed, falling back to MQTT
E (189509) MQTT: Publish failed
E (189526) MQTT: Publish failed
W (189526) TRANSPORT: No transport connected for broadcast
W (189527) MSG: Broadcast failed, falling back to MQTT
E (189527) MQTT: Publish failed
I (189528) CMD_U0: waiting for pending UART response ch=8 before next command
I (189553) CMD_U0: waiting for pending UART response ch=8 before next command
I (189578) CMD_U0: waiting for pending UART response ch=8 before next command
E (189598) MQTT: Publish failed
W (189598) TRANSPORT: No transport connected for broadcast
W (189598) MSG: Broadcast failed, falling back to MQTT
I (189599) CMD_U0: waiting for pending UART response ch=8 before next command
E (189599) MQTT: Publish failed
E (189623) MQTT: Publish failed
W (189623) TRANSPORT: No transport connected for broadcast
W (189623) MSG: Broadcast failed, falling back to MQTT
I (189624) CMD_U0: waiting for pending UART response ch=8 before next command
E (189624) MQTT: Publish failed
E (189648) MQTT: Publish failed
W (189648) TRANSPORT: No transport connected for broadcast
W (189648) MSG: Broadcast failed, falling back to MQTT
E (189649) MQTT: Publish failed
I (189649) CMD_U0: waiting for pending UART response ch=8 before next command
E (189668) MQTT: Publish failed
W (189668) TRANSPORT: No transport connected for broadcast
W (189668) MSG: Broadcast failed, falling back to MQTT
E (189669) MQTT: Publish failed
I (189670) CMD_U0: waiting for pending UART response ch=8 before next command
E (189694) MQTT: Publish failed
W (189694) TRANSPORT: No transport connected for broadcast
W (189694) MSG: Broadcast failed, falling back to MQTT
E (189695) MQTT: Publish failed
I (189696) CMD_U0: waiting for pending UART response ch=8 before next command
E (189719) MQTT: Publish failed
W (189719) TRANSPORT: No transport connected for broadcast
W (189719) MSG: Broadcast failed, falling back to MQTT
E (189720) MQTT: Publish failed
I (189721) CMD_U0: waiting for pending UART response ch=8 before next command
E (189745) MQTT: Publish failed
W (189745) TRANSPORT: No transport connected for broadcast
W (189745) MSG: Broadcast failed, falling back to MQTT
E (189746) MQTT: Publish failed
I (189747) CMD_U0: waiting for pending UART response ch=8 before next command
E (189770) MQTT: Publish failed
W (189770) TRANSPORT: No transport connected for broadcast
W (189770) MSG: Broadcast failed, falling back to MQTT
E (189771) MQTT: Publish failed
I (189773) CMD_U0: waiting for pending UART response ch=8 before next command
E (189795) MQTT: Publish failed
W (189795) TRANSPORT: No transport connected for broadcast
W (189795) MSG: Broadcast failed, falling back to MQTT
E (189796) MQTT: Publish failed
I (189799) CMD_U0: waiting for pending UART response ch=8 before next command
E (189821) MQTT: Publish failed
W (189821) TRANSPORT: No transport connected for broadcast
W (189821) MSG: Broadcast failed, falling back to MQTT
E (189822) MQTT: Publish failed
I (189825) CMD_U0: waiting for pending UART response ch=8 before next command
E (189846) MQTT: Publish failed
W (189846) TRANSPORT: No transport connected for broadcast
I (189846) CMD_U0: waiting for pending UART response ch=8 before next command
W (189846) MSG: Broadcast failed, falling back to MQTT
E (189847) MQTT: Publish failed
E (189867) MQTT: Publish failed
W (189867) TRANSPORT: No transport connected for broadcast
W (189867) MSG: Broadcast failed, falling back to MQTT
E (189868) MQTT: Publish failed
I (189872) CMD_U0: waiting for pending UART response ch=8 before next command
E (189892) MQTT: Publish failed
W (189892) TRANSPORT: No transport connected for broadcast
W (189892) MSG: Broadcast failed, falling back to MQTT
E (189893) MQTT: I (189893) CMD_U0: waiting for pending UART response ch=8 before next command
Publish failed
E (189912) MQTT: Publish failed
W (189912) TRANSPORT: No transport connected for broadcast
W (189912) MSG: Broadcast failed, falling back to MQTT
I (189913) CMD_U0: waiting for pending UART response ch=8 before next command
E (189913) MQTT: Publish failed
E (189933) MQTT: Publish failed
W (189933) TRANSPORT: No transport connected for broadcast
W (189933) MSG: Broadcast failed, falling back to MQTT
E (189934) MQTT: Publish failed
I (189938) CMD_U0: waiting for pending UART response ch=8 before next command
E (189958) MQTT: Publish failed
W (189958) TRANSPORT: No transport connected for broadcast
W (189958) MSG: Broadcast failed, falling back to MQTT
E (189959) MQTT: I (189959) CMD_U0: waiting for pending UART response ch=8 before next command
Publish failed
W (189965) RX_TASK: RX timeout slot1 type=1 reqID=0 (1001ms)
E (189965) MQTT: Publish failed
W (189965) TRANSPORT: No transport connected for broadcast
W (189966) MSG: Broadcast failed, falling back to MQTT
E (189966) MQTT: Publish failed
E (189978) MQTT: Publish failed
W (189978) TRANSPORT: No transport connected for broadcast
W (189978) MSG: Broadcast failed, falling back to MQTT
E (189979) MQTT: Publish failed
I (189979) CMD_U0: waiting for pending UART response ch=8 before next command
I (189983) CMD_U1: waiting for pending UART response ch=9 before next command
E (189999) MQTT: Publish failed
W (189999) TRANSPORT: No transport connected for broadcast
W (189999) MSG: Broadcast failed, falling back to MQTT
E (190000) MQTT: I (190000) CMD_U0: waiting for pending UART response ch=8 before next command
Publish failed
E (190024) MQTT: Publish failed
W (190024) TRANSPORT: No transport connected for broadcast
W (190024) MSG: Broadcast failed, falling back to MQTT
E (190025) MQTT: Publish failed
I (190025) CMD_U0: waiting for pending UART response ch=8 before next command
E (190049) MQTT: Publish failed
W (190049) TRANSPORT: No transport connected for broadcast
W (190049) MSG: Broadcast failed, falling back to MQTT
E (190050) MQTT: Publish failed
I (190051) CMD_U0: waiting for pending UART response ch=8 before next command
E (190075) MQTT: Publish failed
W (190075) TRANSPORT: No transport connected for broadcast
W (190075) MSG: Broadcast failed, falling back to MQTT
E (190076) MQTT: Publish failed
I (190076) CMD_U0: waiting for pending UART response ch=8 before next command
E (190100) MQTT: Publish failed
W (190100) TRANSPORT: No transport connected for broadcast
W (190100) MSG: Broadcast failed, falling back to MQTT
E (190101) MQTT: Publish failed
I (190102) CMD_U0: waiting for pending UART response ch=8 before next command
E (190114) MQTT: Publish failed
W (190115) TRANSPORT: No transport connected for broadcast
W (190115) MSG: Broadcast failed, falling back to MQTT
E (190115) MQTT: Publish failed
E (190125) MQTT: Publish failed
W (190125) TRANSPORT: No transport connected for broadcast
W (190125) MSG: Broadcast failed, falling back to MQTT
E (190126) MQTT: Publish failed
I (190127) CMD_U0: waiting for pending UART response ch=8 before next command
E (190151) MQTT: Publish failed
W (190151) TRANSPORT: No transport connected for broadcast
W (190151) MSG: Broadcast failed, falling back to MQTT
I (190152) CMD_U0: waiting for pending UART response ch=8 before next command
E (190152) MQTT: Publish failed
E (190176) MQTT: Publish failed
W (190176) TRANSPORT: No transport connected for broadcast
W (190176) MSG: Broadcast failed, falling back to MQTT
E (190177) MQTT: I (190177) CMD_U0: waiting for pending UART response ch=8 before next commandPublish failed

E (190201) MQTT: Publish failed
W (190201) TRANSPORT: No transport connected for broadcast
W (190201) MSG: Broadcast failed, falling back to MQTT
E (190202) MQTT: Publish failed
I (190202) CMD_U0: waiting for pending UART response ch=8 before next command
E (190222) MQTT: Publish failed
W (190222) TRANSPORT: No transport connected for broadcast
W (190222) MSG: Broadcast failed, falling back to MQTT
I (190223) CMD_U0: waiting for pending UART response ch=8 before next command
E (190223) MQTT: Publish failed
E (190247) MQTT: Publish failed
W (190247) TRANSPORT: No transport connected for broadcast
W (190247) MSG: Broadcast failed, falling back to MQTT
E (190248) MQTT: I (190248) CMD_U0: waiting for pending UART response ch=8 before next command
Publish failed
E (190272) MQTT: Publish failed
W (190272) TRANSPORT: No transport connected for broadcast
W (190272) MSG: Broadcast failed, falling back to MQTT
E (190273) MQTT: Publish failed
I (190273) CMD_U0: waiting for pending UART response ch=8 before next command
E (190292) MQTT: Publish failed
W (190292) TRANSPORT: No transport connected for broadcast
W (190292) MSG: Broadcast failed, falling back to MQTT
E (190293) MQTT: Publish failed
I (190293) CMD_U0: waiting for pending UART response ch=8 before next command
E (190313) MQTT: Publish failed
W (190313) TRANSPORT: No transport connected for broadcast
W (190313) MSG: Broadcast failed, falling back to MQTT
E (190314) MQTT: I (190314) CMD_U0: waiting for pending UART response ch=8 before next command
Publish failed
E (190339) MQTT: Publish failed
W (190339) TRANSPORT: No transport connected for broadcast
W (190339) MSG: Broadcast failed, falling back to MQTT
E (190340) MQTT: Publish failed
I (190344) CMD_U0: waiting for pending UART response ch=8 before next command
E (190363) MQTT: Publish failed
W (190363) TRANSPORT: No transport connected for broadcast
W (190363) MSG: Broadcast failed, falling back to MQTT
E (190364) MQTT: I (190364) CMD_U0: waiting for pending UART response ch=8 before next command
Publish failed
E (190384) MQTT: Publish failed
W (190384) TRANSPORT: No transport connected for broadcast
W (190384) MSG: Broadcast failed, falling back to MQTT
E (190385) MQTT: Publish failed
I (190389) CMD_U0: waiting for pending UART response ch=8 before next command
E (190409) MQTT: Publish failed
W (190409) TRANSPORT: No transport connected for broadcast
W (190409) MSG: Broadcast failed, falling back to MQTT
E (190410) MQTT: Publish failed
I (190410) CMD_U0: waiting for pending UART response ch=8 before next command
E (190429) MQTT: Publish failed
W (190429) TRANSPORT: No transport connected for broadcast
W (190430) MSG: Broadcast failed, falling back to MQTT
E (190430) MQTT: Publish failed
I (190431) CMD_U0: waiting for pending UART response ch=8 before next command
E (190455) MQTT: Publish failed
W (190455) TRANSPORT: No transport connected for broadcast
W (190455) MSG: Broadcast failed, falling back to MQTT
E (190456) MQTT: Publish failed
I (190456) CMD_U0: waiting for pending UART response ch=8 before next command
E (190480) MQTT: Publish failed
W (190480) TRANSPORT: No transport connected for broadcast
W (190480) MSG: Broadcast failed, falling back to MQTT
E (190481) MQTT: Publish failed
I (190482) CMD_U0: waiting for pending UART response ch=8 before next command
E (190505) MQTT: Publish failed
W (190505) TRANSPORT: No transport connected for broadcast
W (190505) MSG: Broadcast failed, falling back to MQTT
E (190506) MQTT: Publish failed
I (190508) CMD_U0: waiting for pending UART response ch=8 before next command
E (190531) MQTT: Publish failed
W (190531) TRANSPORT: No transport connected for broadcast
W (190532) MSG: Broadcast failed, falling back to MQTT
E (190532) MQTT: Publish failed
I (190533) CMD_U0: waiting for pending UART response ch=8 before next command
E (190556) MQTT: Publish failed
W (190557) TRANSPORT: No transport connected for broadcast
W (190557) MSG: Broadcast failed, falling back to MQTT
E (190557) MQTT: Publish failedI (190558) CMD_U0: waiting for pending UART response ch=8 before next command

E (190565) MQTT: Publish failed
W (190566) TRANSPORT: No transport connected for broadcast
W (190566) MSG: Broadcast failed, falling back to MQTT
E (190566) MQTT: Publish failed
I (190583) CMD_U0: waiting for pending UART response ch=8 before next command
I (190609) CMD_U0: waiting for pending UART response ch=8 before next command
I (190636) CMD_U0: waiting for pending UART response ch=8 before next command
I (190662) CMD_U0: waiting for pending UART response ch=8 before next command
I (190687) CMD_U0: waiting for pending UART response ch=8 before next command
I (190713) CMD_U0: waiting for pending UART response ch=8 before next command
I (190738) CMD_U0: waiting for pending UART response ch=8 before next command
I (190763) CMD_U0: waiting for pending UART response ch=8 before next command
I (190788) CMD_U0: waiting for pending UART response ch=8 before next command
I (190814) CMD_U0: waiting for pending UART response ch=8 before next command
I (190840) CMD_U0: waiting for pending UART response ch=8 before next command
I (190865) CMD_U0: waiting for pending UART response ch=8 before next command
I (190890) CMD_U0: waiting for pending UART response ch=8 before next command
I (190916) CMD_U0: waiting for pending UART response ch=8 before next command
I (190941) CMD_U0: waiting for pending UART response ch=8 before next command
I (190966) CMD_U0: waiting for pending UART response ch=8 before next command
W (190967) RX_TASK: RX timeout slot1 type=1 reqID=0 (1001ms)
I (190985) CMD_U1: waiting for pending UART response ch=9 before next command
I (190992) CMD_U0: waiting for pending UART response ch=8 before next command
I (191007) SCHEDULER: Stats: samples=418 full=588 min_free=2
I (191017) CMD_U0: waiting for pending UART response ch=8 before next command
I (191043) CMD_U0: waiting for pending UART response ch=8 before next command
I (191069) CMD_U0: waiting for pending UART response ch=8 before next command
I (191094) CMD_U0: waiting for pending UART response ch=8 before next command
I (191119) CMD_U0: waiting for pending UART response ch=8 before next command
I (191144) CMD_U0: waiting for pending UART response ch=8 before next command
I (191169) CMD_U0: waiting for pending UART response ch=8 before next command
I (191194) CMD_U0: waiting for pending UART response ch=8 before next command
I (191220) CMD_U0: waiting for pending UART response ch=8 before next command
I (191246) CMD_U0: waiting for pending UART response ch=8 before next command
I (191271) CMD_U0: waiting for pending UART response ch=8 before next command
I (191297) CMD_U0: waiting for pending UART response ch=8 before next command
I (191318) CMD_U0: waiting for pending UART response ch=8 before next command
I (191339) CMD_U0: waiting for pending UART response ch=8 before next command
I (191365) CMD_U0: waiting for pending UART response ch=8 before next command
I (191391) CMD_U0: waiting for pending UART response ch=8 before next command
I (191416) CMD_U0: waiting for pending UART response ch=8 before next command
I (191442) CMD_U0: waiting for pending UART response ch=8 before next command
E (191464) MQTT: Publish failed
W (191464) TRANSPORT: No transport connected for broadcast
W (191464) MSG: Broadcast failed, falling back to MQTT
E (191465) MQTT: Publish failed
I (191467) CMD_U0: waiting for pending UART response ch=8 before next command
E (191489) MQTT: Publish failed
W (191489) TRANSPORT: No transport connected for broadcast
W (191489) MSG: Broadcast failed, falling back to MQTT
E (191490) MQTT: Publish failed
I (191493) CMD_U0: waiting for pending UART response ch=8 before next command
E (191515) MQTT: Publish failed
W (191515) TRANSPORT: No transport connected for broadcast
W (191515) MSG: Broadcast failed, falling back to MQTT
E (191516) MQTT: Publish failed
I (191518) CMD_U0: waiting for pending UART response ch=8 before next command
E (191540) MQTT: Publish failed
W (191540) TRANSPORT: No transport connected for broadcast
W (191540) MSG: Broadcast failed, falling back to MQTT
E (191541) MQTT: Publish failed
I (191544) CMD_U0: waiting for pending UART response ch=8 before next command
E (191565) MQTT: Publish failed
W (191565) TRANSPORT: No transport connected for broadcast
W (191565) MSG: Broadcast failed, falling back to MQTT
E (191566) MQTT: Publish failed
W (191566) TRANSPORT: No transport connected for broadcast
E (191566) MQTT: W (191566) MSG: Broadcast failed, falling back to MQTT
Publish failed
E (191567) MQTT: Publish failed
I (191570) CMD_U0: waiting for pending UART response ch=8 before next command
E (191591) MQTT: Publish failed
W (191591) TRANSPORT: No transport connected for broadcast
W (191591) MSG: Broadcast failed, falling back to MQTT
E (191592) MQTT: Publish failed
I (191595) CMD_U0: waiting for pending UART response ch=8 before next command
E (191616) MQTT: Publish failed
W (191616) TRANSPORT: No transport connected for broadcast
W (191616) MSG: Broadcast failed, falling back to MQTT
E (191617) MQTT: Publish failed
I (191621) CMD_U0: waiting for pending UART response ch=8 before next command
E (191641) MQTT: Publish failed
W (191641) TRANSPORT: No transport connected for broadcast
W (191641) MSG: Broadcast failed, falling back to MQTT
E (191642) MQTT: I (191642) CMD_U0: waiting for pending UART response ch=8 before next command
Publish failed
E (191663) MQTT: Publish failed
W (191663) TRANSPORT: No transport connected for broadcast
W (191663) MSG: Broadcast failed, falling back to MQTT
E (191664) MQTT: Publish failed
I (191667) CMD_U0: waiting for pending UART response ch=8 before next command
E (191687) MQTT: Publish failed
W (191687) TRANSPORT: No transport connected for broadcast
W (191687) MSG: Broadcast failed, falling back to MQTT
I (191688) CMD_U0: waiting for pending UART response ch=8 before next commandE (191688) MQTT: 
Publish failed
E (191707) MQTT: Publish failed
W (191707) TRANSPORT: No transport connected for broadcast
W (191707) MSG: Broadcast failed, falling back to MQTT
E (191708) MQTT: Publish failed
I (191708) CMD_U0: waiting for pending UART response ch=8 before next command
E (191727) MQTT: Publish failed
W (191727) TRANSPORT: No transport connected for broadcast
W (191727) MSG: Broadcast failed, falling back to MQTT
E (191728) MQTT: Publish failed
I (191729) CMD_U0: waiting for pending UART response ch=8 before next command
E (191753) MQTT: Publish failed
W (191753) TRANSPORT: No transport connected for broadcast
W (191753) MSG: Broadcast failed, falling back to MQTT
E (191754) MQTT: Publish failed
I (191755) CMD_U0: waiting for pending UART response ch=8 before next command
E (191778) MQTT: Publish failed
W (191778) TRANSPORT: No transport connected for broadcast
W (191778) MSG: Broadcast failed, falling back to MQTT
E (191779) MQTT: Publish failed
I (191780) CMD_U0: waiting for pending UART response ch=8 before next command
E (191803) MQTT: Publish failed
W (191803) TRANSPORT: No transport connected for broadcast
W (191803) MSG: Broadcast failed, falling back to MQTT
E (191804) MQTT: Publish failed
I (191806) CMD_U0: waiting for pending UART response ch=8 before next command
E (191829) MQTT: Publish failed
W (191829) TRANSPORT: No transport connected for broadcast
W (191829) MSG: Broadcast failed, falling back to MQTT
E (191830) MQTT: Publish failed
I (191832) CMD_U0: waiting for pending UART response ch=8 before next command
E (191854) MQTT: Publish failed
W (191854) TRANSPORT: No transport connected for broadcast
W (191854) MSG: Broadcast failed, falling back to MQTT
E (191855) MQTT: Publish failed
I (191858) CMD_U0: waiting for pending UART response ch=8 before next command
E (191879) MQTT: Publish failed
W (191879) TRANSPORT: No transport connected for broadcast
W (191879) MSG: Broadcast failed, falling back to MQTT
E (191880) MQTT: Publish failed
I (191883) CMD_U0: waiting for pending UART response ch=8 before next command
E (191905) MQTT: Publish failed
W (191905) TRANSPORT: No transport connected for broadcast
W (191906) MSG: Broadcast failed, falling back to MQTT
E (191906) MQTT: Publish failed
I (191908) CMD_U0: waiting for pending UART response ch=8 before next command
I (191934) CMD_U0: waiting for pending UART response ch=8 before next command
I (191960) CMD_U0: waiting for pending UART response ch=8 before next command
W (191969) RX_TASK: RX timeout slot1 type=1 reqID=0 (1001ms)
I (191985) CMD_U0: waiting for pending UART response ch=8 before next command
I (191987) CMD_U1: waiting for pending UART response ch=9 before next command
I (192010) CMD_U0: waiting for pending UART response ch=8 before next command
I (192035) CMD_U0: waiting for pending UART response ch=8 before next command
I (192060) CMD_U0: waiting for pending UART response ch=8 before next command
I (192085) CMD_U0: waiting for pending UART response ch=8 before next command
I (192111) CMD_U0: waiting for pending UART response ch=8 before next command
I (192137) CMD_U0: waiting for pending UART response ch=8 before next command
I (192162) CMD_U0: waiting for pending UART response ch=8 before next command
I (192187) CMD_U0: waiting for pending UART response ch=8 before next command
I (192213) CMD_U0: waiting for pending UART response ch=8 before next command
I (192234) CMD_U0: waiting for pending UART response ch=8 before next command
I (192255) CMD_U0: waiting for pending UART response ch=8 before next command
I (192276) CMD_U0: waiting for pending UART response ch=8 before next command
I (192302) CMD_U0: waiting for pending UART response ch=8 before next command
I (192327) CMD_U0: waiting for pending UART response ch=8 before next command
I (192353) CMD_U0: waiting for pending UART response ch=8 before next command
I (192378) CMD_U0: waiting for pending UART response ch=8 before next command
I (192401) RX_TASK: Stats: events=407 completions=417 report_drop=0 report_q_high=2
I (192404) CMD_U0: waiting for pending UART response ch=8 before next command
I (192429) CMD_U0: waiting for pending UART response ch=8 before next command
I (192455) CMD_U0: waiting for pending UART response ch=8 before next command
I (192481) CMD_U0: waiting for pending UART response ch=8 before next command
I (192506) CMD_U0: Stats: txn=408 err=0 (100%) no_ctx=0
I (192506) CMD_U0: waiting for pending UART response ch=8 before next command
I (192532) CMD_U0: waiting for pending UART response ch=8 before next command
I (192557) CMD_U0: waiting for pending UART response ch=8 before next command
I (192582) CMD_U0: waiting for pending UART response ch=8 before next command
I (192607) CMD_U0: waiting for pending UART response ch=8 before next command
I (192632) CMD_U0: waiting for pending UART response ch=8 before next command
I (192657) CMD_U0: waiting for pending UART response ch=8 before next command
I (192682) CMD_U0: waiting for pending UART response ch=8 before next command
I (192708) CMD_U0: waiting for pending UART response ch=8 before next command
I (192734) CMD_U0: waiting for pending UART response ch=8 before next command
I (192759) CMD_U0: waiting for pending UART response ch=8 before next command
I (192785) CMD_U0: waiting for pending UART response ch=8 before next command
I (192811) CMD_U0: waiting for pending UART response ch=8 before next command
I (192836) CMD_U0: waiting for pending UART response ch=8 before next command
I (192861) CMD_U0: waiting for pending UART response ch=8 before next command
I (192883) CMD_U0: waiting for pending UART response ch=8 before next command
I (192908) CMD_U0: waiting for pending UART response ch=8 before next command
I (192929) CMD_U0: waiting for pending UART response ch=8 before next command
I (192954) CMD_U0: waiting for pending UART response ch=8 before next command
W (192971) RX_TASK: RX timeout slot1 type=1 reqID=0 (1001ms)
I (192979) CMD_U0: waiting for pending UART response ch=8 before next command
I (192989) CMD_U1: waiting for pending UART response ch=9 before next command
I (193004) CMD_U0: waiting for pending UART response ch=8 before next command
I (193025) CMD_U0: waiting for pending UART response ch=8 before next command
I (193046) CMD_U0: waiting for pending UART response ch=8 before next command
I (193071) CMD_U0: waiting for pending UART response ch=8 before next command
I (193096) CMD_U0: waiting for pending UART response ch=8 before next command
I (193116) CMD_U0: waiting for pending UART response ch=8 before next command
I (193138) CMD_U0: waiting for pending UART response ch=8 before next command
I (193163) CMD_U0: waiting for pending UART response ch=8 before next command
I (193188) CMD_U0: waiting for pending UART response ch=8 before next command
I (193213) CMD_U0: waiting for pending UART response ch=8 before next command
I (193238) CMD_U0: waiting for pending UART response ch=8 before next command
I (193264) CMD_U0: waiting for pending UART response ch=8 before next command
I (193291) CMD_U0: waiting for pending UART response ch=8 before next command
I (193316) CMD_U0: waiting for pending UART response ch=8 before next command
I (193341) CMD_U0: waiting for pending UART response ch=8 before next command
I (193367) CMD_U0: waiting for pending UART response ch=8 before next command
I (193393) CMD_U0: waiting for pending UART response ch=8 before next command
I (193419) CMD_U0: waiting for pending UART response ch=8 before next command
I (193444) CMD_U0: waiting for pending UART response ch=8 before next command
E (193465) MQTT: Publish failed
W (193465) TRANSPORT: No transport connected for broadcast
I (193465) CMD_U0: waiting for pending UART response ch=8 before next command
W (193466) MSG: Broadcast failed, falling back to MQTT
E (193466) MQTT: Publish failed
E (193485) MQTT: Publish failed
W (193485) TRANSPORT: No transport connected for broadcast
W (193485) MSG: Broadcast failed, falling back to MQTT
E (193486) MQTT: Publish failedI (193486) CMD_U0: waiting for pending UART response ch=8 before next command

E (193506) MQTT: Publish failed
W (193506) TRANSPORT: No transport connected for broadcast
W (193506) MSG: Broadcast failed, falling back to MQTT
E (193507) MQTT: Publish failed
I (193511) CMD_U0: waiting for pending UART response ch=8 before next command
E (193531) MQTT: Publish failed
W (193531) TRANSPORT: No transport connected for broadcast
W (193531) MSG: Broadcast failed, falling back to MQTT
E (193532) MQTT: Publish failed
I (193536) CMD_U0: waiting for pending UART response ch=8 before next command
E (193556) MQTT: Publish failed
W (193556) TRANSPORT: No transport connected for broadcast
W (193556) MSG: Broadcast failed, falling back to MQTT
I (193557) CMD_U0: waiting for pending UART response ch=8 before next command
E (193557) MQTT: Publish failed
E (193565) MQTT: Publish failed
W (193565) TRANSPORT: No transport connected for broadcast
W (193565) MSG: Broadcast failed, falling back to MQTT
E (193565) MQTT: Publish failed
E (193576) MQTT: Publish failed
W (193576) TRANSPORT: No transport connected for broadcast
W (193576) MSG: Broadcast failed, falling back to MQTT
E (193577) MQTT: Publish failedI (193577) CMD_U0: waiting for pending UART response ch=8 before next command

I (193602) CMD_U0: waiting for pending UART response ch=8 before next command
I (193622) CMD_U0: waiting for pending UART response ch=8 before next command
I (193643) CMD_U0: waiting for pending UART response ch=8 before next command
I (193663) CMD_U0: waiting for pending UART response ch=8 before next command
I (193683) CMD_U0: waiting for pending UART response ch=8 before next command
I (193704) CMD_U0: waiting for pending UART response ch=8 before next command
I (193730) CMD_U0: waiting for pending UART response ch=8 before next command
I (193751) CMD_U0: waiting for pending UART response ch=8 before next command
I (193776) CMD_U0: waiting for pending UART response ch=8 before next command
I (193802) CMD_U0: waiting for pending UART response ch=8 before next command
I (193827) CMD_U0: waiting for pending UART response ch=8 before next command
I (193852) CMD_U0: waiting for pending UART response ch=8 before next command
I (193877) CMD_U0: waiting for pending UART response ch=8 before next command
I (193898) CMD_U0: waiting for pending UART response ch=8 before next command
I (193923) CMD_U0: waiting for pending UART response ch=8 before next command
I (193949) CMD_U0: waiting for pending UART response ch=8 before next command
I (193970) CMD_U0: waiting for pending UART response ch=8 before next command
W (193973) RX_TASK: RX timeout slot1 type=1 reqID=0 (1001ms)
I (193993) CMD_U1: waiting for pending UART response ch=9 before next command
I (193996) CMD_U0: waiting for pending UART response ch=8 before next command
I (194022) CMD_U0: waiting for pending UART response ch=8 before next command
I (194047) CMD_U0: waiting for pending UART response ch=8 before next command
I (194072) CMD_U0: waiting for pending UART response ch=8 before next command
I (194097) CMD_U0: waiting for pending UART response ch=8 before next command
I (194123) CMD_U0: waiting for pending UART response ch=8 before next command
I (194148) CMD_U0: waiting for pending UART response ch=8 before next command
I (194174) CMD_U0: waiting for pending UART response ch=8 before next command
I (194199) CMD_U0: waiting for pending UART response ch=8 before next command
