I (212) esp_image: segment 4: paddr=00125bd8 vaddr=40379cec sizeI (127508) CMD_U0: waiting for pending UART response ch=8 before next command
W (127519) RX_TASK: RX timeout slot1 type=1 reqID=0 (1001ms)
I (127529) CMD_U0: waiting for pending UART response ch=8 before next command
I (127555) CMD_U0: waiting for pending UART response ch=8 before next command
I (127559) CMD_U1: waiting for pending UART response ch=9 before next command
I (127581) CMD_U0: waiting for pending UART response ch=8 before next command
I (127607) CMD_U0: waiting for pending UART response ch=8 before next command
I (127628) CMD_U0: waiting for pending UART response ch=8 before next command
I (127648) CMD_U0: waiting for pending UART response ch=8 before next command
E (127669) MQTT: Publish failed
W (127669) TRANSPORT: No transport connected for broadcast
W (127669) MSG: Broadcast failed, falling back to MQTT
E (127670) MQTT: Publish failed
I (127673) CMD_U0: waiting for pending UART response ch=8 before next command
E (127694) MQTT: Publish failed
W (127694) TRANSPORT: No transport connected for broadcast
W (127694) MSG: Broadcast failed, falling back to MQTT
E (127695) MQTT: Publish failed
I (127699) CMD_U0: waiting for pending UART response ch=8 before next command
E (127719) MQTT: Publish failed
W (127719) TRANSPORT: No transport connected for broadcast
W (127719) MSG: Broadcast failed, falling back to MQTT
E (127720) MQTT: Publish failed
I (127720) CMD_U0: waiting for pending UART response ch=8 before next command
E (127740) MQTT: Publish failed
W (127740) TRANSPORT: No transport connected for broadcast
W (127740) MSG: Broadcast failed, falling back to MQTT
E (127741) MQTT: Publish failed
I (127741) CMD_U0: waiting for pending UART response ch=8 before next command
E (127760) MQTT: Publish failed
W (127760) TRANSPORT: No transport connected for broadcast
W (127760) MSG: Broadcast failed, falling back to MQTT
E (127761) MQTT: Publish failed
I (127762) CMD_U0: waiting for pending UART response ch=8 before next command
E (127785) MQTT: Publish failed
W (127785) TRANSPORT: No transport connected for broadcast
W (127785) MSG: Broadcast failed, falling back to MQTT
E (127786) MQTT: Publish failed
I (127788) CMD_U0: waiting for pending UART response ch=8 before next command
E (127802) MQTT: Publish failed
W (127802) TRANSPORT: No transport connected for broadcast
W (127802) MSG: Broadcast failed, falling back to MQTT
E (127802) MQTT: Publish failed
E (127811) MQTT: Publish failed
W (127811) TRANSPORT: No transport connected for broadcast
W (127811) MSG: Broadcast failed, falling back to MQTT
E (127812) MQTT: Publish failed
I (127814) CMD_U0: waiting for pending UART response ch=8 before next command
E (127836) MQTT: Publish failed
W (127837) TRANSPORT: No transport connected for broadcast
W (127837) MSG: Broadcast failed, falling back to MQTT
E (127838) MQTT: Publish failed
I (127840) CMD_U0: waiting for pending UART response ch=8 before next command
I (127861) CMD_U0: waiting for pending UART response ch=8 before next command
I (127883) CMD_U0: waiting for pending UART response ch=8 before next command
I (127903) CMD_U0: waiting for pending UART response ch=8 before next command
I (127924) CMD_U0: waiting for pending UART response ch=8 before next command
I (127950) CMD_U0: waiting for pending UART response ch=8 before next command
I (127977) CMD_U0: waiting for pending UART response ch=8 before next command
I (128002) CMD_U0: waiting for pending UART response ch=8 before next command
I (128024) CMD_U0: waiting for pending UART response ch=8 before next command
I (128044) CMD_U0: waiting for pending UART response ch=8 before next command
I (128065) CMD_U0: waiting for pending UART response ch=8 before next command
I (128086) CMD_U0: waiting for pending UART response ch=8 before next command
I (128112) CMD_U0: waiting for pending UART response ch=8 before next command
I (128138) CMD_U0: waiting for pending UART response ch=8 before next command
I (128165) CMD_U0: waiting for pending UART response ch=8 before next command
I (128190) CMD_U0: waiting for pending UART response ch=8 before next command
I (128216) CMD_U0: waiting for pending UART response ch=8 before next command
I (128238) CMD_U0: waiting for pending UART response ch=8 before next command
I (128259) CMD_U0: waiting for pending UART response ch=8 before next command
I (128279) CMD_U0: waiting for pending UART response ch=8 before next command
I (128304) CMD_U0: waiting for pending UART response ch=8 before next command
I (128330) CMD_U0: waiting for pending UART response ch=8 before next command
I (128357) CMD_U0: waiting for pending UART response ch=8 before next command
I (128382) CMD_U0: waiting for pending UART response ch=8 before next command
I (128409) CMD_U0: waiting for pending UART response ch=8 before next command
I (128430) CMD_U0: waiting for pending UART response ch=8 before next command
I (128451) CMD_U0: waiting for pending UART response ch=8 before next command
I (128472) CMD_U0: waiting for pending UART response ch=8 before next command
I (128499) CMD_U0: waiting for pending UART response ch=8 before next command
I (128524) CMD_U0: waiting for pending UART response ch=8 before next command
W (128543) RX_TASK: RX timeout slot1 type=1 reqID=0 (1001ms)
I (128550) CMD_U0: waiting for pending UART response ch=8 before next command
I (128576) CMD_U0: waiting for pending UART response ch=8 before next command
I (128582) CMD_U1: waiting for pending UART response ch=9 before next command
I (128602) CMD_U0: waiting for pending UART response ch=8 before next command
I (128628) CMD_U0: waiting for pending UART response ch=8 before next command
I (128654) CMD_U0: waiting for pending UART response ch=8 before next command
I (128680) CMD_U0: waiting for pending UART response ch=8 before next command
I (128701) CMD_U0: waiting for pending UART response ch=8 before next command
I (128722) CMD_U0: waiting for pending UART response ch=8 before next command
I (128743) CMD_U0: waiting for pending UART response ch=8 before next command
I (128769) CMD_U0: waiting for pending UART response ch=8 before next command
I (128795) CMD_U0: waiting for pending UART response ch=8 before next command
I (128821) CMD_U0: waiting for pending UART response ch=8 before next command
I (128842) CMD_U0: waiting for pending UART response ch=8 before next command
I (128862) CMD_U0: waiting for pending UART response ch=8 before next command
I (128887) CMD_U0: waiting for pending UART response ch=8 before next command
I (128908) CMD_U0: waiting for pending UART response ch=8 before next command
I (128933) CMD_U0: waiting for pending UART response ch=8 before next command
I (128959) CMD_U0: waiting for pending UART response ch=8 before next command
I (128980) CMD_U0: waiting for pending UART response ch=8 before next command
I (129001) CMD_U0: waiting for pending UART response ch=8 before next command
I (129022) CMD_U0: waiting for pending UART response ch=8 before next command
I (129048) CMD_U0: waiting for pending UART response ch=8 before next command
I (129074) CMD_U0: waiting for pending UART response ch=8 before next command
I (129100) CMD_U0: waiting for pending UART response ch=8 before next command
I (129126) CMD_U0: waiting for pending UART response ch=8 before next command
I (129147) CMD_U0: waiting for pending UART response ch=8 before next command
I (129167) CMD_U0: waiting for pending UART response ch=8 before next command
I (129192) CMD_U0: waiting for pending UART response ch=8 before next command
I (129218) CMD_U0: waiting for pending UART response ch=8 before next command
I (129244) CMD_U0: waiting for pending UART response ch=8 before next command
I (129265) CMD_U0: waiting for pending UART response ch=8 before next command
I (129286) CMD_U0: waiting for pending UART response ch=8 before next command
E (129305) MQTT: Publish failed
W (129305) TRANSPORT: No transport connected for broadcast
W (129305) MSG: Broadcast failed, falling back to MQTT
E (129306) MQTT: Publish failed
I (129307) CMD_U0: waiting for pending UART response ch=8 before next command
E (129330) MQTT: Publish failed
W (129330) TRANSPORT: No transport connected for broadcast
W (129330) MSG: Broadcast failed, falling back to MQTT
E (129331) MQTT: Publish failed
I (129333) CMD_U0: waiting for pending UART response ch=8 before next command
E (129356) MQTT: Publish failed
W (129356) TRANSPORT: No transport connected for broadcast
W (129356) MSG: Broadcast failed, falling back to MQTT
E (129357) MQTT: Publish failed
I (129359) CMD_U0: waiting for pending UART response ch=8 before next command
E (129381) MQTT: Publish failed
W (129381) TRANSPORT: No transport connected for broadcast
W (129381) MSG: Broadcast failed, falling back to MQTT
E (129382) MQTT: Publish failed
I (129386) CMD_U0: waiting for pending UART response ch=8 before next command
E (129406) MQTT: Publish failed
W (129406) TRANSPORT: No transport connected for broadcast
W (129406) MSG: Broadcast failed, falling back to MQTT
E (129407) MQTT: Publish failed
I (129411) CMD_U0: waiting for pending UART response ch=8 before next command
E (129432) MQTT: Publish failed
W (129432) TRANSPORT: No transport connected for broadcast
W (129432) MSG: Broadcast failed, falling back to MQTT
E (129433) MQTT: Publish failed
I (129437) CMD_U0: waiting for pending UART response ch=8 before next command
E (129457) MQTT: Publish failed
W (129457) TRANSPORT: No transport connected for broadcast
W (129457) MSG: Broadcast failed, falling back to MQTT
E (129458) MQTT: Publish failed
I (129458) CMD_U0: waiting for pending UART response ch=8 before next command
E (129477) MQTT: Publish failed
W (129477) TRANSPORT: No transport connected for broadcast
W (129477) MSG: Broadcast failed, falling back to MQTT
E (129478) MQTT: Publish failed
I (129479) CMD_U0: waiting for pending UART response ch=8 before next command
E (129498) MQTT: Publish failed
W (129498) TRANSPORT: No transport connected for broadcast
W (129498) MSG: Broadcast failed, falling back to MQTT
E (129499) MQTT: Publish failed
I (129500) CMD_U0: waiting for pending UART response ch=8 before next command
I (129527) CMD_U0: waiting for pending UART response ch=8 before next command
I (129552) CMD_U0: waiting for pending UART response ch=8 before next command
W (129566) RX_TASK: RX timeout slot1 type=1 reqID=0 (1001ms)
I (129578) CMD_U0: waiting for pending UART response ch=8 before next command
I (129599) CMD_U0: waiting for pending UART response ch=8 before next command
I (129605) CMD_U1: waiting for pending UART response ch=9 before next command
I (129624) CMD_U0: waiting for pending UART response ch=8 before next command
I (129645) CMD_U0: waiting for pending UART response ch=8 before next command
I (129665) CMD_U0: waiting for pending UART response ch=8 before next command
I (129686) CMD_U0: waiting for pending UART response ch=8 before next command
I (129706) CMD_U0: waiting for pending UART response ch=8 before next command
I (129731) CMD_U0: waiting for pending UART response ch=8 before next command
I (129757) CMD_U0: waiting for pending UART response ch=8 before next command
I (129783) CMD_U0: waiting for pending UART response ch=8 before next command
I (129804) CMD_U0: waiting for pending UART response ch=8 before next command
E (129804) MQTT: Publish failed
W (129805) TRANSPORT: No transport connected for broadcast
W (129805) MSG: Broadcast failed, falling back to MQTT
E (129805) MQTT: Publish failed
E (129824) MQTT: Publish failed
W (129824) TRANSPORT: No transport connected for broadcast
W (129824) MSG: Broadcast failed, falling back to MQTT
E (129825) MQTT: Publish failed
I (129829) CMD_U0: waiting for pending UART response ch=8 before next command
E (129850) MQTT: Publish failed
W (129850) TRANSPORT: No transport connected for broadcast
W (129850) MSG: Broadcast failed, falling back to MQTT
E (129851) MQTT: Publish failed
I (129855) CMD_U0: waiting for pending UART response ch=8 before next command
E (129875) MQTT: Publish failed
W (129875) TRANSPORT: No transport connected for broadcast
W (129875) MSG: Broadcast failed, falling back to MQTT
E (129876) MQTT: Publish failed
I (129876) CMD_U0: waiting for pending UART response ch=8 before next command
E (129896) MQTT: Publish failed
W (129896) TRANSPORT: No transport connected for broadcast
W (129896) MSG: Broadcast failed, falling back to MQTT
E (129897) MQTT: Publish failed
I (129897) CMD_U0: waiting for pending UART response ch=8 before next command
E (129921) MQTT: Publish failed
W (129921) TRANSPORT: No transport connected for broadcast
W (129921) MSG: Broadcast failed, falling back to MQTT
E (129922) MQTT: Publish failed
I (129923) CMD_U0: waiting for pending UART response ch=8 before next command
E (129942) MQTT: Publish failed
W (129942) TRANSPORT: No transport connected for broadcast
W (129942) MSG: Broadcast failed, falling back to MQTT
E (129943) MQTT: Publish failed
I (129944) CMD_U0: waiting for pending UART response ch=8 before next command
E (129967) MQTT: Publish failed
W (129967) TRANSPORT: No transport connected for broadcast
W (129967) MSG: Broadcast failed, falling back to MQTT
E (129968) MQTT: Publish failed
I (129970) CMD_U0: waiting for pending UART response ch=8 before next command
E (129992) MQTT: Publish failed
W (129992) TRANSPORT: No transport connected for broadcast
W (129992) MSG: Broadcast failed, falling back to MQTT
E (129993) MQTT: Publish failed
I (129996) CMD_U0: waiting for pending UART response ch=8 before next command
E (130018) MQTT: Publish failed
W (130018) TRANSPORT: No transport connected for broadcast
W (130018) MSG: Broadcast failed, falling back to MQTT
E (130019) MQTT: Publish failed
I (130022) CMD_U0: waiting for pending UART response ch=8 before next command
E (130043) MQTT: Publish failed
W (130043) TRANSPORT: No transport connected for broadcast
W (130043) MSG: Broadcast failed, falling back to MQTT
E (130044) MQTT: Publish failed
I (130048) CMD_U0: waiting for pending UART response ch=8 before next command
I (130069) CMD_U0: waiting for pending UART response ch=8 before next command
E (130069) MQTT: Publish failed
W (130070) TRANSPORT: No transport connected for broadcast
W (130070) MSG: Broadcast failed, falling back to MQTT
E (130070) MQTT: Publish failed
I (130089) CMD_U0: waiting for pending UART response ch=8 before next command
E (130089) MQTT: Publish failed
W (130090) TRANSPORT: No transport connected for broadcast
W (130090) MSG: Broadcast failed, falling back to MQTT
E (130090) MQTT: Publish failed
E (130109) MQTT: Publish failed
W (130109) TRANSPORT: No transport connected for broadcast
W (130109) MSG: Broadcast failed, falling back to MQTT
E (130110) MQTT: Publish failed
I (130114) CMD_U0: waiting for pending UART response ch=8 before next command
I (130135) CMD_U0: waiting for pending UART response ch=8 before next command
E (130135) MQTT: Publish failed
W (130136) TRANSPORT: No transport connected for broadcast
W (130136) MSG: Broadcast failed, falling back to MQTT
E (130136) MQTT: Publish failed
I (130155) CMD_U0: waiting for pending UART response ch=8 before next command
E (130155) MQTT: Publish failed
W (130156) TRANSPORT: No transport connected for broadcast
W (130156) MSG: Broadcast failed, falling back to MQTT
E (130156) MQTT: Publish failed
E (130176) MQTT: Publish failed
W (130176) TRANSPORT: No transport connected for broadcast
W (130176) MSG: Broadcast failed, falling back to MQTT
E (130177) MQTT: Publish failed
I (130180) CMD_U0: waiting for pending UART response ch=8 before next command
E (130202) MQTT: Publish failed
W (130202) TRANSPORT: No transport connected for broadcast
W (130202) MSG: Broadcast failed, falling back to MQTT
E (130203) MQTT: Publish failed
I (130206) CMD_U0: waiting for pending UART response ch=8 before next command
E (130227) MQTT: Publish failed
W (130227) TRANSPORT: No transport connected for broadcast
W (130227) MSG: Broadcast failed, falling back to MQTT
E (130228) MQTT: Publish failed
I (130232) CMD_U0: waiting for pending UART response ch=8 before next command
E (130252) MQTT: Publish failed
W (130252) TRANSPORT: No transport connected for broadcast
W (130252) MSG: Broadcast failed, falling back to MQTT
E (130253) MQTT: Publish failed
I (130253) CMD_U0: waiting for pending UART response ch=8 before next command
E (130273) MQTT: Publish failed
W (130273) TRANSPORT: No transport connected for broadcast
W (130273) MSG: Broadcast failed, falling back to MQTT
E (130274) MQTT: Publish failed
I (130274) CMD_U0: waiting for pending UART response ch=8 before next command
E (130293) MQTT: Publish failed
W (130293) TRANSPORT: No transport connected for broadcast
W (130293) MSG: Broadcast failed, falling back to MQTT
E (130294) MQTT: Publish failed
I (130295) CMD_U0: waiting for pending UART response ch=8 before next command
E (130318) MQTT: Publish failed
W (130318) TRANSPORT: No transport connected for broadcast
W (130318) MSG: Broadcast failed, falling back to MQTT
E (130319) MQTT: Publish failed
I (130321) CMD_U0: waiting for pending UART response ch=8 before next command
E (130344) MQTT: Publish failed
W (130344) TRANSPORT: No transport connected for broadcast
W (130344) MSG: Broadcast failed, falling back to MQTT
E (130345) MQTT: Publish failed
I (130347) CMD_U0: waiting for pending UART response ch=8 before next command
E (130369) MQTT: Publish failed
W (130369) TRANSPORT: No transport connected for broadcast
W (130369) MSG: Broadcast failed, falling back to MQTT
E (130370) MQTT: Publish failed
I (130373) CMD_U0: waiting for pending UART response ch=8 before next command
E (130395) MQTT: Publish failed
W (130395) TRANSPORT: No transport connected for broadcast
W (130395) MSG: Broadcast failed, falling back to MQTT
E (130396) MQTT: Publish failed
I (130399) CMD_U0: waiting for pending UART response ch=8 before next command
E (130420) MQTT: Publish failed
W (130420) TRANSPORT: No transport connected for broadcast
W (130420) MSG: Broadcast failed, falling back to MQTT
E (130421) MQTT: Publish failed
I (130425) CMD_U0: waiting for pending UART response ch=8 before next command
E (130445) MQTT: Publish failed
W (130445) TRANSPORT: No transport connected for broadcast
W (130445) MSG: Broadcast failed, falling back to MQTT
E (130446) MQTT: Publish failed
I (130446) CMD_U0: waiting for pending UART response ch=8 before next command
E (130466) MQTT: Publish failed
W (130466) TRANSPORT: No transport connected for broadcast
W (130466) MSG: Broadcast failed, falling back to MQTT
E (130467) MQTT: Publish failed
I (130467) CMD_U0: waiting for pending UART response ch=8 before next command
E (130486) MQTT: Publish failed
W (130486) TRANSPORT: No transport connected for broadcast
W (130486) MSG: Broadcast failed, falling back to MQTT
E (130487) MQTT: Publish failed
I (130488) CMD_U0: waiting for pending UART response ch=8 before next command
E (130511) MQTT: Publish failed
W (130511) TRANSPORT: No transport connected for broadcast
W (130512) MSG: Broadcast failed, falling back to MQTT
E (130512) MQTT: Publish failed
I (130514) CMD_U0: waiting for pending UART response ch=8 before next command
E (130536) MQTT: Publish failed
W (130536) TRANSPORT: No transport connected for broadcast
W (130536) MSG: Broadcast failed, falling back to MQTT
E (130537) MQTT: Publish failed
I (130540) CMD_U0: waiting for pending UART response ch=8 before next command
E (130563) MQTT: Publish failed
W (130563) TRANSPORT: No transport connected for broadcast
W (130563) MSG: Broadcast failed, falling back to MQTT
E (130564) MQTT: Publish failed
I (130566) CMD_U0: waiting for pending UART response ch=8 before next command
E (130587) MQTT: Publish failed
W (130587) TRANSPORT: No transport connected for broadcast
W (130587) MSG: Broadcast failed, falling back to MQTT
E (130588) MQTT: Publish failed
W (130589) RX_TASK: RX timeout slot1 type=1 reqID=0 (1001ms)
I (130592) CMD_U0: waiting for pending UART response ch=8 before next command
E (130612) MQTT: Publish failed
W (130612) TRANSPORT: No transport connected for broadcast
W (130612) MSG: Broadcast failed, falling back to MQTT
E (130613) MQTT: Publish failed
I (130614) CMD_U0: waiting for pending UART response ch=8 before next command
E (130618) MQTT: Publish failed
W (130619) TRANSPORT: No transport connected for broadcast
W (130619) MSG: Broadcast failed, falling back to MQTT
E (130619) MQTT: Publish failed
I (130628) CMD_U1: waiting for pending UART response ch=9 before next command
E (130633) MQTT: Publish failed
W (130633) TRANSPORT: No transport connected for broadcast
W (130633) MSG: Broadcast failed, falling back to MQTT
E (130634) MQTT: Publish failed
I (130634) CMD_U0: waiting for pending UART response ch=8 before next command
E (130653) MQTT: Publish failed
W (130653) TRANSPORT: No transport connected for broadcast
W (130653) MSG: Broadcast failed, falling back to MQTT
E (130654) MQTT: Publish failed
I (130655) CMD_U0: waiting for pending UART response ch=8 before next command
E (130679) MQTT: Publish failed
W (130679) TRANSPORT: No transport connected for broadcast
W (130680) MSG: Broadcast failed, falling back to MQTT
E (130680) MQTT: Publish failed
I (130681) CMD_U0: waiting for pending UART response ch=8 before next command
I (130707) CMD_U0: waiting for pending UART response ch=8 before next command
I (130734) CMD_U0: waiting for pending UART response ch=8 before next command
I (130755) CMD_U0: waiting for pending UART response ch=8 before next command
I (130776) CMD_U0: waiting for pending UART response ch=8 before next command
I (130797) CMD_U0: waiting for pending UART response ch=8 before next command
I (130823) CMD_U0: waiting for pending UART response ch=8 before next command
I (130849) CMD_U0: waiting for pending UART response ch=8 before next command
I (130876) CMD_U0: waiting for pending UART response ch=8 before next command
I (130896) CMD_U0: waiting for pending UART response ch=8 before next command
I (130922) CMD_U0: waiting for pending UART response ch=8 before next command
I (130943) CMD_U0: waiting for pending UART response ch=8 before next command
I (130964) CMD_U0: waiting for pending UART response ch=8 before next command
I (130985) CMD_U0: waiting for pending UART response ch=8 before next command
I (131005) SCHEDULER: Stats: samples=388 full=577 min_free=2
I (131011) CMD_U0: waiting for pending UART response ch=8 before next command
I (131037) CMD_U0: waiting for pending UART response ch=8 before next command
I (131063) CMD_U0: waiting for pending UART response ch=8 before next command
I (131089) CMD_U0: waiting for pending UART response ch=8 before next command
I (131110) CMD_U0: waiting for pending UART response ch=8 before next command
I (131131) CMD_U0: waiting for pending UART response ch=8 before next command
I (131152) CMD_U0: waiting for pending UART response ch=8 before next command
I (131178) CMD_U0: waiting for pending UART response ch=8 before next command
I (131204) CMD_U0: waiting for pending UART response ch=8 before next command
I (131230) CMD_U0: waiting for pending UART response ch=8 before next command
I (131251) CMD_U0: waiting for pending UART response ch=8 before next command
I (131276) CMD_U0: waiting for pending UART response ch=8 before next command
I (131297) CMD_U0: waiting for pending UART response ch=8 before next command
I (131322) CMD_U0: waiting for pending UART response ch=8 before next command
I (131343) CMD_U0: waiting for pending UART response ch=8 before next command
I (131364) CMD_U0: waiting for pending UART response ch=8 before next command
I (131385) CMD_U0: waiting for pending UART response ch=8 before next command
I (131411) CMD_U0: waiting for pending UART response ch=8 before next command
I (131437) CMD_U0: waiting for pending UART response ch=8 before next command
I (131463) CMD_U0: waiting for pending UART response ch=8 before next command
I (131489) CMD_U0: waiting for pending UART response ch=8 before next command
I (131515) CMD_U0: waiting for pending UART response ch=8 before next command
I (131536) CMD_U0: waiting for pending UART response ch=8 before next command
E (131555) MQTT: Publish failed
W (131555) TRANSPORT: No transport connected for broadcast
W (131555) MSG: Broadcast failed, falling back to MQTT
E (131556) MQTT: Publish failed
I (131557) CMD_U0: waiting for pending UART response ch=8 before next command
E (131576) MQTT: Publish failed
W (131576) TRANSPORT: No transport connected for broadcast
W (131576) MSG: Broadcast failed, falling back to MQTT
E (131577) MQTT: Publish failed
I (131578) CMD_U0: waiting for pending UART response ch=8 before next command
E (131601) MQTT: Publish failed
W (131601) TRANSPORT: No transport connected for broadcast
W (131601) MSG: Broadcast failed, falling back to MQTT
E (131602) MQTT: Publish failed
I (131604) CMD_U0: waiting for pending UART response ch=8 before next command
W (131612) RX_TASK: RX timeout slot1 type=1 reqID=0 (1001ms)
E (131612) MQTT: Publish failed
W (131612) TRANSPORT: No transport connected for broadcast
W (131613) MSG: Broadcast failed, falling back to MQTT
E (131613) MQTT: Publish failed
E (131622) MQTT: Publish failed
W (131622) TRANSPORT: No transport connected for broadcast
W (131622) MSG: Broadcast failed, falling back to MQTT
E (131623) MQTT: Publish failed
E (131626) MQTT: Publish failed
W (131626) TRANSPORT: No transport connected for broadcast
W (131626) MSG: Broadcast failed, falling back to MQTT
E (131627) MQTT: Publish failed
I (131630) CMD_U0: waiting for pending UART response ch=8 before next command
I (131651) CMD_U1: waiting for pending UART response ch=9 before next command
E (131652) MQTT: Publish failed
W (131652) TRANSPORT: No transport connected for broadcast
W (131652) MSG: Broadcast failed, falling back to MQTT
E (131653) MQTT: Publish failed
I (131656) CMD_U0: waiting for pending UART response ch=8 before next command
I (131677) CMD_U0: waiting for pending UART response ch=8 before next command
E (131677) MQTT: Publish failed
W (131677) TRANSPORT: No transport connected for broadcast
W (131678) MSG: Broadcast failed, falling back to MQTT
E (131678) MQTT: Publish failed
E (131697) MQTT: Publish failed
W (131697) TRANSPORT: No transport connected for broadcast
W (131697) MSG: Broadcast failed, falling back to MQTT
E (131698) MQTT: Publish failed
I (131702) CMD_U0: waiting for pending UART response ch=8 before next command
I (131723) CMD_U0: waiting for pending UART response ch=8 before next command
E (131723) MQTT: Publish failed
W (131724) TRANSPORT: No transport connected for broadcast
W (131724) MSG: Broadcast failed, falling back to MQTT
E (131724) MQTT: Publish failed
E (131744) MQTT: Publish failed
W (131744) TRANSPORT: No transport connected for broadcast
W (131744) MSG: Broadcast failed, falling back to MQTT
E (131745) MQTT: Publish failed
I (131748) CMD_U0: waiting for pending UART response ch=8 before next command
E (131768) MQTT: Publish failed
W (131768) TRANSPORT: No transport connected for broadcast
W (131768) MSG: Broadcast failed, falling back to MQTT
E (131769) MQTT: Publish failed
I (131769) CMD_U0: waiting for pending UART response ch=8 before next command
E (131789) MQTT: Publish failed
W (131789) TRANSPORT: No transport connected for broadcast
W (131789) MSG: Broadcast failed, falling back to MQTT
E (131790) MQTT: Publish failed
I (131790) CMD_U0: waiting for pending UART response ch=8 before next command
E (131802) MQTT: Publish failed
W (131802) TRANSPORT: No transport connected for broadcast
W (131802) MSG: Broadcast failed, falling back to MQTT
E (131802) MQTT: Publish failed
E (131809) MQTT: Publish failed
W (131809) TRANSPORT: No transport connected for broadcast
W (131809) MSG: Broadcast failed, falling back to MQTT
E (131810) MQTT: Publish failed
I (131811) CMD_U0: waiting for pending UART response ch=8 before next command
E (131834) MQTT: Publish failed
W (131834) TRANSPORT: No transport connected for broadcast
W (131834) MSG: Broadcast failed, falling back to MQTT
E (131835) MQTT: Publish failed
I (131837) CMD_U0: waiting for pending UART response ch=8 before next command
E (131860) MQTT: Publish failed
W (131860) TRANSPORT: No transport connected for broadcast
W (131860) MSG: Broadcast failed, falling back to MQTT
E (131861) MQTT: Publish failed
I (131863) CMD_U0: waiting for pending UART response ch=8 before next command
E (131885) MQTT: Publish failed
W (131885) TRANSPORT: No transport connected for broadcast
W (131885) MSG: Broadcast failed, falling back to MQTT
E (131886) MQTT: Publish failed
I (131889) CMD_U0: waiting for pending UART response ch=8 before next command
E (131911) MQTT: Publish failed
W (131911) TRANSPORT: No transport connected for broadcast
W (131911) MSG: Broadcast failed, falling back to MQTT
E (131912) MQTT: Publish failed
I (131915) CMD_U0: waiting for pending UART response ch=8 before next command
E (131936) MQTT: Publish failed
W (131936) TRANSPORT: No transport connected for broadcast
W (131936) MSG: Broadcast failed, falling back to MQTT
E (131937) MQTT: Publish failed
I (131941) CMD_U0: waiting for pending UART response ch=8 before next command
E (131962) MQTT: Publish failed
W (131962) TRANSPORT: No transport connected for broadcast
W (131962) MSG: Broadcast failed, falling back to MQTT
E (131963) MQTT: Publish failed
I (131967) CMD_U0: waiting for pending UART response ch=8 before next command
E (131987) MQTT: Publish failed
W (131987) TRANSPORT: No transport connected for broadcast
W (131987) MSG: Broadcast failed, falling back to MQTT
E (131988) MQTT: Publish failed
I (131988) CMD_U0: waiting for pending UART response ch=8 before next command
E (132007) MQTT: Publish failed
W (132007) TRANSPORT: No transport connected for broadcast
W (132007) MSG: Broadcast failed, falling back to MQTT
E (132008) MQTT: Publish failed
I (132009) CMD_U0: waiting for pending UART response ch=8 before next command
E (132033) MQTT: Publish failed
W (132033) TRANSPORT: No transport connected for broadcast
W (132033) MSG: Broadcast failed, falling back to MQTT
E (132034) MQTT: Publish failed
I (132035) CMD_U0: waiting for pending UART response ch=8 before next command
E (132058) MQTT: Publish failed
W (132058) TRANSPORT: No transport connected for broadcast
W (132058) MSG: Broadcast failed, falling back to MQTT
E (132059) MQTT: Publish failed
I (132061) CMD_U0: waiting for pending UART response ch=8 before next command
E (132083) MQTT: Publish failed
W (132083) TRANSPORT: No transport connected for broadcast
W (132084) MSG: Broadcast failed, falling back to MQTT
E (132084) MQTT: Publish failed
I (132088) CMD_U0: waiting for pending UART response ch=8 before next command
I (132109) CMD_U0: waiting for pending UART response ch=8 before next command
I (132130) CMD_U0: waiting for pending UART response ch=8 before next command
I (132151) CMD_U0: waiting for pending UART response ch=8 before next command
I (132177) CMD_U0: waiting for pending UART response ch=8 before next command
I (132203) CMD_U0: waiting for pending UART response ch=8 before next command
I (132229) CMD_U0: waiting for pending UART response ch=8 before next command
I (132255) CMD_U0: waiting for pending UART response ch=8 before next command
E (132279) MQTT: Publish failed
W (132279) TRANSPORT: No transport connected for broadcast
W (132279) MSG: Broadcast failed, falling back to MQTT
E (132280) MQTT: Publish failed
I (132281) CMD_U0: waiting for pending UART response ch=8 before next command
E (132305) MQTT: Publish failed
W (132305) TRANSPORT: No transport connected for broadcast
W (132305) MSG: Broadcast failed, falling back to MQTT
E (132306) MQTT: Publish failed
I (132307) CMD_U0: waiting for pending UART response ch=8 before next command
E (132330) MQTT: Publish failed
W (132330) TRANSPORT: No transport connected for broadcast
W (132330) MSG: Broadcast failed, falling back to MQTT
E (132331) MQTT: Publish failed
I (132333) CMD_U0: waiting for pending UART response ch=8 before next command
E (132355) MQTT: Publish failed
W (132355) TRANSPORT: No transport connected for broadcast
W (132356) MSG: Broadcast failed, falling back to MQTT
E (132356) MQTT: Publish failed
I (132359) CMD_U0: waiting for pending UART response ch=8 before next command
E (132381) MQTT: Publish failed
W (132381) TRANSPORT: No transport connected for broadcast
W (132381) MSG: Broadcast failed, falling back to MQTT
E (132382) MQTT: Publish failed
I (132385) CMD_U0: waiting for pending UART response ch=8 before next command
E (132406) MQTT: Publish failed
W (132406) TRANSPORT: No transport connected for broadcast
W (132406) MSG: Broadcast failed, falling back to MQTT
E (132407) MQTT: Publish failed
I (132411) CMD_U0: waiting for pending UART response ch=8 before next command
E (132431) MQTT: Publish failed
W (132431) TRANSPORT: No transport connected for broadcast
W (132431) MSG: Broadcast failed, falling back to MQTT
E (132432) MQTT: Publish failed
I (132432) CMD_U0: waiting for pending UART response ch=8 before next command
E (132451) MQTT: Publish failed
W (132451) TRANSPORT: No transport connected for broadcast
W (132451) MSG: Broadcast failed, falling back to MQTT
E (132452) MQTT: Publish failed
I (132453) CMD_U0: waiting for pending UART response ch=8 before next command
E (132472) MQTT: Publish failed
W (132472) TRANSPORT: No transport connected for broadcast
W (132472) MSG: Broadcast failed, falling back to MQTT
E (132473) MQTT: Publish failed
I (132474) CMD_U0: waiting for pending UART response ch=8 before next command
E (132497) MQTT: Publish failed
W (132497) TRANSPORT: No transport connected for broadcast
W (132497) MSG: Broadcast failed, falling back to MQTT
E (132498) MQTT: Publish failed
I (132500) CMD_U0: waiting for pending UART response ch=8 before next command
E (132522) MQTT: Publish failed
W (132522) TRANSPORT: No transport connected for broadcast
W (132522) MSG: Broadcast failed, falling back to MQTT
E (132523) MQTT: Publish failed
I (132526) CMD_U0: waiting for pending UART response ch=8 before next command
E (132548) MQTT: Publish failed
W (132548) TRANSPORT: No transport connected for broadcast
W (132548) MSG: Broadcast failed, falling back to MQTT
E (132549) MQTT: Publish failed
I (132552) CMD_U0: waiting for pending UART response ch=8 before next command
I (132573) CMD_U0: waiting for pending UART response ch=8 before next command
E (132573) MQTT: Publish failed
W (132574) TRANSPORT: No transport connected for broadcast
W (132574) MSG: Broadcast failed, falling back to MQTT
E (132574) MQTT: Publish failed
E (132593) MQTT: Publish failed
W (132593) TRANSPORT: No transport connected for broadcast
W (132593) MSG: Broadcast failed, falling back to MQTT
E (132594) MQTT: Publish failed
I (132594) CMD_U0: waiting for pending UART response ch=8 before next command
E (132614) MQTT: Publish failed
W (132614) TRANSPORT: No transport connected for broadcast
W (132614) MSG: Broadcast failed, falling back to MQTT
E (132615) MQTT: Publish failed
I (132615) CMD_U0: waiting for pending UART response ch=8 before next command
E (132625) MQTT: Publish failed
W (132626) TRANSPORT: No transport connected for broadcast
W (132626) MSG: Broadcast failed, falling back to MQTT
E (132626) MQTT: Publish failed
E (132634) MQTT: Publish failed
W (132634) TRANSPORT: No transport connected for broadcast
W (132634) MSG: Broadcast failed, falling back to MQTT
W (132635) RX_TASK: RX timeout slot1 type=1 reqID=0 (1001ms)
E (132635) MQTT: Publish failed
I (132636) CMD_U0: waiting for pending UART response ch=8 before next command
E (132659) MQTT: Publish failed
W (132659) TRANSPORT: No transport connected for broadcast
W (132659) MSG: Broadcast failed, falling back to MQTT
E (132660) MQTT: Publish failed
I (132663) CMD_U0: waiting for pending UART response ch=8 before next command
I (132674) CMD_U1: waiting for pending UART response ch=9 before next command
E (132685) MQTT: Publish failed
W (132685) TRANSPORT: No transport connected for broadcast
W (132685) MSG: Broadcast failed, falling back to MQTT
E (132686) MQTT: Publish failed
I (132688) CMD_U0: waiting for pending UART response ch=8 before next command
E (132711) MQTT: Publish failed
W (132711) TRANSPORT: No transport connected for broadcast
W (132711) MSG: Broadcast failed, falling back to MQTT
E (132712) MQTT: Publish failed
I (132714) CMD_U0: waiting for pending UART response ch=8 before next command
E (132737) MQTT: Publish failed
W (132737) TRANSPORT: No transport connected for broadcast
W (132737) MSG: Broadcast failed, falling back to MQTT
E (132738) MQTT: Publish failed
I (132740) CMD_U0: waiting for pending UART response ch=8 before next command
E (132762) MQTT: Publish failed
W (132762) TRANSPORT: No transport connected for broadcast
W (132762) MSG: Broadcast failed, falling back to MQTT
E (132763) MQTT: Publish failed
I (132766) CMD_U0: waiting for pending UART response ch=8 before next command
E (132788) MQTT: Publish failed
W (132788) TRANSPORT: No transport connected for broadcast
W (132788) MSG: Broadcast failed, falling back to MQTT
E (132789) MQTT: Publish failed
I (132792) CMD_U0: waiting for pending UART response ch=8 before next command
E (132802) MQTT: Publish failed
W (132802) TRANSPORT: No transport connected for broadcast
W (132802) MSG: Broadcast failed, falling back to MQTT
E (132803) MQTT: Publish failed
E (132814) MQTT: Publish failed
W (132814) TRANSPORT: No transport connected for broadcast
W (132814) MSG: Broadcast failed, falling back to MQTT
E (132815) MQTT: Publish failed
I (132818) CMD_U0: waiting for pending UART response ch=8 before next command
E (132840) MQTT: Publish failed
W (132840) TRANSPORT: No transport connected for broadcast
W (132840) MSG: Broadcast failed, falling back to MQTT
E (132841) MQTT: Publish failed
I (132844) CMD_U0: waiting for pending UART response ch=8 before next command
I (132865) CMD_U0: waiting for pending UART response ch=8 before next command
E (132865) MQTT: Publish failed
W (132865) TRANSPORT: No transport connected for broadcast
W (132866) MSG: Broadcast failed, falling back to MQTT
E (132866) MQTT: Publish failed
E (132885) MQTT: Publish failed
W (132885) TRANSPORT: No transport connected for broadcast
W (132885) MSG: Broadcast failed, falling back to MQTT
E (132886) MQTT: Publish failed
I (132890) CMD_U0: waiting for pending UART response ch=8 before next command
E (132911) MQTT: Publish failed
W (132911) TRANSPORT: No transport connected for broadcast
W (132911) MSG: Broadcast failed, falling back to MQTT
E (132912) MQTT: Publish failed
I (132916) CMD_U0: waiting for pending UART response ch=8 before next command
E (132936) MQTT: Publish failed
W (132936) TRANSPORT: No transport connected for broadcast
W (132936) MSG: Broadcast failed, falling back to MQTT
E (132937) MQTT: Publish failed
I (132937) CMD_U0: waiting for pending UART response ch=8 before next command
E (132956) MQTT: Publish failed
W (132956) TRANSPORT: No transport connected for broadcast
W (132956) MSG: Broadcast failed, falling back to MQTT
E (132957) MQTT: Publish failed
I (132958) CMD_U0: waiting for pending UART response ch=8 before next command
E (132977) MQTT: Publish failed
W (132977) TRANSPORT: No transport connected for broadcast
W (132977) MSG: Broadcast failed, falling back to MQTT
E (132978) MQTT: Publish failed
I (132979) CMD_U0: waiting for pending UART response ch=8 before next command
E (133002) MQTT: Publish failed
W (133002) TRANSPORT: No transport connected for broadcast
W (133002) MSG: Broadcast failed, falling back to MQTT
E (133003) MQTT: Publish failed
I (133005) CMD_U0: waiting for pending UART response ch=8 before next command
E (133027) MQTT: Publish failed
W (133027) TRANSPORT: No transport connected for broadcast
W (133027) MSG: Broadcast failed, falling back to MQTT
E (133028) MQTT: Publish failed
I (133031) CMD_U0: waiting for pending UART response ch=8 before next command
E (133053) MQTT: Publish failed
W (133053) TRANSPORT: No transport connected for broadcast
W (133053) MSG: Broadcast failed, falling back to MQTT
E (133054) MQTT: Publish failed
I (133057) CMD_U0: waiting for pending UART response ch=8 before next command
E (133078) MQTT: Publish failed
W (133078) TRANSPORT: No transport connected for broadcast
W (133078) MSG: Broadcast failed, falling back to MQTT
E (133079) MQTT: Publish failed
I (133083) CMD_U0: waiting for pending UART response ch=8 before next command
E (133103) MQTT: Publish failed
W (133103) TRANSPORT: No transport connected for broadcast
W (133103) MSG: Broadcast failed, falling back to MQTT
E (133104) MQTT: Publish failed
I (133104) CMD_U0: waiting for pending UART response ch=8 before next command
E (133124) MQTT: Publish failed
W (133124) TRANSPORT: No transport connected for broadcast
W (133124) MSG: Broadcast failed, falling back to MQTT
E (133125) MQTT: Publish failed
I (133125) CMD_U0: waiting for pending UART response ch=8 before next command
I (133146) CMD_U0: waiting for pending UART response ch=8 before next command
I (133172) CMD_U0: waiting for pending UART response ch=8 before next command
I (133198) CMD_U0: waiting for pending UART response ch=8 before next command
I (133224) CMD_U0: waiting for pending UART response ch=8 before next command
I (133246) CMD_U0: waiting for pending UART response ch=8 before next command
I (133267) CMD_U0: waiting for pending UART response ch=8 before next command
I (133288) CMD_U0: waiting for pending UART response ch=8 before next command
I (133315) CMD_U0: waiting for pending UART response ch=8 before next command
I (133340) CMD_U0: waiting for pending UART response ch=8 before next command
I (133367) CMD_U0: waiting for pending UART response ch=8 before next command
I (133392) CMD_U0: waiting for pending UART response ch=8 before next command
I (133413) CMD_U0: waiting for pending UART response ch=8 before next command
I (133434) CMD_U0: waiting for pending UART response ch=8 before next command
I (133455) CMD_U0: waiting for pending UART response ch=8 before next command
I (133482) CMD_U0: waiting for pending UART response ch=8 before next command
I (133507) CMD_U0: waiting for pending UART response ch=8 before next command
I (133534) CMD_U0: waiting for pending UART response ch=8 before next command
I (133554) CMD_U0: waiting for pending UART response ch=8 before next command
I (133576) CMD_U0: waiting for pending UART response ch=8 before next command
I (133597) CMD_U0: waiting for pending UART response ch=8 before next command
I (133623) CMD_U0: waiting for pending UART response ch=8 before next command
I (133649) CMD_U0: waiting for pending UART response ch=8 before next command
W (133658) RX_TASK: RX timeout slot1 type=1 reqID=0 (1001ms)
I (133675) CMD_U0: waiting for pending UART response ch=8 before next command
I (133697) CMD_U1: waiting for pending UART response ch=9 before next command
I (133702) CMD_U0: waiting for pending UART response ch=8 before next command
I (133727) CMD_U0: waiting for pending UART response ch=8 before next command
I (133748) CMD_U0: waiting for pending UART response ch=8 before next command
I (133769) CMD_U0: waiting for pending UART response ch=8 before next command
I (133796) CMD_U0: waiting for pending UART response ch=8 before next command
I (133821) CMD_U0: waiting for pending UART response ch=8 before next command
I (133847) CMD_U0: waiting for pending UART response ch=8 before next command
I (133874) CMD_U0: waiting for pending UART response ch=8 before next command
I (133899) CMD_U0: waiting for pending UART response ch=8 before next command
I (133920) CMD_U0: waiting for pending UART response ch=8 before next command
I (133941) CMD_U0: waiting for pending UART response ch=8 before next command
I (133962) CMD_U0: waiting for pending UART response ch=8 before next command
I (133988) CMD_U0: waiting for pending UART response ch=8 before next command
I (134014) CMD_U0: waiting for pending UART response ch=8 before next command
I (134040) CMD_U0: waiting for pending UART response ch=8 before next command
I (134066) CMD_U0: waiting for pending UART response ch=8 before next command
I (134087) CMD_U0: waiting for pending UART response ch=8 before next command
I (134108) CMD_U0: waiting for pending UART response ch=8 before next command
I (134129) CMD_U0: waiting for pending UART response ch=8 before next command
I (134155) CMD_U0: waiting for pending UART response ch=8 before next command
I (134181) CMD_U0: waiting for pending UART response ch=8 before next command
I (134207) CMD_U0: waiting for pending UART response ch=8 before next command
I (134233) CMD_U0: waiting for pending UART response ch=8 before next command
I (134259) CMD_U0: waiting for pending UART response ch=8 before next command
I (134280) CMD_U0: waiting for pending UART response ch=8 before next command
I (134305) CMD_U0: waiting for pending UART response ch=8 before next command
I (134326) CMD_U0: waiting for pending UART response ch=8 before next command
I (134351) CMD_U0: waiting for pending UART response ch=8 before next command
I (134372) CMD_U0: waiting for pending UART response ch=8 before next command
I (134393) CMD_U0: waiting for pending UART response ch=8 before next command
I (134414) CMD_U0: waiting for pending UART response ch=8 before next command
I (134440) CMD_U0: waiting for pending UART response ch=8 before next command
I (134466) CMD_U0: waiting for pending UART response ch=8 before next command
I (134492) CMD_U0: waiting for pending UART response ch=8 before next command
I (134518) CMD_U0: waiting for pending UART response ch=8 before next command
I (134544) CMD_U0: waiting for pending UART response ch=8 before next command
I (134565) CMD_U0: waiting for pending UART response ch=8 before next command
I (134586) CMD_U0: waiting for pending UART response ch=8 before next command
I (134607) CMD_U0: waiting for pending UART response ch=8 before next command
I (134633) CMD_U0: waiting for pending UART response ch=8 before next command
I (134659) CMD_U0: waiting for pending UART response ch=8 before next command
E (134681) MQTT: W (134681) RX_TASK: RX timeout slot1 type=1 reqID=0 (1001ms)
Publish failed
W (134681) TRANSPORT: No transport connected for broadcast
W (134682) MSG: Broadcast failed, falling back to MQTT
E (134682) MQTT: Publish failed
I (134685) CMD_U0: waiting for pending UART response ch=8 before next command
E (134706) MQTT: Publish failed
W (134706) TRANSPORT: No transport connected for broadcast
W (134706) MSG: Broadcast failed, falling back to MQTT
E (134707) MQTT: Publish failed
I (134711) CMD_U0: waiting for pending UART response ch=8 before next command
I (134720) CMD_U1: waiting for pending UART response ch=9 before next command
E (134732) MQTT: Publish failed
W (134732) TRANSPORT: No transport connected for broadcast
W (134732) MSG: Broadcast failed, falling back to MQTT
E (134733) MQTT: Publish failed
I (134737) CMD_U0: waiting for pending UART response ch=8 before next command
I (134757) RX_TASK: Stats: events=420 completions=430 report_drop=0 report_q_high=1
E (134757) MQTT: Publish failed
W (134758) TRANSPORT: No transport connected for broadcast
W (134758) MSG: Broadcast failed, falling back to MQTT
E (134758) MQTT: Publish failed
I (134758) CMD_U0: waiting for pending UART response ch=8 before next command
E (134777) MQTT: Publish failed
W (134777) TRANSPORT: No transport connected for broadcast
W (134777) MSG: Broadcast failed, falling back to MQTT
E (134778) MQTT: Publish failed
I (134779) CMD_U0: waiting for pending UART response ch=8 before next command
E (134802) MQTT: Publish failed
W (134802) TRANSPORT: No transport connected for broadcast
W (134802) MSG: Broadcast failed, falling back to MQTT
E (134802) MQTT: Publish failed
E (134803) MQTT: Publish failed
W (134803) TRANSPORT: No transport connected for broadcast
W (134803) MSG: Broadcast failed, falling back to MQTT
E (134804) MQTT: Publish failed
I (134805) CMD_U0: waiting for pending UART response ch=8 before next command
E (134828) MQTT: Publish failed
W (134828) TRANSPORT: No transport connected for broadcast
W (134828) MSG: Broadcast failed, falling back to MQTT
E (134829) MQTT: Publish failed
I (134831) CMD_U0: waiting for pending UART response ch=8 before next command
E (134853) MQTT: Publish failed
W (134853) TRANSPORT: No transport connected for broadcast
W (134853) MSG: Broadcast failed, falling back to MQTT
E (134854) MQTT: Publish failed
I (134857) CMD_U0: waiting for pending UART response ch=8 before next command
E (134879) MQTT: Publish failed
W (134879) TRANSPORT: No transport connected for broadcast
W (134879) MSG: Broadcast failed, falling back to MQTT
E (134880) MQTT: Publish failed
I (134883) CMD_U0: waiting for pending UART response ch=8 before next command
I (134909) CMD_U0: waiting for pending UART response ch=8 before next command
I (134930) CMD_U0: waiting for pending UART response ch=8 before next command
I (134953) CMD_U0: waiting for pending UART response ch=8 before next command
I (134978) CMD_U0: waiting for pending UART response ch=8 before next command
I (135004) CMD_U0: waiting for pending UART response ch=8 before next command
I (135025) CMD_U0: waiting for pending UART response ch=8 before next command
I (135047) CMD_U0: waiting for pending UART response ch=8 before next command
I (135067) CMD_U0: waiting for pending UART response ch=8 before next command
I (135088) CMD_U0: waiting for pending UART response ch=8 before next command
I (135114) CMD_U0: waiting for pending UART response ch=8 before next command
I (135140) CMD_U0: waiting for pending UART response ch=8 before next command
I (135167) CMD_U0: waiting for pending UART response ch=8 before next command
I (135187) CMD_U0: waiting for pending UART response ch=8 before next command
I (135209) CMD_U0: waiting for pending UART response ch=8 before next command
I (135230) CMD_U0: waiting for pending UART response ch=8 before next command
I (135256) CMD_U0: waiting for pending UART response ch=8 before next command
I (135283) CMD_U0: waiting for pending UART response ch=8 before next command
I (135309) CMD_U0: waiting for pending UART response ch=8 before next command
I (135334) CMD_U0: waiting for pending UART response ch=8 before next command
I (135355) CMD_U0: waiting for pending UART response ch=8 before next command
I (135376) CMD_U0: waiting for pending UART response ch=8 before next command
I (135397) CMD_U0: waiting for pending UART response ch=8 before next command
I (135418) CMD_U0: waiting for pending UART response ch=8 before next command
I (135445) CMD_U0: waiting for pending UART response ch=8 before next command
I (135470) CMD_U0: waiting for pending UART response ch=8 before next command
I (135497) CMD_U0: waiting for pending UART response ch=8 before next command
I (135522) CMD_U0: waiting for pending UART response ch=8 before next command
I (135548) CMD_U0: waiting for pending UART response ch=8 before next command
I (135569) CMD_U0: waiting for pending UART response ch=8 before next command
I (135594) CMD_U0: waiting for pending UART response ch=8 before next command
I (135615) CMD_U0: waiting for pending UART response ch=8 before next command
I (135641) CMD_U0: waiting for pending UART response ch=8 before next command
I (135667) CMD_U0: waiting for pending UART response ch=8 before next command
I (135693) CMD_U0: waiting for pending UART response ch=8 before next command
W (135705) RX_TASK: RX timeout slot1 type=1 reqID=0 (1002ms)
I (135719) CMD_U0: waiting for pending UART response ch=8 before next command
I (135722) CMD_U1: Stats: txn=10 err=0 (100%) no_ctx=0
I (135722) CMD_U1: waiting for pending UART response ch=9 before next command
I (135740) CMD_U0: waiting for pending UART response ch=8 before next command
I (135761) CMD_U0: waiting for pending UART response ch=8 before next command
I (135783) CMD_U0: waiting for pending UART response ch=8 before next command
I (135808) CMD_U0: waiting for pending UART response ch=8 before next command
I (135834) CMD_U0: waiting for pending UART response ch=8 before next command
I (135860) CMD_U0: waiting for pending UART response ch=8 before next command
I (135886) CMD_U0: waiting for pending UART response ch=8 before next command
I (135912) CMD_U0: waiting for pending UART response ch=8 before next command
I (135933) CMD_U0: waiting for pending UART response ch=8 before next command
I (135954) CMD_U0: waiting for pending UART response ch=8 before next command
I (135975) CMD_U0: waiting for pending UART response ch=8 before next command
I (136001) CMD_U0: waiting for pending UART response ch=8 before next command
I (136027) CMD_U0: Stats: txn=420 err=0 (100%) no_ctx=0
I (136028) CMD_U0: waiting for pending UART response ch=8 before next command
I (136053) CMD_U0: waiting for pending UART response ch=8 before next command
I (136079) CMD_U0: waiting for pending UART response ch=8 before next command
I (136105) CMD_U0: waiting for pending UART response ch=8 before next command
I (136126) CMD_U0: waiting for pending UART response ch=8 before next command
I (136147) CMD_U0: waiting for pending UART response ch=8 before next command
I (136173) CMD_U0: waiting for pending UART response ch=8 before next command
I (136199) CMD_U0: waiting for pending UART response ch=8 before next command
I (136225) CMD_U0: waiting for pending UART response ch=8 before next command
I (136251) CMD_U0: waiting for pending UART response ch=8 before next command
I (136277) CMD_U0: waiting for pending UART response ch=8 before next command
I (136298) CMD_U0: waiting for pending UART response ch=8 before next command
I (136324) CMD_U0: waiting for pending UART response ch=8 before next command
E (136343) MQTT: Publish failed
W (136343) TRANSPORT: No transport connected for broadcast
W (136343) MSG: Broadcast failed, falling back to MQTT
E (136344) MQTT: Publish failed
I (136345) CMD_U0: waiting for pending UART response ch=8 before next command
E (136368) MQTT: Publish failed
W (136368) TRANSPORT: No transport connected for broadcast
W (136368) MSG: Broadcast failed, falling back to MQTT
E (136369) MQTT: Publish failed
I (136371) CMD_U0: waiting for pending UART response ch=8 before next command
E (136394) MQTT: Publish failed
W (136394) TRANSPORT: No transport connected for broadcast
W (136394) MSG: Broadcast failed, falling back to MQTT
E (136395) MQTT: Publish failed
I (136397) CMD_U0: waiting for pending UART response ch=8 before next command
E (136419) MQTT: Publish failed
W (136419) TRANSPORT: No transport connected for broadcast
W (136419) MSG: Broadcast failed, falling back to MQTT
E (136420) MQTT: Publish failed
I (136423) CMD_U0: waiting for pending UART response ch=8 before next command
E (136444) MQTT: Publish failed
W (136444) TRANSPORT: No transport connected for broadcast
W (136444) MSG: Broadcast failed, falling back to MQTT
E (136445) MQTT: Publish failed
I (136449) CMD_U0: waiting for pending UART response ch=8 before next command
I (136470) CMD_U0: waiting for pending UART response ch=8 before next command
E (136470) MQTT: Publish failed
W (136471) TRANSPORT: No transport connected for broadcast
W (136471) MSG: Broadcast failed, falling back to MQTT
E (136471) MQTT: Publish failed
E (136490) MQTT: Publish failed
W (136490) TRANSPORT: No transport connected for broadcast
W (136490) MSG: Broadcast failed, falling back to MQTT
E (136491) MQTT: Publish failed
I (136495) CMD_U0: waiting for pending UART response ch=8 before next command
E (136515) MQTT: Publish failed
W (136515) TRANSPORT: No transport connected for broadcast
W (136515) MSG: Broadcast failed, falling back to MQTT
E (136516) MQTT: Publish failed
I (136516) CMD_U0: waiting for pending UART response ch=8 before next command
E (136536) MQTT: Publish failed
W (136536) TRANSPORT: No transport connected for broadcast
W (136536) MSG: Broadcast failed, falling back to MQTT
E (136537) MQTT: Publish failed
I (136537) CMD_U0: waiting for pending UART response ch=8 before next command
E (136556) MQTT: Publish failed
W (136556) TRANSPORT: No transport connected for broadcast
W (136557) MSG: Broadcast failed, falling back to MQTT
E (136557) MQTT: Publish failed
I (136558) CMD_U0: waiting for pending UART response ch=8 before next command
I (136585) CMD_U0: waiting for pending UART response ch=8 before next command
I (136610) CMD_U0: waiting for pending UART response ch=8 before next command
I (136637) CMD_U0: waiting for pending UART response ch=8 before next command
I (136658) CMD_U0: waiting for pending UART response ch=8 before next command
I (136678) CMD_U0: waiting for pending UART response ch=8 before next command
I (136699) CMD_U0: waiting for pending UART response ch=8 before next command
W (136708) RX_TASK: RX timeout slot1 type=1 reqID=0 (1002ms)
I (136720) CMD_U0: waiting for pending UART response ch=8 before next command
I (136725) CMD_U1: waiting for pending UART response ch=9 before next command
I (136746) CMD_U0: waiting for pending UART response ch=8 before next command
I (136772) CMD_U0: waiting for pending UART response ch=8 before next command
I (136798) CMD_U0: waiting for pending UART response ch=8 before next command
I (136824) CMD_U0: waiting for pending UART response ch=8 before next command
E (136844) MQTT: Publish failed
W (136844) TRANSPORT: No transport connected for broadcast
W (136844) MSG: Broadcast failed, falling back to MQTT
E (136845) MQTT: Publish failed
I (136845) CMD_U0: waiting for pending UART response ch=8 before next command
E (136865) MQTT: Publish failed
W (136865) TRANSPORT: No transport connected for broadcast
W (136865) MSG: Broadcast failed, falling back to MQTT
E (136866) MQTT: Publish failed
I (136866) CMD_U0: waiting for pending UART response ch=8 before next command
E (136885) MQTT: Publish failed
W (136885) TRANSPORT: No transport connected for broadcast
W (136885) MSG: Broadcast failed, falling back to MQTT
E (136886) MQTT: Publish failed
I (136887) CMD_U0: waiting for pending UART response ch=8 before next command
E (136911) MQTT: Publish failed
W (136911) TRANSPORT: No transport connected for broadcast
W (136911) MSG: Broadcast failed, falling back to MQTT
E (136912) MQTT: Publish failed
I (136913) CMD_U0: waiting for pending UART response ch=8 before next command
E (136936) MQTT: Publish failed
W (136936) TRANSPORT: No transport connected for broadcast
W (136936) MSG: Broadcast failed, falling back to MQTT
E (136937) MQTT: Publish failed
I (136939) CMD_U0: waiting for pending UART response ch=8 before next command
E (136961) MQTT: Publish failed
W (136961) TRANSPORT: No transport connected for broadcast
W (136961) MSG: Broadcast failed, falling back to MQTT
E (136962) MQTT: Publish failed
I (136965) CMD_U0: waiting for pending UART response ch=8 before next command
E (136987) MQTT: Publish failed
W (136987) TRANSPORT: No transport connected for broadcast
W (136987) MSG: Broadcast failed, falling back to MQTT
E (136988) MQTT: Publish failed
I (136991) CMD_U0: waiting for pending UART response ch=8 before next command
E (137012) MQTT: Publish failed
W (137012) TRANSPORT: No transport connected for broadcast
W (137012) MSG: Broadcast failed, falling back to MQTT
E (137013) MQTT: Publish failed
I (137017) CMD_U0: waiting for pending UART response ch=8 before next command
E (137037) MQTT: Publish failed
W (137037) TRANSPORT: No transport connected for broadcast
W (137037) MSG: Broadcast failed, falling back to MQTT
E (137038) MQTT: Publish failed
I (137038) CMD_U0: waiting for pending UART response ch=8 before next command
E (137058) MQTT: Publish failed
W (137058) TRANSPORT: No transport connected for broadcast
W (137058) MSG: Broadcast failed, falling back to MQTT
E (137059) MQTT: Publish failed
I (137059) CMD_U0: waiting for pending UART response ch=8 before next command
E (137078) MQTT: Publish failed
W (137078) TRANSPORT: No transport connected for broadcast
W (137078) MSG: Broadcast failed, falling back to MQTT
E (137079) MQTT: Publish failed
I (137080) CMD_U0: waiting for pending UART response ch=8 before next command
E (137103) MQTT: Publish failed
W (137103) TRANSPORT: No transport connected for broadcast
W (137103) MSG: Broadcast failed, falling back to MQTT
E (137104) MQTT: Publish failed
I (137106) CMD_U0: waiting for pending UART response ch=8 before next command
E (137128) MQTT: Publish failed
W (137128) TRANSPORT: No transport connected for broadcast
W (137129) MSG: Broadcast failed, falling back to MQTT
E (137129) MQTT: Publish failed
I (137132) CMD_U0: waiting for pending UART response ch=8 before next command
E (137154) MQTT: Publish failed
W (137154) TRANSPORT: No transport connected for broadcast
W (137154) MSG: Broadcast failed, falling back to MQTT
E (137155) MQTT: Publish failed
I (137158) CMD_U0: waiting for pending UART response ch=8 before next command
E (137179) MQTT: Publish failed
W (137179) TRANSPORT: No transport connected for broadcast
W (137179) MSG: Broadcast failed, falling back to MQTT
E (137180) MQTT: Publish failed
I (137184) CMD_U0: waiting for pending UART response ch=8 before next command
E (137204) MQTT: Publish failed
W (137204) TRANSPORT: No transport connected for broadcast
W (137204) MSG: Broadcast failed, falling back to MQTT
E (137205) MQTT: Publish failed
I (137205) CMD_U0: waiting for pending UART response ch=8 before next command
E (137225) MQTT: Publish failed
W (137225) TRANSPORT: No transport connected for broadcast
W (137225) MSG: Broadcast failed, falling back to MQTT
E (137226) MQTT: Publish failed
I (137226) CMD_U0: waiting for pending UART response ch=8 before next command
E (137245) MQTT: Publish failed
W (137245) TRANSPORT: No transport connected for broadcast
W (137245) MSG: Broadcast failed, falling back to MQTT
E (137246) MQTT: Publish failed
I (137247) CMD_U0: waiting for pending UART response ch=8 before next command
E (137270) MQTT: Publish failed
W (137271) TRANSPORT: No transport connected for broadcast
W (137271) MSG: Broadcast failed, falling back to MQTT
E (137271) MQTT: Publish failed
I (137273) CMD_U0: waiting for pending UART response ch=8 before next command
E (137296) MQTT: Publish failed
W (137296) TRANSPORT: No transport connected for broadcast
W (137296) MSG: Broadcast failed, falling back to MQTT
E (137297) MQTT: Publish failed
I (137299) CMD_U0: waiting for pending UART response ch=8 before next command
E (137321) MQTT: Publish failed
W (137321) TRANSPORT: No transport connected for broadcast
W (137321) MSG: Broadcast failed, falling back to MQTT
E (137322) MQTT: Publish failed
I (137325) CMD_U0: waiting for pending UART response ch=8 before next command
E (137346) MQTT: Publish failed
W (137346) TRANSPORT: No transport connected for broadcast
W (137346) MSG: Broadcast failed, falling back to MQTT
E (137347) MQTT: Publish failed
I (137351) CMD_U0: waiting for pending UART response ch=8 before next command
I (137372) CMD_U0: waiting for pending UART response ch=8 before next command
E (137373) MQTT: Publish failed
W (137373) TRANSPORT: No transport connected for broadcast
W (137373) MSG: Broadcast failed, falling back to MQTT
E (137373) MQTT: Publish failed
E (137392) MQTT: Publish failed
W (137392) TRANSPORT: No transport connected for broadcast
W (137392) MSG: Broadcast failed, falling back to MQTT
E (137393) MQTT: Publish failed
I (137397) CMD_U0: waiting for pending UART response ch=8 before next command
E (137417) MQTT: Publish failed
W (137417) TRANSPORT: No transport connected for broadcast
W (137417) MSG: Broadcast failed, falling back to MQTT
E (137418) MQTT: Publish failed
I (137418) CMD_U0: waiting for pending UART response ch=8 before next command
E (137438) MQTT: Publish failed
W (137438) TRANSPORT: No transport connected for broadcast
W (137438) MSG: Broadcast failed, falling back to MQTT
E (137439) MQTT: Publish failed
I (137439) CMD_U0: waiting for pending UART response ch=8 before next command
E (137458) MQTT: Publish failed
W (137458) TRANSPORT: No transport connected for broadcast
W (137458) MSG: Broadcast failed, falling back to MQTT
E (137459) MQTT: Publish failed
I (137460) CMD_U0: waiting for pending UART response ch=8 before next command
E (137483) MQTT: Publish failed
W (137483) TRANSPORT: No transport connected for broadcast
W (137483) MSG: Broadcast failed, falling back to MQTT
E (137484) MQTT: Publish failed
I (137486) CMD_U0: waiting for pending UART response ch=8 before next command
E (137509) MQTT: Publish failed
W (137509) TRANSPORT: No transport connected for broadcast
W (137509) MSG: Broadcast failed, falling back to MQTT
E (137510) MQTT: Publish failed
I (137512) CMD_U0: waiting for pending UART response ch=8 before next command
E (137534) MQTT: Publish failed
W (137534) TRANSPORT: No transport connected for broadcast
W (137534) MSG: Broadcast failed, falling back to MQTT
E (137535) MQTT: Publish failed
I (137538) CMD_U0: waiting for pending UART response ch=8 before next command
E (137559) MQTT: Publish failed
W (137559) TRANSPORT: No transport connected for broadcast
W (137559) MSG: Broadcast failed, falling back to MQTT
E (137560) MQTT: Publish failed
I (137564) CMD_U0: waiting for pending UART response ch=8 before next command
E (137584) MQTT: Publish failed
W (137584) TRANSPORT: No transport connected for broadcast
W (137584) MSG: Broadcast failed, falling back to MQTT
E (137585) MQTT: Publish failed
I (137585) CMD_U0: waiting for pending UART response ch=8 before next command
E (137605) MQTT: Publish failed
W (137605) TRANSPORT: No transport connected for broadcast
W (137605) MSG: Broadcast failed, falling back to MQTT
E (137606) MQTT: Publish failed
I (137606) CMD_U0: waiting for pending UART response ch=8 before next command
E (137625) MQTT: Publish failed
W (137625) TRANSPORT: No transport connected for broadcast
W (137625) MSG: Broadcast failed, falling back to MQTT
E (137626) MQTT: Publish failed
I (137627) CMD_U0: waiting for pending UART response ch=8 before next command
E (137643) MQTT: Publish failed
W (137643) TRANSPORT: No transport connected for broadcast
W (137644) MSG: Broadcast failed, falling back to MQTT
E (137644) MQTT: Publish failed
E (137650) MQTT: Publish failed
W (137650) TRANSPORT: No transport connected for broadcast
W (137650) MSG: Broadcast failed, falling back to MQTT
E (137651) MQTT: Publish failed
I (137653) CMD_U0: waiting for pending UART response ch=8 before next command
E (137676) MQTT: Publish failed
W (137676) TRANSPORT: No transport connected for broadcast
W (137676) MSG: Broadcast failed, falling back to MQTT
E (137677) MQTT: Publish failed
I (137679) CMD_U0: waiting for pending UART response ch=8 before next command
E (137701) MQTT: Publish failed
W (137702) TRANSPORT: No transport connected for broadcast
W (137702) MSG: Broadcast failed, falling back to MQTT
E (137702) MQTT: Publish failed
I (137705) CMD_U0: waiting for pending UART response ch=8 before next command
W (137709) RX_TASK: RX timeout slot1 type=1 reqID=0 (1001ms)
I (137732) CMD_U0: waiting for pending UART response ch=8 before next command
I (137748) CMD_U1: waiting for pending UART response ch=9 before next command
I (137753) CMD_U0: waiting for pending UART response ch=8 before next command
I (137774) CMD_U0: waiting for pending UART response ch=8 before next command
I (137799) CMD_U0: waiting for pending UART response ch=8 before next command
I (137825) CMD_U0: waiting for pending UART response ch=8 before next command
I (137851) CMD_U0: waiting for pending UART response ch=8 before next command
I (137877) CMD_U0: waiting for pending UART response ch=8 before next command
I (137904) CMD_U0: waiting for pending UART response ch=8 before next command
I (137930) CMD_U0: waiting for pending UART response ch=8 before next command
I (137957) CMD_U0: waiting for pending UART response ch=8 before next command
I (137982) CMD_U0: waiting for pending UART response ch=8 before next command
I (138008) CMD_U0: waiting for pending UART response ch=8 before next command
I (138035) CMD_U0: waiting for pending UART response ch=8 before next command
I (138060) CMD_U0: waiting for pending UART response ch=8 before next command
I (138086) CMD_U0: waiting for pending UART response ch=8 before next command
I (138112) CMD_U0: waiting for pending UART response ch=8 before next command
I (138133) CMD_U0: waiting for pending UART response ch=8 before next command
I (138154) CMD_U0: waiting for pending UART response ch=8 before next command
I (138180) CMD_U0: waiting for pending UART response ch=8 before next command
I (138206) CMD_U0: waiting for pending UART response ch=8 before next command
I (138232) CMD_U0: waiting for pending UART response ch=8 before next command
I (138253) CMD_U0: waiting for pending UART response ch=8 before next command
I (138278) CMD_U0: waiting for pending UART response ch=8 before next command
I (138304) CMD_U0: waiting for pending UART response ch=8 before next command
I (138325) CMD_U0: waiting for pending UART response ch=8 before next command
I (138346) CMD_U0: waiting for pending UART response ch=8 before next command
I (138367) CMD_U0: waiting for pending UART response ch=8 before next command
I (138393) CMD_U0: waiting for pending UART response ch=8 before next command
I (138419) CMD_U0: waiting for pending UART response ch=8 before next command
I (138445) CMD_U0: waiting for pending UART response ch=8 before next command
I (138471) CMD_U0: waiting for pending UART response ch=8 before next command
I (138492) CMD_U0: waiting for pending UART response ch=8 before next command
I (138513) CMD_U0: waiting for pending UART response ch=8 before next command
I (138534) CMD_U0: waiting for pending UART response ch=8 before next command
E (138557) MQTT: Publish failed
W (138557) TRANSPORT: No transport connected for broadcast
W (138557) MSG: Broadcast failed, falling back to MQTT
E (138558) MQTT: Publish failed
I (138560) CMD_U0: waiting for pending UART response ch=8 before next command
E (138583) MQTT: Publish failed
W (138583) TRANSPORT: No transport connected for broadcast
W (138583) MSG: Broadcast failed, falling back to MQTT
E (138584) MQTT: Publish failed
I (138586) CMD_U0: waiting for pending UART response ch=8 before next command
E (138608) MQTT: Publish failed
W (138608) TRANSPORT: No transport connected for broadcast
W (138608) MSG: Broadcast failed, falling back to MQTT
E (138609) MQTT: Publish failed
I (138612) CMD_U0: waiting for pending UART response ch=8 before next command
I (138633) CMD_U0: waiting for pending UART response ch=8 before next command
E (138633) MQTT: Publish failed
W (138633) TRANSPORT: No transport connected for broadcast
W (138634) MSG: Broadcast failed, falling back to MQTT
E (138634) MQTT: Publish failed
E (138646) MQTT: Publish failed
W (138647) TRANSPORT: No transport connected for broadcast
W (138647) MSG: Broadcast failed, falling back to MQTT
E (138647) MQTT: Publish failed
E (138654) MQTT: Publish failed
W (138654) TRANSPORT: No transport connected for broadcast
W (138654) MSG: Broadcast failed, falling back to MQTT
E (138655) MQTT: Publish failed
I (138658) CMD_U0: waiting for pending UART response ch=8 before next command
E (138679) MQTT: Publish failed
W (138679) TRANSPORT: No transport connected for broadcast
W (138679) MSG: Broadcast failed, falling back to MQTT
E (138680) MQTT: Publish failed
I (138684) CMD_U0: waiting for pending UART response ch=8 before next command
E (138704) MQTT: Publish failed
W (138704) TRANSPORT: No transport connected for broadcast
W (138704) MSG: Broadcast failed, falling back to MQTT
E (138705) MQTT: Publish failed
I (138705) CMD_U0: waiting for pending UART response ch=8 before next command
E (138725) MQTT: Publish failed
W (138725) TRANSPORT: No transport connected for broadcast
W (138725) MSG: Broadcast failed, falling back to MQTT
E (138726) MQTT: Publish failed
I (138726) CMD_U0: waiting for pending UART response ch=8 before next command
W (138732) RX_TASK: RX timeout slot1 type=1 reqID=0 (1001ms)
E (138745) MQTT: Publish failed
W (138745) TRANSPORT: No transport connected for broadcast
W (138745) MSG: Broadcast failed, falling back to MQTT
E (138746) MQTT: Publish failed
I (138747) CMD_U0: waiting for pending UART response ch=8 before next command
E (138770) MQTT: Publish failed
W (138770) TRANSPORT: No transport connected for broadcast
W (138770) MSG: Broadcast failed, falling back to MQTT
I (138771) CMD_U1: waiting for pending UART response ch=9 before next command
E (138771) MQTT: Publish failed
I (138773) CMD_U0: waiting for pending UART response ch=8 before next command
E (138796) MQTT: Publish failed
W (138796) TRANSPORT: No transport connected for broadcast
W (138796) MSG: Broadcast failed, falling back to MQTT
E (138797) MQTT: Publish failed
I (138799) CMD_U0: waiting for pending UART response ch=8 before next command
E (138804) MQTT: Publish failed
W (138804) TRANSPORT: No transport connected for broadcast
W (138804) MSG: Broadcast failed, falling back to MQTT
E (138804) MQTT: Publish failed
E (138821) MQTT: Publish failed
W (138821) TRANSPORT: No transport connected for broadcast
W (138821) MSG: Broadcast failed, falling back to MQTT
E (138822) MQTT: Publish failed
I (138825) CMD_U0: waiting for pending UART response ch=8 before next command
E (138846) MQTT: Publish failed
W (138846) TRANSPORT: No transport connected for broadcast
W (138846) MSG: Broadcast failed, falling back to MQTT
E (138847) MQTT: Publish failed
I (138851) CMD_U0: waiting for pending UART response ch=8 before next command
E (138871) MQTT: Publish failed
W (138871) TRANSPORT: No transport connected for broadcast
W (138871) MSG: Broadcast failed, falling back to MQTT
E (138872) MQTT: Publish failed
I (138872) CMD_U0: waiting for pending UART response ch=8 before next command
E (138892) MQTT: Publish failed
W (138892) TRANSPORT: No transport connected for broadcast
W (138892) MSG: Broadcast failed, falling back to MQTT
E (138893) MQTT: Publish failed
I (138893) CMD_U0: waiting for pending UART response ch=8 before next command
E (138912) MQTT: Publish failed
W (138912) TRANSPORT: No transport connected for broadcast
W (138912) MSG: Broadcast failed, falling back to MQTT
E (138913) MQTT: Publish failed
I (138914) CMD_U0: waiting for pending UART response ch=8 before next command
E (138937) MQTT: Publish failed
W (138937) TRANSPORT: No transport connected for broadcast
W (138937) MSG: Broadcast failed, falling back to MQTT
E (138938) MQTT: Publish failed
I (138940) CMD_U0: waiting for pending UART response ch=8 before next command
E (138963) MQTT: Publish failed
W (138963) TRANSPORT: No transport connected for broadcast
W (138963) MSG: Broadcast failed, falling back to MQTT
E (138964) MQTT: Publish failed
I (138966) CMD_U0: waiting for pending UART response ch=8 before next command
E (138988) MQTT: Publish failed
W (138988) TRANSPORT: No transport connected for broadcast
W (138988) MSG: Broadcast failed, falling back to MQTT
E (138989) MQTT: Publish failed
I (138992) CMD_U0: waiting for pending UART response ch=8 before next command
E (139013) MQTT: Publish failed
W (139013) TRANSPORT: No transport connected for broadcast
W (139013) MSG: Broadcast failed, falling back to MQTT
E (139014) MQTT: Publish failed
I (139018) CMD_U0: waiting for pending UART response ch=8 before next command
E (139039) MQTT: Publish failed
W (139039) TRANSPORT: No transport connected for broadcast
W (139039) MSG: Broadcast failed, falling back to MQTT
E (139040) MQTT: Publish failed
I (139044) CMD_U0: waiting for pending UART response ch=8 before next command
I (139065) CMD_U0: waiting for pending UART response ch=8 before next command
I (139086) CMD_U0: waiting for pending UART response ch=8 before next command
I (139113) CMD_U0: waiting for pending UART response ch=8 before next command
I (139138) CMD_U0: waiting for pending UART response ch=8 before next command
I (139164) CMD_U0: waiting for pending UART response ch=8 before next command
I (139190) CMD_U0: waiting for pending UART response ch=8 before next command
I (139216) CMD_U0: waiting for pending UART response ch=8 before next command
I (139237) CMD_U0: waiting for pending UART response ch=8 before next command
E (139257) MQTT: Publish failed
W (139257) TRANSPORT: No transport connected for broadcast
W (139257) MSG: Broadcast failed, falling back to MQTT
E (139258) MQTT: Publish failed
I (139258) CMD_U0: waiting for pending UART response ch=8 before next command
E (139277) MQTT: Publish failed
W (139277) TRANSPORT: No transport connected for broadcast
W (139277) MSG: Broadcast failed, falling back to MQTT
E (139278) MQTT: Publish failed
I (139279) CMD_U0: waiting for pending UART response ch=8 before next command
E (139302) MQTT: Publish failed
W (139302) TRANSPORT: No transport connected for broadcast
W (139302) MSG: Broadcast failed, falling back to MQTT
E (139303) MQTT: Publish failed
I (139305) CMD_U0: waiting for pending UART response ch=8 before next command
E (139327) MQTT: Publish failed
W (139327) TRANSPORT: No transport connected for broadcast
W (139327) MSG: Broadcast failed, falling back to MQTT
E (139328) MQTT: Publish failed
I (139331) CMD_U0: waiting for pending UART response ch=8 before next command
E (139353) MQTT: Publish failed
W (139353) TRANSPORT: No transport connected for broadcast
W (139353) MSG: Broadcast failed, falling back to MQTT
E (139354) MQTT: Publish failed
I (139357) CMD_U0: waiting for pending UART response ch=8 before next command
E (139378) MQTT: Publish failed
W (139378) TRANSPORT: No transport connected for broadcast
W (139378) MSG: Broadcast failed, falling back to MQTT
E (139379) MQTT: Publish failed
I (139383) CMD_U0: waiting for pending UART response ch=8 before next command
E (139403) MQTT: Publish failed
W (139403) TRANSPORT: No transport connected for broadcast
W (139403) MSG: Broadcast failed, falling back to MQTT
E (139404) MQTT: Publish failed
I (139404) CMD_U0: waiting for pending UART response ch=8 before next command
E (139424) MQTT: Publish failed
W (139424) TRANSPORT: No transport connected for broadcast
W (139424) MSG: Broadcast failed, falling back to MQTT
E (139425) MQTT: Publish failed
I (139425) CMD_U0: waiting for pending UART response ch=8 before next command
E (139444) MQTT: Publish failed
W (139444) TRANSPORT: No transport connected for broadcast
W (139444) MSG: Broadcast failed, falling back to MQTT
E (139445) MQTT: Publish failed
I (139446) CMD_U0: waiting for pending UART response ch=8 before next command
E (139469) MQTT: Publish failed
W (139469) TRANSPORT: No transport connected for broadcast
W (139469) MSG: Broadcast failed, falling back to MQTT
E (139470) MQTT: Publish failed
I (139472) CMD_U0: waiting for pending UART response ch=8 before next command
E (139495) MQTT: Publish failed
W (139495) TRANSPORT: No transport connected for broadcast
W (139495) MSG: Broadcast failed, falling back to MQTT
E (139496) MQTT: Publish failed
I (139498) CMD_U0: waiting for pending UART response ch=8 before next command
E (139520) MQTT: Publish failed
W (139520) TRANSPORT: No transport connected for broadcast
W (139520) MSG: Broadcast failed, falling back to MQTT
E (139521) MQTT: Publish failed
I (139524) CMD_U0: waiting for pending UART response ch=8 before next command
E (139545) MQTT: Publish failed
W (139545) TRANSPORT: No transport connected for broadcast
W (139545) MSG: Broadcast failed, falling back to MQTT
E (139546) MQTT: Publish failed
I (139550) CMD_U0: waiting for pending UART response ch=8 before next command
E (139571) MQTT: Publish failed
W (139571) TRANSPORT: No transport connected for broadcast
W (139571) MSG: Broadcast failed, falling back to MQTT
E (139572) MQTT: Publish failed
I (139576) CMD_U0: waiting for pending UART response ch=8 before next command
E (139596) MQTT: Publish failed
W (139596) TRANSPORT: No transport connected for broadcast
W (139596) MSG: Broadcast failed, falling back to MQTT
E (139597) MQTT: Publish failed
I (139597) CMD_U0: waiting for pending UART response ch=8 before next command
E (139616) MQTT: Publish failed
W (139616) TRANSPORT: No transport connected for broadcast
W (139616) MSG: Broadcast failed, falling back to MQTT
E (139617) MQTT: Publish failed
I (139618) CMD_U0: waiting for pending UART response ch=8 before next command
E (139642) MQTT: Publish failed
W (139642) TRANSPORT: No transport connected for broadcast
W (139642) MSG: Broadcast failed, falling back to MQTT
E (139643) MQTT: Publish failed
I (139644) CMD_U0: waiting for pending UART response ch=8 before next command
E (139649) MQTT: Publish failed
W (139650) TRANSPORT: No transport connected for broadcast
W (139650) MSG: Broadcast failed, falling back to MQTT
E (139650) MQTT: Publish failed
E (139667) MQTT: Publish failed
W (139667) TRANSPORT: No transport connected for broadcast
W (139667) MSG: Broadcast failed, falling back to MQTT
E (139668) MQTT: Publish failed
I (139670) CMD_U0: waiting for pending UART response ch=8 before next command
E (139692) MQTT: Publish failed
W (139692) TRANSPORT: No transport connected for broadcast
W (139692) MSG: Broadcast failed, falling back to MQTT
E (139693) MQTT: Publish failed
I (139696) CMD_U0: waiting for pending UART response ch=8 before next command
E (139718) MQTT: Publish failed
W (139718) TRANSPORT: No transport connected for broadcast
W (139718) MSG: Broadcast failed, falling back to MQTT
E (139719) MQTT: Publish failed
I (139722) CMD_U0: waiting for pending UART response ch=8 before next command
E (139743) MQTT: Publish failed
W (139743) TRANSPORT: No transport connected for broadcast
W (139743) MSG: Broadcast failed, falling back to MQTT
E (139744) MQTT: Publish failed
I (139748) CMD_U0: waiting for pending UART response ch=8 before next command
W (139755) RX_TASK: RX timeout slot1 type=1 reqID=0 (1001ms)
E (139755) MQTT: Publish failed
W (139755) TRANSPORT: No transport connected for broadcast
W (139756) MSG: Broadcast failed, falling back to MQTT
E (139756) MQTT: Publish failed
E (139768) MQTT: Publish failed
W (139768) TRANSPORT: No transport connected for broadcast
W (139768) MSG: Broadcast failed, falling back to MQTT
E (139769) MQTT: Publish failed
I (139769) CMD_U0: waiting for pending UART response ch=8 before next command
E (139788) MQTT: Publish failed
W (139788) TRANSPORT: No transport connected for broadcast
W (139788) MSG: Broadcast failed, falling back to MQTT
E (139789) MQTT: Publish failed
I (139790) CMD_U0: waiting for pending UART response ch=8 before next command
I (139793) CMD_U1: waiting for pending UART response ch=9 before next command
E (139804) MQTT: Publish failed
W (139804) TRANSPORT: No transport connected for broadcast
W (139804) MSG: Broadcast failed, falling back to MQTT
E (139804) MQTT: Publish failed
E (139809) MQTT: Publish failed
W (139809) TRANSPORT: No transport connected for broadcast
W (139809) MSG: Broadcast failed, falling back to MQTT
E (139810) MQTT: Publish failed
I (139811) CMD_U0: waiting for pending UART response ch=8 before next command
E (139835) MQTT: Publish failed
W (139835) TRANSPORT: No transport connected for broadcast
W (139835) MSG: Broadcast failed, falling back to MQTT
E (139836) MQTT: Publish failed
I (139837) CMD_U0: waiting for pending UART response ch=8 before next command
E (139860) MQTT: Publish failed
W (139860) TRANSPORT: No transport connected for broadcast
W (139860) MSG: Broadcast failed, falling back to MQTT
E (139861) MQTT: Publish failed
I (139863) CMD_U0: waiting for pending UART response ch=8 before next command
E (139886) MQTT: Publish failed
W (139886) TRANSPORT: No transport connected for broadcast
W (139886) MSG: Broadcast failed, falling back to MQTT
E (139887) MQTT: Publish failed
I (139889) CMD_U0: waiting for pending UART response ch=8 before next command
E (139911) MQTT: Publish failed
W (139911) TRANSPORT: No transport connected for broadcast
W (139911) MSG: Broadcast failed, falling back to MQTT
E (139912) MQTT: Publish failed
I (139915) CMD_U0: waiting for pending UART response ch=8 before next command
E (139937) MQTT: Publish failed
W (139937) TRANSPORT: No transport connected for broadcast
W (139937) MSG: Broadcast failed, falling back to MQTT
E (139938) MQTT: Publish failed
I (139941) CMD_U0: waiting for pending UART response ch=8 before next command
I (139962) CMD_U0: waiting for pending UART response ch=8 before next command
E (139962) MQTT: Publish failed
W (139963) TRANSPORT: No transport connected for broadcast
W (139963) MSG: Broadcast failed, falling back to MQTT
E (139963) MQTT: Publish failed
E (139982) MQTT: Publish failed
W (139982) TRANSPORT: No transport connected for broadcast
W (139982) MSG: Broadcast failed, falling back to MQTT
E (139983) MQTT: Publish failed
I (139987) CMD_U0: waiting for pending UART response ch=8 before next command
I (140008) CMD_U0: waiting for pending UART response ch=8 before next command
E (140008) MQTT: Publish failed
W (140008) TRANSPORT: No transport connected for broadcast
W (140009) MSG: Broadcast failed, falling back to MQTT
E (140009) MQTT: Publish failed
I (140028) CMD_U0: waiting for pending UART response ch=8 before next command
E (140028) MQTT: Publish failed
W (140029) TRANSPORT: No transport connected for broadcast
W (140029) MSG: Broadcast failed, falling back to MQTT
E (140029) MQTT: Publish failed
E (140048) MQTT: Publish failed
W (140048) TRANSPORT: No transport connected for broadcast
W (140049) MSG: I (140049) CMD_U0: waiting for pending UART response ch=8 before next command
Broadcast failed, falling back to MQTT
E (140049) MQTT: Publish failed
E (140069) MQTT: Publish failed
W (140069) TRANSPORT: No transport connected for broadcast
W (140069) MSG: Broadcast failed, falling back to MQTT
E (140070) MQTT: Publish failed
I (140074) CMD_U0: waiting for pending UART response ch=8 before next command
E (140094) MQTT: Publish failed
W (140094) TRANSPORT: No transport connected for broadcast
W (140094) MSG: Broadcast failed, falling back to MQTT
E (140095) MQTT: Publish failed
I (140095) CMD_U0: waiting for pending UART response ch=8 before next command
E (140114) MQTT: Publish failed
W (140114) TRANSPORT: No transport connected for broadcast
W (140115) MSG: Broadcast failed, falling back to MQTT
E (140115) MQTT: Publish failed
I (140116) CMD_U0: waiting for pending UART response ch=8 before next command
I (140142) CMD_U0: waiting for pending UART response ch=8 before next command
I (140168) CMD_U0: waiting for pending UART response ch=8 before next command
I (140194) CMD_U0: waiting for pending UART response ch=8 before next command
I (140220) CMD_U0: waiting for pending UART response ch=8 before next command
I (140242) CMD_U0: waiting for pending UART response ch=8 before next command
I (140262) CMD_U0: waiting for pending UART response ch=8 before next command
I (140289) CMD_U0: waiting for pending UART response ch=8 before next command
I (140310) CMD_U0: waiting for pending UART response ch=8 before next command
I (140336) CMD_U0: waiting for pending UART response ch=8 before next command
I (140357) CMD_U0: waiting for pending UART response ch=8 before next command
I (140382) CMD_U0: waiting for pending UART response ch=8 before next command
I (140403) CMD_U0: waiting for pending UART response ch=8 before next command
I (140425) CMD_U0: waiting for pending UART response ch=8 before next command
I (140450) CMD_U0: waiting for pending UART response ch=8 before next command
I (140476) CMD_U0: waiting for pending UART response ch=8 before next command
I (140503) CMD_U0: waiting for pending UART response ch=8 before next command
I (140528) CMD_U0: waiting for pending UART response ch=8 before next command
I (140555) CMD_U0: waiting for pending UART response ch=8 before next command
I (140576) CMD_U0: waiting for pending UART response ch=8 before next command
I (140596) CMD_U0: waiting for pending UART response ch=8 before next command
I (140617) CMD_U0: waiting for pending UART response ch=8 before next command
I (140638) CMD_U0: waiting for pending UART response ch=8 before next command
I (140664) CMD_U0: waiting for pending UART response ch=8 before next command
I (140690) CMD_U0: waiting for pending UART response ch=8 before next command
I (140717) CMD_U0: waiting for pending UART response ch=8 before next command
I (140737) CMD_U0: waiting for pending UART response ch=8 before next command
I (140758) CMD_U0: waiting for pending UART response ch=8 before next command
W (140778) RX_TASK: RX timeout slot1 type=1 reqID=0 (1001ms)
I (140779) CMD_U0: waiting for pending UART response ch=8 before next command
I (140796) CMD_U1: waiting for pending UART response ch=9 before next command
I (140805) CMD_U0: waiting for pending UART response ch=8 before next command
I (140831) CMD_U0: waiting for pending UART response ch=8 before next command
I (140857) CMD_U0: waiting for pending UART response ch=8 before next command
I (140883) CMD_U0: waiting for pending UART response ch=8 before next command
I (140909) CMD_U0: waiting for pending UART response ch=8 before next command
I (140935) CMD_U0: waiting for pending UART response ch=8 before next command
I (140956) CMD_U0: waiting for pending UART response ch=8 before next command
I (140977) CMD_U0: waiting for pending UART response ch=8 before next command
I (140998) CMD_U0: waiting for pending UART response ch=8 before next command
I (141006) SCHEDULER: Stats: samples=427 full=580 min_free=2
I (141024) CMD_U0: waiting for pending UART response ch=8 before next command
I (141050) CMD_U0: waiting for pending UART response ch=8 before next command
I (141076) CMD_U0: waiting for pending UART response ch=8 before next command
I (141097) CMD_U0: waiting for pending UART response ch=8 before next command
I (141122) CMD_U0: waiting for pending UART response ch=8 before next command
I (141148) CMD_U0: waiting for pending UART response ch=8 before next command
I (141169) CMD_U0: waiting for pending UART response ch=8 before next command
I (141195) CMD_U0: waiting for pending UART response ch=8 before next command
I (141216) CMD_U0: waiting for pending UART response ch=8 before next command
I (141242) CMD_U0: waiting for pending UART response ch=8 before next command
I (141268) CMD_U0: waiting for pending UART response ch=8 before next command
I (141294) CMD_U0: waiting for pending UART response ch=8 before next command
I (141320) CMD_U0: waiting for pending UART response ch=8 before next command
I (141341) CMD_U0: waiting for pending UART response ch=8 before next command
I (141362) CMD_U0: waiting for pending UART response ch=8 before next command
I (141388) CMD_U0: waiting for pending UART response ch=8 before next command
I (141414) CMD_U0: waiting for pending UART response ch=8 before next command
I (141440) CMD_U0: waiting for pending UART response ch=8 before next command
I (141466) CMD_U0: waiting for pending UART response ch=8 before next command
I (141492) CMD_U0: waiting for pending UART response ch=8 before next command
I (141518) CMD_U0: waiting for pending UART response ch=8 before next command
I (141539) CMD_U0: waiting for pending UART response ch=8 before next command
I (141565) CMD_U0: waiting for pending UART response ch=8 before next command
I (141586) CMD_U0: waiting for pending UART response ch=8 before next command
I (141612) CMD_U0: waiting for pending UART response ch=8 before next command
I (141638) CMD_U0: waiting for pending UART response ch=8 before next command
I (141664) CMD_U0: waiting for pending UART response ch=8 before next command
I (141690) CMD_U0: waiting for pending UART response ch=8 before next command
E (141710) MQTT: Publish failed
W (141710) TRANSPORT: No transport connected for broadcast
W (141710) MSG: Broadcast failed, falling back to MQTT
E (141711) MQTT: Publish failed
I (141711) CMD_U0: waiting for pending UART response ch=8 before next command
E (141736) MQTT: Publish failed
W (141736) TRANSPORT: No transport connected for broadcast
W (141736) MSG: Broadcast failed, falling back to MQTT
E (141737) MQTT: Publish failed
I (141737) CMD_U0: waiting for pending UART response ch=8 before next command
E (141761) MQTT: Publish failed
W (141761) TRANSPORT: No transport connected for broadcast
W (141761) MSG: Broadcast failed, falling back to MQTT
E (141762) MQTT: Publish failed
I (141763) CMD_U0: waiting for pending UART response ch=8 before next command
W (141780) RX_TASK: RX timeout slot1 type=1 reqID=0 (1001ms)
E (141786) MQTT: Publish failed
W (141786) TRANSPORT: No transport connected for broadcast
W (141786) MSG: Broadcast failed, falling back to MQTT
E (141787) MQTT: Publish failed
I (141789) CMD_U0: waiting for pending UART response ch=8 before next command
E (141804) MQTT: Publish failed
W (141804) TRANSPORT: No transport connected for broadcast
W (141804) MSG: Broadcast failed, falling back to MQTT
E (141804) MQTT: Publish failed
E (141812) MQTT: Publish failed
W (141812) TRANSPORT: No transport connected for broadcast
W (141812) MSG: Broadcast failed, falling back to MQTT
E (141813) MQTT: Publish failed
I (141815) CMD_U0: waiting for pending UART response ch=8 before next command
I (141819) CMD_U1: waiting for pending UART response ch=9 before next command
E (141837) MQTT: Publish failed
W (141837) TRANSPORT: No transport connected for broadcast
W (141837) MSG: Broadcast failed, falling back to MQTT
E (141838) MQTT: Publish failed
I (141841) CMD_U0: waiting for pending UART response ch=8 before next command
E (141862) MQTT: Publish failed
W (141863) TRANSPORT: No transport connected for broadcast
W (141863) MSG: Broadcast failed, falling back to MQTT
E (141864) MQTT: Publish failed
I (141867) CMD_U0: waiting for pending UART response ch=8 before next command
I (141893) CMD_U0: waiting for pending UART response ch=8 before next command
I (141914) CMD_U0: waiting for pending UART response ch=8 before next command
I (141941) CMD_U0: waiting for pending UART response ch=8 before next command
I (141966) CMD_U0: waiting for pending UART response ch=8 before next command
I (141992) CMD_U0: waiting for pending UART response ch=8 before next command
I (142018) CMD_U0: waiting for pending UART response ch=8 before next command
I (142045) CMD_U0: waiting for pending UART response ch=8 before next command
I (142066) CMD_U0: waiting for pending UART response ch=8 before next command
I (142087) CMD_U0: waiting for pending UART response ch=8 before next command
I (142114) CMD_U0: waiting for pending UART response ch=8 before next command
I (142139) CMD_U0: waiting for pending UART response ch=8 before next command
I (142165) CMD_U0: waiting for pending UART response ch=8 before next command
I (142191) CMD_U0: waiting for pending UART response ch=8 before next command
I (142217) CMD_U0: waiting for pending UART response ch=8 before next command
I (142239) CMD_U0: waiting for pending UART response ch=8 before next command
I (142259) CMD_U0: waiting for pending UART response ch=8 before next command
I (142286) CMD_U0: waiting for pending UART response ch=8 before next command
I (142311) CMD_U0: waiting for pending UART response ch=8 before next command
I (142337) CMD_U0: waiting for pending UART response ch=8 before next command
I (142363) CMD_U0: waiting for pending UART response ch=8 before next command
I (142384) CMD_U0: waiting for pending UART response ch=8 before next command
I (142410) CMD_U0: waiting for pending UART response ch=8 before next command
I (142431) CMD_U0: waiting for pending UART response ch=8 before next command
I (142457) CMD_U0: waiting for pending UART response ch=8 before next command
I (142483) CMD_U0: waiting for pending UART response ch=8 before next command
I (142509) CMD_U0: waiting for pending UART response ch=8 before next command
I (142535) CMD_U0: waiting for pending UART response ch=8 before next command
I (142561) CMD_U0: waiting for pending UART response ch=8 before next command
I (142582) CMD_U0: waiting for pending UART response ch=8 before next command
I (142607) CMD_U0: waiting for pending UART response ch=8 before next command
I (142633) CMD_U0: waiting for pending UART response ch=8 before next command
I (142654) CMD_U0: waiting for pending UART response ch=8 before next command
I (142680) CMD_U0: waiting for pending UART response ch=8 before next command
I (142706) CMD_U0: waiting for pending UART response ch=8 before next command
I (142732) CMD_U0: waiting for pending UART response ch=8 before next command
I (142758) CMD_U0: waiting for pending UART response ch=8 before next command
I (142784) CMD_U0: waiting for pending UART response ch=8 before next command
W (142803) RX_TASK: RX timeout slot1 type=1 reqID=0 (1001ms)
I (142805) CMD_U0: waiting for pending UART response ch=8 before next command
I (142830) CMD_U0: waiting for pending UART response ch=8 before next command
I (142842) CMD_U1: waiting for pending UART response ch=9 before next command
I (142851) CMD_U0: waiting for pending UART response ch=8 before next command
I (142876) CMD_U0: waiting for pending UART response ch=8 before next command
I (142897) CMD_U0: waiting for pending UART response ch=8 before next command
I (142923) CMD_U0: waiting for pending UART response ch=8 before next command
I (142949) CMD_U0: waiting for pending UART response ch=8 before next command
I (142975) CMD_U0: waiting for pending UART response ch=8 before next command
I (143001) CMD_U0: waiting for pending UART response ch=8 before next command
I (143027) CMD_U0: waiting for pending UART response ch=8 before next command
I (143048) CMD_U0: waiting for pending UART response ch=8 before next command
I (143068) CMD_U0: waiting for pending UART response ch=8 before next command
I (143093) CMD_U0: waiting for pending UART response ch=8 before next command
I (143119) CMD_U0: waiting for pending UART response ch=8 before next command
I (143140) CMD_U0: waiting for pending UART response ch=8 before next command
I (143161) CMD_U0: waiting for pending UART response ch=8 before next command
I (143187) CMD_U0: waiting for pending UART response ch=8 before next command
I (143213) CMD_U0: waiting for pending UART response ch=8 before next command
I (143239) CMD_U0: waiting for pending UART response ch=8 before next command
I (143265) CMD_U0: waiting for pending UART response ch=8 before next command
E (143286) MQTT: Publish failed
W (143286) TRANSPORT: No transport connected for broadcast
W (143286) MSG: Broadcast failed, falling back to MQTT
E (143287) MQTT: Publish failed
I (143291) CMD_U0: waiting for pending UART response ch=8 before next command
E (143312) MQTT: Publish failed
W (143312) TRANSPORT: No transport connected for broadcast
W (143312) MSG: Broadcast failed, falling back to MQTT
E (143313) MQTT: Publish failed
I (143317) CMD_U0: waiting for pending UART response ch=8 before next command
E (143337) MQTT: Publish failed
W (143337) TRANSPORT: No transport connected for broadcast
W (143337) MSG: Broadcast failed, falling back to MQTT
E (143338) MQTT: Publish failed
I (143338) CMD_U0: waiting for pending UART response ch=8 before next command
E (143363) MQTT: Publish failed
W (143363) TRANSPORT: No transport connected for broadcast
W (143363) MSG: Broadcast failed, falling back to MQTT
E (143364) MQTT: Publish failed
I (143364) CMD_U0: waiting for pending UART response ch=8 before next command
E (143388) MQTT: Publish failed
W (143388) TRANSPORT: No transport connected for broadcast
W (143388) MSG: Broadcast failed, falling back to MQTT
E (143389) MQTT: Publish failed
I (143390) CMD_U0: waiting for pending UART response ch=8 before next command
E (143413) MQTT: Publish failed
W (143413) TRANSPORT: No transport connected for broadcast
W (143413) MSG: Broadcast failed, falling back to MQTT
E (143414) MQTT: Publish failed
I (143416) CMD_U0: waiting for pending UART response ch=8 before next command
E (143439) MQTT: Publish failed
W (143439) TRANSPORT: No transport connected for broadcast
W (143439) MSG: Broadcast failed, falling back to MQTT
E (143440) MQTT: Publish failed
I (143442) CMD_U0: waiting for pending UART response ch=8 before next command
I (143468) CMD_U0: waiting for pending UART response ch=8 before next command
I (143494) CMD_U0: waiting for pending UART response ch=8 before next command
I (143515) CMD_U0: waiting for pending UART response ch=8 before next command
I (143536) CMD_U0: waiting for pending UART response ch=8 before next command
I (143562) CMD_U0: waiting for pending UART response ch=8 before next command
I (143588) CMD_U0: waiting for pending UART response ch=8 before next command
I (143614) CMD_U0: waiting for pending UART response ch=8 before next command
I (143640) CMD_U0: waiting for pending UART response ch=8 before next command
I (143667) CMD_U0: waiting for pending UART response ch=8 before next command
I (143687) CMD_U0: waiting for pending UART response ch=8 before next command
I (143707) CMD_U0: waiting for pending UART response ch=8 before next command
I (143732) CMD_U0: waiting for pending UART response ch=8 before next command
I (143753) CMD_U0: waiting for pending UART response ch=8 before next command
I (143773) CMD_U0: waiting for pending UART response ch=8 before next command
I (143798) CMD_U0: waiting for pending UART response ch=8 before next command
E (143804) MQTT: Publish failed
W (143804) TRANSPORT: No transport connected for broadcast
W (143804) MSG: Broadcast failed, falling back to MQTT
E (143804) MQTT: Publish failed
I (143824) CMD_U0: waiting for pending UART response ch=8 before next command
W (143826) RX_TASK: RX timeout slot1 type=1 reqID=0 (1001ms)
E (143844) MQTT: Publish failed
W (143844) TRANSPORT: No transport connected for broadcast
W (143844) MSG: Broadcast failed, falling back to MQTT
E (143845) MQTT: Publish failed
I (143845) CMD_U0: waiting for pending UART response ch=8 before next command
I (143865) CMD_U1: waiting for pending UART response ch=9 before next command
E (143870) MQTT: Publish failed
W (143870) TRANSPORT: No transport connected for broadcast
W (143870) MSG: Broadcast failed, falling back to MQTT
E (143871) MQTT: Publish failed
I (143871) CMD_U0: waiting for pending UART response ch=8 before next command
E (143895) MQTT: Publish failed
W (143895) TRANSPORT: No transport connected for broadcast
W (143895) MSG: Broadcast failed, falling back to MQTT
E (143896) MQTT: Publish failed
I (143897) CMD_U0: waiting for pending UART response ch=8 before next command
E (143920) MQTT: Publish failed
W (143920) TRANSPORT: No transport connected for broadcast
W (143920) MSG: Broadcast failed, falling back to MQTT
E (143921) MQTT: Publish failed
I (143923) CMD_U0: waiting for pending UART response ch=8 before next command
E (143945) MQTT: Publish failed
W (143945) TRANSPORT: No transport connected for broadcast
W (143945) MSG: Broadcast failed, falling back to MQTT
E (143946) MQTT: Publish failed
I (143949) CMD_U0: waiting for pending UART response ch=8 before next command
E (143971) MQTT: Publish failed
W (143971) TRANSPORT: No transport connected for broadcast
W (143971) MSG: Broadcast failed, falling back to MQTT
E (143972) MQTT: Publish failed
I (143975) CMD_U0: waiting for pending UART response ch=8 before next command
E (143996) MQTT: Publish failed
W (143996) TRANSPORT: No transport connected for broadcast
W (143996) MSG: Broadcast failed, falling back to MQTT
E (143997) MQTT: Publish failed
I (144001) CMD_U0: waiting for pending UART response ch=8 before next command
E (144021) MQTT: Publish failed
W (144021) TRANSPORT: No transport connected for broadcast
W (144021) MSG: Broadcast failed, falling back to MQTT
E (144022) MQTT: Publish failed
I (144022) CMD_U0: waiting for pending UART response ch=8 before next command
E (144042) MQTT: Publish failed
W (144042) TRANSPORT: No transport connected for broadcast
W (144042) MSG: Broadcast failed, falling back to MQTT
E (144043) MQTT: Publish failed
I (144043) CMD_U0: waiting for pending UART response ch=8 before next command
E (144067) MQTT: Publish failed
W (144067) TRANSPORT: No transport connected for broadcast
W (144067) MSG: Broadcast failed, falling back to MQTT
E (144068) MQTT: Publish failed
I (144069) CMD_U0: waiting for pending UART response ch=8 before next command
E (144092) MQTT: Publish failed
W (144092) TRANSPORT: No transport connected for broadcast
W (144092) MSG: Broadcast failed, falling back to MQTT
E (144093) MQTT: Publish failed
I (144095) CMD_U0: waiting for pending UART response ch=8 before next command
E (144118) MQTT: Publish failed
W (144118) TRANSPORT: No transport connected for broadcast
W (144118) MSG: Broadcast failed, falling back to MQTT
E (144119) MQTT: Publish failed
I (144121) CMD_U0: waiting for pending UART response ch=8 before next command
E (144143) MQTT: Publish failed
W (144143) TRANSPORT: No transport connected for broadcast
W (144143) MSG: Broadcast failed, falling back to MQTT
E (144144) MQTT: Publish failed
I (144147) CMD_U0: waiting for pending UART response ch=8 before next command
E (144168) MQTT: Publish failed
W (144168) TRANSPORT: No transport connected for broadcast
W (144168) MSG: Broadcast failed, falling back to MQTT
E (144169) MQTT: Publish failed
I (144173) CMD_U0: waiting for pending UART response ch=8 before next command
E (144194) MQTT: Publish failed
W (144194) TRANSPORT: No transport connected for broadcast
W (144194) MSG: Broadcast failed, falling back to MQTT
E (144195) MQTT: Publish failed
I (144199) CMD_U0: waiting for pending UART response ch=8 before next command
E (144219) MQTT: Publish failed
W (144219) TRANSPORT: No transport connected for broadcast
W (144219) MSG: Broadcast failed, falling back to MQTT
E (144220) MQTT: Publish failed
I (144220) CMD_U0: waiting for pending UART response ch=8 before next command
E (144245) MQTT: Publish failed
W (144245) TRANSPORT: No transport connected for broadcast
W (144245) MSG: Broadcast failed, falling back to MQTT
E (144246) MQTT: Publish failed
I (144246) CMD_U0: waiting for pending UART response ch=8 before next command
E (144270) MQTT: Publish failed
W (144270) TRANSPORT: No transport connected for broadcast
W (144270) MSG: Broadcast failed, falling back to MQTT
E (144271) MQTT: Publish failed
I (144272) CMD_U0: waiting for pending UART response ch=8 before next command
E (144295) MQTT: Publish failed
W (144295) TRANSPORT: No transport connected for broadcast
W (144295) MSG: Broadcast failed, falling back to MQTT
E (144296) MQTT: Publish failed
I (144298) CMD_U0: waiting for pending UART response ch=8 before next command
E (144321) MQTT: Publish failed
W (144321) TRANSPORT: No transport connected for broadcast
W (144321) MSG: Broadcast failed, falling back to MQTT
E (144322) MQTT: Publish failed
I (144324) CMD_U0: waiting for pending UART response ch=8 before next command
E (144346) MQTT: Publish failed
W (144346) TRANSPORT: No transport connected for broadcast
W (144346) MSG: Broadcast failed, falling back to MQTT
E (144347) MQTT: Publish failed
I (144350) CMD_U0: waiting for pending UART response ch=8 before next command
I (144371) CMD_U0: waiting for pending UART response ch=8 before next command
E (144371) MQTT: Publish failed
W (144371) TRANSPORT: No transport connected for broadcast
W (144372) MSG: Broadcast failed, falling back to MQTT
E (144372) MQTT: Publish failed
E (144392) MQTT: Publish failed
W (144392) TRANSPORT: No transport connected for broadcast
W (144392) MSG: Broadcast failed, falling back to MQTT
E (144393) MQTT: Publish failed
I (144396) CMD_U0: waiting for pending UART response ch=8 before next command
E (144417) MQTT: Publish failed
W (144417) TRANSPORT: No transport connected for broadcast
W (144417) MSG: Broadcast failed, falling back to MQTT
E (144418) MQTT: Publish failed
I (144422) CMD_U0: waiting for pending UART response ch=8 before next command
E (144442) MQTT: Publish failed
W (144442) TRANSPORT: No transport connected for broadcast
W (144442) MSG: Broadcast failed, falling back to MQTT
E (144443) MQTT: Publish failed
I (144443) CMD_U0: waiting for pending UART response ch=8 before next command
E (144468) MQTT: Publish failed
W (144468) TRANSPORT: No transport connected for broadcast
W (144468) MSG: Broadcast failed, falling back to MQTT
E (144469) MQTT: Publish failed
I (144469) CMD_U0: waiting for pending UART response ch=8 before next command
E (144493) MQTT: Publish failed
W (144493) TRANSPORT: No transport connected for broadcast
W (144493) MSG: Broadcast failed, falling back to MQTT
E (144494) MQTT: Publish failed
I (144495) CMD_U0: waiting for pending UART response ch=8 before next command
E (144518) MQTT: Publish failed
W (144518) TRANSPORT: No transport connected for broadcast
W (144518) MSG: Broadcast failed, falling back to MQTT
E (144519) MQTT: Publish failed
I (144521) CMD_U0: waiting for pending UART response ch=8 before next command
E (144544) MQTT: Publish failed
W (144544) TRANSPORT: No transport connected for broadcast
W (144544) MSG: Broadcast failed, falling back to MQTT
E (144545) MQTT: Publish failed
I (144547) CMD_U0: waiting for pending UART response ch=8 before next command
E (144569) MQTT: Publish failed
W (144569) TRANSPORT: No transport connected for broadcast
W (144569) MSG: Broadcast failed, falling back to MQTT
E (144570) MQTT: Publish failed
I (144573) CMD_U0: waiting for pending UART response ch=8 before next command
E (144594) MQTT: Publish failed
W (144594) TRANSPORT: No transport connected for broadcast
W (144594) MSG: Broadcast failed, falling back to MQTT
E (144595) MQTT: Publish failed
I (144599) CMD_U0: waiting for pending UART response ch=8 before next command
E (144619) MQTT: Publish failed
W (144619) TRANSPORT: No transport connected for broadcast
W (144619) MSG: Broadcast failed, falling back to MQTT
E (144620) MQTT: Publish failed
I (144620) CMD_U0: waiting for pending UART response ch=8 before next command
I (144641) CMD_U0: waiting for pending UART response ch=8 before next command
I (144668) CMD_U0: waiting for pending UART response ch=8 before next command
I (144693) CMD_U0: waiting for pending UART response ch=8 before next command
I (144719) CMD_U0: waiting for pending UART response ch=8 before next command
I (144746) CMD_U0: waiting for pending UART response ch=8 before next command
I (144766) RX_TASK: Stats: events=413 completions=422 report_drop=0 report_q_high=2
I (144772) CMD_U0: waiting for pending UART response ch=8 before next command
I (144793) CMD_U0: waiting for pending UART response ch=8 before next command
I (144819) CMD_U0: waiting for pending UART response ch=8 before next command
I (144845) CMD_U0: waiting for pending UART response ch=8 before next command
W (144849) RX_TASK: RX timeout slot1 type=1 reqID=0 (1001ms)
I (144871) CMD_U0: waiting for pending UART response ch=8 before next command
I (144888) CMD_U1: waiting for pending UART response ch=9 before next command
I (144897) CMD_U0: waiting for pending UART response ch=8 before next command
I (144924) CMD_U0: waiting for pending UART response ch=8 before next command
I (144949) CMD_U0: waiting for pending UART response ch=8 before next command
I (144971) CMD_U0: waiting for pending UART response ch=8 before next command
I (144996) CMD_U0: waiting for pending UART response ch=8 before next command
I (145023) CMD_U0: waiting for pending UART response ch=8 before next command
I (145048) CMD_U0: waiting for pending UART response ch=8 before next command
I (145074) CMD_U0: waiting for pending UART response ch=8 before next command
I (145100) CMD_U0: waiting for pending UART response ch=8 before next command
I (145126) CMD_U0: waiting for pending UART response ch=8 before next command
I (145152) CMD_U0: waiting for pending UART response ch=8 before next command
I (145173) CMD_U0: waiting for pending UART response ch=8 before next command
I (145193) CMD_U0: waiting for pending UART response ch=8 before next command
I (145213) CMD_U0: waiting for pending UART response ch=8 before next command
I (145234) CMD_U0: waiting for pending UART response ch=8 before next command
I (145255) CMD_U0: waiting for pending UART response ch=8 before next command
I (145280) CMD_U0: waiting for pending UART response ch=8 before next command
I (145306) CMD_U0: waiting for pending UART response ch=8 before next command
I (145332) CMD_U0: waiting for pending UART response ch=8 before next command
I (145358) CMD_U0: waiting for pending UART response ch=8 before next command
I (145384) CMD_U0: waiting for pending UART response ch=8 before next command
I (145410) CMD_U0: waiting for pending UART response ch=8 before next command
I (145436) CMD_U0: waiting for pending UART response ch=8 before next command
I (145457) CMD_U0: waiting for pending UART response ch=8 before next command
I (145483) CMD_U0: waiting for pending UART response ch=8 before next command
I (145509) CMD_U0: waiting for pending UART response ch=8 before next command
I (145535) CMD_U0: waiting for pending UART response ch=8 before next command
I (145561) CMD_U0: waiting for pending UART response ch=8 before next command
I (145587) CMD_U0: waiting for pending UART response ch=8 before next command
I (145608) CMD_U0: waiting for pending UART response ch=8 before next command
I (145628) CMD_U0: waiting for pending UART response ch=8 before next command
I (145653) CMD_U0: waiting for pending UART response ch=8 before next command
I (145679) CMD_U0: waiting for pending UART response ch=8 before next command
E (145699) MQTT: Publish failed
W (145699) TRANSPORT: No transport connected for broadcast
W (145699) MSG: Broadcast failed, falling back to MQTT
E (145700) MQTT: Publish failed
I (145700) CMD_U0: waiting for pending UART response ch=8 before next command
E (145719) MQTT: Publish failed
W (145719) TRANSPORT: No transport connected for broadcast
W (145719) MSG: Broadcast failed, falling back to MQTT
E (145720) MQTT: Publish failed
I (145721) CMD_U0: waiting for pending UART response ch=8 before next command
E (145745) MQTT: Publish failed
W (145745) TRANSPORT: No transport connected for broadcast
W (145745) MSG: Broadcast failed, falling back to MQTT
E (145746) MQTT: Publish failed
I (145747) CMD_U0: waiting for pending UART response ch=8 before next command
E (145770) MQTT: Publish failed
W (145770) TRANSPORT: No transport connected for broadcast
W (145770) MSG: Broadcast failed, falling back to MQTT
E (145771) MQTT: Publish failed
I (145773) CMD_U0: waiting for pending UART response ch=8 before next command
E (145796) MQTT: Publish failed
W (145796) TRANSPORT: No transport connected for broadcast
W (145796) MSG: Broadcast failed, falling back to MQTT
E (145797) MQTT: Publish failed
I (145799) CMD_U0: waiting for pending UART response ch=8 before next command
E (145804) MQTT: Publish failed
W (145804) TRANSPORT: No transport connected for broadcast
W (145804) MSG: Broadcast failed, falling back to MQTT
E (145805) MQTT: Publish failed
E (145821) MQTT: Publish failed
W (145821) TRANSPORT: No transport connected for broadcast
W (145821) MSG: Broadcast failed, falling back to MQTT
E (145822) MQTT: Publish failed
I (145825) CMD_U0: waiting for pending UART response ch=8 before next command
E (145846) MQTT: Publish failed
W (145846) TRANSPORT: No transport connected for broadcast
W (145846) MSG: Broadcast failed, falling back to MQTT
E (145847) MQTT: Publish failed
I (145851) CMD_U0: waiting for pending UART response ch=8 before next command
W (145872) RX_TASK: RX timeout slot1 type=1 reqID=0 (1001ms)
I (145872) CMD_U0: waiting for pending UART response ch=8 before next command
E (145873) MQTT: Publish failed
W (145873) TRANSPORT: No transport connected for broadcast
W (145873) MSG: Broadcast failed, falling back to MQTT
E (145873) MQTT: Publish failed
E (145874) MQTT: Publish failed
W (145874) TRANSPORT: No transport connected for broadcast
W (145874) MSG: Broadcast failed, falling back to MQTT
E (145874) MQTT: Publish failed
E (145892) MQTT: Publish failed
W (145892) TRANSPORT: No transport connected for broadcast
W (145892) MSG: Broadcast failed, falling back to MQTT
E (145893) MQTT: Publish failed
I (145893) CMD_U0: waiting for pending UART response ch=8 before next command
I (145911) CMD_U1: Stats: txn=10 err=0 (100%) no_ctx=0
I (145911) CMD_U1: waiting for pending UART response ch=9 before next command
E (145917) MQTT: Publish failed
W (145917) TRANSPORT: No transport connected for broadcast
W (145917) MSG: Broadcast failed, falling back to MQTT
E (145918) MQTT: Publish failed
I (145919) CMD_U0: waiting for pending UART response ch=8 before next command
E (145943) MQTT: Publish failed
W (145943) TRANSPORT: No transport connected for broadcast
W (145943) MSG: Broadcast failed, falling back to MQTT
E (145944) MQTT: Publish failed
I (145945) CMD_U0: waiting for pending UART response ch=8 before next command
E (145968) MQTT: Publish failed
W (145968) TRANSPORT: No transport connected for broadcast
W (145968) MSG: Broadcast failed, falling back to MQTT
E (145969) MQTT: Publish failed
I (145971) CMD_U0: waiting for pending UART response ch=8 before next command
E (145993) MQTT: Publish failed
W (145993) TRANSPORT: No transport connected for broadcast
W (145993) MSG: Broadcast failed, falling back to MQTT
E (145994) MQTT: Publish failed
I (145997) CMD_U0: waiting for pending UART response ch=8 before next command
E (146019) MQTT: Publish failed
W (146019) TRANSPORT: No transport connected for broadcast
W (146019) MSG: Broadcast failed, falling back to MQTT
E (146020) MQTT: Publish failed
I (146023) CMD_U0: waiting for pending UART response ch=8 before next command
E (146044) MQTT: Publish failed
W (146044) TRANSPORT: No transport connected for broadcast
W (146044) MSG: Broadcast failed, falling back to MQTT
E (146045) MQTT: Publish failed
I (146049) CMD_U0: Stats: txn=412 err=0 (100%) no_ctx=0
I (146050) CMD_U0: waiting for pending UART response ch=8 before next command
E (146069) MQTT: Publish failed
W (146069) TRANSPORT: No transport connected for broadcast
W (146069) MSG: Broadcast failed, falling back to MQTT
E (146070) MQTT: Publish failed
I (146070) CMD_U0: waiting for pending UART response ch=8 before next command
E (146095) MQTT: Publish failed
W (146095) TRANSPORT: No transport connected for broadcast
W (146095) MSG: Broadcast failed, falling back to MQTT
E (146096) MQTT: Publish failed
I (146096) CMD_U0: waiting for pending UART response ch=8 before next command
E (146120) MQTT: Publish failed
W (146120) TRANSPORT: No transport connected for broadcast
W (146121) MSG: Broadcast failed, falling back to MQTT
E (146121) MQTT: Publish failed
I (146122) CMD_U0: waiting for pending UART response ch=8 before next command
I (146148) CMD_U0: waiting for pending UART response ch=8 before next command
I (146174) CMD_U0: waiting for pending UART response ch=8 before next command
I (146200) CMD_U0: waiting for pending UART response ch=8 before next command
I (146221) CMD_U0: waiting for pending UART response ch=8 before next command
I (146246) CMD_U0: waiting for pending UART response ch=8 before next command
I (146268) CMD_U0: waiting for pending UART response ch=8 before next command
I (146289) CMD_U0: waiting for pending UART response ch=8 before next command
I (146314) CMD_U0: waiting for pending UART response ch=8 before next command
I (146340) CMD_U0: waiting for pending UART response ch=8 before next command
I (146366) CMD_U0: waiting for pending UART response ch=8 before next command
I (146392) CMD_U0: waiting for pending UART response ch=8 before next command
I (146418) CMD_U0: waiting for pending UART response ch=8 before next command
I (146444) CMD_U0: waiting for pending UART response ch=8 before next command
I (146465) CMD_U0: waiting for pending UART response ch=8 before next command
I (146486) CMD_U0: waiting for pending UART response ch=8 before next command
I (146513) CMD_U0: waiting for pending UART response ch=8 before next command
I (146538) CMD_U0: waiting for pending UART response ch=8 before next command
I (146564) CMD_U0: waiting for pending UART response ch=8 before next command
I (146590) CMD_U0: waiting for pending UART response ch=8 before next command
I (146612) CMD_U0: waiting for pending UART response ch=8 before next command
I (146637) CMD_U0: waiting for pending UART response ch=8 before next command
I (146658) CMD_U0: waiting for pending UART response ch=8 before next command
I (146684) CMD_U0: waiting for pending UART response ch=8 before next command
I (146710) CMD_U0: waiting for pending UART response ch=8 before next command
I (146736) CMD_U0: waiting for pending UART response ch=8 before next command
I (146762) CMD_U0: waiting for pending UART response ch=8 before next command
I (146785) CMD_U0: waiting for pending UART response ch=8 before next command
I (146806) CMD_U0: waiting for pending UART response ch=8 before next command
I (146832) CMD_U0: waiting for pending UART response ch=8 before next command
I (146858) CMD_U0: waiting for pending UART response ch=8 before next command
I (146884) CMD_U0: waiting for pending UART response ch=8 before next command
W (146895) RX_TASK: RX timeout slot1 type=1 reqID=0 (1001ms)
I (146905) CMD_U0: waiting for pending UART response ch=8 before next command
I (146930) CMD_U0: waiting for pending UART response ch=8 before next command
I (146934) CMD_U1: waiting for pending UART response ch=9 before next command
I (146956) CMD_U0: waiting for pending UART response ch=8 before next command
I (146977) CMD_U0: waiting for pending UART response ch=8 before next command
I (147003) CMD_U0: waiting for pending UART response ch=8 before next command
I (147029) CMD_U0: waiting for pending UART response ch=8 before next command
I (147055) CMD_U0: waiting for pending UART response ch=8 before next command
I (147081) CMD_U0: waiting for pending UART response ch=8 before next command
I (147107) CMD_U0: waiting for pending UART response ch=8 before next command
I (147128) CMD_U0: waiting for pending UART response ch=8 before next command
I (147149) CMD_U0: waiting for pending UART response ch=8 before next command
I (147170) CMD_U0: waiting for pending UART response ch=8 before next command
I (147196) CMD_U0: waiting for pending UART response ch=8 before next command
I (147222) CMD_U0: waiting for pending UART response ch=8 before next command
I (147248) CMD_U0: waiting for pending UART response ch=8 before next command
I (147274) CMD_U0: waiting for pending UART response ch=8 before next command
I (147300) CMD_U0: waiting for pending UART response ch=8 before next command
I (147321) CMD_U0: waiting for pending UART response ch=8 before next command
I (147342) CMD_U0: waiting for pending UART response ch=8 before next command
I (147368) CMD_U0: waiting for pending UART response ch=8 before next command
I (147394) CMD_U0: waiting for pending UART response ch=8 before next command
I (147420) CMD_U0: waiting for pending UART response ch=8 before next command
I (147446) CMD_U0: waiting for pending UART response ch=8 before next command
I (147472) CMD_U0: waiting for pending UART response ch=8 before next command
I (147498) CMD_U0: waiting for pending UART response ch=8 before next command
I (147519) CMD_U0: waiting for pending UART response ch=8 before next command
I (147540) CMD_U0: waiting for pending UART response ch=8 before next command
I (147566) CMD_U0: waiting for pending UART response ch=8 before next command
I (147592) CMD_U0: waiting for pending UART response ch=8 before next command
I (147618) CMD_U0: waiting for pending UART response ch=8 before next command
I (147644) CMD_U0: waiting for pending UART response ch=8 before next command
E (147665) MQTT: Publish failed
W (147665) TRANSPORT: No transport connected for broadcast
W (147665) MSG: Broadcast failed, falling back to MQTT
E (147666) MQTT: Publish failed
I (147670) CMD_U0: waiting for pending UART response ch=8 before next command
E (147682) MQTT: Publish failed
W (147682) TRANSPORT: No transport connected for broadcast
W (147682) MSG: Broadcast failed, falling back to MQTT
E (147682) MQTT: Publish failed
E (147692) MQTT: Publish failed
W (147692) TRANSPORT: No transport connected for broadcast
W (147692) MSG: Broadcast failed, falling back to MQTT
E (147692) MQTT: Publish failed
I (147696) CMD_U0: waiting for pending UART response ch=8 before next command
E (147716) MQTT: Publish failed
W (147716) TRANSPORT: No transport connected for broadcast
W (147716) MSG: Broadcast failed, falling back to MQTT
E (147717) MQTT: Publish failed
I (147717) CMD_U0: waiting for pending UART response ch=8 before next command
E (147741) MQTT: Publish failed
W (147741) TRANSPORT: No transport connected for broadcast
W (147741) MSG: Broadcast failed, falling back to MQTT
E (147742) MQTT: Publish failed
I (147743) CMD_U0: waiting for pending UART response ch=8 before next command
E (147767) MQTT: Publish failed
W (147767) TRANSPORT: No transport connected for broadcast
W (147767) MSG: Broadcast failed, falling back to MQTT
E (147768) MQTT: Publish failed
I (147769) CMD_U0: waiting for pending UART response ch=8 before next command
E (147793) MQTT: Publish failed
W (147793) TRANSPORT: No transport connected for broadcast
W (147794) MSG: Broadcast failed, falling back to MQTT
E (147794) MQTT: Publish failed
I (147795) CMD_U0: waiting for pending UART response ch=8 before next command
E (147804) MQTT: Publish failed
W (147806) TRANSPORT: No transport connected for broadcast
W (147807) MSG: Broadcast failed, falling back to MQTT
E (147808) MQTT: Publish failed
I (147821) CMD_U0: waiting for pending UART response ch=8 before next command
I (147847) CMD_U0: waiting for pending UART response ch=8 before next command
I (147873) CMD_U0: waiting for pending UART response ch=8 before next command
I (147894) CMD_U0: waiting for pending UART response ch=8 before next command
E (147914) MQTT: Publish failed
W (147914) TRANSPORT: No transport connected for broadcast
W (147914) MSG: Broadcast failed, falling back to MQTT
E (147915) MQTT: Publish failed
I (147915) CMD_U0: waiting for pending UART response ch=8 before next command
W (147918) RX_TASK: RX timeout slot1 type=1 reqID=0 (1001ms)
E (147918) MQTT: Publish failed
W (147919) TRANSPORT: No transport connected for broadcast
W (147919) MSG: Broadcast failed, falling back to MQTT
E (147919) MQTT: Publish failed
E (147939) MQTT: Publish failed
W (147939) TRANSPORT: No transport connected for broadcast
W (147939) MSG: Broadcast failed, falling back to MQTT
E (147940) MQTT: Publish failed
I (147941) CMD_U0: waiting for pending UART response ch=8 before next command
I (147957) CMD_U1: waiting for pending UART response ch=9 before next command
E (147965) MQTT: Publish failed
W (147965) TRANSPORT: No transport connected for broadcast
W (147965) MSG: Broadcast failed, falling back to MQTT
E (147966) MQTT: Publish failed
I (147967) CMD_U0: waiting for pending UART response ch=8 before next command
E (147990) MQTT: Publish failed
W (147990) TRANSPORT: No transport connected for broadcast
W (147990) MSG: Broadcast failed, falling back to MQTT
E (147991) MQTT: Publish failed
I (147993) CMD_U0: waiting for pending UART response ch=8 before next command
E (148015) MQTT: Publish failed
W (148015) TRANSPORT: No transport connected for broadcast
W (148015) MSG: Broadcast failed, falling back to MQTT
E (148016) MQTT: Publish failed
I (148019) CMD_U0: waiting for pending UART response ch=8 before next command
E (148041) MQTT: Publish failed
W (148041) TRANSPORT: No transport connected for broadcast
W (148041) MSG: Broadcast failed, falling back to MQTT
E (148042) MQTT: Publish failed
I (148045) CMD_U0: waiting for pending UART response ch=8 before next command
E (148066) MQTT: Publish failed
W (148066) TRANSPORT: No transport connected for broadcast
W (148066) MSG: Broadcast failed, falling back to MQTT
E (148067) MQTT: Publish failed
I (148071) CMD_U0: waiting for pending UART response ch=8 before next command
E (148091) MQTT: Publish failed
W (148091) TRANSPORT: No transport connected for broadcast
W (148091) MSG: Broadcast failed, falling back to MQTT
E (148092) MQTT: Publish failed
I (148092) CMD_U0: waiting for pending UART response ch=8 before next command
E (148112) MQTT: Publish failed
W (148112) TRANSPORT: No transport connected for broadcast
W (148112) MSG: Broadcast failed, falling back to MQTT
E (148113) MQTT: Publish failed
I (148113) CMD_U0: waiting for pending UART response ch=8 before next command
E (148137) MQTT: Publish failed
W (148137) TRANSPORT: No transport connected for broadcast
W (148137) MSG: Broadcast failed, falling back to MQTT
E (148138) MQTT: Publish failed
I (148139) CMD_U0: waiting for pending UART response ch=8 before next command
E (148162) MQTT: Publish failed
W (148162) TRANSPORT: No transport connected for broadcast
W (148162) MSG: Broadcast failed, falling back to MQTT
E (148163) MQTT: Publish failed
I (148165) CMD_U0: waiting for pending UART response ch=8 before next command
E (148188) MQTT: Publish failed
W (148188) TRANSPORT: No transport connected for broadcast
W (148188) MSG: Broadcast failed, falling back to MQTT
E (148189) MQTT: Publish failed
I (148191) CMD_U0: waiting for pending UART response ch=8 before next command
E (148213) MQTT: Publish failed
W (148213) TRANSPORT: No transport connected for broadcast
W (148213) MSG: Broadcast failed, falling back to MQTT
E (148214) MQTT: Publish failed
I (148217) CMD_U0: waiting for pending UART response ch=8 before next command
E (148239) MQTT: Publish failed
W (148239) TRANSPORT: No transport connected for broadcast
W (148239) MSG: Broadcast failed, falling back to MQTT
E (148240) MQTT: Publish failed
I (148243) CMD_U0: waiting for pending UART response ch=8 before next command
E (148264) MQTT: Publish failed
W (148264) TRANSPORT: No transport connected for broadcast
W (148264) MSG: Broadcast failed, falling back to MQTT
E (148265) MQTT: Publish failed
I (148269) CMD_U0: waiting for pending UART response ch=8 before next command
E (148289) MQTT: Publish failed
W (148289) TRANSPORT: No transport connected for broadcast
W (148289) MSG: Broadcast failed, falling back to MQTT
E (148290) MQTT: Publish failed
I (148290) CMD_U0: waiting for pending UART response ch=8 before next command
E (148309) MQTT: Publish failed
W (148309) TRANSPORT: No transport connected for broadcast
W (148309) MSG: Broadcast failed, falling back to MQTT
E (148310) MQTT: Publish failed
I (148311) CMD_U0: waiting for pending UART response ch=8 before next command
E (148335) MQTT: Publish failed
W (148335) TRANSPORT: No transport connected for broadcast
W (148336) MSG: Broadcast failed, falling back to MQTT
E (148336) MQTT: Publish failed
I (148337) CMD_U0: waiting for pending UART response ch=8 before next command
E (148360) MQTT: Publish failed
W (148360) TRANSPORT: No transport connected for broadcast
W (148360) MSG: Broadcast failed, falling back to MQTT
E (148361) MQTT: Publish failed
I (148363) CMD_U0: waiting for pending UART response ch=8 before next command
E (148386) MQTT: Publish failed
W (148386) TRANSPORT: No transport connected for broadcast
W (148386) MSG: Broadcast failed, falling back to MQTT
E (148387) MQTT: Publish failed
I (148389) CMD_U0: waiting for pending UART response ch=8 before next command
E (148411) MQTT: Publish failed
W (148411) TRANSPORT: No transport connected for broadcast
W (148411) MSG: Broadcast failed, falling back to MQTT
E (148412) MQTT: Publish failed
I (148415) CMD_U0: waiting for pending UART response ch=8 before next command
E (148436) MQTT: Publish failed
W (148436) TRANSPORT: No transport connected for broadcast
W (148436) MSG: Broadcast failed, falling back to MQTT
E (148437) MQTT: Publish failed
I (148441) CMD_U0: waiting for pending UART response ch=8 before next command
I (148462) CMD_U0: waiting for pending UART response ch=8 before next command
E (148462) MQTT: Publish failed
W (148462) TRANSPORT: No transport connected for broadcast
W (148463) MSG: Broadcast failed, falling back to MQTT
E (148463) MQTT: Publish failed
E (148481) MQTT: Publish failed
W (148481) TRANSPORT: No transport connected for broadcast
W (148481) MSG: Broadcast failed, falling back to MQTT
E (148482) MQTT: Publish failed
I (148482) CMD_U0: waiting for pending UART response ch=8 before next command
E (148502) MQTT: Publish failed
W (148502) TRANSPORT: No transport connected for broadcast
W (148502) MSG: Broadcast failed, falling back to MQTT
E (148503) MQTT: Publish failed
I (148503) CMD_U0: waiting for pending UART response ch=8 before next command
E (148527) MQTT: Publish failed
W (148527) TRANSPORT: No transport connected for broadcast
W (148527) MSG: Broadcast failed, falling back to MQTT
E (148528) MQTT: Publish failed
I (148529) CMD_U0: waiting for pending UART response ch=8 before next command
E (148553) MQTT: Publish failed
W (148553) TRANSPORT: No transport connected for broadcast
W (148553) MSG: Broadcast failed, falling back to MQTT
E (148554) MQTT: Publish failed
I (148555) CMD_U0: waiting for pending UART response ch=8 before next command
E (148578) MQTT: Publish failed
W (148578) TRANSPORT: No transport connected for broadcast
W (148578) MSG: Broadcast failed, falling back to MQTT
E (148579) MQTT: Publish failed
I (148581) CMD_U0: waiting for pending UART response ch=8 before next command
E (148603) MQTT: Publish failed
W (148603) TRANSPORT: No transport connected for broadcast
W (148603) MSG: Broadcast failed, falling back to MQTT
E (148604) MQTT: Publish failed
I (148607) CMD_U0: waiting for pending UART response ch=8 before next command
E (148629) MQTT: Publish failed
W (148629) TRANSPORT: No transport connected for broadcast
W (148629) MSG: Broadcast failed, falling back to MQTT
E (148630) MQTT: Publish failed
I (148633) CMD_U0: waiting for pending UART response ch=8 before next command
E (148654) MQTT: Publish failed
W (148654) TRANSPORT: No transport connected for broadcast
W (148654) MSG: Broadcast failed, falling back to MQTT
E (148655) MQTT: Publish failed
I (148659) CMD_U0: waiting for pending UART response ch=8 before next command
E (148679) MQTT: Publish failed
W (148679) TRANSPORT: No transport connected for broadcast
W (148679) MSG: Broadcast failed, falling back to MQTT
E (148680) MQTT: Publish failed
I (148680) CMD_U0: waiting for pending UART response ch=8 before next command
E (148684) MQTT: Publish failed
W (148684) TRANSPORT: No transport connected for broadcast
W (148685) MSG: Broadcast failed, falling back to MQTT
E (148685) MQTT: Publish failed
E (148700) MQTT: Publish failed
W (148700) TRANSPORT: No transport connected for broadcast
W (148700) MSG: Broadcast failed, falling back to MQTT
E (148701) MQTT: Publish failed
I (148701) CMD_U0: waiting for pending UART response ch=8 before next command
E (148725) MQTT: Publish failed
W (148725) TRANSPORT: No transport connected for broadcast
W (148725) MSG: Broadcast failed, falling back to MQTT
E (148726) MQTT: Publish failed
I (148727) CMD_U0: waiting for pending UART response ch=8 before next command
E (148750) MQTT: Publish failed
W (148750) TRANSPORT: No transport connected for broadcast
W (148750) MSG: Broadcast failed, falling back to MQTT
E (148751) MQTT: Publish failed
I (148753) CMD_U0: waiting for pending UART response ch=8 before next command
E (148776) MQTT: Publish failed
W (148776) TRANSPORT: No transport connected for broadcast
W (148776) MSG: Broadcast failed, falling back to MQTT
E (148777) MQTT: Publish failed
I (148779) CMD_U0: waiting for pending UART response ch=8 before next command
E (148801) MQTT: Publish failed
W (148801) TRANSPORT: No transport connected for broadcast
W (148801) MSG: Broadcast failed, falling back to MQTT
E (148802) MQTT: Publish failed
E (148804) MQTT: Publish failed
W (148804) TRANSPORT: No transport connected for broadcast
W (148804) MSG: Broadcast failed, falling back to MQTT
E (148804) MQTT: Publish failed
I (148805) CMD_U0: waiting for pending UART response ch=8 before next command
I (148827) CMD_U0: waiting for pending UART response ch=8 before next command
E (148827) MQTT: Publish failed
W (148828) TRANSPORT: No transport connected for broadcast
W (148828) MSG: Broadcast failed, falling back to MQTT
E (148828) MQTT: Publish failed
I (148849) CMD_U0: waiting for pending UART response ch=8 before next command
I (148874) CMD_U0: waiting for pending UART response ch=8 before next command
I (148900) CMD_U0: waiting for pending UART response ch=8 before next command
I (148926) CMD_U0: waiting for pending UART response ch=8 before next command
W (148941) RX_TASK: RX timeout slot1 type=1 reqID=0 (1001ms)
I (148952) CMD_U0: waiting for pending UART response ch=8 before next command
I (148978) CMD_U0: waiting for pending UART response ch=8 before next command
I (148980) CMD_U1: waiting for pending UART response ch=9 before next command
I (149000) CMD_U0: waiting for pending UART response ch=8 before next command
I (149025) CMD_U0: waiting for pending UART response ch=8 before next command
I (149051) CMD_U0: waiting for pending UART response ch=8 before next command
I (149077) CMD_U0: waiting for pending UART response ch=8 before next command
I (149103) CMD_U0: waiting for pending UART response ch=8 before next command
I (149129) CMD_U0: waiting for pending UART response ch=8 before next command
I (149150) CMD_U0: waiting for pending UART response ch=8 before next command
I (149171) CMD_U0: waiting for pending UART response ch=8 before next command
I (149192) CMD_U0: waiting for pending UART response ch=8 before next command
I (149218) CMD_U0: waiting for pending UART response ch=8 before next command
I (149245) CMD_U0: waiting for pending UART response ch=8 before next command
I (149272) CMD_U0: waiting for pending UART response ch=8 before next command
I (149293) CMD_U0: waiting for pending UART response ch=8 before next command
I (149318) CMD_U0: waiting for pending UART response ch=8 before next command
I (149339) CMD_U0: waiting for pending UART response ch=8 before next command
I (149365) CMD_U0: waiting for pending UART response ch=8 before next command
I (149391) CMD_U0: waiting for pending UART response ch=8 before next command
I (149418) CMD_U0: waiting for pending UART response ch=8 before next command
I (149443) CMD_U0: waiting for pending UART response ch=8 before next command
I (149469) CMD_U0: waiting for pending UART response ch=8 before next command
I (149495) CMD_U0: waiting for pending UART response ch=8 before next command
I (149516) CMD_U0: waiting for pending UART response ch=8 before next command
I (149542) CMD_U0: waiting for pending UART response ch=8 before next command
I (149568) CMD_U0: waiting for pending UART response ch=8 before next command
I (149594) CMD_U0: waiting for pending UART response ch=8 before next command
I (149620) CMD_U0: waiting for pending UART response ch=8 before next command
I (149646) CMD_U0: waiting for pending UART response ch=8 before next command
I (149667) CMD_U0: waiting for pending UART response ch=8 before next command
I (149693) CMD_U0: waiting for pending UART response ch=8 before next command
I (149714) CMD_U0: waiting for pending UART response ch=8 before next command
I (149740) CMD_U0: waiting for pending UART response ch=8 before next command
I (149766) CMD_U0: waiting for pending UART response ch=8 before next command
I (149792) CMD_U0: waiting for pending UART response ch=8 before next command
I (149818) CMD_U0: waiting for pending UART response ch=8 before next command
I (149844) CMD_U0: waiting for pending UART response ch=8 before next command
I (149865) CMD_U0: waiting for pending UART response ch=8 before next command
I (149886) CMD_U0: waiting for pending UART response ch=8 before next command
I (149912) CMD_U0: waiting for pending UART response ch=8 before next command
I (149938) CMD_U0: waiting for pending UART response ch=8 before next command
W (149964) RX_TASK: RX timeout slot1 type=1 reqID=0 (1001ms)
I (149964) CMD_U0: waiting for pending UART response ch=8 before next command
I (149990) CMD_U0: waiting for pending UART response ch=8 before next command
I (150004) CMD_U1: waiting for pending UART response ch=9 before next command
I (150011) CMD_U0: waiting for pending UART response ch=8 before next command
I (150036) CMD_U0: waiting for pending UART response ch=8 before next command
I (150062) CMD_U0: waiting for pending UART response ch=8 before next command
I (150088) CMD_U0: waiting for pending UART response ch=8 before next command
I (150109) CMD_U0: waiting for pending UART response ch=8 before next command
I (150135) CMD_U0: waiting for pending UART response ch=8 before next command
I (150161) CMD_U0: waiting for pending UART response ch=8 before next command
I (150187) CMD_U0: waiting for pending UART response ch=8 before next command
I (150213) CMD_U0: waiting for pending UART response ch=8 before next command
I (150239) CMD_U0: waiting for pending UART response ch=8 before next command
I (150260) CMD_U0: waiting for pending UART response ch=8 before next command
I (150282) CMD_U0: waiting for pending UART response ch=8 before next command
I (150307) CMD_U0: waiting for pending UART response ch=8 before next command
E (150330) MQTT: Publish failed
W (150330) TRANSPORT: No transport connected for broadcast
W (150330) MSG: Broadcast failed, falling back to MQTT
E (150331) MQTT: Publish failed
I (150333) CMD_U0: waiting for pending UART response ch=8 before next command
E (150356) MQTT: Publish failed
W (150356) TRANSPORT: No transport connected for broadcast
W (150356) MSG: Broadcast failed, falling back to MQTT
E (150357) MQTT: Publish failed
I (150359) CMD_U0: waiting for pending UART response ch=8 before next command
E (150381) MQTT: Publish failed
W (150381) TRANSPORT: No transport connected for broadcast
W (150381) MSG: Broadcast failed, falling back to MQTT
E (150382) MQTT: Publish failed
I (150385) CMD_U0: waiting for pending UART response ch=8 before next command
E (150407) MQTT: Publish failed
W (150407) TRANSPORT: No transport connected for broadcast
W (150407) MSG: Broadcast failed, falling back to MQTT
E (150408) MQTT: Publish failed
I (150411) CMD_U0: waiting for pending UART response ch=8 before next command
I (150432) CMD_U0: waiting for pending UART response ch=8 before next command
E (150432) MQTT: Publish failed
W (150432) TRANSPORT: No transport connected for broadcast
W (150433) MSG: Broadcast failed, falling back to MQTT
E (150433) MQTT: Publish failed
E (150452) MQTT: Publish failed
W (150452) TRANSPORT: No transport connected for broadcast
W (150452) MSG: Broadcast failed, falling back to MQTT
E (150453) MQTT: Publish failed
I (150457) CMD_U0: waiting for pending UART response ch=8 before next command
E (150478) MQTT: Publish failed
W (150478) TRANSPORT: No transport connected for broadcast
W (150478) MSG: Broadcast failed, falling back to MQTT
E (150479) MQTT: Publish failed
I (150483) CMD_U0: waiting for pending UART response ch=8 before next command
E (150503) MQTT: Publish failed
W (150503) TRANSPORT: No transport connected for broadcast
W (150503) MSG: Broadcast failed, falling back to MQTT
E (150504) MQTT: Publish failed
I (150504) CMD_U0: waiting for pending UART response ch=8 before next command
E (150523) MQTT: Publish failed
W (150523) TRANSPORT: No transport connected for broadcast
W (150524) MSG: Broadcast failed, falling back to MQTT
E (150524) MQTT: Publish failed
I (150525) CMD_U0: waiting for pending UART response ch=8 before next command
I (150552) CMD_U0: waiting for pending UART response ch=8 before next command
I (150577) CMD_U0: waiting for pending UART response ch=8 before next command
I (150603) CMD_U0: waiting for pending UART response ch=8 before next command
I (150630) CMD_U0: waiting for pending UART response ch=8 before next command
I (150656) CMD_U0: waiting for pending UART response ch=8 before next command
I (150676) CMD_U0: waiting for pending UART response ch=8 before next command
I (150697) CMD_U0: waiting for pending UART response ch=8 before next command
I (150723) CMD_U0: waiting for pending UART response ch=8 before next command
I (150749) CMD_U0: waiting for pending UART response ch=8 before next command
I (150775) CMD_U0: waiting for pending UART response ch=8 before next command
I (150801) CMD_U0: waiting for pending UART response ch=8 before next command
I (150822) CMD_U0: waiting for pending UART response ch=8 before next command
I (150847) CMD_U0: waiting for pending UART response ch=8 before next command
I (150868) CMD_U0: waiting for pending UART response ch=8 before next command
E (150868) MQTT: Publish failed
W (150868) TRANSPORT: No transport connected for broadcast
W (150869) MSG: Broadcast failed, falling back to MQTT
E (150869) MQTT: Publish failed
E (150888) MQTT: Publish failed
W (150888) TRANSPORT: No transport connected for broadcast
W (150888) MSG: Broadcast failed, falling back to MQTT
E (150889) MQTT: Publish failed
I (150893) CMD_U0: waiting for pending UART response ch=8 before next command
I (150914) CMD_U0: waiting for pending UART response ch=8 before next command
E (150914) MQTT: Publish failed
W (150915) TRANSPORT: No transport connected for broadcast
W (150915) MSG: Broadcast failed, falling back to MQTT
E (150915) MQTT: Publish failed
I (150934) CMD_U0: waiting for pending UART response ch=8 before next command
E (150934) MQTT: Publish failed
W (150935) TRANSPORT: No transport connected for broadcast
W (150935) MSG: Broadcast failed, falling back to MQTT
E (150935) MQTT: Publish failed
I (150954) CMD_U0: waiting for pending UART response ch=8 before next command
E (150954) MQTT: Publish failed
W (150955) TRANSPORT: No transport connected for broadcast
W (150955) MSG: Broadcast failed, falling back to MQTT
E (150955) MQTT: Publish failed
I (150974) CMD_U0: waiting for pending UART response ch=8 before next command
E (150974) MQTT: Publish failed
W (150975) TRANSPORT: No transport connected for broadcast
W (150975) MSG: Broadcast failed, falling back to MQTT
E (150975) MQTT: Publish failed
W (150988) RX_TASK: RX timeout slot1 type=1 reqID=0 (1001ms)
E (150988) MQTT: Publish failed
W (150988) TRANSPORT: No transport connected for broadcast
W (150989) MSG: Broadcast failed, falling back to MQTT
E (150989) MQTT: Publish failed
E (150995) MQTT: Publish failed
W (150995) TRANSPORT: No transport connected for broadcast
W (150995) MSG: Broadcast failed, falling back to MQTT
E (150996) MQTT: Publish failed
I (150999) CMD_U0: waiting for pending UART response ch=8 before next command
I (151007) SCHEDULER: Stats: samples=416 full=589 min_free=3
I (151020) CMD_U0: waiting for pending UART response ch=8 before next command
E (151020) MQTT: Publish failed
W (151021) TRANSPORT: No transport connected for broadcast
W (151021) MSG: Broadcast failed, falling back to MQTT
E (151021) MQTT: Publish failed
I (151027) CMD_U1: waiting for pending UART response ch=9 before next command
I (151040) CMD_U0: waiting for pending UART response ch=8 before next command
E (151040) MQTT: Publish failed
W (151041) TRANSPORT: No transport connected for broadcast
W (151041) MSG: Broadcast failed, falling back to MQTT
E (151041) MQTT: Publish failed
E (151061) MQTT: Publish failed
W (151061) TRANSPORT: No transport connected for broadcast
W (151061) MSG: Broadcast failed, falling back to MQTT
E (151062) MQTT: Publish failed
I (151065) CMD_U0: waiting for pending UART response ch=8 before next command
I (151086) CMD_U0: waiting for pending UART response ch=8 before next command
E (151086) MQTT: Publish failed
W (151087) TRANSPORT: No transport connected for broadcast
W (151087) MSG: Broadcast failed, falling back to MQTT
E (151087) MQTT: Publish failed
E (151107) MQTT: Publish failed
W (151107) TRANSPORT: No transport connected for broadcast
W (151107) MSG: Broadcast failed, falling back to MQTT
E (151108) MQTT: Publish failed
I (151111) CMD_U0: waiting for pending UART response ch=8 before next command
E (151132) MQTT: Publish failed
W (151132) TRANSPORT: No transport connected for broadcast
W (151132) MSG: Broadcast failed, falling back to MQTT
E (151133) MQTT: Publish failed
I (151137) CMD_U0: waiting for pending UART response ch=8 before next command
E (151157) MQTT: Publish failed
W (151157) TRANSPORT: No transport connected for broadcast
W (151157) MSG: Broadcast failed, falling back to MQTT
E (151158) MQTT: Publish failed
I (151158) CMD_U0: waiting for pending UART response ch=8 before next command
E (151178) MQTT: Publish failed
W (151178) TRANSPORT: No transport connected for broadcast
W (151178) MSG: Broadcast failed, falling back to MQTT
E (151179) MQTT: Publish failed
I (151179) CMD_U0: waiting for pending UART response ch=8 before next command
E (151203) MQTT: Publish failed
W (151203) TRANSPORT: No transport connected for broadcast
W (151203) MSG: Broadcast failed, falling back to MQTT
E (151204) MQTT: Publish failed
I (151205) CMD_U0: waiting for pending UART response ch=8 before next command
E (151228) MQTT: Publish failed
W (151228) TRANSPORT: No transport connected for broadcast
W (151228) MSG: Broadcast failed, falling back to MQTT
E (151229) MQTT: Publish failed
I (151231) CMD_U0: waiting for pending UART response ch=8 before next command
E (151254) MQTT: Publish failed
W (151254) TRANSPORT: No transport connected for broadcast
W (151254) MSG: Broadcast failed, falling back to MQTT
E (151255) MQTT: Publish failed
I (151257) CMD_U0: waiting for pending UART response ch=8 before next command
E (151279) MQTT: Publish failed
W (151279) TRANSPORT: No transport connected for broadcast
W (151279) MSG: Broadcast failed, falling back to MQTT
E (151280) MQTT: Publish failed
I (151283) CMD_U0: waiting for pending UART response ch=8 before next command
E (151304) MQTT: Publish failed
W (151304) TRANSPORT: No transport connected for broadcast
W (151304) MSG: Broadcast failed, falling back to MQTT
E (151305) MQTT: Publish failed
I (151309) CMD_U0: waiting for pending UART response ch=8 before next command
E (151330) MQTT: Publish failed
W (151330) TRANSPORT: No transport connected for broadcast
W (151330) MSG: Broadcast failed, falling back to MQTT
E (151331) MQTT: Publish failed
I (151335) CMD_U0: waiting for pending UART response ch=8 before next command
E (151355) MQTT: Publish failed
W (151355) TRANSPORT: No transport connected for broadcast
W (151355) MSG: Broadcast failed, falling back to MQTT
E (151356) MQTT: Publish failed
I (151356) CMD_U0: waiting for pending UART response ch=8 before next command
E (151380) MQTT: Publish failed
W (151380) TRANSPORT: No transport connected for broadcast
W (151380) MSG: Broadcast failed, falling back to MQTT
E (151381) MQTT: Publish failed
I (151382) CMD_U0: waiting for pending UART response ch=8 before next command
E (151406) MQTT: Publish failed
W (151406) TRANSPORT: No transport connected for broadcast
W (151406) MSG: Broadcast failed, falling back to MQTT
E (151407) MQTT: Publish failed
I (151408) CMD_U0: waiting for pending UART response ch=8 before next command
E (151431) MQTT: Publish failed
W (151431) TRANSPORT: No transport connected for broadcast
W (151431) MSG: Broadcast failed, falling back to MQTT
E (151432) MQTT: Publish failed
I (151434) CMD_U0: waiting for pending UART response ch=8 before next command
E (151456) MQTT: Publish failed
W (151456) TRANSPORT: No transport connected for broadcast
W (151456) MSG: Broadcast failed, falling back to MQTT
E (151457) MQTT: Publish failed
I (151460) CMD_U0: waiting for pending UART response ch=8 before next command
E (151482) MQTT: Publish failed
W (151482) TRANSPORT: No transport connected for broadcast
W (151482) MSG: Broadcast failed, falling back to MQTT
E (151483) MQTT: Publish failed
I (151486) CMD_U0: waiting for pending UART response ch=8 before next command
I (151507) CMD_U0: waiting for pending UART response ch=8 before next command
E (151507) MQTT: Publish failed
W (151508) TRANSPORT: No transport connected for broadcast
W (151508) MSG: Broadcast failed, falling back to MQTT
E (151508) MQTT: Publish failed
I (151527) CMD_U0: waiting for pending UART response ch=8 before next command
E (151527) MQTT: Publish failed
W (151528) TRANSPORT: No transport connected for broadcast
W (151528) MSG: Broadcast failed, falling back to MQTT
E (151528) MQTT: Publish failed
I (151547) CMD_U0: waiting for pending UART response ch=8 before next command
E (151547) MQTT: Publish failed
W (151548) TRANSPORT: No transport connected for broadcast
W (151548) MSG: Broadcast failed, falling back to MQTT
E (151548) MQTT: Publish failed
E (151568) MQTT: Publish failed
W (151568) TRANSPORT: No transport connected for broadcast
W (151568) MSG: Broadcast failed, falling back to MQTT
E (151569) MQTT: Publish failed
I (151572) CMD_U0: waiting for pending UART response ch=8 before next command
E (151593) MQTT: Publish failed
W (151593) TRANSPORT: No transport connected for broadcast
W (151593) MSG: Broadcast failed, falling back to MQTT
E (151594) MQTT: Publish failed
I (151598) CMD_U0: waiting for pending UART response ch=8 before next command
I (151619) CMD_U0: waiting for pending UART response ch=8 before next command
E (151619) MQTT: Publish failed
W (151620) TRANSPORT: No transport connected for broadcast
W (151620) MSG: Broadcast failed, falling back to MQTT
E (151620) MQTT: Publish failed
E (151639) MQTT: Publish failed
W (151639) TRANSPORT: No transport connected for broadcast
W (151639) MSG: Broadcast failed, falling back to MQTT
E (151640) MQTT: Publish failed
I (151644) CMD_U0: waiting for pending UART response ch=8 before next command
E (151664) MQTT: Publish failed
W (151664) TRANSPORT: No transport connected for broadcast
W (151664) MSG: Broadcast failed, falling back to MQTT
E (151665) MQTT: Publish failed
I (151665) CMD_U0: waiting for pending UART response ch=8 before next command
I (151686) CMD_U0: waiting for pending UART response ch=8 before next command
E (151710) MQTT: Publish failed
W (151710) TRANSPORT: No transport connected for broadcast
W (151711) MSG: Broadcast failed, falling back to MQTT
I (151712) CMD_U0: waiting for pending UART response ch=8 before next command
I (151738) CMD_U0: waiting for pending UART response ch=8 before next command
I (151763) CMD_U0: waiting for pending UART response ch=8 before next command
I (151789) CMD_U0: waiting for pending UART response ch=8 before next command
I (151815) CMD_U0: waiting for pending UART response ch=8 before next command
I (151841) CMD_U0: waiting for pending UART response ch=8 before next command
I (151862) CMD_U0: waiting for pending UART response ch=8 before next command
I (151884) CMD_U0: waiting for pending UART response ch=8 before next command
I (151904) CMD_U0: waiting for pending UART response ch=8 before next command
I (151930) CMD_U0: waiting for pending UART response ch=8 before next command
I (151956) CMD_U0: waiting for pending UART response ch=8 before next command
I (151982) CMD_U0: waiting for pending UART response ch=8 before next command
I (152008) CMD_U0: waiting for pending UART response ch=8 before next command
W (152011) RX_TASK: RX timeout slot1 type=1 reqID=0 (1001ms)
I (152034) CMD_U0: waiting for pending UART response ch=8 before next command
I (152050) CMD_U1: waiting for pending UART response ch=9 before next command
I (152055) CMD_U0: waiting for pending UART response ch=8 before next command
I (152080) CMD_U0: waiting for pending UART response ch=8 before next command
I (152101) CMD_U0: waiting for pending UART response ch=8 before next command
I (152122) CMD_U0: waiting for pending UART response ch=8 before next command
I (152143) CMD_U0: waiting for pending UART response ch=8 before next command
I (152169) CMD_U0: waiting for pending UART response ch=8 before next command
I (152195) CMD_U0: waiting for pending UART response ch=8 before next command
I (152221) CMD_U0: waiting for pending UART response ch=8 before next command
I (152247) CMD_U0: waiting for pending UART response ch=8 before next command
I (152273) CMD_U0: waiting for pending UART response ch=8 before next command
I (152299) CMD_U0: waiting for pending UART response ch=8 before next command
I (152320) CMD_U0: waiting for pending UART response ch=8 before next command
I (152341) CMD_U0: waiting for pending UART response ch=8 before next command
I (152367) CMD_U0: waiting for pending UART response ch=8 before next command
I (152393) CMD_U0: waiting for pending UART response ch=8 before next command
I (152419) CMD_U0: waiting for pending UART response ch=8 before next command
I (152445) CMD_U0: waiting for pending UART response ch=8 before next command
E (152466) MQTT: Publish failed
W (152466) TRANSPORT: No transport connected for broadcast
W (152466) MSG: Broadcast failed, falling back to MQTT
E (152467) MQTT: Publish failed
I (152471) CMD_U0: waiting for pending UART response ch=8 before next command
E (152492) MQTT: Publish failed
W (152492) TRANSPORT: No transport connected for broadcast
W (152492) MSG: Broadcast failed, falling back to MQTT
E (152493) MQTT: Publish failed
I (152497) CMD_U0: waiting for pending UART response ch=8 before next command
E (152517) MQTT: Publish failed
W (152517) TRANSPORT: No transport connected for broadcast
W (152517) MSG: Broadcast failed, falling back to MQTT
E (152518) MQTT: Publish failed
I (152518) CMD_U0: waiting for pending UART response ch=8 before next command
E (152537) MQTT: Publish failed
W (152537) TRANSPORT: No transport connected for broadcast
W (152537) MSG: Broadcast failed, falling back to MQTT
E (152538) MQTT: Publish failed
I (152539) CMD_U0: waiting for pending UART response ch=8 before next command
E (152563) MQTT: Publish failed
W (152563) TRANSPORT: No transport connected for broadcast
W (152563) MSG: Broadcast failed, falling back to MQTT
E (152564) MQTT: Publish failed
I (152565) CMD_U0: waiting for pending UART response ch=8 before next command
E (152588) MQTT: Publish failed
W (152588) TRANSPORT: No transport connected for broadcast
W (152588) MSG: Broadcast failed, falling back to MQTT
E (152589) MQTT: Publish failed
I (152591) CMD_U0: waiting for pending UART response ch=8 before next command
E (152613) MQTT: Publish failed
W (152613) TRANSPORT: No transport connected for broadcast
W (152613) MSG: Broadcast failed, falling back to MQTT
E (152614) MQTT: Publish failed
I (152617) CMD_U0: waiting for pending UART response ch=8 before next command
E (152638) MQTT: Publish failed
W (152638) TRANSPORT: No transport connected for broadcast
W (152638) MSG: Broadcast failed, falling back to MQTT
E (152639) MQTT: Publish failed
I (152643) CMD_U0: waiting for pending UART response ch=8 before next command
E (152664) MQTT: Publish failed
W (152664) TRANSPORT: No transport connected for broadcast
W (152664) MSG: Broadcast failed, falling back to MQTT
E (152665) MQTT: Publish failed
I (152669) CMD_U0: waiting for pending UART response ch=8 before next command
E (152689) MQTT: Publish failed
W (152689) TRANSPORT: No transport connected for broadcast
W (152689) MSG: Broadcast failed, falling back to MQTT
E (152690) MQTT: Publish failed
I (152690) CMD_U0: waiting for pending UART response ch=8 before next command
E (152698) MQTT: Publish failed
W (152698) TRANSPORT: No transport connected for broadcast
W (152698) MSG: Broadcast failed, falling back to MQTT
E (152698) MQTT: Publish failed
E (152709) MQTT: Publish failed
W (152709) TRANSPORT: No transport connected for broadcast
W (152709) MSG: Broadcast failed, falling back to MQTT
E (152710) MQTT: Publish failed
I (152711) CMD_U0: waiting for pending UART response ch=8 before next command
E (152735) MQTT: Publish failed
W (152735) TRANSPORT: No transport connected for broadcast
W (152735) MSG: Broadcast failed, falling back to MQTT
E (152736) MQTT: Publish failed
I (152737) CMD_U0: waiting for pending UART response ch=8 before next command
E (152760) MQTT: Publish failed
W (152760) TRANSPORT: No transport connected for broadcast
W (152760) MSG: Broadcast failed, falling back to MQTT
E (152761) MQTT: Publish failed
I (152763) CMD_U0: waiting for pending UART response ch=8 before next command
E (152785) MQTT: Publish failed
W (152785) TRANSPORT: No transport connected for broadcast
W (152785) MSG: Broadcast failed, falling back to MQTT
E (152786) MQTT: Publish failed
I (152789) CMD_U0: waiting for pending UART response ch=8 before next command
E (152804) MQTT: Publish failed
W (152804) TRANSPORT: No transport connected for broadcast
W (152804) MSG: Broadcast failed, falling back to MQTT
E (152804) MQTT: Publish failed
E (152811) MQTT: Publish failed
W (152811) TRANSPORT: No transport connected for broadcast
W (152811) MSG: Broadcast failed, falling back to MQTT
E (152812) MQTT: Publish failed
I (152815) CMD_U0: waiting for pending UART response ch=8 before next command
E (152836) MQTT: Publish failed
W (152836) TRANSPORT: No transport connected for broadcast
W (152836) MSG: Broadcast failed, falling back to MQTT
E (152837) MQTT: Publish failed
I (152842) CMD_U0: waiting for pending UART response ch=8 before next command
E (152861) MQTT: Publish failed
W (152861) TRANSPORT: No transport connected for broadcast
W (152861) MSG: Broadcast failed, falling back to MQTT
E (152862) MQTT: Publish failed
I (152862) CMD_U0: waiting for pending UART response ch=8 before next command
E (152882) MQTT: Publish failed
W (152882) TRANSPORT: No transport connected for broadcast
W (152882) MSG: Broadcast failed, falling back to MQTT
E (152883) MQTT: Publish failed
I (152883) CMD_U0: waiting for pending UART response ch=8 before next command
E (152907) MQTT: Publish failed
W (152907) TRANSPORT: No transport connected for broadcast
W (152907) MSG: Broadcast failed, falling back to MQTT
E (152908) MQTT: Publish failed
I (152909) CMD_U0: waiting for pending UART response ch=8 before next command
E (152932) MQTT: Publish failed
W (152932) TRANSPORT: No transport connected for broadcast
W (152932) MSG: Broadcast failed, falling back to MQTT
E (152933) MQTT: Publish failed
I (152935) CMD_U0: waiting for pending UART response ch=8 before next command
E (152958) MQTT: Publish failed
W (152958) TRANSPORT: No transport connected for broadcast
W (152958) MSG: Broadcast failed, falling back to MQTT
E (152959) MQTT: Publish failed
I (152961) CMD_U0: waiting for pending UART response ch=8 before next command
E (152983) MQTT: Publish failed
W (152983) TRANSPORT: No transport connected for broadcast
W (152983) MSG: Broadcast failed, falling back to MQTT
E (152984) MQTT: Publish failed
I (152987) CMD_U0: waiting for pending UART response ch=8 before next command
E (153009) MQTT: Publish failed
W (153009) TRANSPORT: No transport connected for broadcast
W (153009) MSG: Broadcast failed, falling back to MQTT
E (153010) MQTT: Publish failed
I (153013) CMD_U0: waiting for pending UART response ch=8 before next command
W (153035) RX_TASK: RX timeout slot1 type=1 reqID=0 (1001ms)
I (153036) CMD_U0: waiting for pending UART response ch=8 before next command
E (153040) MQTT: Publish failed
W (153040) TRANSPORT: No transport connected for broadcast
W (153040) MSG: Broadcast failed, falling back to MQTT
E (153041) MQTT: Publish failed
I (153057) CMD_U0: waiting for pending UART response ch=8 before next command
I (153073) CMD_U1: waiting for pending UART response ch=9 before next command
I (153083) CMD_U0: waiting for pending UART response ch=8 before next command
I (153109) CMD_U0: waiting for pending UART response ch=8 before next command
I (153135) CMD_U0: waiting for pending UART response ch=8 before next command
I (153161) CMD_U0: waiting for pending UART response ch=8 before next command
I (153182) CMD_U0: waiting for pending UART response ch=8 before next command
I (153202) CMD_U0: waiting for pending UART response ch=8 before next command
I (153223) CMD_U0: waiting for pending UART response ch=8 before next command
I (153244) CMD_U0: waiting for pending UART response ch=8 before next command
I (153270) CMD_U0: waiting for pending UART response ch=8 before next command
E (153293) MQTT: Publish failed
W (153293) TRANSPORT: No transport connected for broadcast
W (153293) MSG: Broadcast failed, falling back to MQTT
E (153294) MQTT: Publish failed
I (153296) CMD_U0: waiting for pending UART response ch=8 before next command
E (153318) MQTT: Publish failed
W (153318) TRANSPORT: No transport connected for broadcast
W (153318) MSG: Broadcast failed, falling back to MQTT
E (153319) MQTT: Publish failed
I (153322) CMD_U0: waiting for pending UART response ch=8 before next command
E (153344) MQTT: Publish failed
W (153344) TRANSPORT: No transport connected for broadcast
W (153344) MSG: Broadcast failed, falling back to MQTT
E (153345) MQTT: Publish failed
I (153348) CMD_U0: waiting for pending UART response ch=8 before next command
E (153369) MQTT: Publish failed
W (153369) TRANSPORT: No transport connected for broadcast
W (153369) MSG: Broadcast failed, falling back to MQTT
E (153370) MQTT: Publish failed
I (153374) CMD_U0: waiting for pending UART response ch=8 before next command
E (153394) MQTT: Publish failed
W (153394) TRANSPORT: No transport connected for broadcast
W (153394) MSG: Broadcast failed, falling back to MQTT
E (153395) MQTT: Publish failed
I (153395) CMD_U0: waiting for pending UART response ch=8 before next command
E (153415) MQTT: Publish failed
W (153415) TRANSPORT: No transport connected for broadcast
W (153415) MSG: Broadcast failed, falling back to MQTT
E (153416) MQTT: Publish failed
I (153416) CMD_U0: waiting for pending UART response ch=8 before next command
E (153440) MQTT: Publish failed
W (153440) TRANSPORT: No transport connected for broadcast
W (153440) MSG: Broadcast failed, falling back to MQTT
E (153441) MQTT: Publish failed
I (153442) CMD_U0: waiting for pending UART response ch=8 before next command
E (153465) MQTT: Publish failed
W (153465) TRANSPORT: No transport connected for broadcast
W (153465) MSG: Broadcast failed, falling back to MQTT
E (153466) MQTT: Publish failed
I (153468) CMD_U0: waiting for pending UART response ch=8 before next command
E (153491) MQTT: Publish failed
W (153491) TRANSPORT: No transport connected for broadcast
W (153491) MSG: Broadcast failed, falling back to MQTT
E (153492) MQTT: Publish failed
I (153494) CMD_U0: waiting for pending UART response ch=8 before next command
E (153516) MQTT: Publish failed
W (153516) TRANSPORT: No transport connected for broadcast
W (153516) MSG: Broadcast failed, falling back to MQTT
E (153517) MQTT: Publish failed
I (153520) CMD_U0: waiting for pending UART response ch=8 before next command
E (153541) MQTT: Publish failed
W (153541) TRANSPORT: No transport connected for broadcast
W (153541) MSG: Broadcast failed, falling back to MQTT
E (153542) MQTT: Publish failed
I (153546) CMD_U0: waiting for pending UART response ch=8 before next command
E (153567) MQTT: Publish failed
W (153567) TRANSPORT: No transport connected for broadcast
W (153567) MSG: Broadcast failed, falling back to MQTT
E (153568) MQTT: Publish failed
I (153572) CMD_U0: waiting for pending UART response ch=8 before next command
E (153592) MQTT: Publish failed
W (153592) TRANSPORT: No transport connected for broadcast
W (153592) MSG: Broadcast failed, falling back to MQTT
E (153593) MQTT: Publish failed
I (153593) CMD_U0: waiting for pending UART response ch=8 before next command
E (153612) MQTT: Publish failed
W (153612) TRANSPORT: No transport connected for broadcast
W (153612) MSG: Broadcast failed, falling back to MQTT
E (153613) MQTT: Publish failed
I (153614) CMD_U0: waiting for pending UART response ch=8 before next command
E (153638) MQTT: Publish failed
W (153638) TRANSPORT: No transport connected for broadcast
W (153638) MSG: Broadcast failed, falling back to MQTT
E (153639) MQTT: Publish failed
I (153640) CMD_U0: waiting for pending UART response ch=8 before next command
E (153663) MQTT: Publish failed
W (153663) TRANSPORT: No transport connected for broadcast
W (153663) MSG: Broadcast failed, falling back to MQTT
E (153664) MQTT: Publish failed
I (153666) CMD_U0: waiting for pending UART response ch=8 before next command
E (153689) MQTT: Publish failed
W (153689) TRANSPORT: No transport connected for broadcast
W (153689) MSG: Broadcast failed, falling back to MQTT
E (153690) MQTT: Publish failed
I (153692) CMD_U0: waiting for pending UART response ch=8 before next command
E (153701) MQTT: Publish failed
W (153702) TRANSPORT: No transport connected for broadcast
W (153702) MSG: Broadcast failed, falling back to MQTT
E (153702) MQTT: Publish failed
E (153714) MQTT: Publish failed
W (153714) TRANSPORT: No transport connected for broadcast
W (153714) MSG: Broadcast failed, falling back to MQTT
E (153715) MQTT: Publish failed
I (153718) CMD_U0: waiting for pending UART response ch=8 before next command
I (153739) CMD_U0: waiting for pending UART response ch=8 before next command
E (153739) MQTT: Publish failed
W (153740) TRANSPORT: No transport connected for broadcast
W (153740) MSG: Broadcast failed, falling back to MQTT
E (153740) MQTT: Publish failed
E (153760) MQTT: Publish failed
W (153760) TRANSPORT: No transport connected for broadcast
W (153760) MSG: Broadcast failed, falling back to MQTT
E (153761) MQTT: Publish failed
I (153764) CMD_U0: waiting for pending UART response ch=8 before next command
I (153785) CMD_U0: waiting for pending UART response ch=8 before next command
E (153785) MQTT: Publish failed
W (153786) TRANSPORT: No transport connected for broadcast
W (153786) MSG: Broadcast failed, falling back to MQTT
E (153786) MQTT: Publish failed
E (153804) MQTT: Publish failed
W (153804) TRANSPORT: No transport connected for broadcast
W (153804) MSG: Broadcast failed, falling back to MQTT
E (153804) MQTT: Publish failed
E (153805) MQTT: Publish failed
W (153805) TRANSPORT: No transport connected for broadcast
W (153805) MSG: Broadcast failed, falling back to MQTT
E (153806) MQTT: Publish failed
I (153810) CMD_U0: waiting for pending UART response ch=8 before next command
E (153830) MQTT: Publish failed
W (153830) TRANSPORT: No transport connected for broadcast
W (153830) MSG: Broadcast failed, falling back to MQTT
E (153831) MQTT: Publish failed
I (153831) CMD_U0: waiting for pending UART response ch=8 before next command
E (153851) MQTT: Publish failed
W (153851) TRANSPORT: No transport connected for broadcast
W (153851) MSG: Broadcast failed, falling back to MQTT
E (153852) MQTT: Publish failed
I (153852) CMD_U0: waiting for pending UART response ch=8 before next command
E (153876) MQTT: Publish failed
W (153876) TRANSPORT: No transport connected for broadcast
W (153876) MSG: Broadcast failed, falling back to MQTT
E (153877) MQTT: Publish failed
I (153878) CMD_U0: waiting for pending UART response ch=8 before next command
E (153901) MQTT: Publish failed
W (153901) TRANSPORT: No transport connected for broadcast
W (153901) MSG: Broadcast failed, falling back to MQTT
E (153902) MQTT: Publish failed
I (153904) CMD_U0: waiting for pending UART response ch=8 before next command
E (153927) MQTT: Publish failed
W (153927) TRANSPORT: No transport connected for broadcast
W (153927) MSG: Broadcast failed, falling back to MQTT
E (153928) MQTT: Publish failed
I (153930) CMD_U0: waiting for pending UART response ch=8 before next command
E (153952) MQTT: Publish failed
W (153952) TRANSPORT: No transport connected for broadcast
W (153952) MSG: Broadcast failed, falling back to MQTT
E (153953) MQTT: Publish failed
I (153956) CMD_U0: waiting for pending UART response ch=8 before next command
E (153977) MQTT: Publish failed
W (153977) TRANSPORT: No transport connected for broadcast
W (153977) MSG: Broadcast failed, falling back to MQTT
E (153978) MQTT: Publish failed
I (153982) CMD_U0: waiting for pending UART response ch=8 before next command
E (154003) MQTT: Publish failed
W (154003) TRANSPORT: No transport connected for broadcast
W (154003) MSG: Broadcast failed, falling back to MQTT
E (154004) MQTT: Publish failed
I (154008) CMD_U0: waiting for pending UART response ch=8 before next command
E (154028) MQTT: Publish failed
W (154028) TRANSPORT: No transport connected for broadcast
W (154028) MSG: Broadcast failed, falling back to MQTT
E (154029) MQTT: Publish failed
I (154029) CMD_U0: waiting for pending UART response ch=8 before next command
E (154048) MQTT: Publish failed
W (154048) TRANSPORT: No transport connected for broadcast
W (154048) MSG: Broadcast failed, falling back to MQTT
E (154049) MQTT: Publish failed
I (154050) CMD_U0: waiting for pending UART response ch=8 before next command
W (154057) RX_TASK: RX timeout slot1 type=1 reqID=0 (1001ms)
E (154058) MQTT: Publish failed
W (154058) TRANSPORT: No transport connected for broadcast
W (154058) MSG: Broadcast failed, falling back to MQTT
E (154059) MQTT: Publish failed
E (154074) MQTT: Publish failed
W (154074) TRANSPORT: No transport connected for broadcast
W (154074) MSG: Broadcast failed, falling back to MQTT
I (154075) CMD_U1: waiting for pending UART response ch=9 before next command
E (154075) MQTT: Publish failed
I (154076) CMD_U0: waiting for pending UART response ch=8 before next command
E (154099) MQTT: Publish failed
W (154099) TRANSPORT: No transport connected for broadcast
W (154099) MSG: Broadcast failed, falling back to MQTT
E (154100) MQTT: Publish failed
I (154102) CMD_U0: waiting for pending UART response ch=8 before next command
I (154129) CMD_U0: waiting for pending UART response ch=8 before next command
I (154154) CMD_U0: waiting for pending UART response ch=8 before next command
I (154175) CMD_U0: waiting for pending UART response ch=8 before next command
I (154196) CMD_U0: waiting for pending UART response ch=8 before next command
I (154217) CMD_U0: waiting for pending UART response ch=8 before next command
I (154244) CMD_U0: waiting for pending UART response ch=8 before next command
I (154270) CMD_U0: waiting for pending UART response ch=8 before next command
I (154296) CMD_U0: waiting for pending UART response ch=8 before next command
I (154317) CMD_U0: waiting for pending UART response ch=8 before next command
I (154338) CMD_U0: waiting for pending UART response ch=8 before next command
I (154358) CMD_U0: waiting for pending UART response ch=8 before next command
I (154379) CMD_U0: waiting for pending UART response ch=8 before next command
I (154405) CMD_U0: waiting for pending UART response ch=8 before next command
I (154431) CMD_U0: waiting for pending UART response ch=8 before next command
I (154457) CMD_U0: waiting for pending UART response ch=8 before next command
I (154483) CMD_U0: waiting for pending UART response ch=8 before next command
I (154509) CMD_U0: waiting for pending UART response ch=8 before next command
I (154530) CMD_U0: waiting for pending UART response ch=8 before next command
I (154551) CMD_U0: waiting for pending UART response ch=8 before next command
I (154577) CMD_U0: waiting for pending UART response ch=8 before next command
I (154604) CMD_U0: waiting for pending UART response ch=8 before next command
I (154629) CMD_U0: waiting for pending UART response ch=8 before next command
I (154655) CMD_U0: waiting for pending UART response ch=8 before next command
I (154682) CMD_U0: waiting for pending UART response ch=8 before next command
I (154707) CMD_U0: waiting for pending UART response ch=8 before next command
I (154728) CMD_U0: waiting for pending UART response ch=8 before next command
I (154749) CMD_U0: waiting for pending UART response ch=8 before next command
I (154773) RX_TASK: Stats: events=410 completions=421 report_drop=0 report_q_high=2
I (154776) CMD_U0: waiting for pending UART response ch=8 before next command
I (154801) CMD_U0: waiting for pending UART response ch=8 before next command
I (154827) CMD_U0: waiting for pending UART response ch=8 before next command
I (154853) CMD_U0: waiting for pending UART response ch=8 before next command
I (154879) CMD_U0: waiting for pending UART response ch=8 before next command
I (154905) CMD_U0: waiting for pending UART response ch=8 before next command
I (154926) CMD_U0: waiting for pending UART response ch=8 before next command
I (154952) CMD_U0: waiting for pending UART response ch=8 before next command
I (154978) CMD_U0: waiting for pending UART response ch=8 before next command
I (155004) CMD_U0: waiting for pending UART response ch=8 before next command
I (155030) CMD_U0: waiting for pending UART response ch=8 before next command
I (155056) CMD_U0: waiting for pending UART response ch=8 before next command
W (155059) RX_TASK: RX timeout slot1 type=1 reqID=0 (1001ms)
I (155077) CMD_U1: waiting for pending UART response ch=9 before next command
I (155078) CMD_U0: waiting for pending UART response ch=8 before next command
I (155098) CMD_U0: waiting for pending UART response ch=8 before next command
I (155119) CMD_U0: waiting for pending UART response ch=8 before next command
I (155145) CMD_U0: waiting for pending UART response ch=8 before next command
I (155171) CMD_U0: waiting for pending UART response ch=8 before next command
I (155197) CMD_U0: waiting for pending UART response ch=8 before next command
I (155223) CMD_U0: waiting for pending UART response ch=8 before next command
I (155244) CMD_U0: waiting for pending UART response ch=8 before next command
I (155269) CMD_U0: waiting for pending UART response ch=8 before next command
I (155290) CMD_U0: waiting for pending UART response ch=8 before next command
I (155311) CMD_U0: waiting for pending UART response ch=8 before next command
I (155337) CMD_U0: waiting for pending UART response ch=8 before next command
I (155363) CMD_U0: waiting for pending UART response ch=8 before next command
I (155389) CMD_U0: waiting for pending UART response ch=8 before next command
I (155415) CMD_U0: waiting for pending UART response ch=8 before next command
I (155436) CMD_U0: waiting for pending UART response ch=8 before next command
I (155461) CMD_U0: waiting for pending UART response ch=8 before next command
I (155487) CMD_U0: waiting for pending UART response ch=8 before next command
I (155508) CMD_U0: waiting for pending UART response ch=8 before next command
I (155529) CMD_U0: waiting for pending UART response ch=8 before next command
I (155555) CMD_U0: waiting for pending UART response ch=8 before next command
I (155581) CMD_U0: waiting for pending UART response ch=8 before next command
I (155607) CMD_U0: waiting for pending UART response ch=8 before next command
I (155633) CMD_U0: waiting for pending UART response ch=8 before next command
I (155654) CMD_U0: waiting for pending UART response ch=8 before next command
I (155679) CMD_U0: waiting for pending UART response ch=8 before next command
I (155705) CMD_U0: waiting for pending UART response ch=8 before next command
E (155716) MQTT: Publish failed
W (155717) TRANSPORT: No transport connected for broadcast
W (155717) MSG: Broadcast failed, falling back to MQTT
E (155717) MQTT: Publish failed
I (155726) CMD_U0: waiting for pending UART response ch=8 before next command
E (155746) MQTT: Publish failed
W (155746) TRANSPORT: No transport connected for broadcast
W (155746) MSG: Broadcast failed, falling back to MQTT
E (155747) MQTT: Publish failed
I (155747) CMD_U0: waiting for pending UART response ch=8 before next command
E (155771) MQTT: Publish failed
W (155771) TRANSPORT: No transport connected for broadcast
W (155771) MSG: Broadcast failed, falling back to MQTT
E (155772) MQTT: Publish failed
I (155773) CMD_U0: waiting for pending UART response ch=8 before next command
E (155796) MQTT: Publish failed
W (155796) TRANSPORT: No transport connected for broadcast
W (155796) MSG: Broadcast failed, falling back to MQTT
E (155797) MQTT: Publish failed
I (155799) CMD_U0: waiting for pending UART response ch=8 before next command
E (155804) MQTT: Publish failed
W (155804) TRANSPORT: No transport connected for broadcast
W (155805) MSG: Broadcast failed, falling back to MQTT
E (155805) MQTT: Publish failed
E (155822) MQTT: Publish failed
W (155822) TRANSPORT: No transport connected for broadcast
W (155822) MSG: Broadcast failed, falling back to MQTT
E (155823) MQTT: Publish failed
I (155825) CMD_U0: waiting for pending UART response ch=8 before next command
I (155851) CMD_U0: waiting for pending UART response ch=8 before next command
I (155872) CMD_U0: waiting for pending UART response ch=8 before next command
I (155893) CMD_U0: waiting for pending UART response ch=8 before next command
I (155914) CMD_U0: waiting for pending UART response ch=8 before next command
I (155940) CMD_U0: waiting for pending UART response ch=8 before next command
I (155966) CMD_U0: waiting for pending UART response ch=8 before next command
I (155993) CMD_U0: waiting for pending UART response ch=8 before next command
I (156018) CMD_U0: waiting for pending UART response ch=8 before next command
I (156044) CMD_U0: waiting for pending UART response ch=8 before next command
W (156061) RX_TASK: RX timeout slot1 type=1 reqID=0 (1001ms)
I (156070) CMD_U0: Stats: txn=411 err=0 (100%) no_ctx=0
I (156071) CMD_U0: waiting for pending UART response ch=8 before next command
I (156092) CMD_U0: waiting for pending UART response ch=8 before next command
I (156100) CMD_U1: Stats: txn=10 err=0 (100%) no_ctx=0
I (156101) CMD_U1: waiting for pending UART response ch=9 before next command
I (156112) CMD_U0: waiting for pending UART response ch=8 before next command
I (156133) CMD_U0: waiting for pending UART response ch=8 before next command
I (156154) CMD_U0: waiting for pending UART response ch=8 before next command
I (156179) CMD_U0: waiting for pending UART response ch=8 before next command
I (156205) CMD_U0: waiting for pending UART response ch=8 before next command
I (156232) CMD_U0: waiting for pending UART response ch=8 before next command
I (156258) CMD_U0: waiting for pending UART response ch=8 before next command
I (156283) CMD_U0: waiting for pending UART response ch=8 before next command
I (156305) CMD_U0: waiting for pending UART response ch=8 before next command
I (156331) CMD_U0: waiting for pending UART response ch=8 before next command
I (156358) CMD_U0: waiting for pending UART response ch=8 before next command
I (156384) CMD_U0: waiting for pending UART response ch=8 before next command
I (156409) CMD_U0: waiting for pending UART response ch=8 before next command
I (156435) CMD_U0: waiting for pending UART response ch=8 before next command
I (156457) CMD_U0: waiting for pending UART response ch=8 before next command
I (156477) CMD_U0: waiting for pending UART response ch=8 before next command
I (156497) CMD_U0: waiting for pending UART response ch=8 before next command
I (156518) CMD_U0: waiting for pending UART response ch=8 before next command
I (156544) CMD_U0: waiting for pending UART response ch=8 before next command
I (156570) CMD_U0: waiting for pending UART response ch=8 before next command
I (156596) CMD_U0: waiting for pending UART response ch=8 before next command
I (156622) CMD_U0: waiting for pending UART response ch=8 before next command
I (156648) CMD_U0: waiting for pending UART response ch=8 before next command
I (156674) CMD_U0: waiting for pending UART response ch=8 before next command
I (156695) CMD_U0: waiting for pending UART response ch=8 before next command
I (156716) CMD_U0: waiting for pending UART response ch=8 before next command
I (156742) CMD_U0: waiting for pending UART response ch=8 before next command
I (156768) CMD_U0: waiting for pending UART response ch=8 before next command
I (156794) CMD_U0: waiting for pending UART response ch=8 before next command
I (156820) CMD_U0: waiting for pending UART response ch=8 before next command
I (156841) CMD_U0: waiting for pending UART response ch=8 before next command
I (156862) CMD_U0: waiting for pending UART response ch=8 before next command
I (156883) CMD_U0: waiting for pending UART response ch=8 before next command
I (156909) CMD_U0: waiting for pending UART response ch=8 before next command
I (156935) CMD_U0: waiting for pending UART response ch=8 before next command
I (156961) CMD_U0: waiting for pending UART response ch=8 before next command
I (156987) CMD_U0: waiting for pending UART response ch=8 before next command
I (157008) CMD_U0: waiting for pending UART response ch=8 before next command
I (157033) CMD_U0: waiting for pending UART response ch=8 before next command
I (157054) CMD_U0: waiting for pending UART response ch=8 before next command
I (157079) CMD_U0: waiting for pending UART response ch=8 before next command
W (157084) RX_TASK: RX timeout slot1 type=1 reqID=0 (1001ms)
I (157105) CMD_U0: waiting for pending UART response ch=8 before next command
I (157125) CMD_U1: waiting for pending UART response ch=9 before next command
I (157126) CMD_U0: waiting for pending UART response ch=8 before next command
I (157147) CMD_U0: waiting for pending UART response ch=8 before next command
I (157173) CMD_U0: waiting for pending UART response ch=8 before next command
I (157199) CMD_U0: waiting for pending UART response ch=8 before next command
I (157225) CMD_U0: waiting for pending UART response ch=8 before next command
I (157251) CMD_U0: waiting for pending UART response ch=8 before next command
I (157277) CMD_U0: waiting for pending UART response ch=8 before next command
I (157298) CMD_U0: waiting for pending UART response ch=8 before next command
I (157319) CMD_U0: waiting for pending UART response ch=8 before next command
I (157345) CMD_U0: waiting for pending UART response ch=8 before next command
I (157371) CMD_U0: waiting for pending UART response ch=8 before next command
E (157394) MQTT: Publish failed
W (157394) TRANSPORT: No transport connected for broadcast
W (157394) MSG: Broadcast failed, falling back to MQTT
E (157395) MQTT: Publish failed
I (157397) CMD_U0: waiting for pending UART response ch=8 before next command
E (157419) MQTT: Publish failed
W (157419) TRANSPORT: No transport connected for broadcast
W (157419) MSG: Broadcast failed, falling back to MQTT
E (157420) MQTT: Publish failed
I (157423) CMD_U0: waiting for pending UART response ch=8 before next command
I (157444) CMD_U0: waiting for pending UART response ch=8 before next command
E (157444) MQTT: Publish failed
W (157445) TRANSPORT: No transport connected for broadcast
W (157445) MSG: Broadcast failed, falling back to MQTT
E (157445) MQTT: Publish failed
E (157464) MQTT: Publish failed
W (157464) TRANSPORT: No transport connected for broadcast
W (157464) MSG: Broadcast failed, falling back to MQTT
E (157465) MQTT: Publish failed
I (157469) CMD_U0: waiting for pending UART response ch=8 before next command
E (157490) MQTT: Publish failed
W (157490) TRANSPORT: No transport connected for broadcast
W (157490) MSG: Broadcast failed, falling back to MQTT
E (157491) MQTT: Publish failed
I (157495) CMD_U0: waiting for pending UART response ch=8 before next command
E (157515) MQTT: Publish failed
W (157515) TRANSPORT: No transport connected for broadcast
W (157515) MSG: Broadcast failed, falling back to MQTT
E (157516) MQTT: Publish failed
I (157516) CMD_U0: waiting for pending UART response ch=8 before next command
E (157535) MQTT: Publish failed
W (157535) TRANSPORT: No transport connected for broadcast
W (157535) MSG: Broadcast failed, falling back to MQTT
E (157536) MQTT: Publish failed
I (157537) CMD_U0: waiting for pending UART response ch=8 before next command
E (157561) MQTT: Publish failed
W (157561) TRANSPORT: No transport connected for broadcast
W (157561) MSG: Broadcast failed, falling back to MQTT
E (157562) MQTT: Publish failed
I (157563) CMD_U0: waiting for pending UART response ch=8 before next command
I (157590) CMD_U0: waiting for pending UART response ch=8 before next command
I (157611) CMD_U0: waiting for pending UART response ch=8 before next command
I (157637) CMD_U0: waiting for pending UART response ch=8 before next command
I (157658) CMD_U0: waiting for pending UART response ch=8 before next command
I (157684) CMD_U0: waiting for pending UART response ch=8 before next command
I (157710) CMD_U0: waiting for pending UART response ch=8 before next command
I (157736) CMD_U0: waiting for pending UART response ch=8 before next command
I (157762) CMD_U0: waiting for pending UART response ch=8 before next command
I (157784) CMD_U0: waiting for pending UART response ch=8 before next command
I (157805) CMD_U0: waiting for pending UART response ch=8 before next command
I (157831) CMD_U0: waiting for pending UART response ch=8 before next command
I (157857) CMD_U0: waiting for pending UART response ch=8 before next command
I (157883) CMD_U0: waiting for pending UART response ch=8 before next command
I (157909) CMD_U0: waiting for pending UART response ch=8 before next command
I (157930) CMD_U0: waiting for pending UART response ch=8 before next command
I (157956) CMD_U0: waiting for pending UART response ch=8 before next command
I (157977) CMD_U0: waiting for pending UART response ch=8 before next command
I (158004) CMD_U0: waiting for pending UART response ch=8 before next command
I (158029) CMD_U0: waiting for pending UART response ch=8 before next command
I (158055) CMD_U0: waiting for pending UART response ch=8 before next command
I (158081) CMD_U0: waiting for pending UART response ch=8 before next command
I (158107) CMD_U0: waiting for pending UART response ch=8 before next command
W (158109) RX_TASK: RX timeout slot1 type=1 reqID=0 (1001ms)
I (158129) CMD_U0: waiting for pending UART response ch=8 before next command
I (158148) CMD_U1: waiting for pending UART response ch=9 before next command
I (158149) CMD_U0: waiting for pending UART response ch=8 before next command
I (158170) CMD_U0: waiting for pending UART response ch=8 before next command
I (158196) CMD_U0: waiting for pending UART response ch=8 before next command
I (158222) CMD_U0: waiting for pending UART response ch=8 before next command
I (158248) CMD_U0: waiting for pending UART response ch=8 before next command
I (158274) CMD_U0: waiting for pending UART response ch=8 before next command
I (158300) CMD_U0: waiting for pending UART response ch=8 before next command
I (158321) CMD_U0: waiting for pending UART response ch=8 before next command
I (158342) CMD_U0: waiting for pending UART response ch=8 before next command
I (158368) CMD_U0: waiting for pending UART response ch=8 before next command
I (158394) CMD_U0: waiting for pending UART response ch=8 before next command
I (158420) CMD_U0: waiting for pending UART response ch=8 before next command
I (158446) CMD_U0: waiting for pending UART response ch=8 before next command
I (158467) CMD_U0: waiting for pending UART response ch=8 before next command
I (158488) CMD_U0: waiting for pending UART response ch=8 before next command
I (158508) CMD_U0: waiting for pending UART response ch=8 before next command
I (158528) CMD_U0: waiting for pending UART response ch=8 before next command
I (158549) CMD_U0: waiting for pending UART response ch=8 before next command
I (158574) CMD_U0: waiting for pending UART response ch=8 before next command
I (158595) CMD_U0: waiting for pending UART response ch=8 before next command
I (158616) CMD_U0: waiting for pending UART response ch=8 before next command
I (158642) CMD_U0: waiting for pending UART response ch=8 before next command
I (158668) CMD_U0: waiting for pending UART response ch=8 before next command
I (158694) CMD_U0: waiting for pending UART response ch=8 before next command
I (158720) CMD_U0: waiting for pending UART response ch=8 before next command
E (158732) MQTT: Publish failed
W (158732) TRANSPORT: No transport connected for broadcast
W (158732) MSG: Broadcast failed, falling back to MQTT
E (158732) MQTT: Publish failed
E (158742) MQTT: Publish failed
W (158742) TRANSPORT: No transport connected for broadcast
W (158742) MSG: Broadcast failed, falling back to MQTT
E (158743) MQTT: Publish failed
I (158746) CMD_U0: waiting for pending UART response ch=8 before next command
E (158766) MQTT: Publish failed
W (158766) TRANSPORT: No transport connected for broadcast
W (158766) MSG: Broadcast failed, falling back to MQTT
E (158767) MQTT: Publish failed
I (158767) CMD_U0: waiting for pending UART response ch=8 before next command
E (158787) MQTT: Publish failed
W (158787) TRANSPORT: No transport connected for broadcast
W (158787) MSG: Broadcast failed, falling back to MQTT
E (158788) MQTT: Publish failed
I (158788) CMD_U0: waiting for pending UART response ch=8 before next command
E (158804) MQTT: Publish failed
W (158804) TRANSPORT: No transport connected for broadcast
W (158804) MSG: Broadcast failed, falling back to MQTT
E (158804) MQTT: Publish failed
E (158812) MQTT: Publish failed
W (158812) TRANSPORT: No transport connected for broadcast
W (158812) MSG: Broadcast failed, falling back to MQTT
E (158813) MQTT: Publish failed
I (158814) CMD_U0: waiting for pending UART response ch=8 before next command
E (158837) MQTT: Publish failed
W (158837) TRANSPORT: No transport connected for broadcast
W (158837) MSG: Broadcast failed, falling back to MQTT
E (158838) MQTT: Publish failed
I (158840) CMD_U0: waiting for pending UART response ch=8 before next command
E (158863) MQTT: Publish failed
W (158863) TRANSPORT: No transport connected for broadcast
W (158863) MSG: Broadcast failed, falling back to MQTT
E (158864) MQTT: Publish failed
I (158866) CMD_U0: waiting for pending UART response ch=8 before next command
E (158888) MQTT: Publish failed
W (158888) TRANSPORT: No transport connected for broadcast
W (158888) MSG: Broadcast failed, falling back to MQTT
E (158889) MQTT: Publish failed
I (158892) CMD_U0: waiting for pending UART response ch=8 before next command
E (158913) MQTT: Publish failed
W (158913) TRANSPORT: No transport connected for broadcast
W (158913) MSG: Broadcast failed, falling back to MQTT
E (158914) MQTT: Publish failed
I (158918) CMD_U0: waiting for pending UART response ch=8 before next command
E (158939) MQTT: Publish failed
W (158939) TRANSPORT: No transport connected for broadcast
W (158939) MSG: Broadcast failed, falling back to MQTT
E (158940) MQTT: Publish failed
I (158944) CMD_U0: waiting for pending UART response ch=8 before next command
E (158964) MQTT: Publish failed
W (158964) TRANSPORT: No transport connected for broadcast
W (158964) MSG: Broadcast failed, falling back to MQTT
E (158965) MQTT: Publish failed
I (158965) CMD_U0: waiting for pending UART response ch=8 before next command
E (158984) MQTT: Publish failed
W (158984) TRANSPORT: No transport connected for broadcast
W (158984) MSG: Broadcast failed, falling back to MQTT
E (158985) MQTT: Publish failed
I (158986) CMD_U0: waiting for pending UART response ch=8 before next command
E (159010) MQTT: Publish failed
W (159010) TRANSPORT: No transport connected for broadcast
W (159010) MSG: Broadcast failed, falling back to MQTT
E (159011) MQTT: Publish failed
I (159012) CMD_U0: waiting for pending UART response ch=8 before next command
E (159035) MQTT: Publish failed
W (159035) TRANSPORT: No transport connected for broadcast
W (159035) MSG: Broadcast failed, falling back to MQTT
E (159036) MQTT: Publish failed
I (159038) CMD_U0: waiting for pending UART response ch=8 before next command
E (159060) MQTT: Publish failed
W (159060) TRANSPORT: No transport connected for broadcast
W (159060) MSG: Broadcast failed, falling back to MQTT
E (159061) MQTT: Publish failed
I (159064) CMD_U0: waiting for pending UART response ch=8 before next command
E (159086) MQTT: Publish failed
W (159086) TRANSPORT: No transport connected for broadcast
W (159086) MSG: Broadcast failed, falling back to MQTT
E (159087) MQTT: Publish failed
I (159090) CMD_U0: waiting for pending UART response ch=8 before next command
I (159112) CMD_U0: waiting for pending UART response ch=8 before next command
W (159132) RX_TASK: RX timeout slot1 type=1 reqID=0 (1001ms)
I (159134) CMD_U0: waiting for pending UART response ch=8 before next command
I (159159) CMD_U0: waiting for pending UART response ch=8 before next command
I (159171) CMD_U1: waiting for pending UART response ch=9 before next command
I (159185) CMD_U0: waiting for pending UART response ch=8 before next command
I (159212) CMD_U0: waiting for pending UART response ch=8 before next command
I (159233) CMD_U0: waiting for pending UART response ch=8 before next command
I (159254) CMD_U0: waiting for pending UART response ch=8 before next command
I (159280) CMD_U0: waiting for pending UART response ch=8 before next command
I (159306) CMD_U0: waiting for pending UART response ch=8 before next command
I (159333) CMD_U0: waiting for pending UART response ch=8 before next command
I (159358) CMD_U0: waiting for pending UART response ch=8 before next command
I (159379) CMD_U0: waiting for pending UART response ch=8 before next command
I (159405) CMD_U0: waiting for pending UART response ch=8 before next command
I (159426) CMD_U0: waiting for pending UART response ch=8 before next command
I (159447) CMD_U0: waiting for pending UART response ch=8 before next command
I (159473) CMD_U0: waiting for pending UART response ch=8 before next command
I (159499) CMD_U0: waiting for pending UART response ch=8 before next command
I (159525) CMD_U0: waiting for pending UART response ch=8 before next command
I (159551) CMD_U0: waiting for pending UART response ch=8 before next command
I (159577) CMD_U0: waiting for pending UART response ch=8 before next command
I (159603) CMD_U0: waiting for pending UART response ch=8 before next command
I (159629) CMD_U0: waiting for pending UART response ch=8 before next command
I (159654) CMD_U0: waiting for pending UART response ch=8 before next command
I (159681) CMD_U0: waiting for pending UART response ch=8 before next command
I (159706) CMD_U0: waiting for pending UART response ch=8 before next command
I (159733) CMD_U0: waiting for pending UART response ch=8 before next command
I (159758) CMD_U0: waiting for pending UART response ch=8 before next command
I (159780) CMD_U0: waiting for pending UART response ch=8 before next command
I (159801) CMD_U0: waiting for pending UART response ch=8 before next command
I (159822) CMD_U0: waiting for pending UART response ch=8 before next command
I (159848) CMD_U0: waiting for pending UART response ch=8 before next command
I (159874) CMD_U0: waiting for pending UART response ch=8 before next command
I (159900) CMD_U0: waiting for pending UART response ch=8 before next command
I (159921) CMD_U0: waiting for pending UART response ch=8 before next command
I (159942) CMD_U0: waiting for pending UART response ch=8 before next command
I (159963) CMD_U0: waiting for pending UART response ch=8 before next command
I (159989) CMD_U0: waiting for pending UART response ch=8 before next command
I (160015) CMD_U0: waiting for pending UART response ch=8 before next command
I (160041) CMD_U0: waiting for pending UART response ch=8 before next command
I (160067) CMD_U0: waiting for pending UART response ch=8 before next command
I (160093) CMD_U0: waiting for pending UART response ch=8 before next command
I (160119) CMD_U0: waiting for pending UART response ch=8 before next command
I (160140) CMD_U0: waiting for pending UART response ch=8 before next command
W (160155) RX_TASK: RX timeout slot1 type=1 reqID=0 (1001ms)
I (160161) CMD_U0: waiting for pending UART response ch=8 before next command
I (160187) CMD_U0: waiting for pending UART response ch=8 before next command
I (160194) CMD_U1: waiting for pending UART response ch=9 before next command
I (160214) CMD_U0: waiting for pending UART response ch=8 before next command
I (160239) CMD_U0: waiting for pending UART response ch=8 before next command
I (160265) CMD_U0: waiting for pending UART response ch=8 before next command
I (160286) CMD_U0: waiting for pending UART response ch=8 before next command
I (160311) CMD_U0: waiting for pending UART response ch=8 before next command
I (160337) CMD_U0: waiting for pending UART response ch=8 before next command
I (160358) CMD_U0: waiting for pending UART response ch=8 before next command
I (160379) CMD_U0: waiting for pending UART response ch=8 before next command
I (160405) CMD_U0: waiting for pending UART response ch=8 before next command
I (160431) CMD_U0: waiting for pending UART response ch=8 before next command
I (160457) CMD_U0: waiting for pending UART response ch=8 before next command
I (160483) CMD_U0: waiting for pending UART response ch=8 before next command
I (160509) CMD_U0: waiting for pending UART response ch=8 before next command
I (160530) CMD_U0: waiting for pending UART response ch=8 before next command
I (160551) CMD_U0: waiting for pending UART response ch=8 before next command
I (160577) CMD_U0: waiting for pending UART response ch=8 before next command
I (160603) CMD_U0: waiting for pending UART response ch=8 before next command
I (160629) CMD_U0: waiting for pending UART response ch=8 before next command
I (160655) CMD_U0: waiting for pending UART response ch=8 before next command
I (160681) CMD_U0: waiting for pending UART response ch=8 before next command
I (160707) CMD_U0: waiting for pending UART response ch=8 before next command
I (160728) CMD_U0: waiting for pending UART response ch=8 before next command
E (160745) MQTT: Publish failed
W (160746) TRANSPORT: No transport connected for broadcast
W (160746) MSG: Broadcast failed, falling back to MQTT
E (160746) MQTT: Publish failed
E (160748) MQTT: Publish failed
W (160748) TRANSPORT: No transport connected for broadcast
W (160748) MSG: Broadcast failed, falling back to MQTT
E (160749) MQTT: Publish failed
I (160749) CMD_U0: waiting for pending UART response ch=8 before next command
E (160773) MQTT: Publish failed
W (160773) TRANSPORT: No transport connected for broadcast
W (160773) MSG: Broadcast failed, falling back to MQTT
E (160774) MQTT: Publish failed
I (160775) CMD_U0: waiting for pending UART response ch=8 before next command
E (160798) MQTT: Publish failed
W (160798) TRANSPORT: No transport connected for broadcast
W (160798) MSG: Broadcast failed, falling back to MQTT
E (160799) MQTT: Publish failed
I (160801) CMD_U0: waiting for pending UART response ch=8 before next command
E (160804) MQTT: Publish failed
W (160804) TRANSPORT: No transport connected for broadcast
W (160804) MSG: Broadcast failed, falling back to MQTT
E (160804) MQTT: Publish failed
E (160823) MQTT: Publish failed
W (160823) TRANSPORT: No transport connected for broadcast
W (160823) MSG: Broadcast failed, falling back to MQTT
E (160824) MQTT: Publish failed
I (160827) CMD_U0: waiting for pending UART response ch=8 before next command
I (160854) CMD_U0: waiting for pending UART response ch=8 before next command
I (160875) CMD_U0: waiting for pending UART response ch=8 before next command
I (160896) CMD_U0: waiting for pending UART response ch=8 before next command
I (160923) CMD_U0: waiting for pending UART response ch=8 before next command
I (160949) CMD_U0: waiting for pending UART response ch=8 before next command
I (160975) CMD_U0: waiting for pending UART response ch=8 before next command
I (161000) CMD_U0: waiting for pending UART response ch=8 before next command
I (161009) SCHEDULER: Stats: samples=423 full=582 min_free=2
I (161027) CMD_U0: waiting for pending UART response ch=8 before next command
I (161052) CMD_U0: waiting for pending UART response ch=8 before next command
I (161073) CMD_U0: waiting for pending UART response ch=8 before next command
I (161094) CMD_U0: waiting for pending UART response ch=8 before next command
I (161120) CMD_U0: waiting for pending UART response ch=8 before next command
I (161146) CMD_U0: waiting for pending UART response ch=8 before next command
I (161172) CMD_U0: waiting for pending UART response ch=8 before next command
W (161178) RX_TASK: RX timeout slot1 type=1 reqID=0 (1001ms)
I (161198) CMD_U0: waiting for pending UART response ch=8 before next command
I (161217) CMD_U1: waiting for pending UART response ch=9 before next command
I (161224) CMD_U0: waiting for pending UART response ch=8 before next command
I (161245) CMD_U0: waiting for pending UART response ch=8 before next command
I (161266) CMD_U0: waiting for pending UART response ch=8 before next command
I (161292) CMD_U0: waiting for pending UART response ch=8 before next command
I (161318) CMD_U0: waiting for pending UART response ch=8 before next command
I (161344) CMD_U0: waiting for pending UART response ch=8 before next command
I (161371) CMD_U0: waiting for pending UART response ch=8 before next command
I (161396) CMD_U0: waiting for pending UART response ch=8 before next command
I (161418) CMD_U0: waiting for pending UART response ch=8 before next command
I (161438) CMD_U0: waiting for pending UART response ch=8 before next command
I (161459) CMD_U0: waiting for pending UART response ch=8 before next command
I (161485) CMD_U0: waiting for pending UART response ch=8 before next command
I (161511) CMD_U0: waiting for pending UART response ch=8 before next command
I (161537) CMD_U0: waiting for pending UART response ch=8 before next command
I (161563) CMD_U0: waiting for pending UART response ch=8 before next command
I (161589) CMD_U0: waiting for pending UART response ch=8 before next command
I (161610) CMD_U0: waiting for pending UART response ch=8 before next command
I (161631) CMD_U0: waiting for pending UART response ch=8 before next command
I (161657) CMD_U0: waiting for pending UART response ch=8 before next command
I (161683) CMD_U0: waiting for pending UART response ch=8 before next command
I (161709) CMD_U0: waiting for pending UART response ch=8 before next command
I (161735) CMD_U0: waiting for pending UART response ch=8 before next command
I (161761) CMD_U0: waiting for pending UART response ch=8 before next command
I (161788) CMD_U0: waiting for pending UART response ch=8 before next command
I (161809) CMD_U0: waiting for pending UART response ch=8 before next command
I (161835) CMD_U0: waiting for pending UART response ch=8 before next command
I (161861) CMD_U0: waiting for pending UART response ch=8 before next command
I (161887) CMD_U0: waiting for pending UART response ch=8 before next command
I (161913) CMD_U0: waiting for pending UART response ch=8 before next command
I (161939) CMD_U0: waiting for pending UART response ch=8 before next command
I (161960) CMD_U0: waiting for pending UART response ch=8 before next command
I (161981) CMD_U0: waiting for pending UART response ch=8 before next command
I (162007) CMD_U0: waiting for pending UART response ch=8 before next command
I (162033) CMD_U0: waiting for pending UART response ch=8 before next command
I (162059) CMD_U0: waiting for pending UART response ch=8 before next command
I (162085) CMD_U0: waiting for pending UART response ch=8 before next command
I (162106) CMD_U0: waiting for pending UART response ch=8 before next command
I (162131) CMD_U0: waiting for pending UART response ch=8 before next command
I (162157) CMD_U0: waiting for pending UART response ch=8 before next command
I (162178) CMD_U0: waiting for pending UART response ch=8 before next command
W (162201) RX_TASK: RX timeout slot1 type=1 reqID=0 (1001ms)
I (162204) CMD_U0: waiting for pending UART response ch=8 before next command
I (162230) CMD_U0: waiting for pending UART response ch=8 before next command
I (162241) CMD_U1: waiting for pending UART response ch=9 before next command
I (162256) CMD_U0: waiting for pending UART response ch=8 before next command
I (162282) CMD_U0: waiting for pending UART response ch=8 before next command
I (162308) CMD_U0: waiting for pending UART response ch=8 before next command
I (162329) CMD_U0: waiting for pending UART response ch=8 before next command
I (162354) CMD_U0: waiting for pending UART response ch=8 before next command
E (162375) MQTT: Publish failed
W (162375) TRANSPORT: No transport connected for broadcast
W (162375) MSG: Broadcast failed, falling back to MQTT
E (162376) MQTT: Publish failed
I (162380) CMD_U0: waiting for pending UART response ch=8 before next command
E (162400) MQTT: Publish failed
W (162400) TRANSPORT: No transport connected for broadcast
W (162400) MSG: Broadcast failed, falling back to MQTT
E (162401) MQTT: Publish failed
I (162401) CMD_U0: waiting for pending UART response ch=8 before next command
E (162420) MQTT: Publish failed
W (162420) TRANSPORT: No transport connected for broadcast
W (162420) MSG: Broadcast failed, falling back to MQTT
E (162421) MQTT: Publish failed
I (162422) CMD_U0: waiting for pending UART response ch=8 before next command
E (162446) MQTT: Publish failed
W (162446) TRANSPORT: No transport connected for broadcast
W (162446) MSG: Broadcast failed, falling back to MQTT
E (162447) MQTT: Publish failed
I (162448) CMD_U0: waiting for pending UART response ch=8 before next command
E (162471) MQTT: Publish failed
W (162471) TRANSPORT: No transport connected for broadcast
W (162471) MSG: Broadcast failed, falling back to MQTT
E (162472) MQTT: Publish failed
I (162474) CMD_U0: waiting for pending UART response ch=8 before next command
E (162496) MQTT: Publish failed
W (162496) TRANSPORT: No transport connected for broadcast
W (162496) MSG: Broadcast failed, falling back to MQTT
E (162497) MQTT: Publish failed
I (162500) CMD_U0: waiting for pending UART response ch=8 before next command
E (162522) MQTT: Publish failed
W (162522) TRANSPORT: No transport connected for broadcast
W (162522) MSG: Broadcast failed, falling back to MQTT
E (162523) MQTT: Publish failed
I (162526) CMD_U0: waiting for pending UART response ch=8 before next command
I (162547) CMD_U0: waiting for pending UART response ch=8 before next command
E (162547) MQTT: Publish failed
W (162548) TRANSPORT: No transport connected for broadcast
W (162548) MSG: Broadcast failed, falling back to MQTT
E (162548) MQTT: Publish failed
I (162567) CMD_U0: waiting for pending UART response ch=8 before next command
I (162588) CMD_U0: waiting for pending UART response ch=8 before next command
I (162610) CMD_U0: waiting for pending UART response ch=8 before next command
I (162635) CMD_U0: waiting for pending UART response ch=8 before next command
I (162661) CMD_U0: waiting for pending UART response ch=8 before next command
I (162687) CMD_U0: waiting for pending UART response ch=8 before next command
I (162713) CMD_U0: waiting for pending UART response ch=8 before next command
I (162739) CMD_U0: waiting for pending UART response ch=8 before next command
I (162765) CMD_U0: waiting for pending UART response ch=8 before next command
I (162791) CMD_U0: waiting for pending UART response ch=8 before next command
I (162812) CMD_U0: waiting for pending UART response ch=8 before next command
E (162836) MQTT: Publish failed
W (162836) TRANSPORT: No transport connected for broadcast
W (162836) MSG: Broadcast failed, falling back to MQTT
E (162837) MQTT: Publish failed
I (162838) CMD_U0: waiting for pending UART response ch=8 before next command
E (162861) MQTT: Publish failed
W (162861) TRANSPORT: No transport connected for broadcast
W (162861) MSG: Broadcast failed, falling back to MQTT
E (162862) MQTT: Publish failed
I (162864) CMD_U0: waiting for pending UART response ch=8 before next command
E (162886) MQTT: Publish failed
W (162886) TRANSPORT: No transport connected for broadcast
W (162886) MSG: Broadcast failed, falling back to MQTT
E (162887) MQTT: Publish failed
I (162890) CMD_U0: waiting for pending UART response ch=8 before next command
E (162912) MQTT: Publish failed
W (162912) TRANSPORT: No transport connected for broadcast
W (162912) MSG: Broadcast failed, falling back to MQTT
E (162913) MQTT: Publish failed
I (162916) CMD_U0: waiting for pending UART response ch=8 before next command
E (162937) MQTT: Publish failed
W (162937) TRANSPORT: No transport connected for broadcast
W (162937) MSG: Broadcast failed, falling back to MQTT
E (162938) MQTT: Publish failed
I (162942) CMD_U0: waiting for pending UART response ch=8 before next command
E (162963) MQTT: Publish failed
W (162963) TRANSPORT: No transport connected for broadcast
W (162963) MSG: Broadcast failed, falling back to MQTT
E (162964) MQTT: Publish failed
I (162968) CMD_U0: waiting for pending UART response ch=8 before next command
E (162988) MQTT: Publish failed
W (162988) TRANSPORT: No transport connected for broadcast
W (162988) MSG: Broadcast failed, falling back to MQTT
E (162989) MQTT: Publish failed
I (162989) CMD_U0: waiting for pending UART response ch=8 before next command
E (163013) MQTT: Publish failed
W (163013) TRANSPORT: No transport connected for broadcast
W (163013) MSG: Broadcast failed, falling back to MQTT
E (163014) MQTT: Publish failed
I (163015) CMD_U0: waiting for pending UART response ch=8 before next command
E (163039) MQTT: Publish failed
W (163039) TRANSPORT: No transport connected for broadcast
W (163039) MSG: Broadcast failed, falling back to MQTT
E (163040) MQTT: Publish failed
I (163041) CMD_U0: waiting for pending UART response ch=8 before next command
E (163064) MQTT: Publish failed
W (163064) TRANSPORT: No transport connected for broadcast
W (163064) MSG: Broadcast failed, falling back to MQTT
E (163065) MQTT: Publish failed
I (163067) CMD_U0: waiting for pending UART response ch=8 before next command
E (163089) MQTT: Publish failed
W (163089) TRANSPORT: No transport connected for broadcast
W (163089) MSG: Broadcast failed, falling back to MQTT
E (163090) MQTT: Publish failed
I (163093) CMD_U0: waiting for pending UART response ch=8 before next command
E (163115) MQTT: Publish failed
W (163115) TRANSPORT: No transport connected for broadcast
W (163115) MSG: Broadcast failed, falling back to MQTT
E (163116) MQTT: Publish failed
I (163119) CMD_U0: waiting for pending UART response ch=8 before next command
E (163140) MQTT: Publish failed
W (163140) TRANSPORT: No transport connected for broadcast
W (163140) MSG: Broadcast failed, falling back to MQTT
E (163141) MQTT: Publish failed
I (163145) CMD_U0: waiting for pending UART response ch=8 before next command
E (163165) MQTT: Publish failed
W (163165) TRANSPORT: No transport connected for broadcast
W (163165) MSG: Broadcast failed, falling back to MQTT
E (163166) MQTT: Publish failed
I (163166) CMD_U0: waiting for pending UART response ch=8 before next command
E (163186) MQTT: Publish failed
W (163186) TRANSPORT: No transport connected for broadcast
W (163186) MSG: Broadcast failed, falling back to MQTT
E (163187) MQTT: Publish failed
I (163187) CMD_U0: waiting for pending UART response ch=8 before next command
E (163211) MQTT: Publish failed
W (163211) TRANSPORT: No transport connected for broadcast
W (163211) MSG: Broadcast failed, falling back to MQTT
E (163212) MQTT: Publish failed
I (163213) CMD_U0: waiting for pending UART response ch=8 before next command
W (163226) RX_TASK: RX timeout slot1 type=1 reqID=0 (1002ms)
E (163226) MQTT: Publish failed
W (163227) TRANSPORT: No transport connected for broadcast
W (163227) MSG: Broadcast failed, falling back to MQTT
E (163227) MQTT: Publish failed
E (163236) MQTT: Publish failed
W (163236) TRANSPORT: No transport connected for broadcast
W (163236) MSG: Broadcast failed, falling back to MQTT
E (163236) MQTT: Publish failed
I (163239) CMD_U0: waiting for pending UART response ch=8 before next command
I (163243) CMD_U1: waiting for pending UART response ch=9 before next command
E (163262) MQTT: Publish failed
W (163262) TRANSPORT: No transport connected for broadcast
W (163262) MSG: Broadcast failed, falling back to MQTT
E (163263) MQTT: Publish failed
I (163265) CMD_U0: waiting for pending UART response ch=8 before next command
E (163287) MQTT: Publish failed
W (163287) TRANSPORT: No transport connected for broadcast
W (163287) MSG: Broadcast failed, falling back to MQTT
E (163288) MQTT: Publish failed
I (163291) CMD_U0: waiting for pending UART response ch=8 before next command
E (163312) MQTT: Publish failed
W (163312) TRANSPORT: No transport connected for broadcast
W (163312) MSG: Broadcast failed, falling back to MQTT
E (163313) MQTT: Publish failed
I (163317) CMD_U0: waiting for pending UART response ch=8 before next command
E (163337) MQTT: Publish failed
W (163337) TRANSPORT: No transport connected for broadcast
W (163337) MSG: Broadcast failed, falling back to MQTT
E (163338) MQTT: Publish failed
I (163338) CMD_U0: waiting for pending UART response ch=8 before next command
E (163358) MQTT: Publish failed
W (163358) TRANSPORT: No transport connected for broadcast
W (163358) MSG: Broadcast failed, falling back to MQTT
E (163359) MQTT: Publish failed
I (163359) CMD_U0: waiting for pending UART response ch=8 before next command
E (163383) MQTT: Publish failed
W (163383) TRANSPORT: No transport connected for broadcast
W (163383) MSG: Broadcast failed, falling back to MQTT
E (163384) MQTT: Publish failed
I (163385) CMD_U0: waiting for pending UART response ch=8 before next command
E (163408) MQTT: Publish failed
W (163408) TRANSPORT: No transport connected for broadcast
W (163408) MSG: Broadcast failed, falling back to MQTT
E (163409) MQTT: Publish failed
I (163411) CMD_U0: waiting for pending UART response ch=8 before next command
E (163434) MQTT: Publish failed
W (163434) TRANSPORT: No transport connected for broadcast
W (163434) MSG: Broadcast failed, falling back to MQTT
E (163435) MQTT: Publish failed
I (163437) CMD_U0: waiting for pending UART response ch=8 before next command
E (163459) MQTT: Publish failed
W (163459) TRANSPORT: No transport connected for broadcast
W (163459) MSG: Broadcast failed, falling back to MQTT
E (163460) MQTT: Publish failed
I (163463) CMD_U0: waiting for pending UART response ch=8 before next command
E (163484) MQTT: Publish failed
W (163484) TRANSPORT: No transport connected for broadcast
W (163485) MSG: Broadcast failed, falling back to MQTT
E (163485) MQTT: Publish failed
I (163489) CMD_U0: waiting for pending UART response ch=8 before next command
E (163510) MQTT: Publish failed
W (163510) TRANSPORT: No transport connected for broadcast
W (163510) MSG: Broadcast failed, falling back to MQTT
E (163511) MQTT: Publish failed
I (163515) CMD_U0: waiting for pending UART response ch=8 before next command
E (163535) MQTT: Publish failed
W (163535) TRANSPORT: No transport connected for broadcast
W (163536) MSG: Broadcast failed, falling back to MQTT
E (163536) MQTT: Publish failed
I (163536) CMD_U0: waiting for pending UART response ch=8 before next command
E (163555) MQTT: Publish failed
W (163555) TRANSPORT: No transport connected for broadcast
W (163555) MSG: Broadcast failed, falling back to MQTT
E (163556) MQTT: Publish failed
I (163557) CMD_U0: waiting for pending UART response ch=8 before next command
E (163581) MQTT: Publish failed
W (163581) TRANSPORT: No transport connected for broadcast
W (163581) MSG: Broadcast failed, falling back to MQTT
E (163582) MQTT: Publish failed
I (163583) CMD_U0: waiting for pending UART response ch=8 before next command
E (163606) MQTT: Publish failed
W (163606) TRANSPORT: No transport connected for broadcast
W (163606) MSG: Broadcast failed, falling back to MQTT
E (163607) MQTT: Publish failed
I (163609) CMD_U0: waiting for pending UART response ch=8 before next command
E (163631) MQTT: Publish failed
W (163631) TRANSPORT: No transport connected for broadcast
W (163631) MSG: Broadcast failed, falling back to MQTT
E (163632) MQTT: Publish failed
I (163635) CMD_U0: waiting for pending UART response ch=8 before next command
E (163657) MQTT: Publish failed
W (163657) TRANSPORT: No transport connected for broadcast
W (163657) MSG: Broadcast failed, falling back to MQTT
E (163658) MQTT: Publish failed
I (163661) CMD_U0: waiting for pending UART response ch=8 before next command
E (163682) MQTT: Publish failed
W (163682) TRANSPORT: No transport connected for broadcast
W (163682) MSG: Broadcast failed, falling back to MQTT
E (163683) MQTT: Publish failed
I (163687) CMD_U0: waiting for pending UART response ch=8 before next command
I (163708) CMD_U0: waiting for pending UART response ch=8 before next command
I (163730) CMD_U0: waiting for pending UART response ch=8 before next command
I (163756) CMD_U0: waiting for pending UART response ch=8 before next command
I (163782) CMD_U0: waiting for pending UART response ch=8 before next command
I (163808) CMD_U0: waiting for pending UART response ch=8 before next command
I (163829) CMD_U0: waiting for pending UART response ch=8 before next command
I (163851) CMD_U0: waiting for pending UART response ch=8 before next command
I (163877) CMD_U0: waiting for pending UART response ch=8 before next command
I (163903) CMD_U0: waiting for pending UART response ch=8 before next command
I (163930) CMD_U0: waiting for pending UART response ch=8 before next command
I (163955) CMD_U0: waiting for pending UART response ch=8 before next command
I (163977) CMD_U0: waiting for pending UART response ch=8 before next command
I (163999) CMD_U0: waiting for pending UART response ch=8 before next command
I (164024) CMD_U0: waiting for pending UART response ch=8 before next command
I (164050) CMD_U0: waiting for pending UART response ch=8 before next command
I (164076) CMD_U0: waiting for pending UART response ch=8 before next command
I (164102) CMD_U0: waiting for pending UART response ch=8 before next command
I (164123) CMD_U0: waiting for pending UART response ch=8 before next command
I (164148) CMD_U0: waiting for pending UART response ch=8 before next command
I (164174) CMD_U0: waiting for pending UART response ch=8 before next command
I (164195) CMD_U0: waiting for pending UART response ch=8 before next command
I (164216) CMD_U0: waiting for pending UART response ch=8 before next command
W (164227) RX_TASK: RX timeout slot1 type=1 reqID=0 (1001ms)
I (164242) CMD_U0: waiting for pending UART response ch=8 before next command
I (164245) CMD_U1: waiting for pending UART response ch=9 before next command
I (164268) CMD_U0: waiting for pending UART response ch=8 before next command
I (164294) CMD_U0: waiting for pending UART response ch=8 before next command
I (164320) CMD_U0: waiting for pending UART response ch=8 before next command
I (164341) CMD_U0: waiting for pending UART response ch=8 before next command
I (164366) CMD_U0: waiting for pending UART response ch=8 before next command
I (164387) CMD_U0: waiting for pending UART response ch=8 before next command
I (164407) CMD_U0: waiting for pending UART response ch=8 before next command
I (164428) CMD_U0: waiting for pending UART response ch=8 before next command
I (164449) CMD_U0: waiting for pending UART response ch=8 before next command
I (164475) CMD_U0: waiting for pending UART response ch=8 before next command
E (164498) MQTT: Publish failed
W (164498) TRANSPORT: No transport connected for broadcast
W (164498) MSG: Broadcast failed, falling back to MQTT
E (164499) MQTT: Publish failed
I (164501) CMD_U0: waiting for pending UART response ch=8 before next command
E (164524) MQTT: Publish failed
W (164524) TRANSPORT: No transport connected for broadcast
W (164524) MSG: Broadcast failed, falling back to MQTT
E (164525) MQTT: Publish failed
I (164527) CMD_U0: waiting for pending UART response ch=8 before next command
E (164549) MQTT: Publish failed
W (164549) TRANSPORT: No transport connected for broadcast
W (164549) MSG: Broadcast failed, falling back to MQTT
E (164550) MQTT: Publish failed
I (164553) CMD_U0: waiting for pending UART response ch=8 before next command
I (164574) CMD_U0: waiting for pending UART response ch=8 before next command
E (164574) MQTT: Publish failed
W (164575) TRANSPORT: No transport connected for broadcast
W (164575) MSG: Broadcast failed, falling back to MQTT
E (164575) MQTT: Publish failed
E (164595) MQTT: Publish failed
W (164595) TRANSPORT: No transport connected for broadcast
W (164595) MSG: Broadcast failed, falling back to MQTT
E (164596) MQTT: Publish failed
I (164599) CMD_U0: waiting for pending UART response ch=8 before next command
E (164620) MQTT: Publish failed
W (164620) TRANSPORT: No transport connected for broadcast
W (164620) MSG: Broadcast failed, falling back to MQTT
E (164621) MQTT: Publish failed
I (164625) CMD_U0: waiting for pending UART response ch=8 before next command
E (164645) MQTT: Publish failed
W (164645) TRANSPORT: No transport connected for broadcast
W (164645) MSG: Broadcast failed, falling back to MQTT
E (164646) MQTT: Publish failed
I (164646) CMD_U0: waiting for pending UART response ch=8 before next command
E (164665) MQTT: Publish failed
W (164665) TRANSPORT: No transport connected for broadcast
W (164665) MSG: Broadcast failed, falling back to MQTT
E (164666) MQTT: Publish failed
I (164667) CMD_U0: waiting for pending UART response ch=8 before next command
E (164691) MQTT: Publish failed
W (164691) TRANSPORT: No transport connected for broadcast
W (164691) MSG: Broadcast failed, falling back to MQTT
E (164692) MQTT: Publish failed
I (164693) CMD_U0: waiting for pending UART response ch=8 before next command
E (164716) MQTT: Publish failed
W (164716) TRANSPORT: No transport connected for broadcast
W (164716) MSG: Broadcast failed, falling back to MQTT
E (164717) MQTT: Publish failed
I (164719) CMD_U0: waiting for pending UART response ch=8 before next command
E (164741) MQTT: Publish failed
W (164741) TRANSPORT: No transport connected for broadcast
W (164741) MSG: Broadcast failed, falling back to MQTT
E (164742) MQTT: Publish failed
I (164745) CMD_U0: waiting for pending UART response ch=8 before next command
E (164755) MQTT: Publish failed
W (164756) TRANSPORT: No transport connected for broadcast
W (164756) MSG: Broadcast failed, falling back to MQTT
E (164756) MQTT: Publish failed
E (164768) MQTT: Publish failed
W (164768) TRANSPORT: No transport connected for broadcast
W (164768) MSG: Broadcast failed, falling back to MQTT
E (164769) MQTT: Publish failed
I (164771) CMD_U0: waiting for pending UART response ch=8 before next command
I (164782) RX_TASK: Stats: events=411 completions=420 report_drop=0 report_q_high=2
E (164792) MQTT: Publish failed
W (164792) TRANSPORT: No transport connected for broadcast
W (164792) MSG: Broadcast failed, falling back to MQTT
E (164793) MQTT: Publish failed
I (164797) CMD_U0: waiting for pending UART response ch=8 before next command
E (164804) MQTT: Publish failed
W (164804) TRANSPORT: No transport connected for broadcast
W (164804) MSG: Broadcast failed, falling back to MQTT
E (164805) MQTT: Publish failed
E (164817) MQTT: Publish failed
W (164817) TRANSPORT: No transport connected for broadcast
W (164817) MSG: Broadcast failed, falling back to MQTT
E (164818) MQTT: Publish failed
I (164818) CMD_U0: waiting for pending UART response ch=8 before next command
E (164838) MQTT: Publish failed
W (164838) TRANSPORT: No transport connected for broadcast
W (164838) MSG: Broadcast failed, falling back to MQTT
E (164839) MQTT: Publish failed
I (164839) CMD_U0: waiting for pending UART response ch=8 before next command
E (164863) MQTT: Publish failed
W (164863) TRANSPORT: No transport connected for broadcast
W (164863) MSG: Broadcast failed, falling back to MQTT
E (164864) MQTT: Publish failed
I (164865) CMD_U0: waiting for pending UART response ch=8 before next command
E (164888) MQTT: Publish failed
W (164888) TRANSPORT: No transport connected for broadcast
W (164888) MSG: Broadcast failed, falling back to MQTT
E (164889) MQTT: Publish failed
I (164891) CMD_U0: waiting for pending UART response ch=8 before next command
E (164914) MQTT: Publish failed
W (164914) TRANSPORT: No transport connected for broadcast
W (164914) MSG: Broadcast failed, falling back to MQTT
E (164915) MQTT: Publish failed
I (164917) CMD_U0: waiting for pending UART response ch=8 before next command
E (164939) MQTT: Publish failed
W (164939) TRANSPORT: No transport connected for broadcast
W (164939) MSG: Broadcast failed, falling back to MQTT
E (164940) MQTT: Publish failed
I (164943) CMD_U0: waiting for pending UART response ch=8 before next command
I (164964) CMD_U0: waiting for pending UART response ch=8 before next command
E (164964) MQTT: Publish failed
W (164965) TRANSPORT: No transport connected for broadcast
W (164965) MSG: Broadcast failed, falling back to MQTT
E (164965) MQTT: Publish failed
E (164985) MQTT: Publish failed
W (164985) TRANSPORT: No transport connected for broadcast
W (164985) MSG: Broadcast failed, falling back to MQTT
E (164986) MQTT: Publish failed
I (164989) CMD_U0: waiting for pending UART response ch=8 before next command
I (165010) CMD_U0: waiting for pending UART response ch=8 before next command
E (165010) MQTT: Publish failed
W (165010) TRANSPORT: No transport connected for broadcast
W (165011) MSG: Broadcast failed, falling back to MQTT
E (165011) MQTT: Publish failed
I (165030) CMD_U0: waiting for pending UART response ch=8 before next command
E (165030) MQTT: Publish failed
W (165031) TRANSPORT: No transport connected for broadcast
W (165031) MSG: Broadcast failed, falling back to MQTT
E (165031) MQTT: Publish failed
E (165050) MQTT: Publish failed
W (165050) TRANSPORT: No transport connected for broadcast
W (165051) MSG: Broadcast failed, falling back to MQTT
I (165051) CMD_U0: waiting for pending UART response ch=8 before next command
E (165052) MQTT: Publish failed
I (165072) CMD_U0: waiting for pending UART response ch=8 before next command
I (165099) CMD_U0: waiting for pending UART response ch=8 before next command
I (165124) CMD_U0: waiting for pending UART response ch=8 before next command
I (165150) CMD_U0: waiting for pending UART response ch=8 before next command
I (165176) CMD_U0: waiting for pending UART response ch=8 before next command
I (165202) CMD_U0: waiting for pending UART response ch=8 before next command
I (165223) CMD_U0: waiting for pending UART response ch=8 before next command
W (165229) RX_TASK: RX timeout slot1 type=1 reqID=0 (1001ms)
I (165244) CMD_U0: waiting for pending UART response ch=8 before next command
I (165265) CMD_U0: waiting for pending UART response ch=8 before next command
I (165268) CMD_U1: waiting for pending UART response ch=9 before next command
E (165289) MQTT: Publish failed
W (165289) TRANSPORT: No transport connected for broadcast
W (165289) MSG: Broadcast failed, falling back to MQTT
E (165290) MQTT: Publish failed
I (165291) CMD_U0: waiting for pending UART response ch=8 before next command
E (165314) MQTT: Publish failed
W (165314) TRANSPORT: No transport connected for broadcast
W (165314) MSG: Broadcast failed, falling back to MQTT
E (165315) MQTT: Publish failed
I (165317) CMD_U0: waiting for pending UART response ch=8 before next command
E (165339) MQTT: Publish failed
W (165339) TRANSPORT: No transport connected for broadcast
W (165339) MSG: Broadcast failed, falling back to MQTT
E (165340) MQTT: Publish failed
I (165343) CMD_U0: waiting for pending UART response ch=8 before next command
E (165365) MQTT: Publish failed
W (165365) TRANSPORT: No transport connected for broadcast
W (165365) MSG: Broadcast failed, falling back to MQTT
E (165366) MQTT: Publish failed
I (165369) CMD_U0: waiting for pending UART response ch=8 before next command
E (165390) MQTT: Publish failed
W (165390) TRANSPORT: No transport connected for broadcast
W (165390) MSG: Broadcast failed, falling back to MQTT
E (165391) MQTT: Publish failed
I (165395) CMD_U0: waiting for pending UART response ch=8 before next command
E (165415) MQTT: Publish failed
W (165415) TRANSPORT: No transport connected for broadcast
W (165415) MSG: Broadcast failed, falling back to MQTT
E (165416) MQTT: Publish failed
I (165416) CMD_U0: waiting for pending UART response ch=8 before next command
E (165436) MQTT: Publish failed
W (165436) TRANSPORT: No transport connected for broadcast
W (165437) MSG: Broadcast failed, falling back to MQTT
E (165437) MQTT: Publish failed
I (165437) CMD_U0: waiting for pending UART response ch=8 before next command
E (165461) MQTT: Publish failed
W (165461) TRANSPORT: No transport connected for broadcast
W (165461) MSG: Broadcast failed, falling back to MQTT
E (165462) MQTT: Publish failed
I (165463) CMD_U0: waiting for pending UART response ch=8 before next command
E (165486) MQTT: Publish failed
W (165486) TRANSPORT: No transport connected for broadcast
W (165486) MSG: Broadcast failed, falling back to MQTT
E (165487) MQTT: Publish failed
I (165489) CMD_U0: waiting for pending UART response ch=8 before next command
E (165512) MQTT: Publish failed
W (165512) TRANSPORT: No transport connected for broadcast
W (165512) MSG: Broadcast failed, falling back to MQTT
E (165513) MQTT: Publish failed
I (165515) CMD_U0: waiting for pending UART response ch=8 before next command
E (165537) MQTT: Publish failed
W (165537) TRANSPORT: No transport connected for broadcast
W (165537) MSG: Broadcast failed, falling back to MQTT
E (165538) MQTT: Publish failed
I (165541) CMD_U0: waiting for pending UART response ch=8 before next command
I (165562) CMD_U0: waiting for pending UART response ch=8 before next command
E (165562) MQTT: Publish failed
W (165563) TRANSPORT: No transport connected for broadcast
W (165563) MSG: Broadcast failed, falling back to MQTT
E (165563) MQTT: Publish failed
E (165584) MQTT: Publish failed
W (165584) TRANSPORT: No transport connected for broadcast
W (165584) MSG: Broadcast failed, falling back to MQTT
E (165585) MQTT: Publish failed
I (165587) CMD_U0: waiting for pending UART response ch=8 before next command
E (165608) MQTT: Publish failed
W (165608) TRANSPORT: No transport connected for broadcast
W (165608) MSG: Broadcast failed, falling back to MQTT
E (165609) MQTT: Publish failed
I (165613) CMD_U0: waiting for pending UART response ch=8 before next command
E (165633) MQTT: Publish failed
W (165633) TRANSPORT: No transport connected for broadcast
W (165633) MSG: Broadcast failed, falling back to MQTT
E (165634) MQTT: Publish failed
I (165634) CMD_U0: waiting for pending UART response ch=8 before next command
E (165654) MQTT: Publish failed
W (165654) TRANSPORT: No transport connected for broadcast
W (165654) MSG: Broadcast failed, falling back to MQTT
E (165655) MQTT: Publish failed
I (165655) CMD_U0: waiting for pending UART response ch=8 before next command
E (165679) MQTT: Publish failed
W (165679) TRANSPORT: No transport connected for broadcast
W (165679) MSG: Broadcast failed, falling back to MQTT
E (165680) MQTT: Publish failed
I (165681) CMD_U0: waiting for pending UART response ch=8 before next command
E (165704) MQTT: Publish failed
W (165704) TRANSPORT: No transport connected for broadcast
W (165704) MSG: Broadcast failed, falling back to MQTT
E (165705) MQTT: Publish failed
I (165707) CMD_U0: waiting for pending UART response ch=8 before next command
E (165730) MQTT: Publish failed
W (165730) TRANSPORT: No transport connected for broadcast
W (165730) MSG: Broadcast failed, falling back to MQTT
E (165731) MQTT: Publish failed
I (165733) CMD_U0: waiting for pending UART response ch=8 before next command
E (165755) MQTT: Publish failed
W (165755) TRANSPORT: No transport connected for broadcast
W (165755) MSG: Broadcast failed, falling back to MQTT
E (165756) MQTT: Publish failed
E (165758) MQTT: Publish failed
W (165759) TRANSPORT: No transport connected for broadcast
W (165759) MSG: Broadcast failed, falling back to MQTT
I (165759) CMD_U0: waiting for pending UART response ch=8 before next command
E (165760) MQTT: Publish failed
I (165780) CMD_U0: waiting for pending UART response ch=8 before next command
E (165780) MQTT: Publish failed
W (165781) TRANSPORT: No transport connected for broadcast
W (165781) MSG: Broadcast failed, falling back to MQTT
E (165781) MQTT: Publish failed
E (165801) MQTT: Publish failed
W (165801) TRANSPORT: No transport connected for broadcast
W (165801) MSG: Broadcast failed, falling back to MQTT
E (165802) MQTT: Publish failed
E (165804) MQTT: Publish failed
W (165804) TRANSPORT: No transport connected for broadcast
W (165804) MSG: Broadcast failed, falling back to MQTT
E (165804) MQTT: Publish failed
I (165805) CMD_U0: waiting for pending UART response ch=8 before next command
E (165826) MQTT: Publish failed
W (165826) TRANSPORT: No transport connected for broadcast
W (165826) MSG: Broadcast failed, falling back to MQTT
E (165827) MQTT: Publish failed
I (165831) CMD_U0: waiting for pending UART response ch=8 before next command
E (165851) MQTT: Publish failed
W (165851) TRANSPORT: No transport connected for broadcast
W (165851) MSG: Broadcast failed, falling back to MQTT
E (165852) MQTT: Publish failed
I (165852) CMD_U0: waiting for pending UART response ch=8 before next command
E (165871) MQTT: Publish failed
W (165871) TRANSPORT: No transport connected for broadcast
W (165871) MSG: Broadcast failed, falling back to MQTT
E (165872) MQTT: Publish failed
I (165873) CMD_U0: waiting for pending UART response ch=8 before next command
E (165897) MQTT: Publish failed
W (165897) TRANSPORT: No transport connected for broadcast
W (165897) MSG: Broadcast failed, falling back to MQTT
E (165898) MQTT: Publish failed
I (165899) CMD_U0: waiting for pending UART response ch=8 before next command
E (165922) MQTT: Publish failed
W (165922) TRANSPORT: No transport connected for broadcast
W (165922) MSG: Broadcast failed, falling back to MQTT
E (165923) MQTT: Publish failed
I (165925) CMD_U0: waiting for pending UART response ch=8 before next command
E (165947) MQTT: Publish failed
W (165947) TRANSPORT: No transport connected for broadcast
W (165947) MSG: Broadcast failed, falling back to MQTT
E (165948) MQTT: Publish failed
I (165951) CMD_U0: waiting for pending UART response ch=8 before next command
E (165973) MQTT: Publish failed
W (165973) TRANSPORT: No transport connected for broadcast
W (165973) MSG: Broadcast failed, falling back to MQTT
E (165974) MQTT: Publish failed
I (165977) CMD_U0: waiting for pending UART response ch=8 before next command
I (165998) CMD_U0: waiting for pending UART response ch=8 before next command
E (165998) MQTT: Publish failed
W (165999) TRANSPORT: No transport connected for broadcast
W (165999) MSG: Broadcast failed, falling back to MQTT
E (165999) MQTT: Publish failed
I (166018) CMD_U0: waiting for pending UART response ch=8 before next command
E (166018) MQTT: Publish failed
W (166019) TRANSPORT: No transport connected for broadcast
W (166019) MSG: Broadcast failed, falling back to MQTT
E (166019) MQTT: Publish failed
E (166039) MQTT: Publish failed
W (166039) TRANSPORT: No transport connected for broadcast
W (166039) MSG: Broadcast failed, falling back to MQTT
E (166040) MQTT: Publish failed
I (166043) CMD_U0: waiting for pending UART response ch=8 before next command
E (166064) MQTT: Publish failed
W (166064) TRANSPORT: No transport connected for broadcast
W (166064) MSG: Broadcast failed, falling back to MQTT
E (166065) MQTT: Publish failed
I (166069) CMD_U0: waiting for pending UART response ch=8 before next command
E (166089) MQTT: Publish failed
W (166089) TRANSPORT: No transport connected for broadcast
W (166089) MSG: Broadcast failed, falling back to MQTT
E (166090) MQTT: Publish failed
I (166090) CMD_U0: Stats: txn=412 err=0 (100%) no_ctx=0
I (166091) CMD_U0: waiting for pending UART response ch=8 before next command
E (166110) MQTT: Publish failed
W (166110) TRANSPORT: No transport connected for broadcast
W (166110) MSG: Broadcast failed, falling back to MQTT
E (166111) MQTT: Publish failed
I (166111) CMD_U0: waiting for pending UART response ch=8 before next command
I (166137) CMD_U0: waiting for pending UART response ch=8 before next command
I (166163) CMD_U0: waiting for pending UART response ch=8 before next command
I (166189) CMD_U0: waiting for pending UART response ch=8 before next command
I (166215) CMD_U0: waiting for pending UART response ch=8 before next command
I (166236) CMD_U0: waiting for pending UART response ch=8 before next command
W (166252) RX_TASK: RX timeout slot1 type=1 reqID=0 (1001ms)
I (166258) CMD_U0: waiting for pending UART response ch=8 before next command
I (166278) CMD_U0: waiting for pending UART response ch=8 before next command
I (166291) CMD_U1: Stats: txn=10 err=0 (100%) no_ctx=0
I (166291) CMD_U1: waiting for pending UART response ch=9 before next command
I (166304) CMD_U0: waiting for pending UART response ch=8 before next command
I (166331) CMD_U0: waiting for pending UART response ch=8 before next command
I (166356) CMD_U0: waiting for pending UART response ch=8 before next command
I (166382) CMD_U0: waiting for pending UART response ch=8 before next command
I (166408) CMD_U0: waiting for pending UART response ch=8 before next command
I (166434) CMD_U0: waiting for pending UART response ch=8 before next command
I (166455) CMD_U0: waiting for pending UART response ch=8 before next command
I (166476) CMD_U0: waiting for pending UART response ch=8 before next command
I (166503) CMD_U0: waiting for pending UART response ch=8 before next command
I (166529) CMD_U0: waiting for pending UART response ch=8 before next command
I (166551) CMD_U0: waiting for pending UART response ch=8 before next command
I (166572) CMD_U0: waiting for pending UART response ch=8 before next command
I (166599) CMD_U0: waiting for pending UART response ch=8 before next command
I (166624) CMD_U0: waiting for pending UART response ch=8 before next command
I (166650) CMD_U0: waiting for pending UART response ch=8 before next command
I (166677) CMD_U0: waiting for pending UART response ch=8 before next command
I (166702) CMD_U0: waiting for pending UART response ch=8 before next command
I (166723) CMD_U0: waiting for pending UART response ch=8 before next command
I (166745) CMD_U0: waiting for pending UART response ch=8 before next command
I (166770) CMD_U0: waiting for pending UART response ch=8 before next command
I (166797) CMD_U0: waiting for pending UART response ch=8 before next command
I (166822) CMD_U0: waiting for pending UART response ch=8 before next command
I (166849) CMD_U0: waiting for pending UART response ch=8 before next command
I (166874) CMD_U0: waiting for pending UART response ch=8 before next command
I (166900) CMD_U0: waiting for pending UART response ch=8 before next command
I (166921) CMD_U0: waiting for pending UART response ch=8 before next command
I (166942) CMD_U0: waiting for pending UART response ch=8 before next command
I (166968) CMD_U0: waiting for pending UART response ch=8 before next command
I (166994) CMD_U0: waiting for pending UART response ch=8 before next command
I (167020) CMD_U0: waiting for pending UART response ch=8 before next command
I (167046) CMD_U0: waiting for pending UART response ch=8 before next command
I (167067) CMD_U0: waiting for pending UART response ch=8 before next command
I (167092) CMD_U0: waiting for pending UART response ch=8 before next command
I (167113) CMD_U0: waiting for pending UART response ch=8 before next command
I (167133) CMD_U0: waiting for pending UART response ch=8 before next command
I (167158) CMD_U0: waiting for pending UART response ch=8 before next command
I (167179) CMD_U0: waiting for pending UART response ch=8 before next command
I (167200) CMD_U0: waiting for pending UART response ch=8 before next command
I (167221) CMD_U0: waiting for pending UART response ch=8 before next command
I (167247) CMD_U0: waiting for pending UART response ch=8 before next command
I (167273) CMD_U0: waiting for pending UART response ch=8 before next command
W (167275) RX_TASK: RX timeout slot1 type=1 reqID=0 (1001ms)
I (167299) CMD_U0: waiting for pending UART response ch=8 before next command
I (167314) CMD_U1: waiting for pending UART response ch=9 before next command
I (167325) CMD_U0: waiting for pending UART response ch=8 before next command
I (167351) CMD_U0: waiting for pending UART response ch=8 before next command
I (167377) CMD_U0: waiting for pending UART response ch=8 before next command
I (167398) CMD_U0: waiting for pending UART response ch=8 before next command
I (167419) CMD_U0: waiting for pending UART response ch=8 before next command
I (167445) CMD_U0: waiting for pending UART response ch=8 before next command
I (167471) CMD_U0: waiting for pending UART response ch=8 before next command
I (167497) CMD_U0: waiting for pending UART response ch=8 before next command
I (167523) CMD_U0: waiting for pending UART response ch=8 before next command
I (167549) CMD_U0: waiting for pending UART response ch=8 before next command
I (167570) CMD_U0: waiting for pending UART response ch=8 before next command
I (167591) CMD_U0: waiting for pending UART response ch=8 before next command
I (167617) CMD_U0: waiting for pending UART response ch=8 before next command
I (167643) CMD_U0: waiting for pending UART response ch=8 before next command
I (167669) CMD_U0: waiting for pending UART response ch=8 before next command
I (167695) CMD_U0: waiting for pending UART response ch=8 before next command
I (167721) CMD_U0: waiting for pending UART response ch=8 before next command
E (167742) MQTT: Publish failed
W (167742) TRANSPORT: No transport connected for broadcast
W (167742) MSG: Broadcast failed, falling back to MQTT
E (167743) MQTT: Publish failed
I (167747) CMD_U0: waiting for pending UART response ch=8 before next command
E (167767) MQTT: Publish failed
E (167767) MQTT: Publish failed
W (167768) TRANSPORT: No transport connected for broadcast
W (167768) TRANSPORT: No transport connected for broadcast
W (167768) MSG: Broadcast failed, falling back to MQTTW (167768) MSG: Broadcast failed, falling back to MQTT
I (167768) CMD_U0: waiting for pending UART response ch=8 before next command
E (167769) MQTT: Publish failed

E (167769) MQTT: Publish failed
E (167787) MQTT: Publish failed
W (167787) TRANSPORT: No transport connected for broadcast
W (167787) MSG: Broadcast failed, falling back to MQTT
E (167788) MQTT: Publish failed
I (167789) CMD_U0: waiting for pending UART response ch=8 before next command
E (167804) MQTT: Publish failed
W (167804) TRANSPORT: No transport connected for broadcast
W (167804) MSG: Broadcast failed, falling back to MQTT
E (167804) MQTT: Publish failed
E (167813) MQTT: Publish failed
W (167813) TRANSPORT: No transport connected for broadcast
W (167813) MSG: Broadcast failed, falling back to MQTT
E (167814) MQTT: Publish failed
I (167815) CMD_U0: waiting for pending UART response ch=8 before next command
E (167838) MQTT: Publish failed
W (167838) TRANSPORT: No transport connected for broadcast
W (167838) MSG: Broadcast failed, falling back to MQTT
E (167839) MQTT: Publish failed
I (167841) CMD_U0: waiting for pending UART response ch=8 before next command
I (167867) CMD_U0: waiting for pending UART response ch=8 before next command
I (167894) CMD_U0: waiting for pending UART response ch=8 before next command
I (167919) CMD_U0: waiting for pending UART response ch=8 before next command
I (167940) CMD_U0: waiting for pending UART response ch=8 before next command
I (167961) CMD_U0: waiting for pending UART response ch=8 before next command
I (167987) CMD_U0: waiting for pending UART response ch=8 before next command
I (168013) CMD_U0: waiting for pending UART response ch=8 before next command
I (168039) CMD_U0: waiting for pending UART response ch=8 before next command
I (168066) CMD_U0: waiting for pending UART response ch=8 before next command
I (168086) CMD_U0: waiting for pending UART response ch=8 before next command
I (168107) CMD_U0: waiting for pending UART response ch=8 before next command
I (168128) CMD_U0: waiting for pending UART response ch=8 before next command
I (168154) CMD_U0: waiting for pending UART response ch=8 before next command
I (168180) CMD_U0: waiting for pending UART response ch=8 before next command
I (168206) CMD_U0: waiting for pending UART response ch=8 before next command
I (168233) CMD_U0: waiting for pending UART response ch=8 before next command
I (168259) CMD_U0: waiting for pending UART response ch=8 before next command
I (168280) CMD_U0: waiting for pending UART response ch=8 before next command
W (168298) RX_TASK: RX timeout slot1 type=1 reqID=0 (1001ms)
I (168300) CMD_U0: waiting for pending UART response ch=8 before next command
I (168322) CMD_U0: waiting for pending UART response ch=8 before next command
I (168337) CMD_U1: waiting for pending UART response ch=9 before next command
I (168347) CMD_U0: waiting for pending UART response ch=8 before next command
I (168374) CMD_U0: waiting for pending UART response ch=8 before next command
I (168399) CMD_U0: waiting for pending UART response ch=8 before next command
I (168426) CMD_U0: waiting for pending UART response ch=8 before next command
I (168451) CMD_U0: waiting for pending UART response ch=8 before next command
I (168472) CMD_U0: waiting for pending UART response ch=8 before next command
I (168493) CMD_U0: waiting for pending UART response ch=8 before next command
I (168520) CMD_U0: waiting for pending UART response ch=8 before next command
I (168545) CMD_U0: waiting for pending UART response ch=8 before next command
I (168571) CMD_U0: waiting for pending UART response ch=8 before next command
I (168597) CMD_U0: waiting for pending UART response ch=8 before next command
I (168623) CMD_U0: waiting for pending UART response ch=8 before next command
I (168649) CMD_U0: waiting for pending UART response ch=8 before next command
I (168670) CMD_U0: waiting for pending UART response ch=8 before next command
I (168691) CMD_U0: waiting for pending UART response ch=8 before next command
I (168717) CMD_U0: waiting for pending UART response ch=8 before next command
I (168743) CMD_U0: waiting for pending UART response ch=8 before next command
I (168769) CMD_U0: waiting for pending UART response ch=8 before next command
I (168795) CMD_U0: waiting for pending UART response ch=8 before next command
I (168816) CMD_U0: waiting for pending UART response ch=8 before next command
I (168837) CMD_U0: waiting for pending UART response ch=8 before next command
I (168858) CMD_U0: waiting for pending UART response ch=8 before next command
I (168884) CMD_U0: waiting for pending UART response ch=8 before next command
I (168910) CMD_U0: waiting for pending UART response ch=8 before next command
I (168936) CMD_U0: waiting for pending UART response ch=8 before next command
I (168962) CMD_U0: waiting for pending UART response ch=8 before next command
I (168988) CMD_U0: waiting for pending UART response ch=8 before next command
I (169015) CMD_U0: waiting for pending UART response ch=8 before next command
I (169036) CMD_U0: waiting for pending UART response ch=8 before next command
I (169056) CMD_U0: waiting for pending UART response ch=8 before next command
I (169082) CMD_U0: waiting for pending UART response ch=8 before next command
I (169108) CMD_U0: waiting for pending UART response ch=8 before next command
I (169134) CMD_U0: waiting for pending UART response ch=8 before next command
I (169160) CMD_U0: waiting for pending UART response ch=8 before next command
I (169186) CMD_U0: waiting for pending UART response ch=8 before next command
I (169207) CMD_U0: waiting for pending UART response ch=8 before next command
I (169228) CMD_U0: waiting for pending UART response ch=8 before next command
I (169254) CMD_U0: waiting for pending UART response ch=8 before next command
I (169280) CMD_U0: waiting for pending UART response ch=8 before next command
I (169306) CMD_U0: waiting for pending UART response ch=8 before next command
W (169321) RX_TASK: RX timeout slot1 type=1 reqID=0 (1001ms)
I (169332) CMD_U0: waiting for pending UART response ch=8 before next command
I (169353) CMD_U0: waiting for pending UART response ch=8 before next command
I (169360) CMD_U1: waiting for pending UART response ch=9 before next command
I (169373) CMD_U0: waiting for pending UART response ch=8 before next command
E (169394) MQTT: Publish failed
W (169394) TRANSPORT: No transport connected for broadcast
W (169394) MSG: Broadcast failed, falling back to MQTT
E (169395) MQTT: Publish failed
I (169398) CMD_U0: waiting for pending UART response ch=8 before next command
I (169419) CMD_U0: waiting for pending UART response ch=8 before next command
E (169419) MQTT: Publish failed
W (169420) TRANSPORT: No transport connected for broadcast
W (169420) MSG: Broadcast failed, falling back to MQTT
E (169420) MQTT: Publish failed
E (169439) MQTT: Publish failed
W (169439) TRANSPORT: No transport connected for broadcast
W (169439) MSG: Broadcast failed, falling back to MQTT
E (169440) MQTT: Publish failed
I (169444) CMD_U0: waiting for pending UART response ch=8 before next command
E (169465) MQTT: Publish failed
W (169465) TRANSPORT: No transport connected for broadcast
W (169465) MSG: Broadcast failed, falling back to MQTT
E (169466) MQTT: Publish failed
I (169470) CMD_U0: waiting for pending UART response ch=8 before next command
E (169490) MQTT: Publish failed
W (169490) TRANSPORT: No transport connected for broadcast
W (169490) MSG: Broadcast failed, falling back to MQTT
E (169491) MQTT: Publish failed
I (169491) CMD_U0: waiting for pending UART response ch=8 before next command
E (169515) MQTT: Publish failed
W (169515) TRANSPORT: No transport connected for broadcast
W (169515) MSG: Broadcast failed, falling back to MQTT
E (169516) MQTT: Publish failed
I (169517) CMD_U0: waiting for pending UART response ch=8 before next command
E (169541) MQTT: Publish failed
W (169541) TRANSPORT: No transport connected for broadcast
W (169541) MSG: Broadcast failed, falling back to MQTT
E (169542) MQTT: Publish failed
I (169543) CMD_U0: waiting for pending UART response ch=8 before next command
E (169566) MQTT: Publish failed
W (169566) TRANSPORT: No transport connected for broadcast
W (169566) MSG: Broadcast failed, falling back to MQTT
E (169567) MQTT: Publish failed
I (169569) CMD_U0: waiting for pending UART response ch=8 before next command
E (169592) MQTT: Publish failed
W (169592) TRANSPORT: No transport connected for broadcast
W (169592) MSG: Broadcast failed, falling back to MQTT
E (169593) MQTT: Publish failed
I (169595) CMD_U0: waiting for pending UART response ch=8 before next command
I (169621) CMD_U0: waiting for pending UART response ch=8 before next command
I (169643) CMD_U0: waiting for pending UART response ch=8 before next command
I (169663) CMD_U0: waiting for pending UART response ch=8 before next command
I (169684) CMD_U0: waiting for pending UART response ch=8 before next command
I (169710) CMD_U0: waiting for pending UART response ch=8 before next command
I (169736) CMD_U0: waiting for pending UART response ch=8 before next command
I (169762) CMD_U0: waiting for pending UART response ch=8 before next command
I (169788) CMD_U0: waiting for pending UART response ch=8 before next command
I (169814) CMD_U0: waiting for pending UART response ch=8 before next command
I (169835) CMD_U0: waiting for pending UART response ch=8 before next command
E (169855) MQTT: Publish failed
W (169855) TRANSPORT: No transport connected for broadcast
W (169855) MSG: Broadcast failed, falling back to MQTT
E (169856) MQTT: Publish failed
I (169856) CMD_U0: waiting for pending UART response ch=8 before next command
E (169880) MQTT: Publish failed
W (169880) TRANSPORT: No transport connected for broadcast
W (169880) MSG: Broadcast failed, falling back to MQTT
E (169881) MQTT: Publish failed
I (169882) CMD_U0: waiting for pending UART response ch=8 before next command
E (169905) MQTT: Publish failed
W (169905) TRANSPORT: No transport connected for broadcast
W (169905) MSG: Broadcast failed, falling back to MQTT
E (169906) MQTT: Publish failed
I (169908) CMD_U0: waiting for pending UART response ch=8 before next command
E (169931) MQTT: Publish failed
W (169931) TRANSPORT: No transport connected for broadcast
W (169931) MSG: Broadcast failed, falling back to MQTT
E (169932) MQTT: Publish failed
I (169934) CMD_U0: waiting for pending UART response ch=8 before next command
E (169956) MQTT: Publish failed
W (169956) TRANSPORT: No transport connected for broadcast
W (169956) MSG: Broadcast failed, falling back to MQTT
E (169957) MQTT: Publish failed
I (169960) CMD_U0: waiting for pending UART response ch=8 before next command
I (169981) CMD_U0: waiting for pending UART response ch=8 before next command
E (169981) MQTT: Publish failed
W (169981) TRANSPORT: No transport connected for broadcast
W (169982) MSG: Broadcast failed, falling back to MQTT
E (169982) MQTT: Publish failed
E (170002) MQTT: Publish failed
W (170002) TRANSPORT: No transport connected for broadcast
W (170002) MSG: Broadcast failed, falling back to MQTT
E (170003) MQTT: Publish failed
I (170006) CMD_U0: waiting for pending UART response ch=8 before next command
E (170027) MQTT: Publish failed
W (170027) TRANSPORT: No transport connected for broadcast
W (170027) MSG: Broadcast failed, falling back to MQTT
E (170028) MQTT: Publish failed
I (170032) CMD_U0: waiting for pending UART response ch=8 before next command
E (170052) MQTT: Publish failed
W (170052) TRANSPORT: No transport connected for broadcast
W (170052) MSG: Broadcast failed, falling back to MQTT
E (170053) MQTT: Publish failed
I (170053) CMD_U0: waiting for pending UART response ch=8 before next command
E (170073) MQTT: Publish failed
W (170073) TRANSPORT: No transport connected for broadcast
W (170073) MSG: Broadcast failed, falling back to MQTT
E (170074) MQTT: Publish failed
I (170074) CMD_U0: waiting for pending UART response ch=8 before next command
E (170098) MQTT: Publish failed
W (170098) TRANSPORT: No transport connected for broadcast
W (170098) MSG: Broadcast failed, falling back to MQTT
E (170099) MQTT: Publish failed
I (170100) CMD_U0: waiting for pending UART response ch=8 before next command
E (170123) MQTT: Publish failed
W (170123) TRANSPORT: No transport connected for broadcast
W (170123) MSG: Broadcast failed, falling back to MQTT
E (170124) MQTT: Publish failed
I (170126) CMD_U0: waiting for pending UART response ch=8 before next command
E (170149) MQTT: Publish failed
W (170149) TRANSPORT: No transport connected for broadcast
W (170149) MSG: Broadcast failed, falling back to MQTT
E (170150) MQTT: Publish failed
I (170152) CMD_U0: waiting for pending UART response ch=8 before next command
E (170174) MQTT: Publish failed
W (170174) TRANSPORT: No transport connected for broadcast
W (170174) MSG: Broadcast failed, falling back to MQTT
E (170175) MQTT: Publish failed
I (170178) CMD_U0: waiting for pending UART response ch=8 before next command
E (170199) MQTT: Publish failed
W (170199) TRANSPORT: No transport connected for broadcast
W (170199) MSG: Broadcast failed, falling back to MQTT
E (170200) MQTT: Publish failed
I (170204) CMD_U0: waiting for pending UART response ch=8 before next command
E (170225) MQTT: Publish failed
W (170225) TRANSPORT: No transport connected for broadcast
W (170225) MSG: Broadcast failed, falling back to MQTT
E (170226) MQTT: Publish failed
I (170230) CMD_U0: waiting for pending UART response ch=8 before next command
E (170250) MQTT: Publish failed
W (170250) TRANSPORT: No transport connected for broadcast
W (170250) MSG: Broadcast failed, falling back to MQTT
E (170251) MQTT: Publish failed
I (170251) CMD_U0: waiting for pending UART response ch=8 before next command
E (170270) MQTT: Publish failed
W (170270) TRANSPORT: No transport connected for broadcast
W (170270) MSG: Broadcast failed, falling back to MQTT
E (170271) MQTT: Publish failed
I (170272) CMD_U0: waiting for pending UART response ch=8 before next command
E (170296) MQTT: Publish failed
W (170296) TRANSPORT: No transport connected for broadcast
W (170296) MSG: Broadcast failed, falling back to MQTT
E (170297) MQTT: Publish failed
I (170298) CMD_U0: waiting for pending UART response ch=8 before next command
E (170321) MQTT: Publish failed
W (170321) TRANSPORT: No transport connected for broadcast
W (170321) MSG: Broadcast failed, falling back to MQTT
E (170322) MQTT: Publish failed
I (170324) CMD_U0: waiting for pending UART response ch=8 before next command
W (170344) RX_TASK: RX timeout slot1 type=1 reqID=0 (1001ms)
E (170344) MQTT: Publish failed
W (170345) TRANSPORT: No transport connected for broadcast
W (170345) MSG: Broadcast failed, falling back to MQTT
E (170346) MQTT: Publish failed
E (170346) MQTT: Publish failed
W (170346) TRANSPORT: No transport connected for broadcast
W (170346) MSG: Broadcast failed, falling back to MQTT
E (170347) MQTT: Publish failed
I (170350) CMD_U0: waiting for pending UART response ch=8 before next command
I (170362) CMD_U1: waiting for pending UART response ch=9 before next command
E (170372) MQTT: Publish failed
W (170372) TRANSPORT: No transport connected for broadcast
W (170372) MSG: Broadcast failed, falling back to MQTT
E (170373) MQTT: Publish failed
I (170376) CMD_U0: waiting for pending UART response ch=8 before next command
E (170397) MQTT: Publish failed
W (170397) TRANSPORT: No transport connected for broadcast
W (170397) MSG: Broadcast failed, falling back to MQTT
E (170398) MQTT: Publish failed
I (170402) CMD_U0: waiting for pending UART response ch=8 before next command
E (170422) MQTT: Publish failed
W (170422) TRANSPORT: No transport connected for broadcast
W (170422) MSG: Broadcast failed, falling back to MQTT
E (170423) MQTT: Publish failed
I (170423) CMD_U0: waiting for pending UART response ch=8 before next command
E (170442) MQTT: Publish failed
W (170442) TRANSPORT: No transport connected for broadcast
W (170442) MSG: Broadcast failed, falling back to MQTT
E (170443) MQTT: Publish failed
I (170444) CMD_U0: waiting for pending UART response ch=8 before next command
E (170468) MQTT: Publish failed
W (170468) TRANSPORT: No transport connected for broadcast
W (170468) MSG: Broadcast failed, falling back to MQTT
E (170469) MQTT: Publish failed
I (170470) CMD_U0: waiting for pending UART response ch=8 before next command
E (170493) MQTT: Publish failed
W (170493) TRANSPORT: No transport connected for broadcast
W (170493) MSG: Broadcast failed, falling back to MQTT
E (170494) MQTT: Publish failed
I (170496) CMD_U0: waiting for pending UART response ch=8 before next command
E (170518) MQTT: Publish failed
W (170518) TRANSPORT: No transport connected for broadcast
W (170518) MSG: Broadcast failed, falling back to MQTT
E (170519) MQTT: Publish failed
I (170522) CMD_U0: waiting for pending UART response ch=8 before next command
E (170544) MQTT: Publish failed
W (170544) TRANSPORT: No transport connected for broadcast
W (170544) MSG: Broadcast failed, falling back to MQTT
E (170545) MQTT: Publish failed
I (170548) CMD_U0: waiting for pending UART response ch=8 before next command
E (170569) MQTT: Publish failed
W (170569) TRANSPORT: No transport connected for broadcast
W (170569) MSG: Broadcast failed, falling back to MQTT
E (170570) MQTT: Publish failed
I (170574) CMD_U0: waiting for pending UART response ch=8 before next command
E (170594) MQTT: Publish failed
W (170594) TRANSPORT: No transport connected for broadcast
W (170594) MSG: Broadcast failed, falling back to MQTT
E (170595) MQTT: Publish failed
I (170595) CMD_U0: waiting for pending UART response ch=8 before next command
E (170615) MQTT: Publish failed
W (170615) TRANSPORT: No transport connected for broadcast
W (170615) MSG: Broadcast failed, falling back to MQTT
E (170616) MQTT: Publish failed
I (170616) CMD_U0: waiting for pending UART response ch=8 before next command
E (170640) MQTT: Publish failed
W (170640) TRANSPORT: No transport connected for broadcast
W (170640) MSG: Broadcast failed, falling back to MQTT
E (170641) MQTT: Publish failed
I (170642) CMD_U0: waiting for pending UART response ch=8 before next command
E (170665) MQTT: Publish failed
W (170665) TRANSPORT: No transport connected for broadcast
W (170665) MSG: Broadcast failed, falling back to MQTT
E (170666) MQTT: Publish failed
I (170668) CMD_U0: waiting for pending UART response ch=8 before next command
E (170691) MQTT: Publish failed
W (170691) TRANSPORT: No transport connected for broadcast
W (170691) MSG: Broadcast failed, falling back to MQTT
E (170692) MQTT: Publish failed
I (170694) CMD_U0: waiting for pending UART response ch=8 before next command
I (170720) CMD_U0: waiting for pending UART response ch=8 before next command
I (170741) CMD_U0: waiting for pending UART response ch=8 before next command
I (170762) CMD_U0: waiting for pending UART response ch=8 before next command
I (170784) CMD_U0: waiting for pending UART response ch=8 before next command
I (170809) CMD_U0: waiting for pending UART response ch=8 before next command
I (170835) CMD_U0: waiting for pending UART response ch=8 before next command
I (170861) CMD_U0: waiting for pending UART response ch=8 before next command
I (170887) CMD_U0: waiting for pending UART response ch=8 before next command
I (170913) CMD_U0: waiting for pending UART response ch=8 before next command
I (170934) CMD_U0: waiting for pending UART response ch=8 before next command
I (170955) CMD_U0: waiting for pending UART response ch=8 before next command
I (170976) CMD_U0: waiting for pending UART response ch=8 before next command
I (171002) CMD_U0: waiting for pending UART response ch=8 before next command
I (171011) SCHEDULER: Stats: samples=420 full=585 min_free=3
I (171028) CMD_U0: waiting for pending UART response ch=8 before next command
I (171054) CMD_U0: waiting for pending UART response ch=8 before next command
I (171080) CMD_U0: waiting for pending UART response ch=8 before next command
I (171106) CMD_U0: waiting for pending UART response ch=8 before next command
I (171127) CMD_U0: waiting for pending UART response ch=8 before next command
I (171148) CMD_U0: waiting for pending UART response ch=8 before next command
I (171174) CMD_U0: waiting for pending UART response ch=8 before next command
I (171200) CMD_U0: waiting for pending UART response ch=8 before next command
I (171226) CMD_U0: waiting for pending UART response ch=8 before next command
I (171252) CMD_U0: waiting for pending UART response ch=8 before next command
I (171274) CMD_U0: waiting for pending UART response ch=8 before next command
I (171294) CMD_U0: waiting for pending UART response ch=8 before next command
I (171319) CMD_U0: waiting for pending UART response ch=8 before next command
I (171340) CMD_U0: waiting for pending UART response ch=8 before next command
W (171346) RX_TASK: RX timeout slot1 type=1 reqID=0 (1001ms)
I (171361) CMD_U0: waiting for pending UART response ch=8 before next command
I (171385) CMD_U1: waiting for pending UART response ch=9 before next command
I (171387) CMD_U0: waiting for pending UART response ch=8 before next command
I (171413) CMD_U0: waiting for pending UART response ch=8 before next command
I (171439) CMD_U0: waiting for pending UART response ch=8 before next command
I (171465) CMD_U0: waiting for pending UART response ch=8 before next command
E (171486) MQTT: Publish failed
W (171486) TRANSPORT: No transport connected for broadcast
W (171486) MSG: Broadcast failed, falling back to MQTT
E (171487) MQTT: Publish failed
I (171491) CMD_U0: waiting for pending UART response ch=8 before next command
E (171511) MQTT: Publish failed
W (171511) TRANSPORT: No transport connected for broadcast
W (171511) MSG: Broadcast failed, falling back to MQTT
E (171512) MQTT: Publish failed
I (171512) CMD_U0: waiting for pending UART response ch=8 before next command
E (171532) MQTT: Publish failed
W (171532) TRANSPORT: No transport connected for broadcast
W (171532) MSG: Broadcast failed, falling back to MQTT
E (171533) MQTT: Publish failed
I (171533) CMD_U0: waiting for pending UART response ch=8 before next command
E (171557) MQTT: Publish failed
W (171557) TRANSPORT: No transport connected for broadcast
W (171557) MSG: Broadcast failed, falling back to MQTT
E (171558) MQTT: Publish failed
I (171559) CMD_U0: waiting for pending UART response ch=8 before next command
E (171582) MQTT: Publish failed
W (171582) TRANSPORT: No transport connected for broadcast
W (171582) MSG: Broadcast failed, falling back to MQTT
E (171583) MQTT: Publish failed
I (171585) CMD_U0: waiting for pending UART response ch=8 before next command
E (171608) MQTT: Publish failed
W (171608) TRANSPORT: No transport connected for broadcast
W (171608) MSG: Broadcast failed, falling back to MQTT
E (171609) MQTT: Publish failed
I (171611) CMD_U0: waiting for pending UART response ch=8 before next command
E (171634) MQTT: Publish failed
W (171634) TRANSPORT: No transport connected for broadcast
W (171634) MSG: Broadcast failed, falling back to MQTT
E (171635) MQTT: Publish failed
I (171637) CMD_U0: waiting for pending UART response ch=8 before next command
E (171659) MQTT: Publish failed
W (171659) TRANSPORT: No transport connected for broadcast
W (171659) MSG: Broadcast failed, falling back to MQTT
E (171660) MQTT: Publish failed
I (171663) CMD_U0: waiting for pending UART response ch=8 before next command
E (171684) MQTT: Publish failed
W (171684) TRANSPORT: No transport connected for broadcast
W (171684) MSG: Broadcast failed, falling back to MQTT
E (171685) MQTT: Publish failed
I (171689) CMD_U0: waiting for pending UART response ch=8 before next command
E (171709) MQTT: Publish failed
W (171709) TRANSPORT: No transport connected for broadcast
W (171709) MSG: Broadcast failed, falling back to MQTT
E (171710) MQTT: Publish failed
I (171710) CMD_U0: waiting for pending UART response ch=8 before next command
E (171729) MQTT: Publish failed
W (171729) TRANSPORT: No transport connected for broadcast
W (171729) MSG: Broadcast failed, falling back to MQTT
E (171730) MQTT: Publish failed
I (171731) CMD_U0: waiting for pending UART response ch=8 before next command
E (171755) MQTT: Publish failed
W (171755) TRANSPORT: No transport connected for broadcast
W (171755) MSG: Broadcast failed, falling back to MQTT
E (171756) MQTT: Publish failed
I (171757) CMD_U0: waiting for pending UART response ch=8 before next command
E (171780) MQTT: Publish failed
W (171780) TRANSPORT: No transport connected for broadcast
W (171780) MSG: Broadcast failed, falling back to MQTT
E (171781) MQTT: Publish failed
I (171783) CMD_U0: waiting for pending UART response ch=8 before next command
E (171787) MQTT: Publish failed
W (171787) TRANSPORT: No transport connected for broadcast
W (171788) MSG: Broadcast failed, falling back to MQTT
E (171788) MQTT: Publish failed
E (171804) MQTT: Publish failed
W (171804) TRANSPORT: No transport connected for broadcast
W (171804) MSG: Broadcast failed, falling back to MQTT
E (171804) MQTT: Publish failed
E (171805) MQTT: Publish failed
W (171805) TRANSPORT: No transport connected for broadcast
W (171805) MSG: Broadcast failed, falling back to MQTT
E (171806) MQTT: Publish failed
I (171809) CMD_U0: waiting for pending UART response ch=8 before next command
E (171831) MQTT: Publish failed
W (171831) TRANSPORT: No transport connected for broadcast
W (171831) MSG: Broadcast failed, falling back to MQTT
E (171832) MQTT: Publish failed
I (171835) CMD_U0: waiting for pending UART response ch=8 before next command
E (171856) MQTT: Publish failed
W (171856) TRANSPORT: No transport connected for broadcast
W (171856) MSG: Broadcast failed, falling back to MQTT
E (171857) MQTT: Publish failed
I (171861) CMD_U0: waiting for pending UART response ch=8 before next command
E (171881) MQTT: Publish failed
W (171882) TRANSPORT: No transport connected for broadcast
W (171882) MSG: Broadcast failed, falling back to MQTT
E (171882) MQTT: Publish failed
I (171882) CMD_U0: waiting for pending UART response ch=8 before next command
E (171902) MQTT: Publish failed
W (171902) TRANSPORT: No transport connected for broadcast
W (171902) MSG: Broadcast failed, falling back to MQTT
E (171903) MQTT: Publish failed
I (171903) CMD_U0: waiting for pending UART response ch=8 before next command
E (171927) MQTT: Publish failed
W (171927) TRANSPORT: No transport connected for broadcast
W (171927) MSG: Broadcast failed, falling back to MQTT
E (171928) MQTT: Publish failed
I (171929) CMD_U0: waiting for pending UART response ch=8 before next command
E (171952) MQTT: Publish failed
W (171952) TRANSPORT: No transport connected for broadcast
W (171952) MSG: Broadcast failed, falling back to MQTT
E (171953) MQTT: Publish failed
I (171955) CMD_U0: waiting for pending UART response ch=8 before next command
E (171977) MQTT: Publish failed
W (171977) TRANSPORT: No transport connected for broadcast
W (171977) MSG: Broadcast failed, falling back to MQTT
E (171978) MQTT: Publish failed
I (171981) CMD_U0: waiting for pending UART response ch=8 before next command
E (172003) MQTT: Publish failed
W (172003) TRANSPORT: No transport connected for broadcast
W (172003) MSG: Broadcast failed, falling back to MQTT
E (172004) MQTT: Publish failed
I (172007) CMD_U0: waiting for pending UART response ch=8 before next command
E (172028) MQTT: Publish failed
W (172028) TRANSPORT: No transport connected for broadcast
W (172028) MSG: Broadcast failed, falling back to MQTT
E (172029) MQTT: Publish failed
I (172033) CMD_U0: waiting for pending UART response ch=8 before next command
E (172053) MQTT: Publish failed
W (172053) TRANSPORT: No transport connected for broadcast
W (172053) MSG: Broadcast failed, falling back to MQTT
E (172054) MQTT: Publish failed
I (172054) CMD_U0: waiting for pending UART response ch=8 before next command
E (172074) MQTT: Publish failed
W (172074) TRANSPORT: No transport connected for broadcast
W (172075) MSG: Broadcast failed, falling back to MQTT
I (172075) CMD_U0: waiting for pending UART response ch=8 before next command
E (172075) MQTT: Publish failed
I (172101) CMD_U0: waiting for pending UART response ch=8 before next command
I (172127) CMD_U0: waiting for pending UART response ch=8 before next command
I (172153) CMD_U0: waiting for pending UART response ch=8 before next command
I (172179) CMD_U0: waiting for pending UART response ch=8 before next command
I (172200) CMD_U0: waiting for pending UART response ch=8 before next command
I (172225) CMD_U0: waiting for pending UART response ch=8 before next command
I (172251) CMD_U0: waiting for pending UART response ch=8 before next command
I (172272) CMD_U0: waiting for pending UART response ch=8 before next command
I (172293) CMD_U0: waiting for pending UART response ch=8 before next command
I (172319) CMD_U0: waiting for pending UART response ch=8 before next command
E (172342) MQTT: Publish failed
W (172342) TRANSPORT: No transport connected for broadcast
W (172342) MSG: Broadcast failed, falling back to MQTT
E (172343) MQTT: Publish failed
I (172345) CMD_U0: waiting for pending UART response ch=8 before next command
E (172368) MQTT: Publish failed
W (172368) TRANSPORT: No transport connected for broadcast
W (172368) MSG: Broadcast failed, falling back to MQTT
E (172369) MQTT: Publish failed
W (172369) RX_TASK: RX timeout slot1 type=1 reqID=0 (1001ms)
E (172369) MQTT: Publish failed
W (172369) TRANSPORT: No transport connected for broadcast
W (172370) MSG: Broadcast failed, falling back to MQTT
E (172370) MQTT: Publish failed
I (172371) CMD_U0: waiting for pending UART response ch=8 before next command
E (172393) MQTT: Publish failed
W (172394) TRANSPORT: No transport connected for broadcast
W (172394) MSG: Broadcast failed, falling back to MQTT
E (172394) MQTT: Publish failed
I (172397) CMD_U0: waiting for pending UART response ch=8 before next command
I (172408) CMD_U1: waiting for pending UART response ch=9 before next command
I (172418) CMD_U0: waiting for pending UART response ch=8 before next command
E (172418) MQTT: Publish failed
W (172419) TRANSPORT: No transport connected for broadcast
W (172419) MSG: Broadcast failed, falling back to MQTT
E (172419) MQTT: Publish failed
E (172439) MQTT: Publish failed
W (172439) TRANSPORT: No transport connected for broadcast
W (172439) MSG: Broadcast failed, falling back to MQTT
E (172440) MQTT: Publish failed
I (172443) CMD_U0: waiting for pending UART response ch=8 before next command
I (172464) CMD_U0: waiting for pending UART response ch=8 before next command
E (172464) MQTT: Publish failed
W (172464) TRANSPORT: No transport connected for broadcast
W (172465) MSG: Broadcast failed, falling back to MQTT
E (172465) MQTT: Publish failed
E (172484) MQTT: Publish failed
W (172484) TRANSPORT: No transport connected for broadcast
W (172484) MSG: Broadcast failed, falling back to MQTT
E (172485) MQTT: Publish failed
I (172489) CMD_U0: waiting for pending UART response ch=8 before next command
E (172509) MQTT: Publish failed
W (172509) TRANSPORT: No transport connected for broadcast
W (172509) MSG: Broadcast failed, falling back to MQTT
E (172510) MQTT: Publish failed
I (172510) CMD_U0: waiting for pending UART response ch=8 before next command
E (172530) MQTT: Publish failed
W (172530) TRANSPORT: No transport connected for broadcast
W (172530) MSG: Broadcast failed, falling back to MQTT
E (172531) MQTT: Publish failed
I (172531) CMD_U0: waiting for pending UART response ch=8 before next command
E (172555) MQTT: Publish failed
W (172555) TRANSPORT: No transport connected for broadcast
W (172555) MSG: Broadcast failed, falling back to MQTT
E (172556) MQTT: Publish failed
I (172557) CMD_U0: waiting for pending UART response ch=8 before next command
E (172581) MQTT: Publish failed
W (172581) TRANSPORT: No transport connected for broadcast
W (172581) MSG: Broadcast failed, falling back to MQTT
E (172582) MQTT: Publish failed
I (172583) CMD_U0: waiting for pending UART response ch=8 before next command
E (172606) MQTT: Publish failed
W (172606) TRANSPORT: No transport connected for broadcast
W (172606) MSG: Broadcast failed, falling back to MQTT
E (172607) MQTT: Publish failed
I (172609) CMD_U0: waiting for pending UART response ch=8 before next command
E (172632) MQTT: Publish failed
W (172632) TRANSPORT: No transport connected for broadcast
W (172632) MSG: Broadcast failed, falling back to MQTT
E (172633) MQTT: Publish failed
I (172635) CMD_U0: waiting for pending UART response ch=8 before next command
E (172657) MQTT: Publish failed
W (172657) TRANSPORT: No transport connected for broadcast
W (172657) MSG: Broadcast failed, falling back to MQTT
E (172658) MQTT: Publish failed
I (172661) CMD_U0: waiting for pending UART response ch=8 before next command
E (172682) MQTT: Publish failed
W (172682) TRANSPORT: No transport connected for broadcast
W (172682) MSG: Broadcast failed, falling back to MQTT
E (172683) MQTT: Publish failed
I (172687) CMD_U0: waiting for pending UART response ch=8 before next command
I (172708) CMD_U0: waiting for pending UART response ch=8 before next command
E (172708) MQTT: Publish failed
W (172709) TRANSPORT: No transport connected for broadcast
W (172709) MSG: Broadcast failed, falling back to MQTT
E (172709) MQTT: Publish failed
E (172728) MQTT: Publish failed
W (172728) TRANSPORT: No transport connected for broadcast
W (172728) MSG: Broadcast failed, falling back to MQTT
E (172729) MQTT: Publish failed
I (172729) CMD_U0: waiting for pending UART response ch=8 before next command
E (172753) MQTT: Publish failed
W (172753) TRANSPORT: No transport connected for broadcast
W (172753) MSG: Broadcast failed, falling back to MQTT
E (172754) MQTT: Publish failed
I (172755) CMD_U0: waiting for pending UART response ch=8 before next command
E (172779) MQTT: Publish failed
W (172779) TRANSPORT: No transport connected for broadcast
W (172779) MSG: Broadcast failed, falling back to MQTT
E (172780) MQTT: Publish failed
I (172781) CMD_U0: waiting for pending UART response ch=8 before next command
E (172790) MQTT: Publish failed
W (172790) TRANSPORT: No transport connected for broadcast
W (172791) MSG: Broadcast failed, falling back to MQTT
E (172791) MQTT: Publish failed
E (172804) MQTT: Publish failed
E (172804) MQTT: W (172804) TRANSPORT: No transport connected for broadcast
Publish failed
W (172805) MSG: Broadcast failed, falling back to MQTT
E (172805) MQTT: Publish failed
W (172805) TRANSPORT: No transport connected for broadcast
W (172805) MSG: Broadcast failed, falling back to MQTT
E (172806) MQTT: Publish failed
I (172807) CMD_U0: waiting for pending UART response ch=8 before next command
E (172829) MQTT: Publish failed
W (172829) TRANSPORT: No transport connected for broadcast
W (172829) MSG: Broadcast failed, falling back to MQTT
E (172830) MQTT: Publish failed
I (172833) CMD_U0: waiting for pending UART response ch=8 before next command
E (172855) MQTT: Publish failed
W (172855) TRANSPORT: No transport connected for broadcast
W (172855) MSG: Broadcast failed, falling back to MQTT
E (172856) MQTT: Publish failed
I (172859) CMD_U0: waiting for pending UART response ch=8 before next command
E (172880) MQTT: Publish failed
W (172880) TRANSPORT: No transport connected for broadcast
W (172880) MSG: Broadcast failed, falling back to MQTT
E (172881) MQTT: Publish failed
I (172885) CMD_U0: waiting for pending UART response ch=8 before next command
E (172905) MQTT: Publish failed
W (172906) TRANSPORT: No transport connected for broadcast
W (172906) MSG: Broadcast failed, falling back to MQTT
E (172906) MQTT: Publish failed
I (172906) CMD_U0: waiting for pending UART response ch=8 before next command
E (172925) MQTT: Publish failed
W (172925) TRANSPORT: No transport connected for broadcast
W (172925) MSG: Broadcast failed, falling back to MQTT
E (172926) MQTT: Publish failed
I (172927) CMD_U0: waiting for pending UART response ch=8 before next command
E (172951) MQTT: Publish failed
W (172951) TRANSPORT: No transport connected for broadcast
W (172951) MSG: Broadcast failed, falling back to MQTT
E (172952) MQTT: Publish failed
I (172953) CMD_U0: waiting for pending UART response ch=8 before next command
E (172976) MQTT: Publish failed
W (172976) TRANSPORT: No transport connected for broadcast
W (172976) MSG: Broadcast failed, falling back to MQTT
E (172977) MQTT: Publish failed
I (172979) CMD_U0: waiting for pending UART response ch=8 before next command
E (173001) MQTT: Publish failed
W (173001) TRANSPORT: No transport connected for broadcast
W (173001) MSG: Broadcast failed, falling back to MQTT
E (173002) MQTT: Publish failed
I (173005) CMD_U0: waiting for pending UART response ch=8 before next command
E (173027) MQTT: Publish failed
W (173027) TRANSPORT: No transport connected for broadcast
W (173027) MSG: Broadcast failed, falling back to MQTT
E (173028) MQTT: Publish failed
I (173031) CMD_U0: waiting for pending UART response ch=8 before next command
E (173052) MQTT: Publish failed
W (173052) TRANSPORT: No transport connected for broadcast
W (173052) MSG: Broadcast failed, falling back to MQTT
E (173053) MQTT: Publish failed
I (173057) CMD_U0: waiting for pending UART response ch=8 before next command
E (173077) MQTT: Publish failed
W (173077) TRANSPORT: No transport connected for broadcast
W (173077) MSG: Broadcast failed, falling back to MQTT
E (173078) MQTT: Publish failed
I (173078) CMD_U0: waiting for pending UART response ch=8 before next command
E (173098) MQTT: Publish failed
W (173098) TRANSPORT: No transport connected for broadcast
W (173098) MSG: Broadcast failed, falling back to MQTT
E (173099) MQTT: Publish failed
I (173099) CMD_U0: waiting for pending UART response ch=8 before next command
E (173123) MQTT: Publish failed
W (173123) TRANSPORT: No transport connected for broadcast
W (173123) MSG: Broadcast failed, falling back to MQTT
E (173124) MQTT: Publish failed
I (173125) CMD_U0: waiting for pending UART response ch=8 before next command
I (173151) CMD_U0: waiting for pending UART response ch=8 before next command
E (173150) MQTT: Publish failed
W (173153) TRANSPORT: No transport connected for broadcast
W (173154) MSG: Broadcast failed, falling back to MQTT
E (173156) MQTT: Publish failed
I (173177) CMD_U0: waiting for pending UART response ch=8 before next command
I (173203) CMD_U0: waiting for pending UART response ch=8 before next command
I (173229) CMD_U0: waiting for pending UART response ch=8 before next command
I (173256) CMD_U0: waiting for pending UART response ch=8 before next command
I (173277) CMD_U0: waiting for pending UART response ch=8 before next command
I (173303) CMD_U0: waiting for pending UART response ch=8 before next command
I (173330) CMD_U0: waiting for pending UART response ch=8 before next command
I (173355) CMD_U0: waiting for pending UART response ch=8 before next command
I (173382) CMD_U0: waiting for pending UART response ch=8 before next command
W (173392) RX_TASK: RX timeout slot1 type=1 reqID=0 (1001ms)
I (173403) CMD_U0: waiting for pending UART response ch=8 before next command
I (173411) CMD_U1: waiting for pending UART response ch=9 before next command
I (173423) CMD_U0: waiting for pending UART response ch=8 before next command
I (173449) CMD_U0: waiting for pending UART response ch=8 before next command
I (173469) CMD_U0: waiting for pending UART response ch=8 before next command
I (173491) CMD_U0: waiting for pending UART response ch=8 before next command
I (173516) CMD_U0: waiting for pending UART response ch=8 before next command
I (173542) CMD_U0: waiting for pending UART response ch=8 before next command
I (173569) CMD_U0: waiting for pending UART response ch=8 before next command
I (173590) CMD_U0: waiting for pending UART response ch=8 before next command
I (173611) CMD_U0: waiting for pending UART response ch=8 before next command
I (173638) CMD_U0: waiting for pending UART response ch=8 before next command
I (173665) CMD_U0: waiting for pending UART response ch=8 before next command
I (173690) CMD_U0: waiting for pending UART response ch=8 before next command
I (173712) CMD_U0: waiting for pending UART response ch=8 before next command
I (173733) CMD_U0: waiting for pending UART response ch=8 before next command
I (173759) CMD_U0: waiting for pending UART response ch=8 before next command
I (173785) CMD_U0: waiting for pending UART response ch=8 before next command
I (173807) CMD_U0: waiting for pending UART response ch=8 before next command
I (173832) CMD_U0: waiting for pending UART response ch=8 before next command
I (173858) CMD_U0: waiting for pending UART response ch=8 before next command
I (173879) CMD_U0: waiting for pending UART response ch=8 before next command
I (173900) CMD_U0: waiting for pending UART response ch=8 before next command
I (173926) CMD_U0: waiting for pending UART response ch=8 before next command
I (173952) CMD_U0: waiting for pending UART response ch=8 before next command
I (173978) CMD_U0: waiting for pending UART response ch=8 before next command
I (174004) CMD_U0: waiting for pending UART response ch=8 before next command
I (174030) CMD_U0: waiting for pending UART response ch=8 before next command
I (174051) CMD_U0: waiting for pending UART response ch=8 before next command
I (174071) CMD_U0: waiting for pending UART response ch=8 before next command
I (174096) CMD_U0: waiting for pending UART response ch=8 before next command
I (174117) CMD_U0: waiting for pending UART response ch=8 before next command
I (174137) CMD_U0: waiting for pending UART response ch=8 before next command
I (174163) CMD_U0: waiting for pending UART response ch=8 before next command
I (174184) CMD_U0: waiting for pending UART response ch=8 before next command
I (174204) CMD_U0: waiting for pending UART response ch=8 before next command
I (174225) CMD_U0: waiting for pending UART response ch=8 before next command
I (174251) CMD_U0: waiting for pending UART response ch=8 before next command
I (174277) CMD_U0: waiting for pending UART response ch=8 before next command
I (174303) CMD_U0: waiting for pending UART response ch=8 before next command
I (174329) CMD_U0: waiting for pending UART response ch=8 before next command
I (174350) CMD_U0: waiting for pending UART response ch=8 before next command
I (174376) CMD_U0: waiting for pending UART response ch=8 before next command
W (174395) RX_TASK: RX timeout slot1 type=1 reqID=0 (1001ms)
I (174397) CMD_U0: waiting for pending UART response ch=8 before next command
I (174418) CMD_U0: waiting for pending UART response ch=8 before next command
I (174435) CMD_U1: waiting for pending UART response ch=9 before next command
I (174444) CMD_U0: waiting for pending UART response ch=8 before next command
I (174470) CMD_U0: waiting for pending UART response ch=8 before next command
I (174496) CMD_U0: waiting for pending UART response ch=8 before next command
I (174522) CMD_U0: waiting for pending UART response ch=8 before next command
I (174548) CMD_U0: waiting for pending UART response ch=8 before next command
I (174569) CMD_U0: waiting for pending UART response ch=8 before next command
E (174588) MQTT: Publish failed
W (174588) TRANSPORT: No transport connected for broadcast
W (174588) MSG: Broadcast failed, falling back to MQTT
E (174589) MQTT: Publish failed
I (174590) CMD_U0: waiting for pending UART response ch=8 before next command
E (174614) MQTT: Publish failed
W (174614) TRANSPORT: No transport connected for broadcast
W (174614) MSG: Broadcast failed, falling back to MQTT
E (174615) MQTT: Publish failed
I (174616) CMD_U0: waiting for pending UART response ch=8 before next command
E (174639) MQTT: Publish failed
W (174639) TRANSPORT: No transport connected for broadcast
W (174639) MSG: Broadcast failed, falling back to MQTT
E (174640) MQTT: Publish failed
I (174642) CMD_U0: waiting for pending UART response ch=8 before next command
E (174664) MQTT: Publish failed
W (174664) TRANSPORT: No transport connected for broadcast
W (174664) MSG: Broadcast failed, falling back to MQTT
E (174665) MQTT: Publish failed
I (174668) CMD_U0: waiting for pending UART response ch=8 before next command
E (174690) MQTT: Publish failed
W (174690) TRANSPORT: No transport connected for broadcast
W (174690) MSG: Broadcast failed, falling back to MQTT
E (174691) MQTT: Publish failed
I (174694) CMD_U0: waiting for pending UART response ch=8 before next command
I (174715) CMD_U0: waiting for pending UART response ch=8 before next command
E (174715) MQTT: Publish failed
W (174715) TRANSPORT: No transport connected for broadcast
W (174716) MSG: Broadcast failed, falling back to MQTT
E (174716) MQTT: Publish failed
I (174735) CMD_U0: waiting for pending UART response ch=8 before next command
E (174735) MQTT: Publish failed
W (174736) TRANSPORT: No transport connected for broadcast
W (174736) MSG: Broadcast failed, falling back to MQTT
E (174736) MQTT: Publish failed
E (174756) MQTT: Publish failed
W (174756) TRANSPORT: No transport connected for broadcast
W (174756) MSG: Broadcast failed, falling back to MQTT
E (174757) MQTT: Publish failed
I (174760) CMD_U0: waiting for pending UART response ch=8 before next command
I (174781) CMD_U0: waiting for pending UART response ch=8 before next command
E (174782) MQTT: Publish failed
W (174782) TRANSPORT: No transport connected for broadcast
W (174782) MSG: Broadcast failed, falling back to MQTT
E (174783) MQTT: Publish failed
I (174791) RX_TASK: Stats: events=413 completions=423 report_drop=0 report_q_high=2
E (174795) MQTT: Publish failed
W (174796) TRANSPORT: No transport connected for broadcast
W (174797) MSG: Broadcast failed, falling back to MQTT
E (174797) MQTT: Publish failed
I (174802) CMD_U0: waiting for pending UART response ch=8 before next command
I (174828) CMD_U0: waiting for pending UART response ch=8 before next command
I (174854) CMD_U0: waiting for pending UART response ch=8 before next command
E (174877) MQTT: Publish failed
W (174877) TRANSPORT: No transport connected for broadcast
W (174877) MSG: Broadcast failed, falling back to MQTT
E (174878) MQTT: Publish failed
I (174880) CMD_U0: waiting for pending UART response ch=8 before next command
E (174903) MQTT: Publish failed
W (174903) TRANSPORT: No transport connected for broadcast
W (174903) MSG: Broadcast failed, falling back to MQTT
E (174904) MQTT: Publish failed
I (174906) CMD_U0: waiting for pending UART response ch=8 before next command
E (174928) MQTT: Publish failed
W (174928) TRANSPORT: No transport connected for broadcast
W (174928) MSG: Broadcast failed, falling back to MQTT
E (174929) MQTT: Publish failed
I (174932) CMD_U0: waiting for pending UART response ch=8 before next command
E (174953) MQTT: Publish failed
W (174954) TRANSPORT: No transport connected for broadcast
W (174954) MSG: Broadcast failed, falling back to MQTT
E (174954) MQTT: Publish failed
I (174958) CMD_U0: waiting for pending UART response ch=8 before next command
E (174979) MQTT: Publish failed
W (174979) TRANSPORT: No transport connected for broadcast
W (174979) MSG: Broadcast failed, falling back to MQTT
E (174980) MQTT: Publish failed
I (174984) CMD_U0: waiting for pending UART response ch=8 before next command
E (175004) MQTT: Publish failed
W (175004) TRANSPORT: No transport connected for broadcast
W (175004) MSG: Broadcast failed, falling back to MQTT
E (175005) MQTT: Publish failed
I (175005) CMD_U0: waiting for pending UART response ch=8 before next command
E (175024) MQTT: Publish failed
W (175024) TRANSPORT: No transport connected for broadcast
W (175024) MSG: Broadcast failed, falling back to MQTT
E (175025) MQTT: Publish failed
I (175026) CMD_U0: waiting for pending UART response ch=8 before next command
E (175050) MQTT: Publish failed
W (175050) TRANSPORT: No transport connected for broadcast
W (175050) MSG: Broadcast failed, falling back to MQTT
E (175051) MQTT: Publish failed
I (175052) CMD_U0: waiting for pending UART response ch=8 before next command
E (175075) MQTT: Publish failed
W (175075) TRANSPORT: No transport connected for broadcast
W (175075) MSG: Broadcast failed, falling back to MQTT
E (175076) MQTT: Publish failed
I (175078) CMD_U0: waiting for pending UART response ch=8 before next command
E (175101) MQTT: Publish failed
W (175101) TRANSPORT: No transport connected for broadcast
W (175101) MSG: Broadcast failed, falling back to MQTT
E (175102) MQTT: Publish failed
I (175104) CMD_U0: waiting for pending UART response ch=8 before next command
E (175126) MQTT: Publish failed
W (175126) TRANSPORT: No transport connected for broadcast
W (175126) MSG: Broadcast failed, falling back to MQTT
E (175127) MQTT: Publish failed
I (175130) CMD_U0: waiting for pending UART response ch=8 before next command
I (175151) CMD_U0: waiting for pending UART response ch=8 before next command
E (175151) MQTT: Publish failed
W (175152) TRANSPORT: No transport connected for broadcast
W (175152) MSG: Broadcast failed, falling back to MQTT
E (175152) MQTT: Publish failed
E (175172) MQTT: Publish failed
W (175172) TRANSPORT: No transport connected for broadcast
W (175172) MSG: Broadcast failed, falling back to MQTT
E (175173) MQTT: Publish failed
I (175176) CMD_U0: waiting for pending UART response ch=8 before next command
I (175197) CMD_U0: waiting for pending UART response ch=8 before next command
E (175197) MQTT: Publish failed
W (175197) TRANSPORT: No transport connected for broadcast
W (175198) MSG: Broadcast failed, falling back to MQTT
E (175198) MQTT: Publish failed
E (175217) MQTT: Publish failed
W (175217) TRANSPORT: No transport connected for broadcast
W (175217) MSG: Broadcast failed, falling back to MQTT
E (175218) MQTT: Publish failed
I (175222) CMD_U0: waiting for pending UART response ch=8 before next command
E (175243) MQTT: Publish failed
W (175243) TRANSPORT: No transport connected for broadcast
W (175243) MSG: Broadcast failed, falling back to MQTT
E (175244) MQTT: Publish failed
I (175248) CMD_U0: waiting for pending UART response ch=8 before next command
E (175268) MQTT: Publish failed
W (175268) TRANSPORT: No transport connected for broadcast
W (175268) MSG: Broadcast failed, falling back to MQTT
E (175269) MQTT: Publish failed
I (175269) CMD_U0: waiting for pending UART response ch=8 before next command
E (175288) MQTT: Publish failed
W (175288) TRANSPORT: No transport connected for broadcast
W (175288) MSG: Broadcast failed, falling back to MQTT
E (175289) MQTT: Publish failed
I (175290) CMD_U0: waiting for pending UART response ch=8 before next command
E (175314) MQTT: Publish failed
W (175314) TRANSPORT: No transport connected for broadcast
W (175314) MSG: Broadcast failed, falling back to MQTT
E (175315) MQTT: Publish failed
I (175316) CMD_U0: waiting for pending UART response ch=8 before next command
E (175339) MQTT: Publish failed
W (175339) TRANSPORT: No transport connected for broadcast
W (175339) MSG: Broadcast failed, falling back to MQTT
E (175340) MQTT: Publish failed
I (175342) CMD_U0: waiting for pending UART response ch=8 before next command
E (175364) MQTT: Publish failed
W (175364) TRANSPORT: No transport connected for broadcast
W (175364) MSG: Broadcast failed, falling back to MQTT
E (175365) MQTT: Publish failed
I (175368) CMD_U0: waiting for pending UART response ch=8 before next command
E (175390) MQTT: Publish failed
W (175390) TRANSPORT: No transport connected for broadcast
W (175390) MSG: Broadcast failed, falling back to MQTT
E (175391) MQTT: Publish failed
I (175394) CMD_U0: waiting for pending UART response ch=8 before next command
E (175415) MQTT: Publish failed
W (175415) TRANSPORT: No transport connected for broadcast
W (175415) MSG: Broadcast failed, falling back to MQTT
E (175416) MQTT: Publish failed
W (175419) RX_TASK: RX timeout slot1 type=1 reqID=0 (1001ms)
E (175419) MQTT: Publish failed
W (175419) TRANSPORT: No transport connected for broadcast
W (175420) MSG: Broadcast failed, falling back to MQTT
E (175420) MQTT: Publish failed
I (175420) CMD_U0: waiting for pending UART response ch=8 before next command
E (175440) MQTT: Publish failed
W (175440) TRANSPORT: No transport connected for broadcast
W (175440) MSG: Broadcast failed, falling back to MQTT
E (175441) MQTT: Publish failed
I (175441) CMD_U0: waiting for pending UART response ch=8 before next command
I (175458) CMD_U1: waiting for pending UART response ch=9 before next command
E (175461) MQTT: Publish failed
W (175461) TRANSPORT: No transport connected for broadcast
W (175461) MSG: Broadcast failed, falling back to MQTT
E (175462) MQTT: Publish failed
I (175462) CMD_U0: waiting for pending UART response ch=8 before next command
E (175486) MQTT: Publish failed
W (175486) TRANSPORT: No transport connected for broadcast
W (175486) MSG: Broadcast failed, falling back to MQTT
E (175487) MQTT: Publish failed
I (175488) CMD_U0: waiting for pending UART response ch=8 before next command
E (175511) MQTT: Publish failed
W (175511) TRANSPORT: No transport connected for broadcast
W (175511) MSG: Broadcast failed, falling back to MQTT
E (175512) MQTT: Publish failed
I (175514) CMD_U0: waiting for pending UART response ch=8 before next command
E (175537) MQTT: Publish failed
W (175537) TRANSPORT: No transport connected for broadcast
W (175537) MSG: Broadcast failed, falling back to MQTT
E (175538) MQTT: Publish failed
I (175540) CMD_U0: waiting for pending UART response ch=8 before next command
E (175562) MQTT: Publish failed
W (175562) TRANSPORT: No transport connected for broadcast
W (175562) MSG: Broadcast failed, falling back to MQTT
E (175563) MQTT: Publish failed
I (175566) CMD_U0: waiting for pending UART response ch=8 before next command
E (175588) MQTT: Publish failed
W (175588) TRANSPORT: No transport connected for broadcast
W (175588) MSG: Broadcast failed, falling back to MQTT
E (175589) MQTT: Publish failed
I (175592) CMD_U0: waiting for pending UART response ch=8 before next command
E (175613) MQTT: Publish failed
W (175613) TRANSPORT: No transport connected for broadcast
W (175613) MSG: Broadcast failed, falling back to MQTT
E (175614) MQTT: Publish failed
I (175618) CMD_U0: waiting for pending UART response ch=8 before next command
E (175639) MQTT: Publish failed
W (175639) TRANSPORT: No transport connected for broadcast
W (175639) MSG: Broadcast failed, falling back to MQTT
E (175640) MQTT: Publish failed
I (175644) CMD_U0: waiting for pending UART response ch=8 before next command
E (175664) MQTT: Publish failed
W (175664) TRANSPORT: No transport connected for broadcast
W (175664) MSG: Broadcast failed, falling back to MQTT
E (175665) MQTT: Publish failed
I (175665) CMD_U0: waiting for pending UART response ch=8 before next command
E (175684) MQTT: Publish failed
W (175684) TRANSPORT: No transport connected for broadcast
W (175684) MSG: Broadcast failed, falling back to MQTT
E (175685) MQTT: Publish failed
I (175686) CMD_U0: waiting for pending UART response ch=8 before next command
E (175705) MQTT: Publish failed
W (175705) TRANSPORT: No transport connected for broadcast
W (175705) MSG: Broadcast failed, falling back to MQTT
E (175706) MQTT: Publish failed
I (175707) CMD_U0: waiting for pending UART response ch=8 before next command
E (175731) MQTT: Publish failed
W (175731) TRANSPORT: No transport connected for broadcast
W (175731) MSG: Broadcast failed, falling back to MQTT
E (175732) MQTT: Publish failed
I (175733) CMD_U0: waiting for pending UART response ch=8 before next command
E (175756) MQTT: Publish failed
W (175756) TRANSPORT: No transport connected for broadcast
W (175756) MSG: Broadcast failed, falling back to MQTT
E (175757) MQTT: Publish failed
I (175759) CMD_U0: waiting for pending UART response ch=8 before next command
E (175782) MQTT: Publish failed
W (175782) TRANSPORT: No transport connected for broadcast
W (175782) MSG: Broadcast failed, falling back to MQTT
E (175783) MQTT: Publish failed
I (175785) CMD_U0: waiting for pending UART response ch=8 before next command
E (175800) MQTT: Publish failed
W (175800) TRANSPORT: No transport connected for broadcast
W (175800) MSG: Broadcast failed, falling back to MQTT
E (175800) MQTT: Publish failed
E (175804) MQTT: Publish failed
W (175804) TRANSPORT: No transport connected for broadcast
W (175804) MSG: Broadcast failed, falling back to MQTT
E (175804) MQTT: Publish failed
E (175809) MQTT: Publish failed
W (175810) TRANSPORT: No transport connected for broadcast
W (175812) MSG: I (175812) CMD_U0: waiting for pending UART response ch=8 before next command
Broadcast failed, falling back to MQTT
E (175813) MQTT: Publish failed
I (175837) CMD_U0: waiting for pending UART response ch=8 before next command
I (175859) CMD_U0: waiting for pending UART response ch=8 before next command
I (175885) CMD_U0: waiting for pending UART response ch=8 before next command
I (175912) CMD_U0: waiting for pending UART response ch=8 before next command
I (175937) CMD_U0: waiting for pending UART response ch=8 before next command
I (175963) CMD_U0: waiting for pending UART response ch=8 before next command
I (175989) CMD_U0: waiting for pending UART response ch=8 before next command
I (176015) CMD_U0: waiting for pending UART response ch=8 before next command
I (176041) CMD_U0: waiting for pending UART response ch=8 before next command
I (176062) CMD_U0: waiting for pending UART response ch=8 before next command
I (176083) CMD_U0: waiting for pending UART response ch=8 before next command
I (176109) CMD_U0: Stats: txn=412 err=0 (100%) no_ctx=0
I (176110) CMD_U0: waiting for pending UART response ch=8 before next command
I (176136) CMD_U0: waiting for pending UART response ch=8 before next command
I (176157) CMD_U0: waiting for pending UART response ch=8 before next command
I (176182) CMD_U0: waiting for pending UART response ch=8 before next command
I (176208) CMD_U0: waiting for pending UART response ch=8 before next command
I (176234) CMD_U0: waiting for pending UART response ch=8 before next command
I (176255) CMD_U0: waiting for pending UART response ch=8 before next command
I (176281) CMD_U0: waiting for pending UART response ch=8 before next command
I (176307) CMD_U0: waiting for pending UART response ch=8 before next command
I (176333) CMD_U0: waiting for pending UART response ch=8 before next command
I (176359) CMD_U0: waiting for pending UART response ch=8 before next command
I (176380) CMD_U0: waiting for pending UART response ch=8 before next command
I (176405) CMD_U0: waiting for pending UART response ch=8 before next command
I (176431) CMD_U0: waiting for pending UART response ch=8 before next command
W (176442) RX_TASK: RX timeout slot1 type=1 reqID=0 (1001ms)
I (176452) CMD_U0: waiting for pending UART response ch=8 before next command
I (176473) CMD_U0: waiting for pending UART response ch=8 before next command
I (176481) CMD_U1: Stats: txn=10 err=0 (100%) no_ctx=0
I (176481) CMD_U1: waiting for pending UART response ch=9 before next command
I (176499) CMD_U0: waiting for pending UART response ch=8 before next command
I (176525) CMD_U0: waiting for pending UART response ch=8 before next command
I (176551) CMD_U0: waiting for pending UART response ch=8 before next command
I (176577) CMD_U0: waiting for pending UART response ch=8 before next command
I (176598) CMD_U0: waiting for pending UART response ch=8 before next command
I (176624) CMD_U0: waiting for pending UART response ch=8 before next command
I (176645) CMD_U0: waiting for pending UART response ch=8 before next command
I (176666) CMD_U0: waiting for pending UART response ch=8 before next command
I (176692) CMD_U0: waiting for pending UART response ch=8 before next command
E (176715) MQTT: Publish failed
W (176715) TRANSPORT: No transport connected for broadcast
W (176715) MSG: Broadcast failed, falling back to MQTT
E (176716) MQTT: Publish failed
I (176718) CMD_U0: waiting for pending UART response ch=8 before next command
E (176740) MQTT: Publish failed
W (176740) TRANSPORT: No transport connected for broadcast
W (176740) MSG: Broadcast failed, falling back to MQTT
E (176741) MQTT: Publish failed
I (176744) CMD_U0: waiting for pending UART response ch=8 before next command
E (176766) MQTT: Publish failed
W (176766) TRANSPORT: No transport connected for broadcast
W (176766) MSG: Broadcast failed, falling back to MQTT
E (176767) MQTT: Publish failed
I (176770) CMD_U0: waiting for pending UART response ch=8 before next command
E (176791) MQTT: Publish failed
W (176791) TRANSPORT: No transport connected for broadcast
W (176791) MSG: Broadcast failed, falling back to MQTT
E (176792) MQTT: Publish failed
I (176796) CMD_U0: waiting for pending UART response ch=8 before next command
E (176802) MQTT: Publish failed
W (176802) TRANSPORT: No transport connected for broadcast
W (176802) MSG: Broadcast failed, falling back to MQTT
E (176802) MQTT: Publish failed
E (176804) MQTT: Publish failed
W (176804) TRANSPORT: No transport connected for broadcast
W (176804) MSG: Broadcast failed, falling back to MQTT
E (176804) MQTT: Publish failed
E (176817) MQTT: Publish failed
W (176817) TRANSPORT: No transport connected for broadcast
W (176817) MSG: Broadcast failed, falling back to MQTT
E (176818) MQTT: Publish failed
I (176822) CMD_U0: waiting for pending UART response ch=8 before next command
E (176842) MQTT: Publish failed
W (176842) TRANSPORT: No transport connected for broadcast
W (176842) MSG: Broadcast failed, falling back to MQTT
E (176843) MQTT: Publish failed
I (176843) CMD_U0: waiting for pending UART response ch=8 before next command
E (176862) MQTT: Publish failed
W (176862) TRANSPORT: No transport connected for broadcast
W (176862) MSG: Broadcast failed, falling back to MQTT
E (176863) MQTT: Publish failed
I (176864) CMD_U0: waiting for pending UART response ch=8 before next command
E (176888) MQTT: Publish failed
W (176888) TRANSPORT: No transport connected for broadcast
W (176888) MSG: Broadcast failed, falling back to MQTT
E (176889) MQTT: Publish failed
I (176890) CMD_U0: waiting for pending UART response ch=8 before next command
E (176913) MQTT: Publish failed
W (176913) TRANSPORT: No transport connected for broadcast
W (176913) MSG: Broadcast failed, falling back to MQTT
E (176914) MQTT: Publish failed
I (176916) CMD_U0: waiting for pending UART response ch=8 before next command
E (176938) MQTT: Publish failed
W (176938) TRANSPORT: No transport connected for broadcast
W (176938) MSG: Broadcast failed, falling back to MQTT
E (176939) MQTT: Publish failed
I (176942) CMD_U0: waiting for pending UART response ch=8 before next command
E (176964) MQTT: Publish failed
W (176964) TRANSPORT: No transport connected for broadcast
W (176964) MSG: Broadcast failed, falling back to MQTT
E (176965) MQTT: Publish failed
I (176968) CMD_U0: waiting for pending UART response ch=8 before next command
E (176989) MQTT: Publish failed
W (176989) TRANSPORT: No transport connected for broadcast
W (176989) MSG: Broadcast failed, falling back to MQTT
E (176990) MQTT: Publish failed
I (176994) CMD_U0: waiting for pending UART response ch=8 before next command
E (177014) MQTT: Publish failed
W (177014) TRANSPORT: No transport connected for broadcast
W (177014) MSG: Broadcast failed, falling back to MQTT
E (177015) MQTT: Publish failed
I (177015) CMD_U0: waiting for pending UART response ch=8 before next command
E (177035) MQTT: Publish failed
W (177035) TRANSPORT: No transport connected for broadcast
W (177035) MSG: Broadcast failed, falling back to MQTT
E (177036) MQTT: Publish failed
I (177037) CMD_U0: waiting for pending UART response ch=8 before next command
E (177060) MQTT: Publish failed
W (177060) TRANSPORT: No transport connected for broadcast
W (177060) MSG: Broadcast failed, falling back to MQTT
E (177061) MQTT: Publish failed
I (177062) CMD_U0: waiting for pending UART response ch=8 before next command
E (177085) MQTT: Publish failed
W (177085) TRANSPORT: No transport connected for broadcast
W (177085) MSG: Broadcast failed, falling back to MQTT
E (177086) MQTT: Publish failed
I (177088) CMD_U0: waiting for pending UART response ch=8 before next command
E (177111) MQTT: Publish failed
W (177111) TRANSPORT: No transport connected for broadcast
W (177111) MSG: Broadcast failed, falling back to MQTT
E (177112) MQTT: Publish failed
I (177114) CMD_U0: waiting for pending UART response ch=8 before next command
E (177136) MQTT: Publish failed
W (177136) TRANSPORT: No transport connected for broadcast
W (177136) MSG: Broadcast failed, falling back to MQTT
E (177137) MQTT: Publish failed
I (177140) CMD_U0: waiting for pending UART response ch=8 before next command
E (177161) MQTT: Publish failed
W (177161) TRANSPORT: No transport connected for broadcast
W (177161) MSG: Broadcast failed, falling back to MQTT
E (177162) MQTT: Publish failed
I (177166) CMD_U0: waiting for pending UART response ch=8 before next command
E (177187) MQTT: Publish failed
W (177187) TRANSPORT: No transport connected for broadcast
W (177188) MSG: Broadcast failed, falling back to MQTT
E (177188) MQTT: Publish failed
I (177193) CMD_U0: waiting for pending UART response ch=8 before next command
I (177213) CMD_U0: waiting for pending UART response ch=8 before next command
I (177239) CMD_U0: waiting for pending UART response ch=8 before next command
I (177265) CMD_U0: waiting for pending UART response ch=8 before next command
I (177291) CMD_U0: waiting for pending UART response ch=8 before next command
I (177317) CMD_U0: waiting for pending UART response ch=8 before next command
I (177344) CMD_U0: waiting for pending UART response ch=8 before next command
I (177369) CMD_U0: waiting for pending UART response ch=8 before next command
I (177390) CMD_U0: waiting for pending UART response ch=8 before next command
I (177411) CMD_U0: waiting for pending UART response ch=8 before next command
I (177438) CMD_U0: waiting for pending UART response ch=8 before next command
I (177464) CMD_U0: waiting for pending UART response ch=8 before next command
W (177465) RX_TASK: RX timeout slot1 type=1 reqID=0 (1001ms)
I (177490) CMD_U0: waiting for pending UART response ch=8 before next command
I (177504) CMD_U1: waiting for pending UART response ch=9 before next command
I (177516) CMD_U0: waiting for pending UART response ch=8 before next command
I (177537) CMD_U0: waiting for pending UART response ch=8 before next command
I (177564) CMD_U0: waiting for pending UART response ch=8 before next command
I (177584) CMD_U0: waiting for pending UART response ch=8 before next command
I (177611) CMD_U0: waiting for pending UART response ch=8 before next command
I (177636) CMD_U0: waiting for pending UART response ch=8 before next command
I (177663) CMD_U0: waiting for pending UART response ch=8 before next command
I (177688) CMD_U0: waiting for pending UART response ch=8 before next command
I (177714) CMD_U0: waiting for pending UART response ch=8 before next command
I (177740) CMD_U0: waiting for pending UART response ch=8 before next command
I (177766) CMD_U0: waiting for pending UART response ch=8 before next command
I (177793) CMD_U0: waiting for pending UART response ch=8 before next command
I (177818) CMD_U0: waiting for pending UART response ch=8 before next command
I (177845) CMD_U0: waiting for pending UART response ch=8 before next command
I (177870) CMD_U0: waiting for pending UART response ch=8 before next command
I (177896) CMD_U0: waiting for pending UART response ch=8 before next command
I (177922) CMD_U0: waiting for pending UART response ch=8 before next command
I (177943) CMD_U0: waiting for pending UART response ch=8 before next command
I (177964) CMD_U0: waiting for pending UART response ch=8 before next command
I (177990) CMD_U0: waiting for pending UART response ch=8 before next command
I (178016) CMD_U0: waiting for pending UART response ch=8 before next command
I (178042) CMD_U0: waiting for pending UART response ch=8 before next command
I (178068) CMD_U0: waiting for pending UART response ch=8 before next command
I (178094) CMD_U0: waiting for pending UART response ch=8 before next command
I (178115) CMD_U0: waiting for pending UART response ch=8 before next command
I (178140) CMD_U0: waiting for pending UART response ch=8 before next command
I (178166) CMD_U0: waiting for pending UART response ch=8 before next command
I (178187) CMD_U0: waiting for pending UART response ch=8 before next command
I (178208) CMD_U0: waiting for pending UART response ch=8 before next command
I (178234) CMD_U0: waiting for pending UART response ch=8 before next command
I (178260) CMD_U0: waiting for pending UART response ch=8 before next command
I (178286) CMD_U0: waiting for pending UART response ch=8 before next command
I (178312) CMD_U0: waiting for pending UART response ch=8 before next command
I (178333) CMD_U0: waiting for pending UART response ch=8 before next command
I (178354) CMD_U0: waiting for pending UART response ch=8 before next command
I (178374) CMD_U0: waiting for pending UART response ch=8 before next command
I (178394) CMD_U0: waiting for pending UART response ch=8 before next command
I (178419) CMD_U0: waiting for pending UART response ch=8 before next command
I (178445) CMD_U0: waiting for pending UART response ch=8 before next command
I (178466) CMD_U0: waiting for pending UART response ch=8 before next command
I (178487) CMD_U0: waiting for pending UART response ch=8 before next command
W (178488) RX_TASK: RX timeout slot1 type=1 reqID=0 (1001ms)
I (178513) CMD_U0: waiting for pending UART response ch=8 before next command
I (178527) CMD_U1: waiting for pending UART response ch=9 before next command
I (178539) CMD_U0: waiting for pending UART response ch=8 before next command
I (178565) CMD_U0: waiting for pending UART response ch=8 before next command
I (178591) CMD_U0: waiting for pending UART response ch=8 before next command
I (178617) CMD_U0: waiting for pending UART response ch=8 before next command
I (178643) CMD_U0: waiting for pending UART response ch=8 before next command
I (178664) CMD_U0: waiting for pending UART response ch=8 before next command
I (178685) CMD_U0: waiting for pending UART response ch=8 before next command
I (178706) CMD_U0: waiting for pending UART response ch=8 before next command
I (178732) CMD_U0: waiting for pending UART response ch=8 before next command
E (178755) MQTT: Publish failed
W (178755) TRANSPORT: No transport connected for broadcast
W (178755) MSG: Broadcast failed, falling back to MQTT
E (178756) MQTT: Publish failed
I (178758) CMD_U0: waiting for pending UART response ch=8 before next command
E (178781) MQTT: Publish failed
W (178781) TRANSPORT: No transport connected for broadcast
W (178781) MSG: Broadcast failed, falling back to MQTT
E (178782) MQTT: Publish failed
I (178784) CMD_U0: waiting for pending UART response ch=8 before next command
E (178806) MQTT: Publish failed
W (178806) TRANSPORT: No transport connected for broadcast
W (178806) MSG: Broadcast failed, falling back to MQTT
E (178807) MQTT: Publish failed
E (178807) MQTT: Publish failed
W (178807) TRANSPORT: No transport connected for broadcast
W (178807) MSG: Broadcast failed, falling back to MQTT
E (178807) MQTT: Publish failed
I (178810) CMD_U0: waiting for pending UART response ch=8 before next command
E (178818) MQTT: Publish failed
W (178818) TRANSPORT: No transport connected for broadcast
W (178819) MSG: Broadcast failed, falling back to MQTT
E (178819) MQTT: Publish failed
I (178831) CMD_U0: waiting for pending UART response ch=8 before next command
E (178831) MQTT: Publish failed
W (178832) TRANSPORT: No transport connected for broadcast
W (178832) MSG: Broadcast failed, falling back to MQTT
E (178832) MQTT: Publish failed
E (178852) MQTT: Publish failed
W (178852) TRANSPORT: No transport connected for broadcast
W (178852) MSG: Broadcast failed, falling back to MQTT
E (178853) MQTT: Publish failed
I (178856) CMD_U0: waiting for pending UART response ch=8 before next command
I (178877) CMD_U0: waiting for pending UART response ch=8 before next command
I (178899) CMD_U0: waiting for pending UART response ch=8 before next command
I (178919) CMD_U0: waiting for pending UART response ch=8 before next command
I (178945) CMD_U0: waiting for pending UART response ch=8 before next command
I (178971) CMD_U0: waiting for pending UART response ch=8 before next command
I (178997) CMD_U0: waiting for pending UART response ch=8 before next command
I (179023) CMD_U0: waiting for pending UART response ch=8 before next command
I (179050) CMD_U0: waiting for pending UART response ch=8 before next command
I (179071) CMD_U0: waiting for pending UART response ch=8 before next command
I (179098) CMD_U0: waiting for pending UART response ch=8 before next command
I (179124) CMD_U0: waiting for pending UART response ch=8 before next command
I (179149) CMD_U0: waiting for pending UART response ch=8 before next command
I (179175) CMD_U0: waiting for pending UART response ch=8 before next command
I (179201) CMD_U0: waiting for pending UART response ch=8 before next command
I (179222) CMD_U0: waiting for pending UART response ch=8 before next command
I (179243) CMD_U0: waiting for pending UART response ch=8 before next command
I (179270) CMD_U0: waiting for pending UART response ch=8 before next command
I (179295) CMD_U0: waiting for pending UART response ch=8 before next command
I (179321) CMD_U0: waiting for pending UART response ch=8 before next command
I (179347) CMD_U0: waiting for pending UART response ch=8 before next command
I (179374) CMD_U0: waiting for pending UART response ch=8 before next command
I (179399) CMD_U0: waiting for pending UART response ch=8 before next command
I (179420) CMD_U0: waiting for pending UART response ch=8 before next command
I (179441) CMD_U0: waiting for pending UART response ch=8 before next command
I (179468) CMD_U0: waiting for pending UART response ch=8 before next command
I (179494) CMD_U0: waiting for pending UART response ch=8 before next command
W (179511) RX_TASK: RX timeout slot1 type=1 reqID=0 (1001ms)
I (179519) CMD_U0: waiting for pending UART response ch=8 before next command
I (179545) CMD_U0: waiting for pending UART response ch=8 before next command
I (179550) CMD_U1: waiting for pending UART response ch=9 before next command
I (179571) CMD_U0: waiting for pending UART response ch=8 before next command
I (179592) CMD_U0: waiting for pending UART response ch=8 before next command
I (179613) CMD_U0: waiting for pending UART response ch=8 before next command
I (179639) CMD_U0: waiting for pending UART response ch=8 before next command
I (179665) CMD_U0: waiting for pending UART response ch=8 before next command
I (179691) CMD_U0: waiting for pending UART response ch=8 before next command
I (179717) CMD_U0: waiting for pending UART response ch=8 before next command
I (179743) CMD_U0: waiting for pending UART response ch=8 before next command
I (179764) CMD_U0: waiting for pending UART response ch=8 before next command
I (179789) CMD_U0: waiting for pending UART response ch=8 before next command
I (179810) CMD_U0: waiting for pending UART response ch=8 before next command
I (179830) CMD_U0: waiting for pending UART response ch=8 before next command
I (179851) CMD_U0: waiting for pending UART response ch=8 before next command
I (179872) CMD_U0: waiting for pending UART response ch=8 before next command
I (179898) CMD_U0: waiting for pending UART response ch=8 before next command
I (179924) CMD_U0: waiting for pending UART response ch=8 before next command
I (179950) CMD_U0: waiting for pending UART response ch=8 before next command
I (179976) CMD_U0: waiting for pending UART response ch=8 before next command
I (180002) CMD_U0: waiting for pending UART response ch=8 before next command
I (180023) CMD_U0: waiting for pending UART response ch=8 before next command
I (180048) CMD_U0: waiting for pending UART response ch=8 before next command
I (180069) CMD_U0: waiting for pending UART response ch=8 before next command
I (180090) CMD_U0: waiting for pending UART response ch=8 before next command
I (180116) CMD_U0: waiting for pending UART response ch=8 before next command
I (180142) CMD_U0: waiting for pending UART response ch=8 before next command
I (180168) CMD_U0: waiting for pending UART response ch=8 before next command
I (180194) CMD_U0: waiting for pending UART response ch=8 before next command
I (180220) CMD_U0: waiting for pending UART response ch=8 before next command
I (180241) CMD_U0: waiting for pending UART response ch=8 before next command
I (180266) CMD_U0: waiting for pending UART response ch=8 before next command
I (180292) CMD_U0: waiting for pending UART response ch=8 before next command
I (180313) CMD_U0: waiting for pending UART response ch=8 before next command
I (180334) CMD_U0: waiting for pending UART response ch=8 before next command
E (180358) MQTT: Publish failed
W (180358) TRANSPORT: No transport connected for broadcast
W (180358) MSG: Broadcast failed, falling back to MQTT
E (180359) MQTT: Publish failed
I (180360) CMD_U0: waiting for pending UART response ch=8 before next command
E (180383) MQTT: Publish failed
W (180383) TRANSPORT: No transport connected for broadcast
W (180383) MSG: Broadcast failed, falling back to MQTT
E (180384) MQTT: Publish failed
I (180386) CMD_U0: waiting for pending UART response ch=8 before next command
E (180408) MQTT: Publish failed
W (180408) TRANSPORT: No transport connected for broadcast
W (180408) MSG: Broadcast failed, falling back to MQTT
E (180409) MQTT: Publish failed
I (180412) CMD_U0: waiting for pending UART response ch=8 before next command
E (180434) MQTT: Publish failed
W (180434) TRANSPORT: No transport connected for broadcast
W (180434) MSG: Broadcast failed, falling back to MQTT
E (180435) MQTT: Publish failed
I (180438) CMD_U0: waiting for pending UART response ch=8 before next command
E (180459) MQTT: Publish failed
W (180459) TRANSPORT: No transport connected for broadcast
W (180459) MSG: Broadcast failed, falling back to MQTT
E (180460) MQTT: Publish failed
I (180464) CMD_U0: waiting for pending UART response ch=8 before next command
I (180485) CMD_U0: waiting for pending UART response ch=8 before next command
E (180485) MQTT: Publish failed
W (180486) TRANSPORT: No transport connected for broadcast
W (180486) MSG: Broadcast failed, falling back to MQTT
E (180486) MQTT: Publish failed
I (180505) CMD_U0: waiting for pending UART response ch=8 before next command
E (180505) MQTT: Publish failed
W (180506) TRANSPORT: No transport connected for broadcast
W (180506) MSG: Broadcast failed, falling back to MQTT
E (180506) MQTT: Publish failed
I (180525) CMD_U0: waiting for pending UART response ch=8 before next command
E (180525) MQTT: Publish failed
W (180526) TRANSPORT: No transport connected for broadcast
W (180526) MSG: Broadcast failed, falling back to MQTT
E (180526) MQTT: Publish failed
W (180536) RX_TASK: RX timeout slot1 type=1 reqID=0 (1002ms)
E (180547) MQTT: Publish failed
W (180547) TRANSPORT: No transport connected for broadcast
W (180547) MSG: Broadcast failed, falling back to MQTT
E (180548) MQTT: Publish failed
I (180551) CMD_U0: waiting for pending UART response ch=8 before next command
I (180572) CMD_U0: waiting for pending UART response ch=8 before next command
I (180578) CMD_U1: waiting for pending UART response ch=9 before next command
I (180597) CMD_U0: waiting for pending UART response ch=8 before next command
I (180618) CMD_U0: waiting for pending UART response ch=8 before next command
I (180644) CMD_U0: waiting for pending UART response ch=8 before next command
I (180670) CMD_U0: waiting for pending UART response ch=8 before next command
I (180696) CMD_U0: waiting for pending UART response ch=8 before next command
I (180722) CMD_U0: waiting for pending UART response ch=8 before next command
I (180748) CMD_U0: waiting for pending UART response ch=8 before next command
I (180774) CMD_U0: waiting for pending UART response ch=8 before next command
I (180795) CMD_U0: waiting for pending UART response ch=8 before next command
I (180816) CMD_U0: waiting for pending UART response ch=8 before next command
E (180823) MQTT: Publish failed
W (180824) TRANSPORT: No transport connected for broadcast
W (180824) MSG: Broadcast failed, falling back to MQTT
E (180824) MQTT: Publish failed
E (180840) MQTT: Publish failed
W (180840) TRANSPORT: No transport connected for broadcast
W (180840) MSG: Broadcast failed, falling back to MQTT
E (180841) MQTT: Publish failed
I (180842) CMD_U0: waiting for pending UART response ch=8 before next command
E (180865) MQTT: Publish failed
W (180865) TRANSPORT: No transport connected for broadcast
W (180865) MSG: Broadcast failed, falling back to MQTT
E (180866) MQTT: Publish failed
I (180868) CMD_U0: waiting for pending UART response ch=8 before next command
E (180891) MQTT: Publish failed
W (180891) TRANSPORT: No transport connected for broadcast
W (180891) MSG: Broadcast failed, falling back to MQTT
E (180892) MQTT: Publish failed
I (180894) CMD_U0: waiting for pending UART response ch=8 before next command
E (180916) MQTT: Publish failed
W (180916) TRANSPORT: No transport connected for broadcast
W (180916) MSG: Broadcast failed, falling back to MQTT
E (180917) MQTT: Publish failed
I (180920) CMD_U0: waiting for pending UART response ch=8 before next command
E (180941) MQTT: Publish failed
W (180941) TRANSPORT: No transport connected for broadcast
W (180941) MSG: Broadcast failed, falling back to MQTT
E (180942) MQTT: Publish failed
I (180946) CMD_U0: waiting for pending UART response ch=8 before next command
E (180967) MQTT: Publish failed
W (180967) TRANSPORT: No transport connected for broadcast
W (180967) MSG: Broadcast failed, falling back to MQTT
E (180968) MQTT: Publish failed
I (180972) CMD_U0: waiting for pending UART response ch=8 before next command
E (180992) MQTT: Publish failed
W (180992) TRANSPORT: No transport connected for broadcast
W (180992) MSG: Broadcast failed, falling back to MQTT
E (180993) MQTT: Publish failed
I (180993) CMD_U0: waiting for pending UART response ch=8 before next command
I (181012) SCHEDULER: Stats: samples=421 full=586 min_free=2
E (181012) MQTT: Publish failed
W (181012) TRANSPORT: No transport connected for broadcast
W (181013) MSG: Broadcast failed, falling back to MQTT
E (181013) MQTT: Publish failed
I (181014) CMD_U0: waiting for pending UART response ch=8 before next command
E (181038) MQTT: Publish failed
W (181038) TRANSPORT: No transport connected for broadcast
W (181038) MSG: Broadcast failed, falling back to MQTT
E (181039) MQTT: Publish failed
I (181040) CMD_U0: waiting for pending UART response ch=8 before next command
E (181063) MQTT: Publish failed
W (181063) TRANSPORT: No transport connected for broadcast
W (181063) MSG: Broadcast failed, falling back to MQTT
E (181064) MQTT: Publish failed
I (181066) CMD_U0: waiting for pending UART response ch=8 before next command
E (181089) MQTT: Publish failed
W (181089) TRANSPORT: No transport connected for broadcast
W (181089) MSG: Broadcast failed, falling back to MQTT
E (181090) MQTT: Publish failed
I (181092) CMD_U0: waiting for pending UART response ch=8 before next command
E (181114) MQTT: Publish failed
W (181114) TRANSPORT: No transport connected for broadcast
W (181114) MSG: Broadcast failed, falling back to MQTT
E (181115) MQTT: Publish failed
I (181118) CMD_U0: waiting for pending UART response ch=8 before next command
E (181140) MQTT: Publish failed
W (181140) TRANSPORT: No transport connected for broadcast
W (181140) MSG: Broadcast failed, falling back to MQTT
E (181141) MQTT: Publish failed
I (181144) CMD_U0: waiting for pending UART response ch=8 before next command
E (181165) MQTT: Publish failed
W (181165) TRANSPORT: No transport connected for broadcast
W (181165) MSG: Broadcast failed, falling back to MQTT
E (181166) MQTT: Publish failed
I (181170) CMD_U0: waiting for pending UART response ch=8 before next command
E (181190) MQTT: Publish failed
W (181190) TRANSPORT: No transport connected for broadcast
W (181190) MSG: Broadcast failed, falling back to MQTT
E (181191) MQTT: Publish failed
I (181191) CMD_U0: waiting for pending UART response ch=8 before next command
E (181211) MQTT: Publish failed
W (181211) TRANSPORT: No transport connected for broadcast
W (181211) MSG: Broadcast failed, falling back to MQTT
E (181212) MQTT: Publish failed
I (181212) CMD_U0: waiting for pending UART response ch=8 before next command
E (181236) MQTT: Publish failed
W (181236) TRANSPORT: No transport connected for broadcast
W (181236) MSG: Broadcast failed, falling back to MQTT
E (181237) MQTT: Publish failed
I (181238) CMD_U0: waiting for pending UART response ch=8 before next command
E (181262) MQTT: Publish failed
W (181262) TRANSPORT: No transport connected for broadcast
W (181262) MSG: Broadcast failed, falling back to MQTT
E (181263) MQTT: Publish failed
I (181264) CMD_U0: waiting for pending UART response ch=8 before next command
E (181287) MQTT: Publish failed
W (181287) TRANSPORT: No transport connected for broadcast
W (181287) MSG: Broadcast failed, falling back to MQTT
E (181288) MQTT: Publish failed
I (181290) CMD_U0: waiting for pending UART response ch=8 before next command
E (181313) MQTT: Publish failed
W (181313) TRANSPORT: No transport connected for broadcast
W (181313) MSG: Broadcast failed, falling back to MQTT
E (181314) MQTT: Publish failed
I (181316) CMD_U0: waiting for pending UART response ch=8 before next command
E (181338) MQTT: Publish failed
W (181338) TRANSPORT: No transport connected for broadcast
W (181338) MSG: Broadcast failed, falling back to MQTT
E (181339) MQTT: Publish failed
I (181342) CMD_U0: waiting for pending UART response ch=8 before next command
I (181363) CMD_U0: waiting for pending UART response ch=8 before next command
E (181363) MQTT: Publish failed
W (181363) TRANSPORT: No transport connected for broadcast
W (181364) MSG: Broadcast failed, falling back to MQTT
E (181364) MQTT: Publish failed
I (181383) CMD_U0: waiting for pending UART response ch=8 before next command
E (181383) MQTT: Publish failed
W (181384) TRANSPORT: No transport connected for broadcast
W (181384) MSG: Broadcast failed, falling back to MQTT
E (181384) MQTT: Publish failed
E (181404) MQTT: Publish failed
W (181404) TRANSPORT: No transport connected for broadcast
W (181405) MSG: Broadcast failed, falling back to MQTT
E (181405) MQTT: Publish failed
I (181408) CMD_U0: waiting for pending UART response ch=8 before next command
E (181429) MQTT: Publish failed
W (181429) TRANSPORT: No transport connected for broadcast
W (181429) MSG: Broadcast failed, falling back to MQTT
E (181430) MQTT: Publish failed
I (181434) CMD_U0: waiting for pending UART response ch=8 before next command
E (181454) MQTT: Publish failed
W (181454) TRANSPORT: No transport connected for broadcast
W (181454) MSG: Broadcast failed, falling back to MQTT
E (181455) MQTT: Publish failed
I (181455) CMD_U0: waiting for pending UART response ch=8 before next command
E (181475) MQTT: Publish failed
W (181475) TRANSPORT: No transport connected for broadcast
W (181475) MSG: Broadcast failed, falling back to MQTT
E (181476) MQTT: Publish failed
I (181476) CMD_U0: waiting for pending UART response ch=8 before next command
E (181500) MQTT: Publish failed
W (181500) TRANSPORT: No transport connected for broadcast
W (181500) MSG: Broadcast failed, falling back to MQTT
E (181501) MQTT: Publish failed
I (181502) CMD_U0: waiting for pending UART response ch=8 before next command
E (181525) MQTT: Publish failed
W (181525) TRANSPORT: No transport connected for broadcast
W (181525) MSG: Broadcast failed, falling back to MQTT
E (181526) MQTT: Publish failed
I (181528) CMD_U0: waiting for pending UART response ch=8 before next command
E (181551) MQTT: Publish failed
W (181551) TRANSPORT: No transport connected for broadcast
W (181551) MSG: Broadcast failed, falling back to MQTT
E (181552) MQTT: Publish failed
I (181554) CMD_U0: waiting for pending UART response ch=8 before next command
W (181562) RX_TASK: RX timeout slot1 type=1 reqID=0 (1001ms)
E (181562) MQTT: Publish failed
W (181563) TRANSPORT: No transport connected for broadcast
W (181563) MSG: Broadcast failed, falling back to MQTT
E (181563) MQTT: Publish failed
E (181576) MQTT: Publish failed
W (181576) TRANSPORT: No transport connected for broadcast
W (181576) MSG: Broadcast failed, falling back to MQTT
E (181577) MQTT: Publish failed
I (181580) CMD_U0: waiting for pending UART response ch=8 before next command
I (181601) CMD_U1: waiting for pending UART response ch=9 before next command
E (181601) MQTT: Publish failed
I (181602) CMD_U0: waiting for pending UART response ch=8 before next command
W (181602) TRANSPORT: No transport connected for broadcast
W (181602) MSG: Broadcast failed, falling back to MQTT
E (181602) MQTT: Publish failed
E (181622) MQTT: Publish failed
W (181622) TRANSPORT: No transport connected for broadcast
W (181622) MSG: Broadcast failed, falling back to MQTT
E (181623) MQTT: Publish failed
I (181627) CMD_U0: waiting for pending UART response ch=8 before next command
E (181647) MQTT: Publish failed
W (181647) TRANSPORT: No transport connected for broadcast
W (181647) MSG: Broadcast failed, falling back to MQTT
E (181648) MQTT: Publish failed
I (181648) CMD_U0: waiting for pending UART response ch=8 before next command
E (181672) MQTT: Publish failed
W (181673) TRANSPORT: No transport connected for broadcast
W (181673) MSG: Broadcast failed, falling back to MQTT
E (181673) MQTT: Publish failed
I (181674) CMD_U0: waiting for pending UART response ch=8 before next command
I (181700) CMD_U0: waiting for pending UART response ch=8 before next command
I (181726) CMD_U0: waiting for pending UART response ch=8 before next command
I (181752) CMD_U0: waiting for pending UART response ch=8 before next command
I (181779) CMD_U0: waiting for pending UART response ch=8 before next command
I (181800) CMD_U0: waiting for pending UART response ch=8 before next command
I (181820) CMD_U0: waiting for pending UART response ch=8 before next command
I (181845) CMD_U0: waiting for pending UART response ch=8 before next command
I (181866) CMD_U0: waiting for pending UART response ch=8 before next command
I (181892) CMD_U0: waiting for pending UART response ch=8 before next command
I (181919) CMD_U0: waiting for pending UART response ch=8 before next command
I (181945) CMD_U0: waiting for pending UART response ch=8 before next command
I (181970) CMD_U0: waiting for pending UART response ch=8 before next command
I (181996) CMD_U0: waiting for pending UART response ch=8 before next command
I (182022) CMD_U0: waiting for pending UART response ch=8 before next command
I (182043) CMD_U0: waiting for pending UART response ch=8 before next command
I (182064) CMD_U0: waiting for pending UART response ch=8 before next command
I (182090) CMD_U0: waiting for pending UART response ch=8 before next command
I (182116) CMD_U0: waiting for pending UART response ch=8 before next command
I (182142) CMD_U0: waiting for pending UART response ch=8 before next command
I (182168) CMD_U0: waiting for pending UART response ch=8 before next command
I (182194) CMD_U0: waiting for pending UART response ch=8 before next command
I (182220) CMD_U0: waiting for pending UART response ch=8 before next command
I (182246) CMD_U0: waiting for pending UART response ch=8 before next command
I (182267) CMD_U0: waiting for pending UART response ch=8 before next command
I (182293) CMD_U0: waiting for pending UART response ch=8 before next command
I (182319) CMD_U0: waiting for pending UART response ch=8 before next command
I (182345) CMD_U0: waiting for pending UART response ch=8 before next command
I (182371) CMD_U0: waiting for pending UART response ch=8 before next command
I (182397) CMD_U0: waiting for pending UART response ch=8 before next command
I (182418) CMD_U0: waiting for pending UART response ch=8 before next command
I (182438) CMD_U0: waiting for pending UART response ch=8 before next command
I (182459) CMD_U0: waiting for pending UART response ch=8 before next command
I (182480) CMD_U0: waiting for pending UART response ch=8 before next command
E (182504) MQTT: Publish failed
W (182504) TRANSPORT: No transport connected for broadcast
W (182504) MSG: Broadcast failed, falling back to MQTT
E (182505) MQTT: Publish failed
I (182506) CMD_U0: waiting for pending UART response ch=8 before next command
E (182529) MQTT: Publish failed
W (182529) TRANSPORT: No transport connected for broadcast
W (182529) MSG: Broadcast failed, falling back to MQTT
E (182530) MQTT: Publish failed
I (182532) CMD_U0: waiting for pending UART response ch=8 before next command
E (182555) MQTT: Publish failed
W (182555) TRANSPORT: No transport connected for broadcast
W (182555) MSG: Broadcast failed, falling back to MQTT
E (182556) MQTT: Publish failed
I (182558) CMD_U0: waiting for pending UART response ch=8 before next command
E (182580) MQTT: Publish failed
W (182580) TRANSPORT: No transport connected for broadcast
W (182580) MSG: Broadcast failed, falling back to MQTT
E (182581) MQTT: Publish failed
I (182584) CMD_U0: waiting for pending UART response ch=8 before next command
W (182585) RX_TASK: RX timeout slot1 type=1 reqID=0 (1001ms)
E (182585) MQTT: Publish failed
W (182585) TRANSPORT: No transport connected for broadcast
W (182586) MSG: Broadcast failed, falling back to MQTT
E (182586) MQTT: Publish failed
E (182605) MQTT: Publish failed
W (182605) TRANSPORT: No transport connected for broadcast
W (182605) MSG: Broadcast failed, falling back to MQTT
E (182606) MQTT: Publish failed
I (182610) CMD_U0: waiting for pending UART response ch=8 before next command
I (182624) CMD_U1: waiting for pending UART response ch=9 before next command
E (182631) MQTT: Publish failed
W (182631) TRANSPORT: No transport connected for broadcast
W (182631) MSG: Broadcast failed, falling back to MQTT
E (182632) MQTT: Publish failed
I (182636) CMD_U0: waiting for pending UART response ch=8 before next command
E (182656) MQTT: Publish failed
W (182656) TRANSPORT: No transport connected for broadcast
W (182656) MSG: Broadcast failed, falling back to MQTT
E (182657) MQTT: Publish failed
I (182657) CMD_U0: waiting for pending UART response ch=8 before next command
E (182681) MQTT: Publish failed
W (182681) TRANSPORT: No transport connected for broadcast
W (182681) MSG: Broadcast failed, falling back to MQTT
E (182682) MQTT: Publish failed
I (182683) CMD_U0: waiting for pending UART response ch=8 before next command
E (182707) MQTT: Publish failed
W (182707) TRANSPORT: No transport connected for broadcast
W (182707) MSG: Broadcast failed, falling back to MQTT
E (182708) MQTT: Publish failed
I (182709) CMD_U0: waiting for pending UART response ch=8 before next command
E (182732) MQTT: Publish failed
W (182732) TRANSPORT: No transport connected for broadcast
W (182732) MSG: Broadcast failed, falling back to MQTT
E (182733) MQTT: Publish failed
I (182735) CMD_U0: waiting for pending UART response ch=8 before next command
E (182757) MQTT: Publish failed
W (182757) TRANSPORT: No transport connected for broadcast
W (182757) MSG: Broadcast failed, falling back to MQTT
E (182758) MQTT: Publish failed
I (182761) CMD_U0: waiting for pending UART response ch=8 before next command
E (182783) MQTT: Publish failed
W (182783) TRANSPORT: No transport connected for broadcast
W (182783) MSG: Broadcast failed, falling back to MQTT
E (182784) MQTT: Publish failed
I (182787) CMD_U0: waiting for pending UART response ch=8 before next command
E (182807) MQTT: Publish failed
W (182807) TRANSPORT: No transport connected for broadcast
W (182807) MSG: Broadcast failed, falling back to MQTT
E (182807) MQTT: Publish failed
E (182808) MQTT: Publish failed
W (182808) TRANSPORT: No transport connected for broadcast
W (182808) MSG: Broadcast failed, falling back to MQTT
E (182809) MQTT: Publish failed
I (182813) CMD_U0: waiting for pending UART response ch=8 before next command
I (182834) CMD_U0: waiting for pending UART response ch=8 before next command
E (182834) MQTT: Publish failed
W (182834) TRANSPORT: No transport connected for broadcast
W (182835) MSG: Broadcast failed, falling back to MQTT
E (182835) MQTT: Publish failed
E (182843) MQTT: Publish failed
W (182843) TRANSPORT: No transport connected for broadcast
W (182843) MSG: Broadcast failed, falling back to MQTT
E (182843) MQTT: Publish failed
E (182853) MQTT: Publish failed
W (182853) TRANSPORT: No transport connected for broadcast
W (182853) MSG: Broadcast failed, falling back to MQTT
E (182854) MQTT: Publish failed
I (182854) CMD_U0: waiting for pending UART response ch=8 before next command
E (182874) MQTT: Publish failed
W (182874) TRANSPORT: No transport connected for broadcast
W (182874) MSG: Broadcast failed, falling back to MQTT
E (182875) MQTT: Publish failed
I (182875) CMD_U0: waiting for pending UART response ch=8 before next command
E (182899) MQTT: Publish failed
W (182899) TRANSPORT: No transport connected for broadcast
W (182899) MSG: Broadcast failed, falling back to MQTT
E (182900) MQTT: Publish failed
I (182901) CMD_U0: waiting for pending UART response ch=8 before next command
E (182924) MQTT: Publish failed
W (182924) TRANSPORT: No transport connected for broadcast
W (182924) MSG: Broadcast failed, falling back to MQTT
E (182925) MQTT: Publish failed
I (182927) CMD_U0: waiting for pending UART response ch=8 before next command
E (182950) MQTT: Publish failed
W (182950) TRANSPORT: No transport connected for broadcast
W (182950) MSG: Broadcast failed, falling back to MQTT
E (182951) MQTT: Publish failed
I (182953) CMD_U0: waiting for pending UART response ch=8 before next command
E (182975) MQTT: Publish failed
W (182975) TRANSPORT: No transport connected for broadcast
W (182975) MSG: Broadcast failed, falling back to MQTT
E (182976) MQTT: Publish failed
I (182979) CMD_U0: waiting for pending UART response ch=8 before next command
E (183000) MQTT: Publish failed
W (183000) TRANSPORT: No transport connected for broadcast
W (183000) MSG: Broadcast failed, falling back to MQTT
E (183001) MQTT: Publish failed
I (183005) CMD_U0: waiting for pending UART response ch=8 before next command
I (183026) CMD_U0: waiting for pending UART response ch=8 before next command
E (183026) MQTT: Publish failed
W (183026) TRANSPORT: No transport connected for broadcast
W (183027) MSG: Broadcast failed, falling back to MQTT
E (183027) MQTT: Publish failed
E (183047) MQTT: Publish failed
W (183047) TRANSPORT: No transport connected for broadcast
W (183048) MSG: Broadcast failed, falling back to MQTT
E (183048) MQTT: Publish failed
I (183051) CMD_U0: waiting for pending UART response ch=8 before next command
I (183073) CMD_U0: waiting for pending UART response ch=8 before next command
I (183098) CMD_U0: waiting for pending UART response ch=8 before next command
I (183124) CMD_U0: waiting for pending UART response ch=8 before next command
I (183150) CMD_U0: waiting for pending UART response ch=8 before next command
I (183176) CMD_U0: waiting for pending UART response ch=8 before next command
I (183202) CMD_U0: waiting for pending UART response ch=8 before next command
I (183223) CMD_U0: waiting for pending UART response ch=8 before next command
I (183249) CMD_U0: waiting for pending UART response ch=8 before next command
I (183269) CMD_U0: waiting for pending UART response ch=8 before next command
E (183269) MQTT: Publish failed
W (183270) TRANSPORT: No transport connected for broadcast
W (183270) MSG: Broadcast failed, falling back to MQTT
E (183270) MQTT: Publish failed
I (183289) CMD_U0: waiting for pending UART response ch=8 before next command
E (183289) MQTT: Publish failed
W (183290) TRANSPORT: No transport connected for broadcast
W (183290) MSG: Broadcast failed, falling back to MQTT
E (183290) MQTT: Publish failed
I (183309) CMD_U0: waiting for pending UART response ch=8 before next command
E (183309) MQTT: Publish failed
W (183310) TRANSPORT: No transport connected for broadcast
W (183310) MSG: Broadcast failed, falling back to MQTT
E (183310) MQTT: Publish failed
E (183330) MQTT: Publish failed
W (183330) TRANSPORT: No transport connected for broadcast
W (183330) MSG: Broadcast failed, falling back to MQTT
E (183331) MQTT: Publish failed
I (183334) CMD_U0: waiting for pending UART response ch=8 before next command
E (183355) MQTT: Publish failed
W (183355) TRANSPORT: No transport connected for broadcast
W (183355) MSG: Broadcast failed, falling back to MQTT
E (183356) MQTT: Publish failed
I (183360) CMD_U0: waiting for pending UART response ch=8 before next command
E (183380) MQTT: Publish failed
W (183380) TRANSPORT: No transport connected for broadcast
W (183380) MSG: Broadcast failed, falling back to MQTT
E (183381) MQTT: Publish failed
I (183381) CMD_U0: waiting for pending UART response ch=8 before next command
E (183401) MQTT: Publish failed
W (183401) TRANSPORT: No transport connected for broadcast
W (183401) MSG: Broadcast failed, falling back to MQTT
E (183402) MQTT: Publish failed
I (183402) CMD_U0: waiting for pending UART response ch=8 before next command
E (183426) MQTT: Publish failed
W (183426) TRANSPORT: No transport connected for broadcast
W (183426) MSG: Broadcast failed, falling back to MQTT
E (183427) MQTT: Publish failed
I (183428) CMD_U0: waiting for pending UART response ch=8 before next command
E (183451) MQTT: Publish failed
W (183451) TRANSPORT: No transport connected for broadcast
W (183451) MSG: Broadcast failed, falling back to MQTT
E (183452) MQTT: Publish failed
I (183454) CMD_U0: waiting for pending UART response ch=8 before next command
E (183477) MQTT: Publish failed
W (183477) TRANSPORT: No transport connected for broadcast
W (183477) MSG: Broadcast failed, falling back to MQTT
E (183478) MQTT: Publish failed
I (183480) CMD_U0: waiting for pending UART response ch=8 before next command
E (183502) MQTT: Publish failed
W (183502) TRANSPORT: No transport connected for broadcast
W (183502) MSG: Broadcast failed, falling back to MQTT
E (183503) MQTT: Publish failed
I (183506) CMD_U0: waiting for pending UART response ch=8 before next command
E (183528) MQTT: Publish failed
W (183528) TRANSPORT: No transport connected for broadcast
W (183528) MSG: Broadcast failed, falling back to MQTT
E (183529) MQTT: Publish failed
I (183532) CMD_U0: waiting for pending UART response ch=8 before next command
E (183553) MQTT: Publish failed
W (183553) TRANSPORT: No transport connected for broadcast
W (183553) MSG: Broadcast failed, falling back to MQTT
E (183554) MQTT: Publish failed
I (183558) CMD_U0: waiting for pending UART response ch=8 before next command
E (183578) MQTT: Publish failed
W (183578) TRANSPORT: No transport connected for broadcast
W (183578) MSG: Broadcast failed, falling back to MQTT
E (183579) MQTT: Publish failed
I (183579) CMD_U0: waiting for pending UART response ch=8 before next command
E (183603) MQTT: Publish failed
W (183603) TRANSPORT: No transport connected for broadcast
W (183603) MSG: Broadcast failed, falling back to MQTT
E (183604) MQTT: Publish failed
I (183605) CMD_U0: waiting for pending UART response ch=8 before next command
W (183608) RX_TASK: RX timeout slot1 type=1 reqID=0 (1001ms)
E (183608) MQTT: Publish failed
W (183608) TRANSPORT: No transport connected for broadcast
W (183609) MSG: Broadcast failed, falling back to MQTT
E (183609) MQTT: Publish failed
E (183628) MQTT: Publish failed
W (183628) TRANSPORT: No transport connected for broadcast
W (183628) MSG: Broadcast failed, falling back to MQTT
E (183629) MQTT: Publish failed
I (183631) CMD_U0: waiting for pending UART response ch=8 before next command
I (183647) CMD_U1: waiting for pending UART response ch=9 before next command
E (183654) MQTT: Publish failed
W (183654) TRANSPORT: No transport connected for broadcast
W (183654) MSG: Broadcast failed, falling back to MQTT
E (183655) MQTT: Publish failed
I (183657) CMD_U0: waiting for pending UART response ch=8 before next command
E (183679) MQTT: Publish failed
W (183679) TRANSPORT: No transport connected for broadcast
W (183679) MSG: Broadcast failed, falling back to MQTT
E (183680) MQTT: Publish failed
I (183683) CMD_U0: waiting for pending UART response ch=8 before next command
E (183705) MQTT: Publish failed
W (183705) TRANSPORT: No transport connected for broadcast
W (183705) MSG: Broadcast failed, falling back to MQTT
E (183706) MQTT: Publish failed
I (183709) CMD_U0: waiting for pending UART response ch=8 before next command
E (183730) MQTT: Publish failed
W (183730) TRANSPORT: No transport connected for broadcast
W (183730) MSG: Broadcast failed, falling back to MQTT
E (183731) MQTT: Publish failed
I (183735) CMD_U0: waiting for pending UART response ch=8 before next command
E (183755) MQTT: Publish failed
W (183755) TRANSPORT: No transport connected for broadcast
W (183755) MSG: Broadcast failed, falling back to MQTT
E (183756) MQTT: Publish failed
I (183756) CMD_U0: waiting for pending UART response ch=8 before next command
E (183777) MQTT: Publish failed
W (183777) TRANSPORT: No transport connected for broadcast
W (183777) MSG: Broadcast failed, falling back to MQTT
E (183778) MQTT: Publish failed
I (183782) CMD_U0: waiting for pending UART response ch=8 before next command
E (183806) MQTT: Publish failed
W (183806) TRANSPORT: No transport connected for broadcast
W (183806) MSG: Broadcast failed, falling back to MQTT
I (183807) SCHEDULER: sched: ch=8 edge_device_count=1, choosing v2 path
E (183807) MQTT: I (183807) SCHEDULER: sched: ch=9 edge_device_count=1, choosing v2 path
Publish failed
E (183807) MQTT: Publish failed
W (183808) TRANSPORT: No transport connected for broadcast
W (183808) MSG: Broadcast failed, falling back to MQTT
I (183808) CMD_U0: waiting for pending UART response ch=8 before next command
E (183809) MQTT: Publish failed
E (183831) MQTT: Publish failed
W (183831) TRANSPORT: No transport connected for broadcast
W (183831) MSG: Broadcast failed, falling back to MQTT
E (183832) MQTT: Publish failed
I (183834) CMD_U0: waiting for pending UART response ch=8 before next command
E (183846) MQTT: Publish failed
W (183847) TRANSPORT: No transport connected for broadcast
W (183847) MSG: Broadcast failed, falling back to MQTT
E (183848) MQTT: Publish failed
E (183858) MQTT: Publish failed
W (183858) TRANSPORT: No transport connected for broadcast
W (183858) MSG: Broadcast failed, falling back to MQTT
E (183859) MQTT: Publish failed
I (183860) CMD_U0: waiting for pending UART response ch=8 before next command
E (183882) MQTT: Publish failed
W (183882) TRANSPORT: No transport connected for broadcast
W (183882) MSG: Broadcast failed, falling back to MQTT
E (183883) MQTT: Publish failed
I (183886) CMD_U0: waiting for pending UART response ch=8 before next command
E (183907) MQTT: Publish failed
W (183907) TRANSPORT: No transport connected for broadcast
W (183907) MSG: Broadcast failed, falling back to MQTT
E (183908) MQTT: Publish failed
I (183912) CMD_U0: waiting for pending UART response ch=8 before next command
E (183933) MQTT: Publish failed
W (183933) TRANSPORT: No transport connected for broadcast
W (183933) MSG: Broadcast failed, falling back to MQTT
E (183934) MQTT: Publish failed
I (183938) CMD_U0: waiting for pending UART response ch=8 before next command
E (183958) MQTT: Publish failed
W (183958) TRANSPORT: No transport connected for broadcast
W (183958) MSG: Broadcast failed, falling back to MQTT
E (183959) MQTT: Publish failed
I (183959) CMD_U0: waiting for pending UART response ch=8 before next command
E (183978) MQTT: Publish failed
W (183978) TRANSPORT: No transport connected for broadcast
W (183978) MSG: Broadcast failed, falling back to MQTT
E (183979) MQTT: Publish failed
I (183980) CMD_U0: waiting for pending UART response ch=8 before next command
E (184004) MQTT: Publish failed
W (184004) TRANSPORT: No transport connected for broadcast
W (184004) MSG: Broadcast failed, falling back to MQTT
E (184005) MQTT: Publish failed
I (184006) CMD_U0: waiting for pending UART response ch=8 before next command
E (184029) MQTT: Publish failed
W (184029) TRANSPORT: No transport connected for broadcast
W (184029) MSG: Broadcast failed, falling back to MQTT
E (184030) MQTT: Publish failed
I (184032) CMD_U0: waiting for pending UART response ch=8 before next command
E (184054) MQTT: Publish failed
W (184054) TRANSPORT: No transport connected for broadcast
W (184054) MSG: Broadcast failed, falling back to MQTT
E (184055) MQTT: Publish failed
I (184058) CMD_U0: waiting for pending UART response ch=8 before next command
E (184080) MQTT: Publish failed
W (184080) TRANSPORT: No transport connected for broadcast
W (184080) MSG: Broadcast failed, falling back to MQTT
E (184081) MQTT: Publish failed
I (184084) CMD_U0: waiting for pending UART response ch=8 before next command
E (184105) MQTT: Publish failed
W (184105) TRANSPORT: No transport connected for broadcast
W (184105) MSG: Broadcast failed, falling back to MQTT
E (184106) MQTT: Publish failed
I (184110) CMD_U0: waiting for pending UART response ch=8 before next command
I (184132) CMD_U0: waiting for pending UART response ch=8 before next command
I (184152) CMD_U0: waiting for pending UART response ch=8 before next command
I (184178) CMD_U0: waiting for pending UART response ch=8 before next command
I (184203) CMD_U0: waiting for pending UART response ch=8 before next command
I (184229) CMD_U0: waiting for pending UART response ch=8 before next command
I (184255) CMD_U0: waiting for pending UART response ch=8 before next command
I (184281) CMD_U0: waiting for pending UART response ch=8 before next command
I (184302) CMD_U0: waiting for pending UART response ch=8 before next command
I (184324) CMD_U0: waiting for pending UART response ch=8 before next command
I (184344) CMD_U0: waiting for pending UART response ch=8 before next command
I (184366) CMD_U0: waiting for pending UART response ch=8 before next command
I (184392) CMD_U0: waiting for pending UART response ch=8 before next command
I (184417) CMD_U0: waiting for pending UART response ch=8 before next command
I (184443) CMD_U0: waiting for pending UART response ch=8 before next command
I (184469) CMD_U0: waiting for pending UART response ch=8 before next command
I (184490) CMD_U0: waiting for pending UART response ch=8 before next command
I (184512) CMD_U0: waiting for pending UART response ch=8 before next command
I (184537) CMD_U0: waiting for pending UART response ch=8 before next command
I (184563) CMD_U0: waiting for pending UART response ch=8 before next command
I (184589) CMD_U0: waiting for pending UART response ch=8 before next command
I (184616) CMD_U0: waiting for pending UART response ch=8 before next command
W (184631) RX_TASK: RX timeout slot1 type=1 reqID=0 (1001ms)
I (184642) CMD_U0: waiting for pending UART response ch=8 before next command
I (184664) CMD_U0: waiting for pending UART response ch=8 before next command
I (184670) CMD_U1: waiting for pending UART response ch=9 before next command
I (184684) CMD_U0: waiting for pending UART response ch=8 before next command
I (184710) CMD_U0: waiting for pending UART response ch=8 before next command
I (184736) CMD_U0: waiting for pending UART response ch=8 before next command
I (184763) CMD_U0: waiting for pending UART response ch=8 before next command
I (184790) CMD_U0: waiting for pending UART response ch=8 before next command
I (184799) RX_TASK: Stats: events=409 completions=419 report_drop=0 report_q_high=2
I (184811) CMD_U0: waiting for pending UART response ch=8 before next command
I (184837) CMD_U0: waiting for pending UART response ch=8 before next command
I (184863) CMD_U0: waiting for pending UART response ch=8 before next command
I (184889) CMD_U0: waiting for pending UART response ch=8 before next command
I (184915) CMD_U0: waiting for pending UART response ch=8 before next command
I (184936) CMD_U0: waiting for pending UART response ch=8 before next command
I (184961) CMD_U0: waiting for pending UART response ch=8 before next command
I (184982) CMD_U0: waiting for pending UART response ch=8 before next command
I (185007) CMD_U0: waiting for pending UART response ch=8 before next command
I (185028) CMD_U0: waiting for pending UART response ch=8 before next command
I (185054) CMD_U0: waiting for pending UART response ch=8 before next command
I (185080) CMD_U0: waiting for pending UART response ch=8 before next command
I (185106) CMD_U0: waiting for pending UART response ch=8 before next command
I (185132) CMD_U0: waiting for pending UART response ch=8 before next command
I (185158) CMD_U0: waiting for pending UART response ch=8 before next command
I (185184) CMD_U0: waiting for pending UART response ch=8 before next command
I (185210) CMD_U0: waiting for pending UART response ch=8 before next command
I (185231) CMD_U0: waiting for pending UART response ch=8 before next command
I (185252) CMD_U0: waiting for pending UART response ch=8 before next command
I (185278) CMD_U0: waiting for pending UART response ch=8 before next command
I (185304) CMD_U0: waiting for pending UART response ch=8 before next command
I (185330) CMD_U0: waiting for pending UART response ch=8 before next command
I (185356) CMD_U0: waiting for pending UART response ch=8 before next command
I (185382) CMD_U0: waiting for pending UART response ch=8 before next command
I (185408) CMD_U0: waiting for pending UART response ch=8 before next command
I (185429) CMD_U0: waiting for pending UART response ch=8 before next command
I (185450) CMD_U0: waiting for pending UART response ch=8 before next command
I (185476) CMD_U0: waiting for pending UART response ch=8 before next command
I (185502) CMD_U0: waiting for pending UART response ch=8 before next command
I (185528) CMD_U0: waiting for pending UART response ch=8 before next command
I (185554) CMD_U0: waiting for pending UART response ch=8 before next command
I (185580) CMD_U0: waiting for pending UART response ch=8 before next command
I (185606) CMD_U0: waiting for pending UART response ch=8 before next command
I (185627) CMD_U0: waiting for pending UART response ch=8 before next command
E (185646) MQTT: Publish failed
W (185646) TRANSPORT: No transport connected for broadcast
W (185646) MSG: Broadcast failed, falling back to MQTT
E (185647) MQTT: Publish failed
I (185648) CMD_U0: waiting for pending UART response ch=8 before next command
W (185654) RX_TASK: RX timeout slot1 type=1 reqID=0 (1001ms)
E (185672) MQTT: Publish failed
W (185672) TRANSPORT: No transport connected for broadcast
W (185672) MSG: Broadcast failed, falling back to MQTT
E (185673) MQTT: Publish failed
I (185674) CMD_U0: waiting for pending UART response ch=8 before next command
I (185693) CMD_U1: waiting for pending UART response ch=9 before next command
E (185697) MQTT: Publish failed
W (185697) TRANSPORT: No transport connected for broadcast
W (185697) MSG: Broadcast failed, falling back to MQTT
E (185698) MQTT: Publish failed
I (185700) CMD_U0: waiting for pending UART response ch=8 before next command
E (185722) MQTT: Publish failed
W (185722) TRANSPORT: No transport connected for broadcast
W (185722) MSG: Broadcast failed, falling back to MQTT
E (185723) MQTT: Publish failed
I (185726) CMD_U0: waiting for pending UART response ch=8 before next command
E (185748) MQTT: Publish failed
W (185748) TRANSPORT: No transport connected for broadcast
W (185748) MSG: Broadcast failed, falling back to MQTT
E (185749) MQTT: Publish failed
I (185752) CMD_U0: waiting for pending UART response ch=8 before next command
I (185773) CMD_U0: waiting for pending UART response ch=8 before next command
E (185773) MQTT: Publish failed
W (185774) TRANSPORT: No transport connected for broadcast
W (185774) MSG: Broadcast failed, falling back to MQTT
E (185774) MQTT: Publish failed
I (185793) CMD_U0: waiting for pending UART response ch=8 before next command
E (185793) MQTT: Publish failed
W (185794) TRANSPORT: No transport connected for broadcast
W (185794) MSG: Broadcast failed, falling back to MQTT
E (185794) MQTT: Publish failed
E (185807) MQTT: Publish failed
W (185807) TRANSPORT: No transport connected for broadcast
W (185808) MSG: Broadcast failed, falling back to MQTT
E (185808) MQTT: Publish failed
I (185818) CMD_U0: waiting for pending UART response ch=8 before next command
I (185839) CMD_U0: waiting for pending UART response ch=8 before next command
E (185851) MQTT: Publish failed
W (185852) TRANSPORT: No transport connected for broadcast
W (185852) MSG: Broadcast failed, falling back to MQTT
E (185852) MQTT: Publish failed
I (185859) CMD_U0: waiting for pending UART response ch=8 before next command
E (185859) MQTT: Publish failed
W (185860) TRANSPORT: No transport connected for broadcast
W (185860) MSG: Broadcast failed, falling back to MQTT
E (185860) MQTT: Publish failed
E (185880) MQTT: Publish failed
W (185880) TRANSPORT: No transport connected for broadcast
W (185880) MSG: Broadcast failed, falling back to MQTT
E (185881) MQTT: Publish failed
I (185884) CMD_U0: waiting for pending UART response ch=8 before next command
E (185905) MQTT: Publish failed
W (185905) TRANSPORT: No transport connected for broadcast
W (185905) MSG: Broadcast failed, falling back to MQTT
E (185906) MQTT: Publish failed
I (185911) CMD_U0: waiting for pending UART response ch=8 before next command
E (185930) MQTT: Publish failed
W (185930) TRANSPORT: No transport connected for broadcast
W (185930) MSG: Broadcast failed, falling back to MQTT
E (185931) MQTT: Publish failed
I (185931) CMD_U0: waiting for pending UART response ch=8 before next command
E (185950) MQTT: Publish failed
W (185950) TRANSPORT: No transport connected for broadcast
W (185950) MSG: Broadcast failed, falling back to MQTT
E (185951) MQTT: Publish failed
I (185952) CMD_U0: waiting for pending UART response ch=8 before next command
E (185976) MQTT: Publish failed
W (185976) TRANSPORT: No transport connected for broadcast
W (185976) MSG: Broadcast failed, falling back to MQTT
E (185977) MQTT: Publish failed
I (185978) CMD_U0: waiting for pending UART response ch=8 before next command
E (186001) MQTT: Publish failed
W (186001) TRANSPORT: No transport connected for broadcast
W (186001) MSG: Broadcast failed, falling back to MQTT
E (186002) MQTT: Publish failed
I (186004) CMD_U0: waiting for pending UART response ch=8 before next command
E (186027) MQTT: Publish failed
W (186027) TRANSPORT: No transport connected for broadcast
W (186027) MSG: Broadcast failed, falling back to MQTT
E (186028) MQTT: Publish failed
I (186030) CMD_U0: waiting for pending UART response ch=8 before next command
E (186052) MQTT: Publish failed
W (186052) TRANSPORT: No transport connected for broadcast
W (186052) MSG: Broadcast failed, falling back to MQTT
E (186053) MQTT: Publish failed
I (186056) CMD_U0: waiting for pending UART response ch=8 before next command
I (186077) CMD_U0: waiting for pending UART response ch=8 before next command
E (186077) MQTT: Publish failed
W (186078) TRANSPORT: No transport connected for broadcast
W (186078) MSG: Broadcast failed, falling back to MQTT
E (186078) MQTT: Publish failed
E (186097) MQTT: Publish failed
W (186097) TRANSPORT: No transport connected for broadcast
W (186097) MSG: Broadcast failed, falling back to MQTT
E (186098) MQTT: Publish failed
I (186102) CMD_U0: waiting for pending UART response ch=8 before next command
I (186123) CMD_U0: Stats: txn=410 err=0 (100%) no_ctx=0
E (186123) MQTT: Publish failed
I (186123) CMD_U0: waiting for pending UART response ch=8 before next command
W (186124) TRANSPORT: No transport connected for broadcast
W (186124) MSG: Broadcast failed, falling back to MQTT
E (186124) MQTT: Publish failed
E (186143) MQTT: Publish failed
W (186143) TRANSPORT: No transport connected for broadcast
W (186143) MSG: Broadcast failed, falling back to MQTT
E (186144) MQTT: Publish failed
I (186144) CMD_U0: waiting for pending UART response ch=8 before next command
E (186163) MQTT: Publish failed
W (186163) TRANSPORT: No transport connected for broadcast
W (186163) MSG: Broadcast failed, falling back to MQTT
E (186164) MQTT: Publish failed
I (186165) CMD_U0: waiting for pending UART response ch=8 before next command
E (186189) MQTT: Publish failed
W (186189) TRANSPORT: No transport connected for broadcast
W (186189) MSG: Broadcast failed, falling back to MQTT
E (186190) MQTT: Publish failed
I (186191) CMD_U0: waiting for pending UART response ch=8 before next command
E (186214) MQTT: Publish failed
W (186214) TRANSPORT: No transport connected for broadcast
W (186214) MSG: Broadcast failed, falling back to MQTT
E (186215) MQTT: Publish failed
I (186217) CMD_U0: waiting for pending UART response ch=8 before next command
E (186239) MQTT: Publish failed
W (186239) TRANSPORT: No transport connected for broadcast
W (186239) MSG: Broadcast failed, falling back to MQTT
E (186240) MQTT: Publish failed
I (186243) CMD_U0: waiting for pending UART response ch=8 before next command
E (186265) MQTT: Publish failed
W (186265) TRANSPORT: No transport connected for broadcast
W (186265) MSG: Broadcast failed, falling back to MQTT
E (186266) MQTT: Publish failed
I (186269) CMD_U0: waiting for pending UART response ch=8 before next command
I (186290) CMD_U0: waiting for pending UART response ch=8 before next command
E (186290) MQTT: Publish failed
W (186291) TRANSPORT: No transport connected for broadcast
W (186291) MSG: Broadcast failed, falling back to MQTT
E (186291) MQTT: Publish failed
E (186310) MQTT: Publish failed
W (186310) TRANSPORT: No transport connected for broadcast
W (186310) MSG: Broadcast failed, falling back to MQTT
E (186311) MQTT: Publish failed
I (186315) CMD_U0: waiting for pending UART response ch=8 before next command
E (186337) MQTT: Publish failed
W (186337) TRANSPORT: No transport connected for broadcast
W (186337) MSG: Broadcast failed, falling back to MQTT
E (186338) MQTT: Publish failed
I (186341) CMD_U0: waiting for pending UART response ch=8 before next command
E (186361) MQTT: Publish failed
W (186361) TRANSPORT: No transport connected for broadcast
W (186361) MSG: Broadcast failed, falling back to MQTT
E (186362) MQTT: Publish failed
I (186362) CMD_U0: waiting for pending UART response ch=8 before next command
E (186381) MQTT: Publish failed
W (186381) TRANSPORT: No transport connected for broadcast
W (186381) MSG: Broadcast failed, falling back to MQTT
E (186382) MQTT: Publish failed
I (186383) CMD_U0: waiting for pending UART response ch=8 before next command
E (186407) MQTT: Publish failed
W (186407) TRANSPORT: No transport connected for broadcast
W (186407) MSG: Broadcast failed, falling back to MQTT
E (186408) MQTT: Publish failed
I (186409) CMD_U0: waiting for pending UART response ch=8 before next command
E (186433) MQTT: Publish failed
W (186433) TRANSPORT: No transport connected for broadcast
W (186433) MSG: Broadcast failed, falling back to MQTT
E (186434) MQTT: Publish failed
I (186435) CMD_U0: waiting for pending UART response ch=8 before next command
E (186457) MQTT: Publish failed
W (186457) TRANSPORT: No transport connected for broadcast
W (186457) MSG: Broadcast failed, falling back to MQTT
E (186458) MQTT: Publish failed
I (186461) CMD_U0: waiting for pending UART response ch=8 before next command
E (186483) MQTT: Publish failed
W (186483) TRANSPORT: No transport connected for broadcast
W (186483) MSG: Broadcast failed, falling back to MQTT
E (186484) MQTT: Publish failed
I (186487) CMD_U0: waiting for pending UART response ch=8 before next command
E (186508) MQTT: Publish failed
W (186508) TRANSPORT: No transport connected for broadcast
W (186508) MSG: Broadcast failed, falling back to MQTT
E (186509) MQTT: Publish failed
I (186513) CMD_U0: waiting for pending UART response ch=8 before next command
E (186533) MQTT: Publish failed
W (186533) TRANSPORT: No transport connected for broadcast
W (186533) MSG: Broadcast failed, falling back to MQTT
E (186534) MQTT: Publish failed
I (186534) CMD_U0: waiting for pending UART response ch=8 before next command
E (186553) MQTT: Publish failed
W (186553) TRANSPORT: No transport connected for broadcast
W (186553) MSG: Broadcast failed, falling back to MQTT
E (186554) MQTT: Publish failed
I (186555) CMD_U0: waiting for pending UART response ch=8 before next command
E (186579) MQTT: Publish failed
W (186579) TRANSPORT: No transport connected for broadcast
W (186579) MSG: Broadcast failed, falling back to MQTT
E (186580) MQTT: Publish failed
I (186581) CMD_U0: waiting for pending UART response ch=8 before next command
E (186604) MQTT: Publish failed
W (186604) TRANSPORT: No transport connected for broadcast
W (186604) MSG: Broadcast failed, falling back to MQTT
E (186605) MQTT: Publish failed
I (186607) CMD_U0: waiting for pending UART response ch=8 before next command
E (186629) MQTT: Publish failed
W (186629) TRANSPORT: No transport connected for broadcast
W (186629) MSG: Broadcast failed, falling back to MQTT
E (186630) MQTT: Publish failed
I (186633) CMD_U0: waiting for pending UART response ch=8 before next command
E (186655) MQTT: Publish failed
W (186655) TRANSPORT: No transport connected for broadcast
W (186655) MSG: Broadcast failed, falling back to MQTT
E (186656) MQTT: Publish failed
I (186659) CMD_U0: waiting for pending UART response ch=8 before next command
W (186678) RX_TASK: RX timeout slot1 type=1 reqID=0 (1001ms)
E (186678) MQTT: Publish failed
W (186679) TRANSPORT: No transport connected for broadcast
W (186679) MSG: Broadcast failed, falling back to MQTT
E (186679) MQTT: Publish failed
I (186680) CMD_U0: waiting for pending UART response ch=8 before next command
E (186680) MQTT: Publish failed
W (186681) TRANSPORT: No transport connected for broadcast
W (186681) MSG: Broadcast failed, falling back to MQTT
E (186681) MQTT: Publish failed
I (186695) CMD_U1: Stats: txn=10 err=0 (100%) no_ctx=0
I (186695) CMD_U1: waiting for pending UART response ch=9 before next command
E (186700) MQTT: Publish failed
W (186700) TRANSPORT: No transport connected for broadcast
W (186700) MSG: Broadcast failed, falling back to MQTT
E (186701) MQTT: Publish failed
I (186705) CMD_U0: waiting for pending UART response ch=8 before next command
I (186726) CMD_U0: waiting for pending UART response ch=8 before next command
E (186726) MQTT: Publish failed
W (186726) TRANSPORT: No transport connected for broadcast
W (186727) MSG: Broadcast failed, falling back to MQTT
E (186727) MQTT: Publish failed
E (186746) MQTT: Publish failed
W (186746) TRANSPORT: No transport connected for broadcast
W (186746) MSG: Broadcast failed, falling back to MQTT
E (186747) MQTT: Publish failed
I (186751) CMD_U0: waiting for pending UART response ch=8 before next command
E (186771) MQTT: Publish failed
W (186771) TRANSPORT: No transport connected for broadcast
W (186771) MSG: Broadcast failed, falling back to MQTT
E (186772) MQTT: Publish failed
I (186772) CMD_U0: waiting for pending UART response ch=8 before next command
E (186792) MQTT: Publish failed
W (186792) TRANSPORT: No transport connected for broadcast
W (186792) MSG: Broadcast failed, falling back to MQTT
E (186793) MQTT: Publish failed
I (186793) CMD_U0: waiting for pending UART response ch=8 before next command
E (186807) MQTT: Publish failed
W (186807) TRANSPORT: No transport connected for broadcast
W (186807) MSG: Broadcast failed, falling back to MQTT
E (186808) MQTT: Publish failed
E (186817) MQTT: Publish failed
W (186817) TRANSPORT: No transport connected for broadcast
W (186817) MSG: Broadcast failed, falling back to MQTT
E (186818) MQTT: Publish failed
I (186820) CMD_U0: waiting for pending UART response ch=8 before next command
I (186845) CMD_U0: waiting for pending UART response ch=8 before next command
I (186873) CMD_U0: waiting for pending UART response ch=8 before next command
I (186898) CMD_U0: waiting for pending UART response ch=8 before next command
I (186919) CMD_U0: waiting for pending UART response ch=8 before next command
I (186940) CMD_U0: waiting for pending UART response ch=8 before next command
I (186965) CMD_U0: waiting for pending UART response ch=8 before next command
I (186991) CMD_U0: waiting for pending UART response ch=8 before next command
I (187017) CMD_U0: waiting for pending UART response ch=8 before next command
I (187043) CMD_U0: waiting for pending UART response ch=8 before next command
I (187069) CMD_U0: waiting for pending UART response ch=8 before next command
I (187095) CMD_U0: waiting for pending UART response ch=8 before next command
I (187121) CMD_U0: waiting for pending UART response ch=8 before next command
I (187142) CMD_U0: waiting for pending UART response ch=8 before next command
I (187163) CMD_U0: waiting for pending UART response ch=8 before next command
I (187184) CMD_U0: waiting for pending UART response ch=8 before next command
I (187210) CMD_U0: waiting for pending UART response ch=8 before next command
I (187237) CMD_U0: waiting for pending UART response ch=8 before next command
I (187262) CMD_U0: waiting for pending UART response ch=8 before next command
I (187288) CMD_U0: waiting for pending UART response ch=8 before next command
I (187309) CMD_U0: waiting for pending UART response ch=8 before next command
I (187330) CMD_U0: waiting for pending UART response ch=8 before next command
I (187352) CMD_U0: waiting for pending UART response ch=8 before next command
I (187377) CMD_U0: waiting for pending UART response ch=8 before next command
I (187403) CMD_U0: waiting for pending UART response ch=8 before next command
I (187429) CMD_U0: waiting for pending UART response ch=8 before next command
I (187455) CMD_U0: waiting for pending UART response ch=8 before next command
I (187477) CMD_U0: waiting for pending UART response ch=8 before next command
I (187497) CMD_U0: waiting for pending UART response ch=8 before next command
I (187518) CMD_U0: waiting for pending UART response ch=8 before next command
I (187539) CMD_U0: waiting for pending UART response ch=8 before next command
I (187565) CMD_U0: waiting for pending UART response ch=8 before next command
I (187591) CMD_U0: waiting for pending UART response ch=8 before next command
I (187617) CMD_U0: waiting for pending UART response ch=8 before next command
I (187643) CMD_U0: waiting for pending UART response ch=8 before next command
I (187669) CMD_U0: waiting for pending UART response ch=8 before next command
W (187679) RX_TASK: RX timeout slot1 type=1 reqID=0 (1001ms)
I (187690) CMD_U0: waiting for pending UART response ch=8 before next command
I (187711) CMD_U0: waiting for pending UART response ch=8 before next command
I (187718) CMD_U1: waiting for pending UART response ch=9 before next command
I (187737) CMD_U0: waiting for pending UART response ch=8 before next command
I (187763) CMD_U0: waiting for pending UART response ch=8 before next command
I (187789) CMD_U0: waiting for pending UART response ch=8 before next command
I (187815) CMD_U0: waiting for pending UART response ch=8 before next command
I (187841) CMD_U0: waiting for pending UART response ch=8 before next command
I (187867) CMD_U0: waiting for pending UART response ch=8 before next command
I (187888) CMD_U0: waiting for pending UART response ch=8 before next command
I (187914) CMD_U0: waiting for pending UART response ch=8 before next command
I (187940) CMD_U0: waiting for pending UART response ch=8 before next command
I (187966) CMD_U0: waiting for pending UART response ch=8 before next command
I (187992) CMD_U0: waiting for pending UART response ch=8 before next command
I (188018) CMD_U0: waiting for pending UART response ch=8 before next command
I (188044) CMD_U0: waiting for pending UART response ch=8 before next command
I (188065) CMD_U0: waiting for pending UART response ch=8 before next command
I (188086) CMD_U0: waiting for pending UART response ch=8 before next command
I (188112) CMD_U0: waiting for pending UART response ch=8 before next command
I (188138) CMD_U0: waiting for pending UART response ch=8 before next command
I (188164) CMD_U0: waiting for pending UART response ch=8 before next command
I (188190) CMD_U0: waiting for pending UART response ch=8 before next command
I (188216) CMD_U0: waiting for pending UART response ch=8 before next command
I (188242) CMD_U0: waiting for pending UART response ch=8 before next command
I (188263) CMD_U0: waiting for pending UART response ch=8 before next command
I (188284) CMD_U0: waiting for pending UART response ch=8 before next command
I (188310) CMD_U0: waiting for pending UART response ch=8 before next command
E (188334) MQTT: Publish failed
W (188334) TRANSPORT: No transport connected for broadcast
W (188334) MSG: Broadcast failed, falling back to MQTT
E (188335) MQTT: Publish failed
I (188336) CMD_U0: waiting for pending UART response ch=8 before next command
E (188359) MQTT: Publish failed
W (188359) TRANSPORT: No transport connected for broadcast
W (188359) MSG: Broadcast failed, falling back to MQTT
E (188360) MQTT: Publish failed
I (188362) CMD_U0: waiting for pending UART response ch=8 before next command
E (188385) MQTT: Publish failed
W (188385) TRANSPORT: No transport connected for broadcast
W (188385) MSG: Broadcast failed, falling back to MQTT
E (188386) MQTT: Publish failed
I (188388) CMD_U0: waiting for pending UART response ch=8 before next command
I (188409) CMD_U0: waiting for pending UART response ch=8 before next command
E (188409) MQTT: Publish failed
W (188409) TRANSPORT: No transport connected for broadcast
W (188410) MSG: Broadcast failed, falling back to MQTT
E (188410) MQTT: Publish failed
E (188429) MQTT: Publish failed
W (188429) TRANSPORT: No transport connected for broadcast
W (188429) MSG: Broadcast failed, falling back to MQTT
E (188430) MQTT: Publish failed
I (188434) CMD_U0: waiting for pending UART response ch=8 before next command
I (188455) CMD_U0: waiting for pending UART response ch=8 before next command
E (188455) MQTT: Publish failed
W (188455) TRANSPORT: No transport connected for broadcast
W (188456) MSG: Broadcast failed, falling back to MQTT
E (188456) MQTT: Publish failed
E (188475) MQTT: Publish failed
W (188475) TRANSPORT: No transport connected for broadcast
W (188475) MSG: Broadcast failed, falling back to MQTT
E (188476) MQTT: Publish failed
I (188480) CMD_U0: waiting for pending UART response ch=8 before next command
E (188500) MQTT: Publish failed
W (188500) TRANSPORT: No transport connected for broadcast
W (188501) MSG: Broadcast failed, falling back to MQTT
I (188501) CMD_U0: waiting for pending UART response ch=8 before next command
E (188501) MQTT: Publish failed
I (188523) CMD_U0: waiting for pending UART response ch=8 before next command
I (188549) CMD_U0: waiting for pending UART response ch=8 before next command
I (188575) CMD_U0: waiting for pending UART response ch=8 before next command
I (188601) CMD_U0: waiting for pending UART response ch=8 before next command
I (188623) CMD_U0: waiting for pending UART response ch=8 before next command
I (188643) CMD_U0: waiting for pending UART response ch=8 before next command
I (188664) CMD_U0: waiting for pending UART response ch=8 before next command
I (188690) CMD_U0: waiting for pending UART response ch=8 before next command
W (188703) RX_TASK: RX timeout slot1 type=1 reqID=0 (1002ms)
I (188716) CMD_U0: waiting for pending UART response ch=8 before next command
I (188742) CMD_U1: waiting for pending UART response ch=9 before next command
I (188742) CMD_U0: waiting for pending UART response ch=8 before next command
I (188768) CMD_U0: waiting for pending UART response ch=8 before next command
I (188790) CMD_U0: waiting for pending UART response ch=8 before next command
I (188810) CMD_U0: waiting for pending UART response ch=8 before next command
I (188831) CMD_U0: waiting for pending UART response ch=8 before next command
I (188857) CMD_U0: waiting for pending UART response ch=8 before next command
I (188884) CMD_U0: waiting for pending UART response ch=8 before next command
I (188909) CMD_U0: waiting for pending UART response ch=8 before next command
I (188935) CMD_U0: waiting for pending UART response ch=8 before next command
I (188962) CMD_U0: waiting for pending UART response ch=8 before next command
I (188983) CMD_U0: waiting for pending UART response ch=8 before next command
I (189013) CMD_U0: waiting for pending UART response ch=8 before next command
I (189034) CMD_U0: waiting for pending UART response ch=8 before next command
I (189060) CMD_U0: waiting for pending UART response ch=8 before next command
I (189086) CMD_U0: waiting for pending UART response ch=8 before next command
I (189112) CMD_U0: waiting for pending UART response ch=8 before next command
I (189138) CMD_U0: waiting for pending UART response ch=8 before next command
I (189164) CMD_U0: waiting for pending UART response ch=8 before next command
I (189185) CMD_U0: waiting for pending UART response ch=8 before next command
I (189206) CMD_U0: waiting for pending UART response ch=8 before next command
I (189232) CMD_U0: waiting for pending UART response ch=8 before next command
I (189258) CMD_U0: waiting for pending UART response ch=8 before next command
I (189284) CMD_U0: waiting for pending UART response ch=8 before next command
I (189310) CMD_U0: waiting for pending UART response ch=8 before next command
I (189336) CMD_U0: waiting for pending UART response ch=8 before next command
I (189362) CMD_U0: waiting for pending UART response ch=8 before next command
I (189383) CMD_U0: waiting for pending UART response ch=8 before next command
I (189404) CMD_U0: waiting for pending UART response ch=8 before next command
I (189430) CMD_U0: waiting for pending UART response ch=8 before next command
I (189456) CMD_U0: waiting for pending UART response ch=8 before next command
I (189482) CMD_U0: waiting for pending UART response ch=8 before next command
I (189503) CMD_U0: waiting for pending UART response ch=8 before next command
I (189529) CMD_U0: waiting for pending UART response ch=8 before next command
I (189550) CMD_U0: waiting for pending UART response ch=8 before next command
I (189571) CMD_U0: waiting for pending UART response ch=8 before next command
I (189597) CMD_U0: waiting for pending UART response ch=8 before next command
I (189623) CMD_U0: waiting for pending UART response ch=8 before next command
I (189649) CMD_U0: waiting for pending UART response ch=8 before next command
I (189670) CMD_U0: waiting for pending UART response ch=8 before next command
I (189695) CMD_U0: waiting for pending UART response ch=8 before next command
E (189717) MQTT: Publish failed
W (189717) TRANSPORT: No transport connected for broadcast
W (189717) MSG: Broadcast failed, falling back to MQTT
E (189718) MQTT: Publish failed
I (189721) CMD_U0: waiting for pending UART response ch=8 before next command
W (189726) RX_TASK: RX timeout slot1 type=1 reqID=0 (1001ms)
E (189741) MQTT: Publish failed
W (189741) TRANSPORT: No transport connected for broadcast
W (189741) MSG: Broadcast failed, falling back to MQTT
E (189742) MQTT: Publish failed
I (189742) CMD_U0: waiting for pending UART response ch=8 before next command
E (189762) MQTT: Publish failed
W (189762) TRANSPORT: No transport connected for broadcast
W (189762) MSG: Broadcast failed, falling back to MQTT
E (189763) MQTT: Publish failed
I (189763) CMD_U0: waiting for pending UART response ch=8 before next command
I (189765) CMD_U1: waiting for pending UART response ch=9 before next command
E (189782) MQTT: Publish failed
W (189782) TRANSPORT: No transport connected for broadcast
W (189782) MSG: Broadcast failed, falling back to MQTT
E (189783) MQTT: Publish failed
I (189784) CMD_U0: waiting for pending UART response ch=8 before next command
E (189807) MQTT: Publish failed
W (189807) TRANSPORT: No transport connected for broadcast
E (189807) MQTT: Publish failedW (189808) MSG: Broadcast failed, falling back to MQTT

W (189808) TRANSPORT: E (189808) MQTT: Publish failed
No transport connected for broadcast
W (189808) MSG: Broadcast failed, falling back to MQTT
E (189809) MQTT: Publish failed
I (189810) CMD_U0: waiting for pending UART response ch=8 before next command
E (189833) MQTT: Publish failed
W (189833) TRANSPORT: No transport connected for broadcast
W (189833) MSG: Broadcast failed, falling back to MQTT
E (189834) MQTT: Publish failed
I (189836) CMD_U0: waiting for pending UART response ch=8 before next command
E (189858) MQTT: Publish failed
W (189858) TRANSPORT: No transport connected for broadcast
W (189858) MSG: Broadcast failed, falling back to MQTT
E (189859) MQTT: Publish failed
I (189862) CMD_U0: waiting for pending UART response ch=8 before next command
E (189876) MQTT: Publish failed
W (189877) TRANSPORT: No transport connected for broadcast
W (189877) MSG: Broadcast failed, falling back to MQTT
E (189877) MQTT: Publish failed
E (189883) MQTT: Publish failed
W (189883) TRANSPORT: No transport connected for broadcast
W (189883) MSG: Broadcast failed, falling back to MQTT
E (189884) MQTT: Publish failed
I (189888) CMD_U0: waiting for pending UART response ch=8 before next command
E (189909) MQTT: Publish failed
W (189909) TRANSPORT: No transport connected for broadcast
W (189910) MSG: Broadcast failed, falling back to MQTT
E (189910) MQTT: Publish failed
I (189914) CMD_U0: waiting for pending UART response ch=8 before next command
I (189935) CMD_U0: waiting for pending UART response ch=8 before next command
E (189935) MQTT: Publish failed
W (189935) TRANSPORT: No transport connected for broadcast
W (189936) MSG: Broadcast failed, falling back to MQTT
E (189936) MQTT: Publish failed
E (189954) MQTT: Publish failed
W (189954) TRANSPORT: No transport connected for broadcast
W (189954) MSG: Broadcast failed, falling back to MQTT
E (189955) MQTT: Publish failed
I (189955) CMD_U0: waiting for pending UART response ch=8 before next command
E (189975) MQTT: Publish failed
W (189975) TRANSPORT: No transport connected for broadcast
W (189975) MSG: Broadcast failed, falling back to MQTT
E (189976) MQTT: Publish failed
I (189976) CMD_U0: waiting for pending UART response ch=8 before next command
E (189995) MQTT: Publish failed
W (189995) TRANSPORT: No transport connected for broadcast
W (189995) MSG: Broadcast failed, falling back to MQTT
E (189996) MQTT: Publish failed
I (189997) CMD_U0: waiting for pending UART response ch=8 before next command
E (190020) MQTT: Publish failed
W (190020) TRANSPORT: No transport connected for broadcast
W (190020) MSG: Broadcast failed, falling back to MQTT
E (190021) MQTT: Publish failed
I (190023) CMD_U0: waiting for pending UART response ch=8 before next command
E (190045) MQTT: Publish failed
W (190045) TRANSPORT: No transport connected for broadcast
W (190045) MSG: Broadcast failed, falling back to MQTT
E (190046) MQTT: Publish failed
I (190049) CMD_U0: waiting for pending UART response ch=8 before next command
E (190071) MQTT: Publish failed
W (190071) TRANSPORT: No transport connected for broadcast
W (190072) MSG: Broadcast failed, falling back to MQTT
E (190072) MQTT: Publish failed
I (190075) CMD_U0: waiting for pending UART response ch=8 before next command
I (190101) CMD_U0: waiting for pending UART response ch=8 before next command
I (190127) CMD_U0: waiting for pending UART response ch=8 before next command
I (190149) CMD_U0: waiting for pending UART response ch=8 before next command
I (190170) CMD_U0: waiting for pending UART response ch=8 before next command
I (190195) CMD_U0: waiting for pending UART response ch=8 before next command
I (190222) CMD_U0: waiting for pending UART response ch=8 before next command
I (190247) CMD_U0: waiting for pending UART response ch=8 before next command
I (190274) CMD_U0: waiting for pending UART response ch=8 before next command
I (190295) CMD_U0: waiting for pending UART response ch=8 before next command
I (190315) CMD_U0: waiting for pending UART response ch=8 before next command
I (190335) CMD_U0: waiting for pending UART response ch=8 before next command
I (190355) CMD_U0: waiting for pending UART response ch=8 before next command
I (190377) CMD_U0: waiting for pending UART response ch=8 before next command
I (190403) CMD_U0: waiting for pending UART response ch=8 before next command
I (190428) CMD_U0: waiting for pending UART response ch=8 before next command
I (190454) CMD_U0: waiting for pending UART response ch=8 before next command
I (190480) CMD_U0: waiting for pending UART response ch=8 before next command
I (190506) CMD_U0: waiting for pending UART response ch=8 before next command
I (190532) CMD_U0: waiting for pending UART response ch=8 before next command
I (190553) CMD_U0: waiting for pending UART response ch=8 before next command
I (190574) CMD_U0: waiting for pending UART response ch=8 before next command
I (190601) CMD_U0: waiting for pending UART response ch=8 before next command
I (190626) CMD_U0: waiting for pending UART response ch=8 before next command
I (190652) CMD_U0: waiting for pending UART response ch=8 before next command
I (190679) CMD_U0: waiting for pending UART response ch=8 before next command
I (190700) CMD_U0: waiting for pending UART response ch=8 before next command
I (190720) CMD_U0: waiting for pending UART response ch=8 before next command
I (190741) CMD_U0: waiting for pending UART response ch=8 before next command
W (190750) RX_TASK: RX timeout slot1 type=1 reqID=0 (1002ms)
I (190762) CMD_U0: waiting for pending UART response ch=8 before next command
I (190768) CMD_U1: waiting for pending UART response ch=9 before next command
I (190788) CMD_U0: waiting for pending UART response ch=8 before next command
I (190814) CMD_U0: waiting for pending UART response ch=8 before next command
I (190840) CMD_U0: waiting for pending UART response ch=8 before next command
I (190861) CMD_U0: waiting for pending UART response ch=8 before next command
I (190886) CMD_U0: waiting for pending UART response ch=8 before next command
I (190912) CMD_U0: waiting for pending UART response ch=8 before next command
I (190933) CMD_U0: waiting for pending UART response ch=8 before next command
I (190954) CMD_U0: waiting for pending UART response ch=8 before next command
I (190975) CMD_U0: waiting for pending UART response ch=8 before next command
I (191001) CMD_U0: waiting for pending UART response ch=8 before next command
I (191013) SCHEDULER: Stats: samples=422 full=583 min_free=2
I (191027) CMD_U0: waiting for pending UART response ch=8 before next command
I (191053) CMD_U0: waiting for pending UART response ch=8 before next command
I (191074) CMD_U0: waiting for pending UART response ch=8 before next command
I (191099) CMD_U0: waiting for pending UART response ch=8 before next command
I (191120) CMD_U0: waiting for pending UART response ch=8 before next command
I (191145) CMD_U0: waiting for pending UART response ch=8 before next command
I (191171) CMD_U0: waiting for pending UART response ch=8 before next command
I (191192) CMD_U0: waiting for pending UART response ch=8 before next command
I (191217) CMD_U0: waiting for pending UART response ch=8 before next command
I (191238) CMD_U0: waiting for pending UART response ch=8 before next command
I (191259) CMD_U0: waiting for pending UART response ch=8 before next command
I (191280) CMD_U0: waiting for pending UART response ch=8 before next command
I (191306) CMD_U0: waiting for pending UART response ch=8 before next command
I (191332) CMD_U0: waiting for pending UART response ch=8 before next command
I (191358) CMD_U0: waiting for pending UART response ch=8 before next command
I (191384) CMD_U0: waiting for pending UART response ch=8 before next command
I (191405) CMD_U0: waiting for pending UART response ch=8 before next command
I (191425) CMD_U0: waiting for pending UART response ch=8 before next command
I (191450) CMD_U0: waiting for pending UART response ch=8 before next command
I (191471) CMD_U0: waiting for pending UART response ch=8 before next command
I (191496) CMD_U0: waiting for pending UART response ch=8 before next command
I (191517) CMD_U0: waiting for pending UART response ch=8 before next command
I (191538) CMD_U0: waiting for pending UART response ch=8 before next command
I (191559) CMD_U0: waiting for pending UART response ch=8 before next command
E (191582) MQTT: Publish failed
W (191582) TRANSPORT: No transport connected for broadcast
W (191582) MSG: Broadcast failed, falling back to MQTT
E (191583) MQTT: Publish failed
I (191585) CMD_U0: waiting for pending UART response ch=8 before next command
E (191607) MQTT: Publish failed
W (191607) TRANSPORT: No transport connected for broadcast
W (191607) MSG: Broadcast failed, falling back to MQTT
E (191608) MQTT: Publish failed
I (191611) CMD_U0: waiting for pending UART response ch=8 before next command
E (191633) MQTT: Publish failed
W (191633) TRANSPORT: No transport connected for broadcast
W (191633) MSG: Broadcast failed, falling back to MQTT
E (191634) MQTT: Publish failed
I (191637) CMD_U0: waiting for pending UART response ch=8 before next command
E (191658) MQTT: Publish failed
W (191658) TRANSPORT: No transport connected for broadcast
W (191658) MSG: Broadcast failed, falling back to MQTT
E (191659) MQTT: Publish failed
I (191663) CMD_U0: waiting for pending UART response ch=8 before next command
E (191683) MQTT: Publish failed
W (191683) TRANSPORT: No transport connected for broadcast
W (191683) MSG: Broadcast failed, falling back to MQTT
E (191684) MQTT: Publish failed
I (191684) CMD_U0: waiting for pending UART response ch=8 before next command
E (191704) MQTT: Publish failed
W (191704) TRANSPORT: No transport connected for broadcast
W (191704) MSG: Broadcast failed, falling back to MQTT
E (191705) MQTT: Publish failed
I (191705) CMD_U0: waiting for pending UART response ch=8 before next command
E (191724) MQTT: Publish failed
W (191724) TRANSPORT: No transport connected for broadcast
W (191724) MSG: Broadcast failed, falling back to MQTT
E (191725) MQTT: Publish failed
I (191726) CMD_U0: waiting for pending UART response ch=8 before next command
E (191749) MQTT: Publish failed
W (191749) TRANSPORT: No transport connected for broadcast
W (191749) MSG: Broadcast failed, falling back to MQTT
E (191750) MQTT: Publish failed
W (191752) RX_TASK: RX timeout slot1 type=1 reqID=0 (1001ms)
I (191752) CMD_U0: waiting for pending UART response ch=8 before next command
E (191753) MQTT: Publish failed
W (191753) TRANSPORT: No transport connected for broadcast
W (191754) MSG: Broadcast failed, falling back to MQTT
E (191754) MQTT: Publish failed
E (191775) MQTT: Publish failed
W (191775) TRANSPORT: No transport connected for broadcast
W (191775) MSG: Broadcast failed, falling back to MQTT
E (191776) MQTT: Publish failed
I (191778) CMD_U0: waiting for pending UART response ch=8 before next command
I (191790) CMD_U1: waiting for pending UART response ch=9 before next command
E (191800) MQTT: Publish failed
W (191800) TRANSPORT: No transport connected for broadcast
W (191801) MSG: Broadcast failed, falling back to MQTT
E (191801) MQTT: Publish failed
I (191804) CMD_U0: waiting for pending UART response ch=8 before next command
I (191830) CMD_U0: waiting for pending UART response ch=8 before next command
E (191851) MQTT: Publish failed
W (191851) TRANSPORT: No transport connected for broadcast
W (191851) MSG: Broadcast failed, falling back to MQTT
E (191852) MQTT: Publish failed
I (191856) CMD_U0: waiting for pending UART response ch=8 before next command
E (191876) MQTT: Publish failed
W (191876) TRANSPORT: No transport connected for broadcast
W (191876) MSG: Broadcast failed, falling back to MQTT
E (191877) MQTT: Publish failed
I (191877) CMD_U0: waiting for pending UART response ch=8 before next command
E (191881) MQTT: Publish failed
W (191881) TRANSPORT: No transport connected for broadcast
W (191881) MSG: Broadcast failed, falling back to MQTT
E (191881) MQTT: Publish failed
E (191897) MQTT: Publish failed
W (191897) TRANSPORT: No transport connected for broadcast
W (191897) MSG: Broadcast failed, falling back to MQTT
E (191898) MQTT: Publish failed
I (191898) CMD_U0: waiting for pending UART response ch=8 before next command
E (191917) MQTT: Publish failed
W (191917) TRANSPORT: No transport connected for broadcast
W (191917) MSG: Broadcast failed, falling back to MQTT
E (191918) MQTT: Publish failed
I (191919) CMD_U0: waiting for pending UART response ch=8 before next command
E (191942) MQTT: Publish failed
W (191942) TRANSPORT: No transport connected for broadcast
W (191942) MSG: Broadcast failed, falling back to MQTT
E (191943) MQTT: Publish failed
I (191945) CMD_U0: waiting for pending UART response ch=8 before next command
E (191969) MQTT: Publish failed
W (191969) TRANSPORT: No transport connected for broadcast
W (191969) MSG: Broadcast failed, falling back to MQTT
E (191970) MQTT: Publish failed
I (191971) CMD_U0: waiting for pending UART response ch=8 before next command
E (191993) MQTT: Publish failed
W (191993) TRANSPORT: No transport connected for broadcast
W (191993) MSG: Broadcast failed, falling back to MQTT
E (191994) MQTT: Publish failed
I (191997) CMD_U0: waiting for pending UART response ch=8 before next command
E (192019) MQTT: Publish failed
W (192019) TRANSPORT: No transport connected for broadcast
W (192019) MSG: Broadcast failed, falling back to MQTT
E (192020) MQTT: Publish failed
I (192023) CMD_U0: waiting for pending UART response ch=8 before next command
E (192044) MQTT: Publish failed
W (192044) TRANSPORT: No transport connected for broadcast
W (192044) MSG: Broadcast failed, falling back to MQTT
E (192045) MQTT: Publish failed
I (192049) CMD_U0: waiting for pending UART response ch=8 before next command
E (192069) MQTT: Publish failed
W (192069) TRANSPORT: No transport connected for broadcast
W (192069) MSG: Broadcast failed, falling back to MQTT
E (192070) MQTT: Publish failed
I (192070) CMD_U0: waiting for pending UART response ch=8 before next command
E (192090) MQTT: Publish failed
W (192090) TRANSPORT: No transport connected for broadcast
W (192090) MSG: Broadcast failed, falling back to MQTT
E (192091) MQTT: Publish failed
I (192091) CMD_U0: waiting for pending UART response ch=8 before next command
E (192110) MQTT: Publish failed
W (192110) TRANSPORT: No transport connected for broadcast
W (192110) MSG: Broadcast failed, falling back to MQTT
E (192111) MQTT: Publish failed
I (192112) CMD_U0: waiting for pending UART response ch=8 before next command
E (192135) MQTT: Publish failed
W (192135) TRANSPORT: No transport connected for broadcast
W (192135) MSG: Broadcast failed, falling back to MQTT
E (192136) MQTT: Publish failed
I (192138) CMD_U0: waiting for pending UART response ch=8 before next command
E (192161) MQTT: Publish failed
W (192161) TRANSPORT: No transport connected for broadcast
W (192161) MSG: Broadcast failed, falling back to MQTT
E (192162) MQTT: Publish failed
I (192164) CMD_U0: waiting for pending UART response ch=8 before next command
E (192186) MQTT: Publish failed
W (192186) TRANSPORT: No transport connected for broadcast
W (192186) MSG: Broadcast failed, falling back to MQTT
E (192187) MQTT: Publish failed
I (192190) CMD_U0: waiting for pending UART response ch=8 before next command
E (192212) MQTT: Publish failed
W (192212) TRANSPORT: No transport connected for broadcast
W (192212) MSG: Broadcast failed, falling back to MQTT
E (192213) MQTT: Publish failed
I (192216) CMD_U0: waiting for pending UART response ch=8 before next command
I (192237) CMD_U0: waiting for pending UART response ch=8 before next command
E (192237) MQTT: Publish failed
W (192237) TRANSPORT: No transport connected for broadcast
W (192238) MSG: Broadcast failed, falling back to MQTT
E (192238) MQTT: Publish failed
E (192257) MQTT: Publish failed
W (192257) TRANSPORT: No transport connected for broadcast
W (192257) MSG: Broadcast failed, falling back to MQTT
E (192258) MQTT: Publish failed
I (192262) CMD_U0: waiting for pending UART response ch=8 before next command
E (192282) MQTT: Publish failed
W (192282) TRANSPORT: No transport connected for broadcast
W (192282) MSG: Broadcast failed, falling back to MQTT
E (192283) MQTT: Publish failed
I (192283) CMD_U0: waiting for pending UART response ch=8 before next command
E (192303) MQTT: Publish failed
W (192303) TRANSPORT: No transport connected for broadcast
W (192303) MSG: Broadcast failed, falling back to MQTT
E (192304) MQTT: Publish failed
I (192304) CMD_U0: waiting for pending UART response ch=8 before next command
E (192323) MQTT: Publish failed
W (192323) TRANSPORT: No transport connected for broadcast
W (192323) MSG: Broadcast failed, falling back to MQTT
E (192324) MQTT: Publish failed
I (192325) CMD_U0: waiting for pending UART response ch=8 before next command
E (192348) MQTT: Publish failed
W (192348) TRANSPORT: No transport connected for broadcast
W (192348) MSG: Broadcast failed, falling back to MQTT
E (192349) MQTT: Publish failed
I (192351) CMD_U0: waiting for pending UART response ch=8 before next command
E (192374) MQTT: Publish failed
W (192374) TRANSPORT: No transport connected for broadcast
W (192374) MSG: Broadcast failed, falling back to MQTT
E (192375) MQTT: Publish failed
I (192377) CMD_U0: waiting for pending UART response ch=8 before next command
E (192399) MQTT: Publish failed
W (192399) TRANSPORT: No transport connected for broadcast
W (192399) MSG: Broadcast failed, falling back to MQTT
E (192400) MQTT: Publish failed
I (192403) CMD_U0: waiting for pending UART response ch=8 before next command
E (192424) MQTT: Publish failed
W (192424) TRANSPORT: No transport connected for broadcast
W (192424) MSG: Broadcast failed, falling back to MQTT
E (192425) MQTT: Publish failed
I (192429) CMD_U0: waiting for pending UART response ch=8 before next command
I (192450) CMD_U0: waiting for pending UART response ch=8 before next command
E (192450) MQTT: Publish failed
W (192450) TRANSPORT: No transport connected for broadcast
W (192451) MSG: Broadcast failed, falling back to MQTT
E (192451) MQTT: Publish failed
I (192470) CMD_U0: waiting for pending UART response ch=8 before next command
E (192470) MQTT: Publish failed
W (192471) TRANSPORT: No transport connected for broadcast
W (192471) MSG: Broadcast failed, falling back to MQTT
E (192471) MQTT: Publish failed
E (192490) MQTT: Publish failed
W (192490) TRANSPORT: No transport connected for broadcast
W (192490) MSG: Broadcast failed, falling back to MQTT
E (192491) MQTT: Publish failed
I (192491) CMD_U0: waiting for pending UART response ch=8 before next command
E (192511) MQTT: Publish failed
W (192511) TRANSPORT: No transport connected for broadcast
W (192511) MSG: Broadcast failed, falling back to MQTT
E (192512) MQTT: Publish failed
I (192512) CMD_U0: waiting for pending UART response ch=8 before next command
E (192531) MQTT: Publish failed
W (192531) TRANSPORT: No transport connected for broadcast
W (192531) MSG: Broadcast failed, falling back to MQTT
E (192532) MQTT: Publish failed
I (192533) CMD_U0: waiting for pending UART response ch=8 before next command
E (192556) MQTT: Publish failed
W (192556) TRANSPORT: No transport connected for broadcast
W (192556) MSG: Broadcast failed, falling back to MQTT
E (192557) MQTT: Publish failed
I (192559) CMD_U0: waiting for pending UART response ch=8 before next command
E (192581) MQTT: Publish failed
W (192581) TRANSPORT: No transport connected for broadcast
W (192581) MSG: Broadcast failed, falling back to MQTT
E (192582) MQTT: Publish failed
I (192585) CMD_U0: waiting for pending UART response ch=8 before next command
E (192607) MQTT: Publish failed
W (192607) TRANSPORT: No transport connected for broadcast
W (192607) MSG: Broadcast failed, falling back to MQTT
E (192608) MQTT: Publish failed
I (192611) CMD_U0: waiting for pending UART response ch=8 before next command
I (192632) CMD_U0: waiting for pending UART response ch=8 before next command
E (192632) MQTT: Publish failed
W (192633) TRANSPORT: No transport connected for broadcast
W (192633) MSG: Broadcast failed, falling back to MQTT
E (192633) MQTT: Publish failed
I (192652) CMD_U0: waiting for pending UART response ch=8 before next command
E (192652) MQTT: Publish failed
W (192653) TRANSPORT: No transport connected for broadcast
W (192653) MSG: Broadcast failed, falling back to MQTT
E (192653) MQTT: Publish failed
E (192673) MQTT: Publish failed
W (192673) TRANSPORT: No transport connected for broadcast
W (192673) MSG: Broadcast failed, falling back to MQTT
E (192674) MQTT: Publish failed
I (192677) CMD_U0: waiting for pending UART response ch=8 before next command
I (192698) CMD_U0: waiting for pending UART response ch=8 before next command
E (192698) MQTT: Publish failed
W (192699) TRANSPORT: No transport connected for broadcast
W (192699) MSG: Broadcast failed, falling back to MQTT
E (192699) MQTT: Publish failed
E (192718) MQTT: Publish failed
W (192718) TRANSPORT: No transport connected for broadcast
W (192718) MSG: Broadcast failed, falling back to MQTT
E (192719) MQTT: Publish failed
I (192723) CMD_U0: waiting for pending UART response ch=8 before next command
E (192744) MQTT: Publish failed
W (192744) TRANSPORT: No transport connected for broadcast
W (192744) MSG: Broadcast failed, falling back to MQTT
E (192745) MQTT: Publish failed
I (192749) CMD_U0: waiting for pending UART response ch=8 before next command
E (192769) MQTT: Publish failed
W (192769) TRANSPORT: No transport connected for broadcast
W (192769) MSG: Broadcast failed, falling back to MQTT
E (192770) MQTT: Publish failed
I (192771) CMD_U0: waiting for pending UART response ch=8 before next command
W (192775) RX_TASK: RX timeout slot1 type=1 reqID=0 (1001ms)
E (192790) MQTT: Publish failed
W (192790) TRANSPORT: No transport connected for broadcast
W (192790) MSG: Broadcast failed, falling back to MQTT
E (192791) MQTT: Publish failed
I (192791) CMD_U0: waiting for pending UART response ch=8 before next command
I (192792) CMD_U1: waiting for pending UART response ch=9 before next command
E (192807) MQTT: Publish failed
W (192807) TRANSPORT: No transport connected for broadcast
W (192808) MSG: Broadcast failed, falling back to MQTT
E (192808) MQTT: Publish failed
E (192810) MQTT: Publish failed
W (192810) TRANSPORT: No transport connected for broadcast
W (192811) MSG: Broadcast failed, falling back to MQTT
E (192812) MQTT: Publish failed
I (192813) CMD_U0: waiting for pending UART response ch=8 before next command
I (192839) CMD_U0: waiting for pending UART response ch=8 before next command
I (192861) CMD_U0: waiting for pending UART response ch=8 before next command
I (192882) CMD_U0: waiting for pending UART response ch=8 before next command
I (192907) CMD_U0: waiting for pending UART response ch=8 before next command
I (192928) CMD_U0: waiting for pending UART response ch=8 before next command
I (192955) CMD_U0: waiting for pending UART response ch=8 before next command
I (192980) CMD_U0: waiting for pending UART response ch=8 before next command
I (193006) CMD_U0: waiting for pending UART response ch=8 before next command
I (193033) CMD_U0: waiting for pending UART response ch=8 before next command
I (193059) CMD_U0: waiting for pending UART response ch=8 before next command
I (193084) CMD_U0: waiting for pending UART response ch=8 before next command
I (193105) CMD_U0: waiting for pending UART response ch=8 before next command
I (193126) CMD_U0: waiting for pending UART response ch=8 before next command
I (193152) CMD_U0: waiting for pending UART response ch=8 before next command
I (193178) CMD_U0: waiting for pending UART response ch=8 before next command
I (193204) CMD_U0: waiting for pending UART response ch=8 before next command
I (193230) CMD_U0: waiting for pending UART response ch=8 before next command
I (193251) CMD_U0: waiting for pending UART response ch=8 before next command
I (193276) CMD_U0: waiting for pending UART response ch=8 before next command
I (193302) CMD_U0: waiting for pending UART response ch=8 before next command
I (193323) CMD_U0: waiting for pending UART response ch=8 before next command
I (193344) CMD_U0: waiting for pending UART response ch=8 before next command
I (193365) CMD_U0: waiting for pending UART response ch=8 before next command
I (193391) CMD_U0: waiting for pending UART response ch=8 before next command
I (193417) CMD_U0: waiting for pending UART response ch=8 before next command
I (193443) CMD_U0: waiting for pending UART response ch=8 before next command
I (193469) CMD_U0: waiting for pending UART response ch=8 before next command
I (193495) CMD_U0: waiting for pending UART response ch=8 before next command
I (193516) CMD_U0: waiting for pending UART response ch=8 before next command
I (193537) CMD_U0: waiting for pending UART response ch=8 before next command
I (193558) CMD_U0: waiting for pending UART response ch=8 before next command
I (193584) CMD_U0: waiting for pending UART response ch=8 before next command
I (193610) CMD_U0: waiting for pending UART response ch=8 before next command
I (193636) CMD_U0: waiting for pending UART response ch=8 before next command
I (193657) CMD_U0: waiting for pending UART response ch=8 before next command
E (193678) MQTT: Publish failed
W (193678) TRANSPORT: No transport connected for broadcast
W (193678) MSG: Broadcast failed, falling back to MQTT
E (193679) MQTT: Publish failed
I (193682) CMD_U0: waiting for pending UART response ch=8 before next command
E (193703) MQTT: Publish failed
W (193703) TRANSPORT: No transport connected for broadcast
W (193703) MSG: Broadcast failed, falling back to MQTT
E (193704) MQTT: Publish failed
I (193708) CMD_U0: waiting for pending UART response ch=8 before next command
E (193728) MQTT: Publish failed
W (193728) TRANSPORT: No transport connected for broadcast
W (193728) MSG: Broadcast failed, falling back to MQTT
E (193729) MQTT: Publish failed
I (193729) CMD_U0: waiting for pending UART response ch=8 before next command
E (193749) MQTT: Publish failed
W (193749) TRANSPORT: No transport connected for broadcast
W (193749) MSG: Broadcast failed, falling back to MQTT
E (193750) MQTT: Publish failed
I (193750) CMD_U0: waiting for pending UART response ch=8 before next command
E (193769) MQTT: Publish failed
W (193769) TRANSPORT: No transport connected for broadcast
W (193769) MSG: Broadcast failed, falling back to MQTT
E (193770) MQTT: Publish failed
I (193771) CMD_U0: waiting for pending UART response ch=8 before next command
W (193776) RX_TASK: RX timeout slot1 type=1 reqID=0 (1001ms)
E (193777) MQTT: Publish failed
W (193777) TRANSPORT: No transport connected for broadcast
W (193777) MSG: Broadcast failed, falling back to MQTT
E (193777) MQTT: Publish failed
E (193794) MQTT: Publish failed
W (193794) TRANSPORT: No transport connected for broadcast
W (193794) MSG: Broadcast failed, falling back to MQTT
E (193795) MQTT: Publish failed
I (193797) CMD_U0: waiting for pending UART response ch=8 before next command
E (193807) MQTT: Publish failed
W (193807) TRANSPORT: No transport connected for broadcast
W (193807) MSG: Broadcast failed, falling back to MQTT
E (193807) MQTT: Publish failed
I (193815) CMD_U1: waiting for pending UART response ch=9 before next command
E (193820) MQTT: Publish failed
W (193820) TRANSPORT: No transport connected for broadcast
W (193820) MSG: Broadcast failed, falling back to MQTT
E (193821) MQTT: Publish failed
I (193823) CMD_U0: waiting for pending UART response ch=8 before next command
E (193845) MQTT: Publish failed
W (193845) TRANSPORT: No transport connected for broadcast
W (193845) MSG: Broadcast failed, falling back to MQTT
E (193846) MQTT: Publish failed
I (193849) CMD_U0: waiting for pending UART response ch=8 before next command
E (193872) MQTT: Publish failed
W (193872) TRANSPORT: No transport connected for broadcast
W (193872) MSG: Broadcast failed, falling back to MQTT
E (193873) MQTT: Publish failed
I (193875) CMD_U0: waiting for pending UART response ch=8 before next command
E (193893) MQTT: Publish failed
W (193893) TRANSPORT: No transport connected for broadcast
W (193894) MSG: Broadcast failed, falling back to MQTT
E (193894) MQTT: Publish failed
E (193896) MQTT: Publish failed
W (193896) TRANSPORT: No transport connected for broadcast
W (193896) MSG: Broadcast failed, falling back to MQTT
E (193897) MQTT: Publish failed
I (193901) CMD_U0: waiting for pending UART response ch=8 before next command
E (193921) MQTT: Publish failed
W (193921) TRANSPORT: No transport connected for broadcast
W (193921) MSG: Broadcast failed, falling back to MQTT
E (193922) MQTT: Publish failed
I (193922) CMD_U0: waiting for pending UART response ch=8 before next command
E (193942) MQTT: Publish failed
W (193942) TRANSPORT: No transport connected for broadcast
W (193942) MSG: Broadcast failed, falling back to MQTT
E (193943) MQTT: Publish failed
I (193943) CMD_U0: waiting for pending UART response ch=8 before next command
E (193962) MQTT: Publish failed
W (193962) TRANSPORT: No transport connected for broadcast
W (193962) MSG: Broadcast failed, falling back to MQTT
E (193963) MQTT: Publish failed
I (193964) CMD_U0: waiting for pending UART response ch=8 before next command
E (193987) MQTT: Publish failed
W (193987) TRANSPORT: No transport connected for broadcast
W (193987) MSG: Broadcast failed, falling back to MQTT
E (193988) MQTT: Publish failed
I (193990) CMD_U0: waiting for pending UART response ch=8 before next command
E (194013) MQTT: Publish failed
W (194013) TRANSPORT: No transport connected for broadcast
W (194013) MSG: Broadcast failed, falling back to MQTT
E (194014) MQTT: Publish failed
I (194016) CMD_U0: waiting for pending UART response ch=8 before next command
E (194038) MQTT: Publish failed
W (194038) TRANSPORT: No transport connected for broadcast
W (194038) MSG: Broadcast failed, falling back to MQTT
E (194039) MQTT: Publish failed
I (194042) CMD_U0: waiting for pending UART response ch=8 before next command
E (194063) MQTT: Publish failed
W (194063) TRANSPORT: No transport connected for broadcast
W (194063) MSG: Broadcast failed, falling back to MQTT
E (194064) MQTT: Publish failed
I (194068) CMD_U0: waiting for pending UART response ch=8 before next command
I (194089) CMD_U0: waiting for pending UART response ch=8 before next command
E (194089) MQTT: Publish failed
W (194089) TRANSPORT: No transport connected for broadcast
W (194090) MSG: Broadcast failed, falling back to MQTT
E (194090) MQTT: Publish failed
E (194109) MQTT: Publish failed
W (194109) TRANSPORT: No transport connected for broadcast
W (194109) MSG: Broadcast failed, falling back to MQTT
E (194110) MQTT: Publish failed
I (194114) CMD_U0: waiting for pending UART response ch=8 before next command
E (194134) MQTT: Publish failed
W (194134) TRANSPORT: No transport connected for broadcast
W (194134) MSG: Broadcast failed, falling back to MQTT
E (194135) MQTT: Publish failed
I (194135) CMD_U0: waiting for pending UART response ch=8 before next command
E (194154) MQTT: Publish failed
W (194154) TRANSPORT: No transport connected for broadcast
W (194154) MSG: Broadcast failed, falling back to MQTT
E (194155) MQTT: Publish failed
I (194156) CMD_U0: waiting for pending UART response ch=8 before next command
E (194176) MQTT: Publish failed
W (194176) TRANSPORT: No transport connected for broadcast
W (194177) MSG: Broadcast failed, falling back to MQTT
I (194177) CMD_U0: waiting for pending UART response ch=8 before next command
E (194178) MQTT: Publish failed
I (194203) CMD_U0: waiting for pending UART response ch=8 before next command
I (194229) CMD_U0: waiting for pending UART response ch=8 before next command
I (194255) CMD_U0: waiting for pending UART response ch=8 before next command
I (194277) CMD_U0: waiting for pending UART response ch=8 before next command
I (194302) CMD_U0: waiting for pending UART response ch=8 before next command
I (194324) CMD_U0: waiting for pending UART response ch=8 before next command
I (194349) CMD_U0: waiting for pending UART response ch=8 before next command
I (194375) CMD_U0: waiting for pending UART response ch=8 before next command
I (194402) CMD_U0: waiting for pending UART response ch=8 before next command
I (194427) CMD_U0: waiting for pending UART response ch=8 before next command
I (194453) CMD_U0: waiting for pending UART response ch=8 before next command
I (194474) CMD_U0: waiting for pending UART response ch=8 before next command
I (194496) CMD_U0: waiting for pending UART response ch=8 before next command
I (194521) CMD_U0: waiting for pending UART response ch=8 before next command
I (194542) CMD_U0: waiting for pending UART response ch=8 before next command
I (194569) CMD_U0: waiting for pending UART response ch=8 before next command
I (194594) CMD_U0: waiting for pending UART response ch=8 before next command
I (194621) CMD_U0: waiting for pending UART response ch=8 before next command
I (194647) CMD_U0: waiting for pending UART response ch=8 before next command
I (194669) CMD_U0: waiting for pending UART response ch=8 before next command
I (194694) CMD_U0: waiting for pending UART response ch=8 before next command
I (194720) CMD_U0: waiting for pending UART response ch=8 before next command
I (194746) CMD_U0: waiting for pending UART response ch=8 before next command
I (194773) CMD_U0: waiting for pending UART response ch=8 before next command
I (194794) CMD_U0: waiting for pending UART response ch=8 before next command
W (194800) RX_TASK: RX timeout slot1 type=1 reqID=0 (1001ms)
I (194800) RX_TASK: Stats: events=415 completions=426 report_drop=0 report_q_high=2
I (194815) CMD_U0: waiting for pending UART response ch=8 before next command
I (194817) CMD_U1: waiting for pending UART response ch=9 before next command
I (194841) CMD_U0: waiting for pending UART response ch=8 before next command
I (194867) CMD_U0: waiting for pending UART response ch=8 before next command
I (194893) CMD_U0: waiting for pending UART response ch=8 before next command
I (194919) CMD_U0: waiting for pending UART response ch=8 before next command
I (194945) CMD_U0: waiting for pending UART response ch=8 before next command
I (194966) CMD_U0: waiting for pending UART response ch=8 before next command
I (194987) CMD_U0: waiting for pending UART response ch=8 before next command
I (195008) CMD_U0: waiting for pending UART response ch=8 before next command
I (195034) CMD_U0: waiting for pending UART response ch=8 before next command
I (195060) CMD_U0: waiting for pending UART response ch=8 before next command
I (195086) CMD_U0: waiting for pending UART response ch=8 before next command
I (195112) CMD_U0: waiting for pending UART response ch=8 before next command
I (195133) CMD_U0: waiting for pending UART response ch=8 before next command
I (195154) CMD_U0: waiting for pending UART response ch=8 before next command
I (195175) CMD_U0: waiting for pending UART response ch=8 before next command
I (195201) CMD_U0: waiting for pending UART response ch=8 before next command
I (195227) CMD_U0: waiting for pending UART response ch=8 before next command
I (195253) CMD_U0: waiting for pending UART response ch=8 before next command
I (195279) CMD_U0: waiting for pending UART response ch=8 before next command
I (195305) CMD_U0: waiting for pending UART response ch=8 before next command
I (195326) CMD_U0: waiting for pending UART response ch=8 before next command
I (195347) CMD_U0: waiting for pending UART response ch=8 before next command
I (195368) CMD_U0: waiting for pending UART response ch=8 before next command
I (195394) CMD_U0: waiting for pending UART response ch=8 before next command
I (195420) CMD_U0: waiting for pending UART response ch=8 before next command
I (195446) CMD_U0: waiting for pending UART response ch=8 before next command
I (195467) CMD_U0: waiting for pending UART response ch=8 before next command
I (195492) CMD_U0: waiting for pending UART response ch=8 before next command
I (195518) CMD_U0: waiting for pending UART response ch=8 before next command
I (195539) CMD_U0: waiting for pending UART response ch=8 before next command
I (195560) CMD_U0: waiting for pending UART response ch=8 before next command
I (195581) CMD_U0: waiting for pending UART response ch=8 before next command
I (195607) CMD_U0: waiting for pending UART response ch=8 before next command
I (195633) CMD_U0: waiting for pending UART response ch=8 before next command
I (195659) CMD_U0: waiting for pending UART response ch=8 before next command
I (195680) CMD_U0: waiting for pending UART response ch=8 before next command
E (195680) MQTT: Publish failed
W (195680) TRANSPORT: No transport connected for broadcast
W (195681) MSG: Broadcast failed, falling back to MQTT
E (195681) MQTT: Publish failed
I (195700) CMD_U0: waiting for pending UART response ch=8 before next command
E (195700) MQTT: Publish failed
W (195701) TRANSPORT: No transport connected for broadcast
W (195701) MSG: Broadcast failed, falling back to MQTT
E (195701) MQTT: Publish failed
E (195721) MQTT: Publish failed
W (195721) TRANSPORT: No transport connected for broadcast
W (195721) MSG: Broadcast failed, falling back to MQTT
E (195722) MQTT: Publish failed
I (195725) CMD_U0: waiting for pending UART response ch=8 before next command
E (195746) MQTT: Publish failed
W (195746) TRANSPORT: No transport connected for broadcast
W (195746) MSG: Broadcast failed, falling back to MQTT
E (195747) MQTT: Publish failed
I (195751) CMD_U0: waiting for pending UART response ch=8 before next command
E (195771) MQTT: Publish failed
W (195771) TRANSPORT: No transport connected for broadcast
W (195771) MSG: Broadcast failed, falling back to MQTT
E (195772) MQTT: Publish failed
I (195772) CMD_U0: waiting for pending UART response ch=8 before next command
E (195792) MQTT: Publish failed
W (195792) TRANSPORT: No transport connected for broadcast
W (195792) MSG: Broadcast failed, falling back to MQTT
E (195793) MQTT: Publish failed
I (195793) CMD_U0: waiting for pending UART response ch=8 before next command
W (195802) RX_TASK: RX timeout slot1 type=1 reqID=0 (1001ms)
E (195807) MQTT: Publish failed
W (195807) TRANSPORT: No transport connected for broadcast
W (195807) MSG: Broadcast failed, falling back to MQTT
E (195807) MQTT: Publish failed
E (195812) MQTT: Publish failed
W (195812) TRANSPORT: No transport connected for broadcast
W (195812) MSG: Broadcast failed, falling back to MQTT
E (195812) MQTT: Publish failed
I (195814) CMD_U0: waiting for pending UART response ch=8 before next command
I (195819) CMD_U1: waiting for pending UART response ch=9 before next command
E (195837) MQTT: Publish failed
W (195837) TRANSPORT: No transport connected for broadcast
W (195838) MSG: Broadcast failed, falling back to MQTT
E (195838) MQTT: Publish failed
I (195841) CMD_U0: waiting for pending UART response ch=8 before next command
I (195866) CMD_U0: waiting for pending UART response ch=8 before next command
I (195893) CMD_U0: waiting for pending UART response ch=8 before next command
I (195914) CMD_U0: waiting for pending UART response ch=8 before next command
I (195939) CMD_U0: waiting for pending UART response ch=8 before next command
I (195960) CMD_U0: waiting for pending UART response ch=8 before next command
I (195981) CMD_U0: waiting for pending UART response ch=8 before next command
I (196008) CMD_U0: waiting for pending UART response ch=8 before next command
I (196034) CMD_U0: waiting for pending UART response ch=8 before next command
I (196056) CMD_U0: waiting for pending UART response ch=8 before next command
I (196082) CMD_U0: waiting for pending UART response ch=8 before next command
I (196103) CMD_U0: waiting for pending UART response ch=8 before next command
I (196130) CMD_U0: Stats: txn=417 err=0 (100%) no_ctx=0
I (196130) CMD_U0: waiting for pending UART response ch=8 before next command
I (196156) CMD_U0: waiting for pending UART response ch=8 before next command
I (196177) CMD_U0: waiting for pending UART response ch=8 before next command
I (196198) CMD_U0: waiting for pending UART response ch=8 before next command
I (196224) CMD_U0: waiting for pending UART response ch=8 before next command
I (196245) CMD_U0: waiting for pending UART response ch=8 before next command
I (196272) CMD_U0: waiting for pending UART response ch=8 before next command
I (196298) CMD_U0: waiting for pending UART response ch=8 before next command
I (196319) CMD_U0: waiting for pending UART response ch=8 before next command
I (196340) CMD_U0: waiting for pending UART response ch=8 before next command
I (196361) CMD_U0: waiting for pending UART response ch=8 before next command
I (196387) CMD_U0: waiting for pending UART response ch=8 before next command
I (196413) CMD_U0: waiting for pending UART response ch=8 before next command
I (196439) CMD_U0: waiting for pending UART response ch=8 before next command
I (196465) CMD_U0: waiting for pending UART response ch=8 before next command
I (196491) CMD_U0: waiting for pending UART response ch=8 before next command
I (196513) CMD_U0: waiting for pending UART response ch=8 before next command
I (196538) CMD_U0: waiting for pending UART response ch=8 before next command
I (196559) CMD_U0: waiting for pending UART response ch=8 before next command
I (196580) CMD_U0: waiting for pending UART response ch=8 before next command
I (196606) CMD_U0: waiting for pending UART response ch=8 before next command
I (196632) CMD_U0: waiting for pending UART response ch=8 before next command
I (196658) CMD_U0: waiting for pending UART response ch=8 before next command
I (196684) CMD_U0: waiting for pending UART response ch=8 before next command
I (196710) CMD_U0: waiting for pending UART response ch=8 before next command
I (196731) CMD_U0: waiting for pending UART response ch=8 before next command
I (196751) CMD_U0: waiting for pending UART response ch=8 before next command
I (196776) CMD_U0: waiting for pending UART response ch=8 before next command
I (196802) CMD_U0: waiting for pending UART response ch=8 before next command
W (196803) RX_TASK: RX timeout slot1 type=1 reqID=0 (1001ms)
I (196823) CMD_U0: waiting for pending UART response ch=8 before next command
I (196841) CMD_U1: Stats: txn=10 err=0 (100%) no_ctx=0
I (196841) CMD_U1: waiting for pending UART response ch=9 before next command
I (196844) CMD_U0: waiting for pending UART response ch=8 before next command
I (196865) CMD_U0: waiting for pending UART response ch=8 before next command
I (196891) CMD_U0: waiting for pending UART response ch=8 before next command
I (196917) CMD_U0: waiting for pending UART response ch=8 before next command
I (196943) CMD_U0: waiting for pending UART response ch=8 before next command
I (196969) CMD_U0: waiting for pending UART response ch=8 before next command
I (196995) CMD_U0: waiting for pending UART response ch=8 before next command
I (197016) CMD_U0: waiting for pending UART response ch=8 before next command
I (197037) CMD_U0: waiting for pending UART response ch=8 before next command
I (197058) CMD_U0: waiting for pending UART response ch=8 before next command
I (197084) CMD_U0: waiting for pending UART response ch=8 before next command
I (197110) CMD_U0: waiting for pending UART response ch=8 before next command
I (197136) CMD_U0: waiting for pending UART response ch=8 before next command
I (197162) CMD_U0: waiting for pending UART response ch=8 before next command
I (197183) CMD_U0: waiting for pending UART response ch=8 before next command
I (197204) CMD_U0: waiting for pending UART response ch=8 before next command
I (197225) CMD_U0: waiting for pending UART response ch=8 before next command
I (197251) CMD_U0: waiting for pending UART response ch=8 before next command
I (197277) CMD_U0: waiting for pending UART response ch=8 before next command
I (197303) CMD_U0: waiting for pending UART response ch=8 before next command
E (197324) MQTT: Publish failed
W (197324) TRANSPORT: No transport connected for broadcast
W (197324) MSG: Broadcast failed, falling back to MQTT
E (197325) MQTT: Publish failed
I (197329) CMD_U0: waiting for pending UART response ch=8 before next command
E (197350) MQTT: Publish failed
W (197350) TRANSPORT: No transport connected for broadcast
W (197350) MSG: Broadcast failed, falling back to MQTT
E (197351) MQTT: Publish failed
I (197355) CMD_U0: waiting for pending UART response ch=8 before next command
E (197375) MQTT: Publish failed
W (197375) TRANSPORT: No transport connected for broadcast
W (197375) MSG: Broadcast failed, falling back to MQTT
E (197376) MQTT: Publish failed
I (197376) CMD_U0: waiting for pending UART response ch=8 before next command
E (197395) MQTT: Publish failed
W (197395) TRANSPORT: No transport connected for broadcast
W (197395) MSG: Broadcast failed, falling back to MQTT
E (197396) MQTT: Publish failed
I (197397) CMD_U0: waiting for pending UART response ch=8 before next command
E (197416) MQTT: Publish failed
W (197416) TRANSPORT: No transport connected for broadcast
W (197416) MSG: Broadcast failed, falling back to MQTT
E (197417) MQTT: Publish failed
I (197418) CMD_U0: waiting for pending UART response ch=8 before next command
E (197441) MQTT: Publish failed
W (197441) TRANSPORT: No transport connected for broadcast
W (197441) MSG: Broadcast failed, falling back to MQTT
E (197442) MQTT: Publish failed
I (197444) CMD_U0: waiting for pending UART response ch=8 before next command
E (197466) MQTT: Publish failed
W (197466) TRANSPORT: No transport connected for broadcast
W (197466) MSG: Broadcast failed, falling back to MQTT
E (197467) MQTT: Publish failed
I (197470) CMD_U0: waiting for pending UART response ch=8 before next command
E (197492) MQTT: Publish failed
W (197492) TRANSPORT: No transport connected for broadcast
W (197492) MSG: Broadcast failed, falling back to MQTT
E (197493) MQTT: Publish failed
I (197496) CMD_U0: waiting for pending UART response ch=8 before next command
E (197517) MQTT: Publish failed
W (197517) TRANSPORT: No transport connected for broadcast
W (197517) MSG: Broadcast failed, falling back to MQTT
E (197518) MQTT: Publish failed
I (197522) CMD_U0: waiting for pending UART response ch=8 before next command
I (197543) CMD_U0: waiting for pending UART response ch=8 before next command
E (197543) MQTT: Publish failed
W (197544) TRANSPORT: No transport connected for broadcast
W (197544) MSG: Broadcast failed, falling back to MQTT
E (197544) MQTT: Publish failed
I (197564) CMD_U0: waiting for pending UART response ch=8 before next command
I (197585) CMD_U0: waiting for pending UART response ch=8 before next command
I (197606) CMD_U0: waiting for pending UART response ch=8 before next command
I (197633) CMD_U0: waiting for pending UART response ch=8 before next command
I (197659) CMD_U0: waiting for pending UART response ch=8 before next command
I (197685) CMD_U0: waiting for pending UART response ch=8 before next command
I (197706) CMD_U0: waiting for pending UART response ch=8 before next command
I (197731) CMD_U0: waiting for pending UART response ch=8 before next command
I (197752) CMD_U0: waiting for pending UART response ch=8 before next command
I (197772) CMD_U0: waiting for pending UART response ch=8 before next command
I (197793) CMD_U0: waiting for pending UART response ch=8 before next command
I (197814) CMD_U0: waiting for pending UART response ch=8 before next command
W (197826) RX_TASK: RX timeout slot1 type=1 reqID=0 (1001ms)
I (197835) CMD_U0: waiting for pending UART response ch=8 before next command
I (197843) CMD_U1: waiting for pending UART response ch=9 before next command
E (197859) MQTT: Publish failed
W (197859) TRANSPORT: No transport connected for broadcast
W (197859) MSG: Broadcast failed, falling back to MQTT
E (197860) MQTT: Publish failed
I (197861) CMD_U0: waiting for pending UART response ch=8 before next command
E (197884) MQTT: Publish failed
W (197884) TRANSPORT: No transport connected for broadcast
W (197884) MSG: Broadcast failed, falling back to MQTT
E (197885) MQTT: Publish failed
I (197887) CMD_U0: waiting for pending UART response ch=8 before next command
E (197907) MQTT: Publish failed
W (197908) TRANSPORT: No transport connected for broadcast
W (197908) MSG: Broadcast failed, falling back to MQTT
E (197908) MQTT: Publish failed
E (197909) MQTT: Publish failed
W (197909) TRANSPORT: No transport connected for broadcast
W (197909) MSG: Broadcast failed, falling back to MQTT
E (197910) MQTT: Publish failed
I (197913) CMD_U0: waiting for pending UART response ch=8 before next command
E (197934) MQTT: Publish failed
W (197934) TRANSPORT: No transport connected for broadcast
W (197934) MSG: Broadcast failed, falling back to MQTT
E (197935) MQTT: Publish failed
I (197939) CMD_U0: waiting for pending UART response ch=8 before next command
E (197960) MQTT: Publish failed
W (197960) TRANSPORT: No transport connected for broadcast
W (197960) MSG: Broadcast failed, falling back to MQTT
E (197961) MQTT: Publish failed
I (197965) CMD_U0: waiting for pending UART response ch=8 before next command
E (197985) MQTT: Publish failed
W (197985) TRANSPORT: No transport connected for broadcast
W (197985) MSG: Broadcast failed, falling back to MQTT
E (197986) MQTT: Publish failed
I (197986) CMD_U0: waiting for pending UART response ch=8 before next command
E (198006) MQTT: Publish failed
W (198006) TRANSPORT: No transport connected for broadcast
W (198006) MSG: Broadcast failed, falling back to MQTT
E (198007) MQTT: Publish failed
I (198007) CMD_U0: waiting for pending UART response ch=8 before next command
E (198026) MQTT: Publish failed
W (198026) TRANSPORT: No transport connected for broadcast
W (198026) MSG: Broadcast failed, falling back to MQTT
E (198027) MQTT: Publish failed
I (198028) CMD_U0: waiting for pending UART response ch=8 before next command
E (198051) MQTT: Publish failed
W (198051) TRANSPORT: No transport connected for broadcast
W (198051) MSG: Broadcast failed, falling back to MQTT
E (198052) MQTT: Publish failed
I (198054) CMD_U0: waiting for pending UART response ch=8 before next command
E (198077) MQTT: Publish failed
W (198077) TRANSPORT: No transport connected for broadcast
W (198077) MSG: Broadcast failed, falling back to MQTT
E (198078) MQTT: Publish failed
I (198080) CMD_U0: waiting for pending UART response ch=8 before next command
E (198103) MQTT: Publish failed
W (198103) TRANSPORT: No transport connected for broadcast
W (198103) MSG: Broadcast failed, falling back to MQTT
E (198104) MQTT: Publish failed
I (198106) CMD_U0: waiting for pending UART response ch=8 before next command
E (198127) MQTT: Publish failed
W (198127) TRANSPORT: No transport connected for broadcast
W (198127) MSG: Broadcast failed, falling back to MQTT
E (198128) MQTT: Publish failed
I (198132) CMD_U0: waiting for pending UART response ch=8 before next command
E (198152) MQTT: Publish failed
W (198152) TRANSPORT: No transport connected for broadcast
W (198152) MSG: Broadcast failed, falling back to MQTT
E (198153) MQTT: Publish failed
I (198153) CMD_U0: waiting for pending UART response ch=8 before next command
E (198173) MQTT: Publish failed
W (198173) TRANSPORT: No transport connected for broadcast
W (198173) MSG: Broadcast failed, falling back to MQTT
E (198174) MQTT: Publish failed
I (198174) CMD_U0: waiting for pending UART response ch=8 before next command
E (198193) MQTT: Publish failed
W (198193) TRANSPORT: No transport connected for broadcast
W (198193) MSG: Broadcast failed, falling back to MQTT
E (198194) MQTT: Publish failed
I (198195) CMD_U0: waiting for pending UART response ch=8 before next command
E (198218) MQTT: Publish failed
W (198218) TRANSPORT: No transport connected for broadcast
W (198218) MSG: Broadcast failed, falling back to MQTT
E (198219) MQTT: Publish failed
I (198221) CMD_U0: waiting for pending UART response ch=8 before next command
E (198244) MQTT: Publish failed
W (198244) TRANSPORT: No transport connected for broadcast
W (198244) MSG: Broadcast failed, falling back to MQTT
E (198245) MQTT: Publish failed
I (198247) CMD_U0: waiting for pending UART response ch=8 before next command
E (198269) MQTT: Publish failed
W (198269) TRANSPORT: No transport connected for broadcast
W (198269) MSG: Broadcast failed, falling back to MQTT
E (198270) MQTT: Publish failed
I (198273) CMD_U0: waiting for pending UART response ch=8 before next command
I (198294) CMD_U0: waiting for pending UART response ch=8 before next command
E (198294) MQTT: Publish failed
W (198295) TRANSPORT: No transport connected for broadcast
W (198295) MSG: Broadcast failed, falling back to MQTT
E (198295) MQTT: Publish failed
E (198315) MQTT: Publish failed
W (198315) TRANSPORT: No transport connected for broadcast
W (198315) MSG: Broadcast failed, falling back to MQTT
E (198316) MQTT: Publish failed
I (198319) CMD_U0: waiting for pending UART response ch=8 before next command
E (198340) MQTT: Publish failed
W (198340) TRANSPORT: No transport connected for broadcast
W (198340) MSG: Broadcast failed, falling back to MQTT
E (198341) MQTT: Publish failed
I (198345) CMD_U0: waiting for pending UART response ch=8 before next command
E (198365) MQTT: Publish failed
W (198365) TRANSPORT: No transport connected for broadcast
W (198365) MSG: Broadcast failed, falling back to MQTT
E (198366) MQTT: Publish failed
I (198366) CMD_U0: waiting for pending UART response ch=8 before next command
E (198386) MQTT: Publish failed
W (198386) TRANSPORT: No transport connected for broadcast
W (198386) MSG: Broadcast failed, falling back to MQTT
E (198387) MQTT: Publish failed
I (198387) CMD_U0: waiting for pending UART response ch=8 before next command
E (198406) MQTT: Publish failed
W (198406) TRANSPORT: No transport connected for broadcast
W (198406) MSG: Broadcast failed, falling back to MQTT
E (198407) MQTT: Publish failed
I (198408) CMD_U0: waiting for pending UART response ch=8 before next command
E (198431) MQTT: Publish failed
W (198431) TRANSPORT: No transport connected for broadcast
W (198431) MSG: Broadcast failed, falling back to MQTT
E (198432) MQTT: Publish failed
I (198434) CMD_U0: waiting for pending UART response ch=8 before next command
E (198456) MQTT: Publish failed
W (198456) TRANSPORT: No transport connected for broadcast
W (198456) MSG: Broadcast failed, falling back to MQTT
E (198457) MQTT: Publish failed
I (198460) CMD_U0: waiting for pending UART response ch=8 before next command
E (198482) MQTT: Publish failed
W (198482) TRANSPORT: No transport connected for broadcast
W (198482) MSG: Broadcast failed, falling back to MQTT
E (198483) MQTT: Publish failed
I (198486) CMD_U0: waiting for pending UART response ch=8 before next command
E (198507) MQTT: Publish failed
W (198507) TRANSPORT: No transport connected for broadcast
W (198508) MSG: Broadcast failed, falling back to MQTT
E (198508) MQTT: Publish failed
I (198512) CMD_U0: waiting for pending UART response ch=8 before next command
E (198533) MQTT: Publish failed
W (198533) TRANSPORT: No transport connected for broadcast
W (198533) MSG: Broadcast failed, falling back to MQTT
E (198534) MQTT: Publish failed
I (198538) CMD_U0: waiting for pending UART response ch=8 before next command
I (198559) CMD_U0: waiting for pending UART response ch=8 before next command
E (198559) MQTT: Publish failed
W (198559) TRANSPORT: No transport connected for broadcast
W (198560) MSG: Broadcast failed, falling back to MQTT
E (198560) MQTT: Publish failed
E (198578) MQTT: Publish failed
W (198578) TRANSPORT: No transport connected for broadcast
W (198578) MSG: Broadcast failed, falling back to MQTT
E (198579) MQTT: Publish failed
I (198579) CMD_U0: waiting for pending UART response ch=8 before next command
E (198598) MQTT: Publish failed
W (198598) TRANSPORT: No transport connected for broadcast
W (198598) MSG: Broadcast failed, falling back to MQTT
E (198599) MQTT: Publish failed
I (198600) CMD_U0: waiting for pending UART response ch=8 before next command
E (198619) MQTT: Publish failed
W (198619) TRANSPORT: No transport connected for broadcast
W (198619) MSG: Broadcast failed, falling back to MQTT
E (198620) MQTT: Publish failed
I (198621) CMD_U0: waiting for pending UART response ch=8 before next command
E (198644) MQTT: Publish failed
W (198644) TRANSPORT: No transport connected for broadcast
W (198644) MSG: Broadcast failed, falling back to MQTT
E (198645) MQTT: Publish failed
I (198647) CMD_U0: waiting for pending UART response ch=8 before next command
E (198669) MQTT: Publish failed
W (198669) TRANSPORT: No transport connected for broadcast
W (198669) MSG: Broadcast failed, falling back to MQTT
E (198670) MQTT: Publish failed
I (198673) CMD_U0: waiting for pending UART response ch=8 before next command
I (198699) CMD_U0: waiting for pending UART response ch=8 before next command
I (198726) CMD_U0: waiting for pending UART response ch=8 before next command
I (198751) CMD_U0: waiting for pending UART response ch=8 before next command
I (198773) CMD_U0: waiting for pending UART response ch=8 before next command
I (198794) CMD_U0: waiting for pending UART response ch=8 before next command
I (198821) CMD_U0: waiting for pending UART response ch=8 before next command
W (198827) RX_TASK: RX timeout slot1 type=1 reqID=0 (1001ms)
I (198845) CMD_U1: waiting for pending UART response ch=9 before next command
I (198846) CMD_U0: waiting for pending UART response ch=8 before next command
I (198872) CMD_U0: waiting for pending UART response ch=8 before next command
I (198898) CMD_U0: waiting for pending UART response ch=8 before next command
I (198919) CMD_U0: waiting for pending UART response ch=8 before next command
I (198940) CMD_U0: waiting for pending UART response ch=8 before next command
I (198967) CMD_U0: waiting for pending UART response ch=8 before next command
I (198992) CMD_U0: waiting for pending UART response ch=8 before next command
I (199018) CMD_U0: waiting for pending UART response ch=8 before next command
I (199044) CMD_U0: waiting for pending UART response ch=8 before next command
I (199070) CMD_U0: waiting for pending UART response ch=8 before next command
I (199091) CMD_U0: waiting for pending UART response ch=8 before next command
I (199112) CMD_U0: waiting for pending UART response ch=8 before next command
I (199133) CMD_U0: waiting for pending UART response ch=8 before next command
I (199159) CMD_U0: waiting for pending UART response ch=8 before next command
I (199185) CMD_U0: waiting for pending UART response ch=8 before next command
I (199211) CMD_U0: waiting for pending UART response ch=8 before next command
I (199237) CMD_U0: waiting for pending UART response ch=8 before next command
I (199263) CMD_U0: waiting for pending UART response ch=8 before next command
I (199284) CMD_U0: waiting for pending UART response ch=8 before next command
I (199305) CMD_U0: waiting for pending UART response ch=8 before next command
I (199332) CMD_U0: waiting for pending UART response ch=8 before next command
I (199357) CMD_U0: waiting for pending UART response ch=8 before next command
I (199383) CMD_U0: waiting for pending UART response ch=8 before next command
I (199409) CMD_U0: waiting for pending UART response ch=8 before next command
I (199435) CMD_U0: waiting for pending UART response ch=8 before next command
E (199457) MQTT: Publish failed
W (199457) TRANSPORT: No transport connected for broadcast
W (199457) MSG: Broadcast failed, falling back to MQTT
E (199458) MQTT: Publish failed
I (199461) CMD_U0: waiting for pending UART response ch=8 before next command
I (199482) CMD_U0: waiting for pending UART response ch=8 before next command
E (199482) MQTT: Publish failed
W (199482) TRANSPORT: No transport connected for broadcast
W (199483) MSG: Broadcast failed, falling back to MQTT
E (199483) MQTT: Publish failed
E (199503) MQTT: Publish failed
W (199503) TRANSPORT: No transport connected for broadcast
W (199503) MSG: Broadcast failed, falling back to MQTT
E (199504) MQTT: Publish failed
I (199507) CMD_U0: waiting for pending UART response ch=8 before next command
E (199529) MQTT: Publish failed
W (199529) TRANSPORT: No transport connected for broadcast
W (199530) MSG: Broadcast failed, falling back to MQTT
E (199530) MQTT: Publish failed
I (199533) CMD_U0: waiting for pending UART response ch=8 before next command
E (199554) MQTT: Publish failed
W (199554) TRANSPORT: No transport connected for broadcast
W (199554) MSG: Broadcast failed, falling back to MQTT
E (199555) MQTT: Publish failed
I (199559) CMD_U0: waiting for pending UART response ch=8 before next command
I (199580) CMD_U0: waiting for pending UART response ch=8 before next command
E (199580) MQTT: Publish failed
W (199580) TRANSPORT: No transport connected for broadcast
W (199581) MSG: Broadcast failed, falling back to MQTT
E (199581) MQTT: Publish failed
I (199600) CMD_U0: waiting for pending UART response ch=8 before next command
E (199600) MQTT: Publish failed
W (199601) TRANSPORT: No transport connected for broadcast
W (199601) MSG: Broadcast failed, falling back to MQTT
E (199601) MQTT: Publish failed
I (199620) CMD_U0: waiting for pending UART response ch=8 before next command
E (199620) MQTT: Publish failed
W (199621) TRANSPORT: No transport connected for broadcast
W (199621) MSG: Broadcast failed, falling back to MQTT
E (199621) MQTT: Publish failed
E (199641) MQTT: Publish failed
W (199641) TRANSPORT: No transport connected for broadcast
W (199641) MSG: Broadcast failed, falling back to MQTT
E (199642) MQTT: Publish failed
I (199645) CMD_U0: waiting for pending UART response ch=8 before next command
E (199666) MQTT: Publish failed
W (199666) TRANSPORT: No transport connected for broadcast
W (199666) MSG: Broadcast failed, falling back to MQTT
E (199667) MQTT: Publish failed
I (199671) CMD_U0: waiting for pending UART response ch=8 before next command
E (199691) MQTT: Publish failed
W (199691) TRANSPORT: No transport connected for broadcast
W (199691) MSG: Broadcast failed, falling back to MQTT
E (199692) MQTT: Publish failed
I (199692) CMD_U0: waiting for pending UART response ch=8 before next command
E (199712) MQTT: Publish failed
W (199712) TRANSPORT: No transport connected for broadcast
W (199712) MSG: Broadcast failed, falling back to MQTT
E (199713) MQTT: Publish failed
I (199713) CMD_U0: waiting for pending UART response ch=8 before next command
E (199732) MQTT: Publish failed
W (199732) TRANSPORT: No transport connected for broadcast
W (199732) MSG: Broadcast failed, falling back to MQTT
E (199733) MQTT: Publish failed
I (199734) CMD_U0: waiting for pending UART response ch=8 before next command
E (199757) MQTT: Publish failed
W (199757) TRANSPORT: No transport connected for broadcast
W (199757) MSG: Broadcast failed, falling back to MQTT
E (199758) MQTT: Publish failed
I (199760) CMD_U0: waiting for pending UART response ch=8 before next command
E (199783) MQTT: Publish failed
W (199783) TRANSPORT: No transport connected for broadcast
W (199783) MSG: Broadcast failed, falling back to MQTT
E (199784) MQTT: Publish failed
I (199786) CMD_U0: waiting for pending UART response ch=8 before next command
E (199807) MQTT: Publish failed
W (199807) TRANSPORT: No transport connected for broadcast
W (199807) MSG: Broadcast failed, falling back to MQTT
E (199807) MQTT: Publish failed
E (199808) MQTT: Publish failed
W (199808) TRANSPORT: No transport connected for broadcast
W (199808) MSG: Broadcast failed, falling back to MQTT
E (199809) MQTT: Publish failed
I (199812) CMD_U0: waiting for pending UART response ch=8 before next command
W (199829) RX_TASK: RX timeout slot1 type=1 reqID=0 (1001ms)
E (199834) MQTT: Publish failed
W (199834) TRANSPORT: No transport connected for broadcast
W (199834) MSG: Broadcast failed, falling back to MQTT
E (199835) MQTT: Publish failed
I (199838) CMD_U0: waiting for pending UART response ch=8 before next command
I (199847) CMD_U1: waiting for pending UART response ch=9 before next command
E (199859) MQTT: Publish failed
W (199859) TRANSPORT: No transport connected for broadcast
W (199859) MSG: Broadcast failed, falling back to MQTT
E (199860) MQTT: Publish failed
I (199864) CMD_U0: waiting for pending UART response ch=8 before next command
E (199884) MQTT: Publish failed
W (199884) TRANSPORT: No transport connected for broadcast
W (199884) MSG: Broadcast failed, falling back to MQTT
E (199885) MQTT: Publish failed
I (199885) CMD_U0: waiting for pending UART response ch=8 before next command
E (199905) MQTT: Publish failed
W (199905) TRANSPORT: No transport connected for broadcast
W (199905) MSG: Broadcast failed, falling back to MQTT
E (199906) MQTT: Publish failed
I (199906) CMD_U0: waiting for pending UART response ch=8 before next command
E (199918) MQTT: Publish failed
W (199919) TRANSPORT: No transport connected for broadcast
W (199919) MSG: Broadcast failed, falling back to MQTT
E (199919) MQTT: Publish failed
E (199925) MQTT: Publish failed
W (199925) TRANSPORT: No transport connected for broadcast
W (199925) MSG: Broadcast failed, falling back to MQTT
E (199926) MQTT: Publish failed
I (199927) CMD_U0: waiting for pending UART response ch=8 before next command
E (199951) MQTT: Publish failed
W (199951) TRANSPORT: No transport connected for broadcast
W (199951) MSG: Broadcast failed, falling back to MQTT
E (199952) MQTT: Publish failed
I (199953) CMD_U0: waiting for pending UART response ch=8 before next command
E (199976) MQTT: Publish failed
W (199976) TRANSPORT: No transport connected for broadcast
W (199976) MSG: Broadcast failed, falling back to MQTT
E (199977) MQTT: Publish failed
I (199979) CMD_U0: waiting for pending UART response ch=8 before next command
E (200001) MQTT: Publish failed
W (200001) TRANSPORT: No transport connected for broadcast
W (200001) MSG: Broadcast failed, falling back to MQTT
E (200002) MQTT: Publish failed
I (200005) CMD_U0: waiting for pending UART response ch=8 before next command
E (200027) MQTT: Publish failed
W (200027) TRANSPORT: No transport connected for broadcast
W (200027) MSG: Broadcast failed, falling back to MQTT
E (200028) MQTT: Publish failed
I (200031) CMD_U0: waiting for pending UART response ch=8 before next command
I (200057) CMD_U0: waiting for pending UART response ch=8 before next command
I (200079) CMD_U0: waiting for pending UART response ch=8 before next command
I (200099) CMD_U0: waiting for pending UART response ch=8 before next command
I (200120) CMD_U0: waiting for pending UART response ch=8 before next command
I (200141) CMD_U0: waiting for pending UART response ch=8 before next command
I (200162) CMD_U0: waiting for pending UART response ch=8 before next command
I (200188) CMD_U0: waiting for pending UART response ch=8 before next command
I (200214) CMD_U0: waiting for pending UART response ch=8 before next command
I (200240) CMD_U0: waiting for pending UART response ch=8 before next command
E (200262) MQTT: Publish failed
W (200262) TRANSPORT: No transport connected for broadcast
W (200262) MSG: Broadcast failed, falling back to MQTT
E (200263) MQTT: Publish failed
I (200266) CMD_U0: waiting for pending UART response ch=8 before next command
E (200287) MQTT: Publish failed
W (200287) TRANSPORT: No transport connected for broadcast
W (200287) MSG: Broadcast failed, falling back to MQTT
E (200288) MQTT: Publish failed
I (200292) CMD_U0: waiting for pending UART response ch=8 before next command
E (200312) MQTT: Publish failed
W (200312) TRANSPORT: No transport connected for broadcast
W (200312) MSG: Broadcast failed, falling back to MQTT
E (200313) MQTT: Publish failed
I (200313) CMD_U0: waiting for pending UART response ch=8 before next command
E (200333) MQTT: Publish failed
W (200333) TRANSPORT: No transport connected for broadcast
W (200333) MSG: Broadcast failed, falling back to MQTT
E (200334) MQTT: Publish failed
I (200334) CMD_U0: waiting for pending UART response ch=8 before next command
E (200353) MQTT: Publish failed
W (200353) TRANSPORT: No transport connected for broadcast
W (200353) MSG: Broadcast failed, falling back to MQTT
E (200354) MQTT: Publish failed
I (200355) CMD_U0: waiting for pending UART response ch=8 before next command
E (200379) MQTT: Publish failed
W (200379) TRANSPORT: No transport connected for broadcast
W (200379) MSG: Broadcast failed, falling back to MQTT
E (200380) MQTT: Publish failed
I (200381) CMD_U0: waiting for pending UART response ch=8 before next command
E (200404) MQTT: Publish failed
W (200404) TRANSPORT: No transport connected for broadcast
W (200404) MSG: Broadcast failed, falling back to MQTT
E (200405) MQTT: Publish failed
I (200407) CMD_U0: waiting for pending UART response ch=8 before next command
E (200429) MQTT: Publish failed
W (200429) TRANSPORT: No transport connected for broadcast
W (200429) MSG: Broadcast failed, falling back to MQTT
E (200430) MQTT: Publish failed
I (200433) CMD_U0: waiting for pending UART response ch=8 before next command
E (200455) MQTT: Publish failed
W (200455) TRANSPORT: No transport connected for broadcast
W (200455) MSG: Broadcast failed, falling back to MQTT
E (200456) MQTT: Publish failed
I (200459) CMD_U0: waiting for pending UART response ch=8 before next command
I (200480) CMD_U0: waiting for pending UART response ch=8 before next command
E (200480) MQTT: Publish failed
W (200480) TRANSPORT: No transport connected for broadcast
W (200481) MSG: Broadcast failed, falling back to MQTT
E (200481) MQTT: Publish failed
E (200501) MQTT: Publish failed
W (200501) TRANSPORT: No transport connected for broadcast
W (200501) MSG: Broadcast failed, falling back to MQTT
E (200502) MQTT: Publish failed
I (200505) CMD_U0: waiting for pending UART response ch=8 before next command
E (200526) MQTT: Publish failed
W (200526) TRANSPORT: No transport connected for broadcast
W (200526) MSG: Broadcast failed, falling back to MQTT
E (200527) MQTT: Publish failed
I (200531) CMD_U0: waiting for pending UART response ch=8 before next command
E (200551) MQTT: Publish failed
W (200551) TRANSPORT: No transport connected for broadcast
W (200551) MSG: Broadcast failed, falling back to MQTT
E (200552) MQTT: Publish failed
I (200552) CMD_U0: waiting for pending UART response ch=8 before next command
E (200572) MQTT: Publish failed
W (200572) TRANSPORT: No transport connected for broadcast
W (200572) MSG: Broadcast failed, falling back to MQTT
E (200573) MQTT: Publish failed
I (200573) CMD_U0: waiting for pending UART response ch=8 before next command
E (200592) MQTT: Publish failed
W (200592) TRANSPORT: No transport connected for broadcast
W (200592) MSG: Broadcast failed, falling back to MQTT
E (200593) MQTT: Publish failed
I (200594) CMD_U0: waiting for pending UART response ch=8 before next command
E (200618) MQTT: Publish failed
W (200618) TRANSPORT: No transport connected for broadcast
W (200618) MSG: Broadcast failed, falling back to MQTT
E (200619) MQTT: Publish failed
I (200620) CMD_U0: waiting for pending UART response ch=8 before next command
E (200640) MQTT: Publish failed
W (200640) TRANSPORT: No transport connected for broadcast
W (200640) MSG: Broadcast failed, falling back to MQTT
E (200641) MQTT: Publish failed
I (200641) CMD_U0: waiting for pending UART response ch=8 before next command
E (200661) MQTT: Publish failed
W (200661) TRANSPORT: No transport connected for broadcast
W (200661) MSG: Broadcast failed, falling back to MQTT
E (200662) MQTT: Publish failed
I (200663) CMD_U0: waiting for pending UART response ch=8 before next command
E (200686) MQTT: Publish failed
W (200686) TRANSPORT: No transport connected for broadcast
W (200686) MSG: Broadcast failed, falling back to MQTT
E (200687) MQTT: Publish failed
I (200688) CMD_U0: waiting for pending UART response ch=8 before next command
E (200707) MQTT: Publish failed
W (200707) TRANSPORT: No transport connected for broadcast
W (200707) MSG: Broadcast failed, falling back to MQTT
E (200708) MQTT: Publish failed
I (200709) CMD_U0: waiting for pending UART response ch=8 before next command
E (200732) MQTT: Publish failed
W (200732) TRANSPORT: No transport connected for broadcast
W (200732) MSG: Broadcast failed, falling back to MQTT
E (200733) MQTT: Publish failed
I (200735) CMD_U0: waiting for pending UART response ch=8 before next command
E (200757) MQTT: Publish failed
W (200757) TRANSPORT: No transport connected for broadcast
W (200757) MSG: Broadcast failed, falling back to MQTT
E (200758) MQTT: Publish failed
I (200761) CMD_U0: waiting for pending UART response ch=8 before next command
E (200783) MQTT: Publish failed
W (200783) TRANSPORT: No transport connected for broadcast
W (200783) MSG: Broadcast failed, falling back to MQTT
E (200784) MQTT: Publish failed
I (200787) CMD_U0: waiting for pending UART response ch=8 before next command
E (200807) MQTT: Publish failed
W (200807) TRANSPORT: No transport connected for broadcast
W (200807) MSG: Broadcast failed, falling back to MQTT
E (200807) MQTT: I (200808) CMD_U0: waiting for pending UART response ch=8 before next command
E (200808) MQTT: Publish failed
Publish failed
W (200809) TRANSPORT: No transport connected for broadcast
W (200809) MSG: Broadcast failed, falling back to MQTT
E (200809) MQTT: Publish failed
E (200829) MQTT: Publish failed
W (200829) TRANSPORT: No transport connected for broadcast
W (200829) MSG: Broadcast failed, falling back to MQTT
E (200830) MQTT: Publish failed
W (200831) RX_TASK: RX timeout slot1 type=1 reqID=0 (1001ms)
I (200834) CMD_U0: waiting for pending UART response ch=8 before next command
E (200854) MQTT: Publish failed
W (200854) TRANSPORT: No transport connected for broadcast
W (200854) MSG: Broadcast failed, falling back to MQTT
E (200855) MQTT: Publish failed
I (200855) CMD_U0: waiting for pending UART response ch=8 before next command
I (200870) CMD_U1: waiting for pending UART response ch=9 before next command
E (200874) MQTT: Publish failed
W (200874) TRANSPORT: No transport connected for broadcast
W (200874) MSG: Broadcast failed, falling back to MQTT
E (200875) MQTT: Publish failed
I (200876) CMD_U0: waiting for pending UART response ch=8 before next command
E (200895) MQTT: Publish failed
W (200895) TRANSPORT: No transport connected for broadcast
W (200895) MSG: Broadcast failed, falling back to MQTT
E (200896) MQTT: Publish failed
I (200897) CMD_U0: waiting for pending UART response ch=8 before next command
E (200920) MQTT: Publish failed
W (200920) TRANSPORT: No transport connected for broadcast
W (200921) MSG: Broadcast failed, falling back to MQTT
E (200921) MQTT: Publish failed
E (200922) MQTT: Publish failed
W (200922) TRANSPORT: No transport connected for broadcast
W (200922) MSG: Broadcast failed, falling back to MQTT
E (200922) MQTT: Publish failed
I (200923) CMD_U0: waiting for pending UART response ch=8 before next command
E (200946) MQTT: Publish failed
W (200946) TRANSPORT: No transport connected for broadcast
W (200946) MSG: Broadcast failed, falling back to MQTT
E (200947) MQTT: Publish failed
I (200948) CMD_U0: waiting for pending UART response ch=8 before next command
E (200971) MQTT: Publish failed
W (200971) TRANSPORT: No transport connected for broadcast
W (200971) MSG: Broadcast failed, falling back to MQTT
E (200972) MQTT: Publish failed
I (200974) CMD_U0: waiting for pending UART response ch=8 before next command
E (200996) MQTT: Publish failed
W (200996) TRANSPORT: No transport connected for broadcast
W (200996) MSG: Broadcast failed, falling back to MQTT
E (200997) MQTT: Publish failed
I (201000) CMD_U0: waiting for pending UART response ch=8 before next command
I (201014) SCHEDULER: Stats: samples=429 full=577 min_free=2
E (201022) MQTT: Publish failed
W (201022) TRANSPORT: No transport connected for broadcast
W (201022) MSG: Broadcast failed, falling back to MQTT
E (201023) MQTT: Publish failed
I (201026) CMD_U0: waiting for pending UART response ch=8 before next command
E (201047) MQTT: Publish failed
W (201047) TRANSPORT: No transport connected for broadcast
W (201047) MSG: Broadcast failed, falling back to MQTT
E (201048) MQTT: Publish failed
I (201052) CMD_U0: waiting for pending UART response ch=8 before next command
I (201073) CMD_U0: waiting for pending UART response ch=8 before next command
E (201073) MQTT: Publish failed
W (201074) TRANSPORT: No transport connected for broadcast
W (201074) MSG: Broadcast failed, falling back to MQTT
E (201074) MQTT: Publish failed
E (201093) MQTT: Publish failed
W (201093) TRANSPORT: No transport connected for broadcast
W (201093) MSG: Broadcast failed, falling back to MQTT
E (201094) MQTT: Publish failed
I (201094) CMD_U0: waiting for pending UART response ch=8 before next command
E (201113) MQTT: Publish failed
W (201113) TRANSPORT: No transport connected for broadcast
W (201113) MSG: Broadcast failed, falling back to MQTT
E (201114) MQTT: Publish failed
I (201115) CMD_U0: waiting for pending UART response ch=8 before next command
E (201134) MQTT: Publish failed
W (201134) TRANSPORT: No transport connected for broadcast
W (201135) MSG: Broadcast failed, falling back to MQTT
E (201135) MQTT: Publish failed
I (201136) CMD_U0: waiting for pending UART response ch=8 before next command
I (201162) CMD_U0: waiting for pending UART response ch=8 before next command
I (201188) CMD_U0: waiting for pending UART response ch=8 before next command
I (201215) CMD_U0: waiting for pending UART response ch=8 before next command
I (201241) CMD_U0: waiting for pending UART response ch=8 before next command
I (201262) CMD_U0: waiting for pending UART response ch=8 before next command
I (201283) CMD_U0: waiting for pending UART response ch=8 before next command
I (201309) CMD_U0: waiting for pending UART response ch=8 before next command
I (201335) CMD_U0: waiting for pending UART response ch=8 before next command
I (201361) CMD_U0: waiting for pending UART response ch=8 before next command
I (201387) CMD_U0: waiting for pending UART response ch=8 before next command
I (201413) CMD_U0: waiting for pending UART response ch=8 before next command
I (201434) CMD_U0: waiting for pending UART response ch=8 before next command
I (201455) CMD_U0: waiting for pending UART response ch=8 before next command
I (201476) CMD_U0: waiting for pending UART response ch=8 before next command
I (201503) CMD_U0: waiting for pending UART response ch=8 before next command
I (201528) CMD_U0: waiting for pending UART response ch=8 before next command
I (201554) CMD_U0: waiting for pending UART response ch=8 before next command
I (201576) CMD_U0: waiting for pending UART response ch=8 before next command
I (201596) CMD_U0: waiting for pending UART response ch=8 before next command
I (201617) CMD_U0: waiting for pending UART response ch=8 before next command
I (201638) CMD_U0: waiting for pending UART response ch=8 before next command
I (201659) CMD_U0: waiting for pending UART response ch=8 before next command
I (201686) CMD_U0: waiting for pending UART response ch=8 before next command
I (201711) CMD_U0: waiting for pending UART response ch=8 before next command
I (201737) CMD_U0: waiting for pending UART response ch=8 before next command
I (201759) CMD_U0: waiting for pending UART response ch=8 before next command
I (201779) CMD_U0: waiting for pending UART response ch=8 before next command
I (201800) CMD_U0: waiting for pending UART response ch=8 before next command
I (201820) CMD_U0: waiting for pending UART response ch=8 before next command
I (201846) CMD_U0: waiting for pending UART response ch=8 before next command
W (201855) RX_TASK: RX timeout slot1 type=1 reqID=0 (1001ms)
I (201867) CMD_U0: waiting for pending UART response ch=8 before next command
I (201872) CMD_U1: waiting for pending UART response ch=9 before next command
I (201893) CMD_U0: waiting for pending UART response ch=8 before next command
I (201919) CMD_U0: waiting for pending UART response ch=8 before next command
I (201945) CMD_U0: waiting for pending UART response ch=8 before next command
I (201971) CMD_U0: waiting for pending UART response ch=8 before next command
I (201992) CMD_U0: waiting for pending UART response ch=8 before next command
I (202013) CMD_U0: waiting for pending UART response ch=8 before next command
I (202034) CMD_U0: waiting for pending UART response ch=8 before next command
I (202060) CMD_U0: waiting for pending UART response ch=8 before next command
I (202086) CMD_U0: waiting for pending UART response ch=8 before next command
I (202112) CMD_U0: waiting for pending UART response ch=8 before next command
I (202138) CMD_U0: waiting for pending UART response ch=8 before next command
I (202164) CMD_U0: waiting for pending UART response ch=8 before next command
I (202190) CMD_U0: waiting for pending UART response ch=8 before next command
I (202216) CMD_U0: waiting for pending UART response ch=8 before next command
I (202242) CMD_U0: waiting for pending UART response ch=8 before next command
I (202268) CMD_U0: waiting for pending UART response ch=8 before next command
I (202289) CMD_U0: waiting for pending UART response ch=8 before next command
I (202314) CMD_U0: waiting for pending UART response ch=8 before next command
I (202335) CMD_U0: waiting for pending UART response ch=8 before next command
I (202356) CMD_U0: waiting for pending UART response ch=8 before next command
I (202377) CMD_U0: waiting for pending UART response ch=8 before next command
I (202404) CMD_U0: waiting for pending UART response ch=8 before next command
I (202429) CMD_U0: waiting for pending UART response ch=8 before next command
I (202455) CMD_U0: waiting for pending UART response ch=8 before next command
I (202476) CMD_U0: waiting for pending UART response ch=8 before next command
I (202501) CMD_U0: waiting for pending UART response ch=8 before next command
I (202527) CMD_U0: waiting for pending UART response ch=8 before next command
I (202548) CMD_U0: waiting for pending UART response ch=8 before next command
I (202573) CMD_U0: waiting for pending UART response ch=8 before next command
I (202594) CMD_U0: waiting for pending UART response ch=8 before next command
I (202615) CMD_U0: waiting for pending UART response ch=8 before next command
I (202641) CMD_U0: waiting for pending UART response ch=8 before next command
I (202667) CMD_U0: waiting for pending UART response ch=8 before next command
E (202689) MQTT: Publish failed
W (202689) TRANSPORT: No transport connected for broadcast
W (202689) MSG: Broadcast failed, falling back to MQTT
E (202690) MQTT: Publish failed
I (202693) CMD_U0: waiting for pending UART response ch=8 before next command
E (202715) MQTT: Publish failed
W (202715) TRANSPORT: No transport connected for broadcast
W (202715) MSG: Broadcast failed, falling back to MQTT
E (202716) MQTT: Publish failed
I (202719) CMD_U0: waiting for pending UART response ch=8 before next command
E (202740) MQTT: Publish failed
W (202740) TRANSPORT: No transport connected for broadcast
W (202740) MSG: Broadcast failed, falling back to MQTT
E (202741) MQTT: Publish failed
I (202745) CMD_U0: waiting for pending UART response ch=8 before next command
E (202765) MQTT: Publish failed
W (202765) TRANSPORT: No transport connected for broadcast
W (202765) MSG: Broadcast failed, falling back to MQTT
E (202766) MQTT: Publish failed
I (202766) CMD_U0: waiting for pending UART response ch=8 before next command
E (202785) MQTT: Publish failed
W (202785) TRANSPORT: No transport connected for broadcast
W (202785) MSG: Broadcast failed, falling back to MQTT
E (202786) MQTT: Publish failed
I (202787) CMD_U0: waiting for pending UART response ch=8 before next command
E (202808) MQTT: Publish failed
W (202808) TRANSPORT: No transport connected for broadcast
W (202808) MSG: Broadcast failed, falling back to MQTT
E (202808) MQTT: Publish failed
E (202811) MQTT: Publish failed
W (202811) TRANSPORT: No transport connected for broadcast
W (202811) MSG: Broadcast failed, falling back to MQTT
E (202812) MQTT: Publish failed
I (202813) CMD_U0: waiting for pending UART response ch=8 before next command
I (202839) CMD_U0: waiting for pending UART response ch=8 before next command
W (202856) RX_TASK: RX timeout slot1 type=1 reqID=0 (1001ms)
I (202866) CMD_U0: waiting for pending UART response ch=8 before next command
I (202874) CMD_U1: waiting for pending UART response ch=9 before next command
I (202892) CMD_U0: waiting for pending UART response ch=8 before next command
I (202913) CMD_U0: waiting for pending UART response ch=8 before next command
I (202934) CMD_U0: waiting for pending UART response ch=8 before next command
I (202960) CMD_U0: waiting for pending UART response ch=8 before next command
I (202986) CMD_U0: waiting for pending UART response ch=8 before next command
I (203012) CMD_U0: waiting for pending UART response ch=8 before next command
I (203039) CMD_U0: waiting for pending UART response ch=8 before next command
I (203060) CMD_U0: waiting for pending UART response ch=8 before next command
I (203081) CMD_U0: waiting for pending UART response ch=8 before next command
I (203108) CMD_U0: waiting for pending UART response ch=8 before next command
I (203133) CMD_U0: waiting for pending UART response ch=8 before next command
I (203159) CMD_U0: waiting for pending UART response ch=8 before next command
I (203185) CMD_U0: waiting for pending UART response ch=8 before next command
I (203211) CMD_U0: waiting for pending UART response ch=8 before next command
I (203233) CMD_U0: waiting for pending UART response ch=8 before next command
I (203258) CMD_U0: waiting for pending UART response ch=8 before next command
I (203279) CMD_U0: waiting for pending UART response ch=8 before next command
I (203305) CMD_U0: waiting for pending UART response ch=8 before next command
I (203331) CMD_U0: waiting for pending UART response ch=8 before next command
I (203357) CMD_U0: waiting for pending UART response ch=8 before next command
I (203378) CMD_U0: waiting for pending UART response ch=8 before next command
I (203399) CMD_U0: waiting for pending UART response ch=8 before next command
I (203420) CMD_U0: waiting for pending UART response ch=8 before next command
I (203441) CMD_U0: waiting for pending UART response ch=8 before next command
I (203468) CMD_U0: waiting for pending UART response ch=8 before next command
I (203493) CMD_U0: waiting for pending UART response ch=8 before next command
I (203519) CMD_U0: waiting for pending UART response ch=8 before next command
I (203541) CMD_U0: waiting for pending UART response ch=8 before next command
I (203562) CMD_U0: waiting for pending UART response ch=8 before next command
I (203583) CMD_U0: waiting for pending UART response ch=8 before next command
I (203609) CMD_U0: waiting for pending UART response ch=8 before next command
I (203635) CMD_U0: waiting for pending UART response ch=8 before next command
I (203661) CMD_U0: waiting for pending UART response ch=8 before next command
I (203687) CMD_U0: waiting for pending UART response ch=8 before next command
I (203713) CMD_U0: waiting for pending UART response ch=8 before next command
I (203734) CMD_U0: waiting for pending UART response ch=8 before next command
I (203760) CMD_U0: waiting for pending UART response ch=8 before next command
I (203786) CMD_U0: waiting for pending UART response ch=8 before next command
I (203813) CMD_U0: waiting for pending UART response ch=8 before next command
I (203839) CMD_U0: waiting for pending UART response ch=8 before next command
W (203858) RX_TASK: RX timeout slot1 type=1 reqID=0 (1001ms)
I (203865) CMD_U0: waiting for pending UART response ch=8 before next command
I (203886) CMD_U0: waiting for pending UART response ch=8 before next command
I (203898) CMD_U1: waiting for pending UART response ch=9 before next command
I (203907) CMD_U0: waiting for pending UART response ch=8 before next command
I (203933) CMD_U0: waiting for pending UART response ch=8 before next command
I (203959) CMD_U0: waiting for pending UART response ch=8 before next command
I (203985) CMD_U0: waiting for pending UART response ch=8 before next command
I (204011) CMD_U0: waiting for pending UART response ch=8 before next command
I (204032) CMD_U0: waiting for pending UART response ch=8 before next command
I (204057) CMD_U0: waiting for pending UART response ch=8 before next command
I (204078) CMD_U0: waiting for pending UART response ch=8 before next command
I (204099) CMD_U0: waiting for pending UART response ch=8 before next command
I (204120) CMD_U0: waiting for pending UART response ch=8 before next command
I (204146) CMD_U0: waiting for pending UART response ch=8 before next command
I (204172) CMD_U0: waiting for pending UART response ch=8 before next command
I (204198) CMD_U0: waiting for pending UART response ch=8 before next command
I (204224) CMD_U0: waiting for pending UART response ch=8 before next command
I (204250) CMD_U0: waiting for pending UART response ch=8 before next command
I (204271) CMD_U0: waiting for pending UART response ch=8 before next command
I (204292) CMD_U0: waiting for pending UART response ch=8 before next command
I (204318) CMD_U0: waiting for pending UART response ch=8 before next command
I (204344) CMD_U0: waiting for pending UART response ch=8 before next command
E (204366) MQTT: Publish failed
W (204366) TRANSPORT: No transport connected for broadcast
W (204366) MSG: Broadcast failed, falling back to MQTT
E (204367) MQTT: Publish failed
I (204370) CMD_U0: waiting for pending UART response ch=8 before next command
E (204392) MQTT: Publish failed
W (204392) TRANSPORT: No transport connected for broadcast
W (204392) MSG: Broadcast failed, falling back to MQTT
E (204393) MQTT: Publish failed
I (204396) CMD_U0: waiting for pending UART response ch=8 before next command
E (204417) MQTT: Publish failed
W (204417) TRANSPORT: No transport connected for broadcast
W (204417) MSG: Broadcast failed, falling back to MQTT
E (204418) MQTT: Publish failed
I (204422) CMD_U0: waiting for pending UART response ch=8 before next command
E (204442) MQTT: Publish failed
W (204442) TRANSPORT: No transport connected for broadcast
W (204442) MSG: Broadcast failed, falling back to MQTT
E (204443) MQTT: Publish failed
I (204443) CMD_U0: waiting for pending UART response ch=8 before next command
E (204462) MQTT: Publish failed
W (204462) TRANSPORT: No transport connected for broadcast
W (204462) MSG: Broadcast failed, falling back to MQTT
E (204463) MQTT: Publish failed
I (204464) CMD_U0: waiting for pending UART response ch=8 before next command
E (204482) MQTT: Publish failed
W (204482) TRANSPORT: No transport connected for broadcast
W (204482) MSG: Broadcast failed, falling back to MQTT
E (204483) MQTT: Publish failed
I (204485) CMD_U0: waiting for pending UART response ch=8 before next command
E (204509) MQTT: Publish failed
W (204509) TRANSPORT: No transport connected for broadcast
W (204509) MSG: Broadcast failed, falling back to MQTT
E (204510) MQTT: Publish failed
I (204511) CMD_U0: waiting for pending UART response ch=8 before next command
E (204534) MQTT: Publish failed
W (204534) TRANSPORT: No transport connected for broadcast
W (204534) MSG: Broadcast failed, falling back to MQTT
E (204535) MQTT: Publish failed
I (204538) CMD_U0: waiting for pending UART response ch=8 before next command
E (204559) MQTT: Publish failed
W (204559) TRANSPORT: No transport connected for broadcast
W (204560) MSG: Broadcast failed, falling back to MQTT
E (204560) MQTT: Publish failed
I (204563) CMD_U0: waiting for pending UART response ch=8 before next command
I (204589) CMD_U0: waiting for pending UART response ch=8 before next command
I (204615) CMD_U0: waiting for pending UART response ch=8 before next command
I (204636) CMD_U0: waiting for pending UART response ch=8 before next command
I (204658) CMD_U0: waiting for pending UART response ch=8 before next command
I (204683) CMD_U0: waiting for pending UART response ch=8 before next command
I (204709) CMD_U0: waiting for pending UART response ch=8 before next command
I (204735) CMD_U0: waiting for pending UART response ch=8 before next command
I (204761) CMD_U0: waiting for pending UART response ch=8 before next command
I (204788) CMD_U0: waiting for pending UART response ch=8 before next command
I (204808) RX_TASK: Stats: events=418 completions=426 report_drop=0 report_q_high=2
I (204808) CMD_U0: waiting for pending UART response ch=8 before next command
I (204829) CMD_U0: waiting for pending UART response ch=8 before next command
E (204848) MQTT: Publish failed
W (204848) TRANSPORT: No transport connected for broadcast
W (204848) MSG: Broadcast failed, falling back to MQTT
E (204849) MQTT: Publish failed
I (204850) CMD_U0: waiting for pending UART response ch=8 before next command
E (204868) MQTT: Publish failed
W (204868) TRANSPORT: No transport connected for broadcast
W (204868) MSG: Broadcast failed, falling back to MQTT
E (204869) MQTT: Publish failed
I (204871) CMD_U0: waiting for pending UART response ch=8 before next command
W (204882) RX_TASK: RX timeout slot1 type=1 reqID=0 (1001ms)
E (204882) MQTT: Publish failed
W (204883) TRANSPORT: No transport connected for broadcast
W (204883) MSG: Broadcast failed, falling back to MQTT
E (204883) MQTT: Publish failed
E (204895) MQTT: Publish failed
W (204895) TRANSPORT: No transport connected for broadcast
W (204895) MSG: Broadcast failed, falling back to MQTT
E (204896) MQTT: Publish failed
I (204897) CMD_U0: waiting for pending UART response ch=8 before next command
E (204919) MQTT: Publish failed
W (204919) TRANSPORT: No transport connected for broadcast
W (204919) MSG: Broadcast failed, falling back to MQTT
E (204920) MQTT: Publish failed
I (204921) CMD_U1: waiting for pending UART response ch=9 before next command
I (204923) CMD_U0: waiting for pending UART response ch=8 before next command
E (204936) MQTT: Publish failed
W (204936) TRANSPORT: No transport connected for broadcast
W (204936) MSG: Broadcast failed, falling back to MQTT
E (204936) MQTT: Publish failed
E (204946) MQTT: Publish failed
W (204946) TRANSPORT: No transport connected for broadcast
W (204946) MSG: Broadcast failed, falling back to MQTT
E (204947) MQTT: Publish failed
I (204949) CMD_U0: waiting for pending UART response ch=8 before next command
E (204970) MQTT: Publish failed
W (204970) TRANSPORT: No transport connected for broadcast
W (204970) MSG: Broadcast failed, falling back to MQTT
E (204971) MQTT: Publish failed
I (204975) CMD_U0: waiting for pending UART response ch=8 before next command
E (204995) MQTT: Publish failed
W (204995) TRANSPORT: No transport connected for broadcast
W (204995) MSG: Broadcast failed, falling back to MQTT
E (204996) MQTT: Publish failed
I (204996) CMD_U0: waiting for pending UART response ch=8 before next command
E (205016) MQTT: Publish failed
W (205016) TRANSPORT: No transport connected for broadcast
W (205016) MSG: Broadcast failed, falling back to MQTT
E (205017) MQTT: Publish failed
I (205017) CMD_U0: waiting for pending UART response ch=8 before next command
E (205036) MQTT: Publish failed
W (205036) TRANSPORT: No transport connected for broadcast
W (205036) MSG: Broadcast failed, falling back to MQTT
E (205037) MQTT: Publish failed
I (205038) CMD_U0: waiting for pending UART response ch=8 before next command
E (205061) MQTT: Publish failed
W (205061) TRANSPORT: No transport connected for broadcast
W (205061) MSG: Broadcast failed, falling back to MQTT
E (205062) MQTT: Publish failed
I (205064) CMD_U0: waiting for pending UART response ch=8 before next command
E (205087) MQTT: Publish failed
W (205087) TRANSPORT: No transport connected for broadcast
W (205087) MSG: Broadcast failed, falling back to MQTT
E (205088) MQTT: Publish failed
I (205090) CMD_U0: waiting for pending UART response ch=8 before next command
E (205112) MQTT: Publish failed
W (205112) TRANSPORT: No transport connected for broadcast
W (205112) MSG: Broadcast failed, falling back to MQTT
E (205113) MQTT: Publish failed
I (205116) CMD_U0: waiting for pending UART response ch=8 before next command
E (205137) MQTT: Publish failed
W (205137) TRANSPORT: No transport connected for broadcast
W (205137) MSG: Broadcast failed, falling back to MQTT
E (205138) MQTT: Publish failed
I (205142) CMD_U0: waiting for pending UART response ch=8 before next command
E (205163) MQTT: Publish failed
W (205163) TRANSPORT: No transport connected for broadcast
W (205163) MSG: Broadcast failed, falling back to MQTT
E (205164) MQTT: Publish failed
I (205168) CMD_U0: waiting for pending UART response ch=8 before next command
E (205188) MQTT: Publish failed
W (205188) TRANSPORT: No transport connected for broadcast
W (205188) MSG: Broadcast failed, falling back to MQTT
E (205189) MQTT: Publish failed
I (205189) CMD_U0: waiting for pending UART response ch=8 before next command
E (205208) MQTT: Publish failed
W (205208) TRANSPORT: No transport connected for broadcast
W (205208) MSG: Broadcast failed, falling back to MQTT
E (205209) MQTT: Publish failed
I (205210) CMD_U0: waiting for pending UART response ch=8 before next command
E (205233) MQTT: Publish failed
W (205233) TRANSPORT: No transport connected for broadcast
W (205233) MSG: Broadcast failed, falling back to MQTT
E (205234) MQTT: Publish failed
I (205236) CMD_U0: waiting for pending UART response ch=8 before next command
E (205259) MQTT: Publish failed
W (205259) TRANSPORT: No transport connected for broadcast
W (205259) MSG: Broadcast failed, falling back to MQTT
E (205260) MQTT: Publish failed
I (205262) CMD_U0: waiting for pending UART response ch=8 before next command
E (205284) MQTT: Publish failed
W (205284) TRANSPORT: No transport connected for broadcast
W (205284) MSG: Broadcast failed, falling back to MQTT
E (205285) MQTT: Publish failed
I (205288) CMD_U0: waiting for pending UART response ch=8 before next command
E (205310) MQTT: Publish failed
W (205310) TRANSPORT: No transport connected for broadcast
W (205310) MSG: Broadcast failed, falling back to MQTT
E (205311) MQTT: Publish failed
I (205314) CMD_U0: waiting for pending UART response ch=8 before next command
I (205335) CMD_U0: waiting for pending UART response ch=8 before next command
E (205335) MQTT: Publish failed
W (205335) TRANSPORT: No transport connected for broadcast
W (205336) MSG: Broadcast failed, falling back to MQTT
E (205336) MQTT: Publish failed
E (205356) MQTT: Publish failed
W (205356) TRANSPORT: No transport connected for broadcast
W (205356) MSG: Broadcast failed, falling back to MQTT
E (205357) MQTT: Publish failed
I (205360) CMD_U0: waiting for pending UART response ch=8 before next command
E (205381) MQTT: Publish failed
W (205381) TRANSPORT: No transport connected for broadcast
W (205381) MSG: Broadcast failed, falling back to MQTT
E (205382) MQTT: Publish failed
I (205386) CMD_U0: waiting for pending UART response ch=8 before next command
E (205406) MQTT: Publish failed
W (205406) TRANSPORT: No transport connected for broadcast
W (205406) MSG: Broadcast failed, falling back to MQTT
E (205407) MQTT: Publish failed
I (205407) CMD_U0: waiting for pending UART response ch=8 before next command
E (205426) MQTT: Publish failed
W (205426) TRANSPORT: No transport connected for broadcast
W (205426) MSG: Broadcast failed, falling back to MQTT
E (205427) MQTT: Publish failed
I (205428) CMD_U0: waiting for pending UART response ch=8 before next command
E (205452) MQTT: Publish failed
W (205452) TRANSPORT: No transport connected for broadcast
W (205452) MSG: Broadcast failed, falling back to MQTT
E (205453) MQTT: Publish failed
I (205454) CMD_U0: waiting for pending UART response ch=8 before next command
E (205477) MQTT: Publish failed
W (205477) TRANSPORT: No transport connected for broadcast
W (205477) MSG: Broadcast failed, falling back to MQTT
E (205478) MQTT: Publish failed
I (205480) CMD_U0: waiting for pending UART response ch=8 before next command
E (205502) MQTT: Publish failed
W (205502) TRANSPORT: No transport connected for broadcast
W (205502) MSG: Broadcast failed, falling back to MQTT
E (205503) MQTT: Publish failed
I (205506) CMD_U0: waiting for pending UART response ch=8 before next command
E (205528) MQTT: Publish failed
W (205528) TRANSPORT: No transport connected for broadcast
W (205528) MSG: Broadcast failed, falling back to MQTT
E (205529) MQTT: Publish failed
I (205532) CMD_U0: waiting for pending UART response ch=8 before next command
E (205553) MQTT: Publish failed
W (205553) TRANSPORT: No transport connected for broadcast
W (205553) MSG: Broadcast failed, falling back to MQTT
E (205554) MQTT: Publish failed
I (205558) CMD_U0: waiting for pending UART response ch=8 before next command
E (205578) MQTT: Publish failed
W (205578) TRANSPORT: No transport connected for broadcast
W (205578) MSG: Broadcast failed, falling back to MQTT
E (205579) MQTT: Publish failed
I (205579) CMD_U0: waiting for pending UART response ch=8 before next command
E (205599) MQTT: Publish failed
W (205599) TRANSPORT: No transport connected for broadcast
W (205599) MSG: Broadcast failed, falling back to MQTT
E (205600) MQTT: Publish failed
I (205600) CMD_U0: waiting for pending UART response ch=8 before next command
E (205619) MQTT: Publish failed
W (205619) TRANSPORT: No transport connected for broadcast
W (205619) MSG: Broadcast failed, falling back to MQTT
E (205620) MQTT: Publish failed
I (205621) CMD_U0: waiting for pending UART response ch=8 before next command
E (205644) MQTT: Publish failed
W (205644) TRANSPORT: No transport connected for broadcast
W (205644) MSG: Broadcast failed, falling back to MQTT
E (205645) MQTT: Publish failed
I (205647) CMD_U0: waiting for pending UART response ch=8 before next command
E (205670) MQTT: Publish failed
W (205670) TRANSPORT: No transport connected for broadcast
W (205671) MSG: Broadcast failed, falling back to MQTT
E (205671) MQTT: Publish failed
I (205673) CMD_U0: waiting for pending UART response ch=8 before next command
I (205699) CMD_U0: waiting for pending UART response ch=8 before next command
I (205720) CMD_U0: waiting for pending UART response ch=8 before next command
I (205745) CMD_U0: waiting for pending UART response ch=8 before next command
I (205767) CMD_U0: waiting for pending UART response ch=8 before next command
I (205787) CMD_U0: waiting for pending UART response ch=8 before next command
I (205813) CMD_U0: waiting for pending UART response ch=8 before next command
I (205834) CMD_U0: waiting for pending UART response ch=8 before next command
I (205861) CMD_U0: waiting for pending UART response ch=8 before next command
I (205887) CMD_U0: waiting for pending UART response ch=8 before next command
W (205905) RX_TASK: RX timeout slot1 type=1 reqID=0 (1001ms)
I (205909) CMD_U0: waiting for pending UART response ch=8 before next command
I (205929) CMD_U0: waiting for pending UART response ch=8 before next command
I (205944) CMD_U1: waiting for pending UART response ch=9 before next command
I (205950) CMD_U0: waiting for pending UART response ch=8 before next command
I (205971) CMD_U0: waiting for pending UART response ch=8 before next command
I (205998) CMD_U0: waiting for pending UART response ch=8 before next command
I (206023) CMD_U0: waiting for pending UART response ch=8 before next command
I (206049) CMD_U0: waiting for pending UART response ch=8 before next command
I (206075) CMD_U0: waiting for pending UART response ch=8 before next command
I (206096) CMD_U0: waiting for pending UART response ch=8 before next command
I (206117) CMD_U0: waiting for pending UART response ch=8 before next command
I (206138) CMD_U0: Stats: txn=418 err=0 (100%) no_ctx=0
I (206139) CMD_U0: waiting for pending UART response ch=8 before next command
I (206164) CMD_U0: waiting for pending UART response ch=8 before next command
I (206190) CMD_U0: waiting for pending UART response ch=8 before next command
I (206216) CMD_U0: waiting for pending UART response ch=8 before next command
I (206237) CMD_U0: waiting for pending UART response ch=8 before next command
I (206262) CMD_U0: waiting for pending UART response ch=8 before next command
I (206289) CMD_U0: waiting for pending UART response ch=8 before next command
I (206309) CMD_U0: waiting for pending UART response ch=8 before next command
I (206330) CMD_U0: waiting for pending UART response ch=8 before next command
I (206351) CMD_U0: waiting for pending UART response ch=8 before next command
I (206377) CMD_U0: waiting for pending UART response ch=8 before next command
I (206403) CMD_U0: waiting for pending UART response ch=8 before next command
I (206429) CMD_U0: waiting for pending UART response ch=8 before next command
I (206450) CMD_U0: waiting for pending UART response ch=8 before next command
E (206471) MQTT: Publish failed
W (206471) TRANSPORT: No transport connected for broadcast
W (206471) MSG: Broadcast failed, falling back to MQTT
E (206472) MQTT: Publish failed
I (206475) CMD_U0: waiting for pending UART response ch=8 before next command
E (206496) MQTT: Publish failed
W (206496) TRANSPORT: No transport connected for broadcast
W (206496) MSG: Broadcast failed, falling back to MQTT
E (206497) MQTT: Publish failed
I (206501) CMD_U0: waiting for pending UART response ch=8 before next command
E (206521) MQTT: Publish failed
W (206521) TRANSPORT: No transport connected for broadcast
W (206521) MSG: Broadcast failed, falling back to MQTT
E (206522) MQTT: Publish failed
I (206522) CMD_U0: waiting for pending UART response ch=8 before next command
E (206542) MQTT: Publish failed
W (206542) TRANSPORT: No transport connected for broadcast
W (206542) MSG: Broadcast failed, falling back to MQTT
E (206543) MQTT: Publish failed
I (206543) CMD_U0: waiting for pending UART response ch=8 before next command
E (206562) MQTT: Publish failed
W (206562) TRANSPORT: No transport connected for broadcast
W (206562) MSG: Broadcast failed, falling back to MQTT
E (206563) MQTT: Publish failed
I (206564) CMD_U0: waiting for pending UART response ch=8 before next command
E (206587) MQTT: Publish failed
W (206587) TRANSPORT: No transport connected for broadcast
W (206587) MSG: Broadcast failed, falling back to MQTT
E (206588) MQTT: Publish failed
I (206590) CMD_U0: waiting for pending UART response ch=8 before next command
E (206612) MQTT: Publish failed
W (206612) TRANSPORT: No transport connected for broadcast
W (206612) MSG: Broadcast failed, falling back to MQTT
E (206613) MQTT: Publish failed
I (206616) CMD_U0: waiting for pending UART response ch=8 before next command
E (206638) MQTT: Publish failed
W (206638) TRANSPORT: No transport connected for broadcast
W (206638) MSG: Broadcast failed, falling back to MQTT
E (206639) MQTT: Publish failed
I (206642) CMD_U0: waiting for pending UART response ch=8 before next command
E (206663) MQTT: Publish failed
W (206663) TRANSPORT: No transport connected for broadcast
W (206663) MSG: Broadcast failed, falling back to MQTT
E (206664) MQTT: Publish failed
I (206668) CMD_U0: waiting for pending UART response ch=8 before next command
E (206688) MQTT: Publish failed
W (206688) TRANSPORT: No transport connected for broadcast
W (206688) MSG: Broadcast failed, falling back to MQTT
E (206689) MQTT: Publish failed
I (206689) CMD_U0: waiting for pending UART response ch=8 before next command
E (206709) MQTT: Publish failed
W (206709) TRANSPORT: No transport connected for broadcast
W (206709) MSG: Broadcast failed, falling back to MQTT
E (206710) MQTT: Publish failed
I (206710) CMD_U0: waiting for pending UART response ch=8 before next command
E (206729) MQTT: Publish failed
W (206729) TRANSPORT: No transport connected for broadcast
W (206729) MSG: Broadcast failed, falling back to MQTT
E (206730) MQTT: Publish failed
I (206731) CMD_U0: waiting for pending UART response ch=8 before next command
E (206754) MQTT: Publish failed
W (206754) TRANSPORT: No transport connected for broadcast
W (206754) MSG: Broadcast failed, falling back to MQTT
E (206755) MQTT: Publish failed
I (206757) CMD_U0: waiting for pending UART response ch=8 before next command
E (206780) MQTT: Publish failed
W (206780) TRANSPORT: No transport connected for broadcast
W (206780) MSG: Broadcast failed, falling back to MQTT
E (206781) MQTT: Publish failed
I (206783) CMD_U0: waiting for pending UART response ch=8 before next command
E (206805) MQTT: Publish failed
W (206805) TRANSPORT: No transport connected for broadcast
W (206805) MSG: Broadcast failed, falling back to MQTT
E (206806) MQTT: Publish failed
E (206809) MQTT: Publish failed
I (206809) CMD_U0: waiting for pending UART response ch=8 before next command
W (206809) TRANSPORT: No transport connected for broadcast
W (206810) MSG: Broadcast failed, falling back to MQTT
E (206810) MQTT: Publish failed
E (206830) MQTT: Publish failed
W (206830) TRANSPORT: No transport connected for broadcast
W (206830) MSG: Broadcast failed, falling back to MQTT
E (206831) MQTT: Publish failed
I (206835) CMD_U0: waiting for pending UART response ch=8 before next command
E (206856) MQTT: Publish failed
W (206856) TRANSPORT: No transport connected for broadcast
W (206856) MSG: Broadcast failed, falling back to MQTT
E (206857) MQTT: Publish failed
I (206861) CMD_U0: waiting for pending UART response ch=8 before next command
E (206881) MQTT: Publish failed
W (206881) TRANSPORT: No transport connected for broadcast
W (206881) MSG: Broadcast failed, falling back to MQTT
E (206882) MQTT: Publish failed
I (206882) CMD_U0: waiting for pending UART response ch=8 before next command
E (206901) MQTT: Publish failed
W (206901) TRANSPORT: No transport connected for broadcast
W (206901) MSG: Broadcast failed, falling back to MQTT
E (206902) MQTT: Publish failed
I (206903) CMD_U0: waiting for pending UART response ch=8 before next command
E (206926) MQTT: Publish failed
W (206926) TRANSPORT: No transport connected for broadcast
W (206926) MSG: Broadcast failed, falling back to MQTT
E (206927) MQTT: Publish failed
W (206928) RX_TASK: RX timeout slot1 type=1 reqID=0 (1001ms)
E (206928) MQTT: Publish failed
W (206928) TRANSPORT: No transport connected for broadcast
W (206929) MSG: Broadcast failed, falling back to MQTT
E (206929) MQTT: Publish failed
I (206929) CMD_U0: waiting for pending UART response ch=8 before next command
E (206950) MQTT: Publish failed
W (206950) TRANSPORT: No transport connected for broadcast
W (206951) MSG: Broadcast failed, falling back to MQTT
E (206951) MQTT: Publish failed
E (206952) MQTT: Publish failed
W (206952) TRANSPORT: No transport connected for broadcast
W (206952) MSG: Broadcast failed, falling back to MQTT
E (206953) MQTT: Publish failed
I (206955) CMD_U0: waiting for pending UART response ch=8 before next command
I (206967) CMD_U1: Stats: txn=10 err=0 (100%) no_ctx=0
I (206967) CMD_U1: waiting for pending UART response ch=9 before next command
E (206977) MQTT: Publish failed
W (206977) TRANSPORT: No transport connected for broadcast
W (206977) MSG: Broadcast failed, falling back to MQTT
E (206978) MQTT: Publish failed
I (206981) CMD_U0: waiting for pending UART response ch=8 before next command
E (207002) MQTT: Publish failed
W (207002) TRANSPORT: No transport connected for broadcast
W (207002) MSG: Broadcast failed, falling back to MQTT
E (207003) MQTT: Publish failed
I (207007) CMD_U0: waiting for pending UART response ch=8 before next command
E (207028) MQTT: Publish failed
W (207028) TRANSPORT: No transport connected for broadcast
W (207028) MSG: Broadcast failed, falling back to MQTT
E (207029) MQTT: Publish failed
I (207033) CMD_U0: waiting for pending UART response ch=8 before next command
I (207055) CMD_U0: waiting for pending UART response ch=8 before next command
I (207081) CMD_U0: waiting for pending UART response ch=8 before next command
I (207107) CMD_U0: waiting for pending UART response ch=8 before next command
I (207127) CMD_U0: waiting for pending UART response ch=8 before next command
I (207148) CMD_U0: waiting for pending UART response ch=8 before next command
I (207174) CMD_U0: waiting for pending UART response ch=8 before next command
I (207200) CMD_U0: waiting for pending UART response ch=8 before next command
I (207226) CMD_U0: waiting for pending UART response ch=8 before next command
I (207252) CMD_U0: waiting for pending UART response ch=8 before next command
E (207275) MQTT: Publish failed
W (207275) TRANSPORT: No transport connected for broadcast
W (207275) MSG: Broadcast failed, falling back to MQTT
E (207276) MQTT: Publish failed
I (207278) CMD_U0: waiting for pending UART response ch=8 before next command
E (207301) MQTT: Publish failed
W (207301) TRANSPORT: No transport connected for broadcast
W (207301) MSG: Broadcast failed, falling back to MQTT
E (207302) MQTT: Publish failed
I (207304) CMD_U0: waiting for pending UART response ch=8 before next command
E (207327) MQTT: Publish failed
W (207327) TRANSPORT: No transport connected for broadcast
W (207327) MSG: Broadcast failed, falling back to MQTT
E (207328) MQTT: Publish failed
I (207330) CMD_U0: waiting for pending UART response ch=8 before next command
E (207352) MQTT: Publish failed
W (207352) TRANSPORT: No transport connected for broadcast
W (207352) MSG: Broadcast failed, falling back to MQTT
E (207353) MQTT: Publish failed
I (207356) CMD_U0: waiting for pending UART response ch=8 before next command
E (207377) MQTT: Publish failed
W (207377) TRANSPORT: No transport connected for broadcast
W (207377) MSG: Broadcast failed, falling back to MQTT
E (207378) MQTT: Publish failed
I (207382) CMD_U0: waiting for pending UART response ch=8 before next command
E (207403) MQTT: Publish failed
W (207403) TRANSPORT: No transport connected for broadcast
W (207403) MSG: Broadcast failed, falling back to MQTT
E (207404) MQTT: Publish failed
I (207408) CMD_U0: waiting for pending UART response ch=8 before next command
E (207428) MQTT: Publish failed
W (207428) TRANSPORT: No transport connected for broadcast
W (207428) MSG: Broadcast failed, falling back to MQTT
E (207429) MQTT: Publish failed
I (207429) CMD_U0: waiting for pending UART response ch=8 before next command
E (207448) MQTT: Publish failed
W (207448) TRANSPORT: No transport connected for broadcast
W (207448) MSG: Broadcast failed, falling back to MQTT
E (207449) MQTT: Publish failed
I (207450) CMD_U0: waiting for pending UART response ch=8 before next command
E (207474) MQTT: Publish failed
W (207474) TRANSPORT: No transport connected for broadcast
W (207474) MSG: Broadcast failed, falling back to MQTT
E (207475) MQTT: Publish failed
I (207476) CMD_U0: waiting for pending UART response ch=8 before next command
E (207499) MQTT: Publish failed
W (207499) TRANSPORT: No transport connected for broadcast
W (207499) MSG: Broadcast failed, falling back to MQTT
E (207500) MQTT: Publish failed
I (207502) CMD_U0: waiting for pending UART response ch=8 before next command
E (207524) MQTT: Publish failed
W (207524) TRANSPORT: No transport connected for broadcast
W (207524) MSG: Broadcast failed, falling back to MQTT
E (207525) MQTT: Publish failed
I (207528) CMD_U0: waiting for pending UART response ch=8 before next command
E (207550) MQTT: Publish failed
W (207550) TRANSPORT: No transport connected for broadcast
W (207550) MSG: Broadcast failed, falling back to MQTT
E (207551) MQTT: Publish failed
I (207554) CMD_U0: waiting for pending UART response ch=8 before next command
E (207575) MQTT: Publish failed
W (207575) TRANSPORT: No transport connected for broadcast
W (207575) MSG: Broadcast failed, falling back to MQTT
E (207576) MQTT: Publish failed
I (207580) CMD_U0: waiting for pending UART response ch=8 before next command
E (207600) MQTT: Publish failed
W (207600) TRANSPORT: No transport connected for broadcast
W (207600) MSG: Broadcast failed, falling back to MQTT
E (207601) MQTT: Publish failed
I (207601) CMD_U0: waiting for pending UART response ch=8 before next command
E (207620) MQTT: Publish failed
W (207620) TRANSPORT: No transport connected for broadcast
W (207620) MSG: Broadcast failed, falling back to MQTT
E (207621) MQTT: Publish failed
I (207622) CMD_U0: waiting for pending UART response ch=8 before next command
E (207641) MQTT: Publish failed
W (207641) TRANSPORT: No transport connected for broadcast
W (207641) MSG: Broadcast failed, falling back to MQTT
E (207642) MQTT: Publish failed
I (207643) CMD_U0: waiting for pending UART response ch=8 before next command
E (207666) MQTT: Publish failed
W (207666) TRANSPORT: No transport connected for broadcast
W (207666) MSG: Broadcast failed, falling back to MQTT
E (207667) MQTT: Publish failed
I (207669) CMD_U0: waiting for pending UART response ch=8 before next command
E (207691) MQTT: Publish failed
W (207691) TRANSPORT: No transport connected for broadcast
W (207691) MSG: Broadcast failed, falling back to MQTT
E (207692) MQTT: Publish failed
I (207695) CMD_U0: waiting for pending UART response ch=8 before next command
E (207717) MQTT: Publish failed
W (207717) TRANSPORT: No transport connected for broadcast
W (207717) MSG: Broadcast failed, falling back to MQTT
E (207718) MQTT: Publish failed
I (207721) CMD_U0: waiting for pending UART response ch=8 before next command
I (207742) CMD_U0: waiting for pending UART response ch=8 before next command
E (207742) MQTT: Publish failed
W (207743) TRANSPORT: No transport connected for broadcast
W (207743) MSG: Broadcast failed, falling back to MQTT
E (207743) MQTT: Publish failed
E (207762) MQTT: Publish failed
W (207762) TRANSPORT: No transport connected for broadcast
W (207762) MSG: Broadcast failed, falling back to MQTT
E (207763) MQTT: Publish failed
I (207763) CMD_U0: waiting for pending UART response ch=8 before next command
E (207783) MQTT: Publish failed
W (207783) TRANSPORT: No transport connected for broadcast
W (207783) MSG: Broadcast failed, falling back to MQTT
E (207784) MQTT: Publish failed
I (207784) CMD_U0: waiting for pending UART response ch=8 before next command
E (207803) MQTT: Publish failed
W (207803) TRANSPORT: No transport connected for broadcast
W (207803) MSG: Broadcast failed, falling back to MQTT
E (207804) MQTT: Publish failed
I (207805) CMD_U0: waiting for pending UART response ch=8 before next command
E (207809) MQTT: Publish failed
W (207809) TRANSPORT: No transport connected for broadcast
W (207809) MSG: Broadcast failed, falling back to MQTT
E (207809) MQTT: Publish failed
E (207828) MQTT: Publish failed
W (207828) TRANSPORT: No transport connected for broadcast
W (207828) MSG: Broadcast failed, falling back to MQTT
E (207829) MQTT: Publish failed
I (207832) CMD_U0: waiting for pending UART response ch=8 before next command
E (207854) MQTT: Publish failed
W (207854) TRANSPORT: No transport connected for broadcast
W (207854) MSG: Broadcast failed, falling back to MQTT
E (207855) MQTT: Publish failed
I (207857) CMD_U0: waiting for pending UART response ch=8 before next command
E (207879) MQTT: Publish failed
W (207879) TRANSPORT: No transport connected for broadcast
W (207879) MSG: Broadcast failed, falling back to MQTT
E (207880) MQTT: Publish failed
I (207883) CMD_U0: waiting for pending UART response ch=8 before next command
E (207904) MQTT: Publish failed
W (207904) TRANSPORT: No transport connected for broadcast
W (207904) MSG: Broadcast failed, falling back to MQTT
E (207905) MQTT: Publish failed
I (207909) CMD_U0: waiting for pending UART response ch=8 before next command
I (207930) CMD_U0: waiting for pending UART response ch=8 before next command
E (207930) MQTT: Publish failed
W (207931) TRANSPORT: No transport connected for broadcast
W (207931) MSG: Broadcast failed, falling back to MQTT
E (207931) MQTT: Publish failed
E (207950) MQTT: Publish failed
W (207950) TRANSPORT: No transport connected for broadcast
W (207950) MSG: Broadcast failed, falling back to MQTT
E (207951) MQTT: Publish failed
W (207951) RX_TASK: RX timeout slot1 type=1 reqID=0 (1001ms)
I (207952) CMD_U0: waiting for pending UART response ch=8 before next command
E (207952) MQTT: Publish failed
W (207953) TRANSPORT: No transport connected for broadcast
W (207953) MSG: Broadcast failed, falling back to MQTT
E (207953) MQTT: Publish failed
E (207954) MQTT: Publish failed
W (207954) TRANSPORT: No transport connected for broadcast
W (207954) MSG: Broadcast failed, falling back to MQTT
E (207955) MQTT: Publish failed
E (207975) MQTT: Publish failed
W (207975) TRANSPORT: No transport connected for broadcast
W (207975) MSG: Broadcast failed, falling back to MQTT
E (207976) MQTT: Publish failed
I (207977) CMD_U0: waiting for pending UART response ch=8 before next command
I (207990) CMD_U1: waiting for pending UART response ch=9 before next command
E (208001) MQTT: Publish failed
W (208001) TRANSPORT: No transport connected for broadcast
W (208001) MSG: Broadcast failed, falling back to MQTT
E (208002) MQTT: Publish failed
I (208003) CMD_U0: waiting for pending UART response ch=8 before next command
E (208026) MQTT: Publish failed
W (208026) TRANSPORT: No transport connected for broadcast
W (208026) MSG: Broadcast failed, falling back to MQTT
E (208027) MQTT: Publish failed
I (208029) CMD_U0: waiting for pending UART response ch=8 before next command
E (208051) MQTT: Publish failed
W (208051) TRANSPORT: No transport connected for broadcast
W (208051) MSG: Broadcast failed, falling back to MQTT
E (208052) MQTT: Publish failed
I (208055) CMD_U0: waiting for pending UART response ch=8 before next command
E (208077) MQTT: Publish failed
W (208077) TRANSPORT: No transport connected for broadcast
W (208077) MSG: Broadcast failed, falling back to MQTT
E (208078) MQTT: Publish failed
I (208081) CMD_U0: waiting for pending UART response ch=8 before next command
I (208102) CMD_U0: waiting for pending UART response ch=8 before next command
E (208102) MQTT: Publish failed
W (208102) TRANSPORT: No transport connected for broadcast
W (208103) MSG: Broadcast failed, falling back to MQTT
E (208103) MQTT: Publish failed
E (208122) MQTT: Publish failedI (208123) CMD_U0: waiting for pending UART response ch=8 before next command

W (208123) TRANSPORT: No transport connected for broadcast
W (208124) MSG: Broadcast failed, falling back to MQTT
E (208124) MQTT: Publish failed
I (208143) CMD_U0: waiting for pending UART response ch=8 before next command
I (208164) CMD_U0: waiting for pending UART response ch=8 before next command
I (208185) CMD_U0: waiting for pending UART response ch=8 before next command
I (208211) CMD_U0: waiting for pending UART response ch=8 before next command
I (208237) CMD_U0: waiting for pending UART response ch=8 before next command
I (208263) CMD_U0: waiting for pending UART response ch=8 before next command
I (208285) CMD_U0: waiting for pending UART response ch=8 before next command
I (208305) CMD_U0: waiting for pending UART response ch=8 before next command
I (208325) CMD_U0: waiting for pending UART response ch=8 before next command
I (208345) CMD_U0: waiting for pending UART response ch=8 before next command
I (208366) CMD_U0: waiting for pending UART response ch=8 before next command
I (208387) CMD_U0: waiting for pending UART response ch=8 before next command
I (208409) CMD_U0: waiting for pending UART response ch=8 before next command
I (208434) CMD_U0: waiting for pending UART response ch=8 before next command
I (208460) CMD_U0: waiting for pending UART response ch=8 before next command
I (208487) CMD_U0: waiting for pending UART response ch=8 before next command
I (208512) CMD_U0: waiting for pending UART response ch=8 before next command
I (208539) CMD_U0: waiting for pending UART response ch=8 before next command
I (208564) CMD_U0: waiting for pending UART response ch=8 before next command
I (208590) CMD_U0: waiting for pending UART response ch=8 before next command
I (208616) CMD_U0: waiting for pending UART response ch=8 before next command
I (208643) CMD_U0: waiting for pending UART response ch=8 before next command
I (208668) CMD_U0: waiting for pending UART response ch=8 before next command
I (208694) CMD_U0: waiting for pending UART response ch=8 before next command
I (208720) CMD_U0: waiting for pending UART response ch=8 before next command
I (208746) CMD_U0: waiting for pending UART response ch=8 before next command
I (208768) CMD_U0: waiting for pending UART response ch=8 before next command
I (208789) CMD_U0: waiting for pending UART response ch=8 before next command
I (208814) CMD_U0: waiting for pending UART response ch=8 before next command
I (208835) CMD_U0: waiting for pending UART response ch=8 before next command
I (208861) CMD_U0: waiting for pending UART response ch=8 before next command
I (208887) CMD_U0: waiting for pending UART response ch=8 before next command
I (208913) CMD_U0: waiting for pending UART response ch=8 before next command
I (208939) CMD_U0: waiting for pending UART response ch=8 before next command
I (208960) CMD_U0: waiting for pending UART response ch=8 before next command
W (208974) RX_TASK: RX timeout slot1 type=1 reqID=0 (1001ms)
I (208981) CMD_U0: waiting for pending UART response ch=8 before next command
I (209002) CMD_U0: waiting for pending UART response ch=8 before next command
I (209013) CMD_U1: waiting for pending UART response ch=9 before next command
I (209028) CMD_U0: waiting for pending UART response ch=8 before next command
I (209054) CMD_U0: waiting for pending UART response ch=8 before next command
I (209080) CMD_U0: waiting for pending UART response ch=8 before next command
I (209101) CMD_U0: waiting for pending UART response ch=8 before next command
I (209126) CMD_U0: waiting for pending UART response ch=8 before next command
I (209147) CMD_U0: waiting for pending UART response ch=8 before next command
I (209172) CMD_U0: waiting for pending UART response ch=8 before next command
I (209198) CMD_U0: waiting for pending UART response ch=8 before next command
I (209219) CMD_U0: waiting for pending UART response ch=8 before next command
I (209240) CMD_U0: waiting for pending UART response ch=8 before next command
I (209266) CMD_U0: waiting for pending UART response ch=8 before next command
I (209292) CMD_U0: waiting for pending UART response ch=8 before next command
I (209318) CMD_U0: waiting for pending UART response ch=8 before next command
I (209344) CMD_U0: waiting for pending UART response ch=8 before next command
I (209370) CMD_U0: waiting for pending UART response ch=8 before next command
I (209391) CMD_U0: waiting for pending UART response ch=8 before next command
I (209412) CMD_U0: waiting for pending UART response ch=8 before next command
I (209433) CMD_U0: waiting for pending UART response ch=8 before next command
I (209459) CMD_U0: waiting for pending UART response ch=8 before next command
I (209485) CMD_U0: waiting for pending UART response ch=8 before next command
I (209511) CMD_U0: waiting for pending UART response ch=8 before next command
I (209537) CMD_U0: waiting for pending UART response ch=8 before next command
I (209558) CMD_U0: waiting for pending UART response ch=8 before next command
E (209578) MQTT: Publish failed
W (209578) TRANSPORT: No transport connected for broadcast
W (209578) MSG: Broadcast failed, falling back to MQTT
E (209579) MQTT: Publish failed
I (209579) CMD_U0: waiting for pending UART response ch=8 before next command
E (209598) MQTT: Publish failed
W (209598) TRANSPORT: No transport connected for broadcast
W (209598) MSG: Broadcast failed, falling back to MQTT
E (209599) MQTT: Publish failed
I (209600) CMD_U0: waiting for pending UART response ch=8 before next command
E (209623) MQTT: Publish failed
W (209623) TRANSPORT: No transport connected for broadcast
W (209623) MSG: Broadcast failed, falling back to MQTT
E (209624) MQTT: Publish failed
I (209626) CMD_U0: waiting for pending UART response ch=8 before next command
E (209649) MQTT: Publish failed
W (209649) TRANSPORT: No transport connected for broadcast
W (209649) MSG: Broadcast failed, falling back to MQTT
E (209650) MQTT: Publish failed
I (209652) CMD_U0: waiting for pending UART response ch=8 before next command
E (209674) MQTT: Publish failed
W (209674) TRANSPORT: No transport connected for broadcast
W (209675) MSG: Broadcast failed, falling back to MQTT
E (209675) MQTT: Publish failed
I (209678) CMD_U0: waiting for pending UART response ch=8 before next command
I (209699) CMD_U0: waiting for pending UART response ch=8 before next command
E (209699) MQTT: Publish failed
W (209699) TRANSPORT: No transport connected for broadcast
W (209700) MSG: Broadcast failed, falling back to MQTT
E (209700) MQTT: Publish failed
E (209720) MQTT: Publish failed
W (209720) TRANSPORT: No transport connected for broadcast
W (209720) MSG: Broadcast failed, falling back to MQTT
E (209721) MQTT: Publish failed
I (209724) CMD_U0: waiting for pending UART response ch=8 before next command
E (209745) MQTT: Publish failed
W (209745) TRANSPORT: No transport connected for broadcast
W (209745) MSG: Broadcast failed, falling back to MQTT
E (209746) MQTT: Publish failed
I (209750) CMD_U0: waiting for pending UART response ch=8 before next command
E (209770) MQTT: Publish failed
W (209770) TRANSPORT: No transport connected for broadcast
W (209771) MSG: Broadcast failed, falling back to MQTT
I (209771) CMD_U0: waiting for pending UART response ch=8 before next command
E (209772) MQTT: Publish failed
I (209798) CMD_U0: waiting for pending UART response ch=8 before next command
I (209823) CMD_U0: waiting for pending UART response ch=8 before next command
E (209846) MQTT: Publish failed
W (209846) TRANSPORT: No transport connected for broadcast
W (209846) MSG: Broadcast failed, falling back to MQTT
E (209847) MQTT: Publish failed
I (209849) CMD_U0: waiting for pending UART response ch=8 before next command
E (209871) MQTT: Publish failed
W (209871) TRANSPORT: No transport connected for broadcast
W (209871) MSG: Broadcast failed, falling back to MQTT
E (209872) MQTT: Publish failed
I (209875) CMD_U0: waiting for pending UART response ch=8 before next command
E (209897) MQTT: Publish failed
W (209897) TRANSPORT: No transport connected for broadcast
W (209897) MSG: Broadcast failed, falling back to MQTT
E (209898) MQTT: Publish failed
I (209901) CMD_U0: waiting for pending UART response ch=8 before next command
I (209922) CMD_U0: waiting for pending UART response ch=8 before next command
E (209922) MQTT: Publish failed
W (209922) TRANSPORT: No transport connected for broadcast
W (209923) MSG: Broadcast failed, falling back to MQTT
E (209923) MQTT: Publish failed
E (209942) MQTT: Publish failed
W (209942) TRANSPORT: No transport connected for broadcast
W (209942) MSG: Broadcast failed, falling back to MQTT
E (209943) MQTT: Publish failed
I (209947) CMD_U0: waiting for pending UART response ch=8 before next command
E (209959) MQTT: Publish failed
W (209960) TRANSPORT: No transport connected for broadcast
W (209960) MSG: Broadcast failed, falling back to MQTT
E (209960) MQTT: Publish failed
E (209968) MQTT: Publish failed
W (209968) TRANSPORT: No transport connected for broadcast
W (209968) MSG: Broadcast failed, falling back to MQTT
E (209969) MQTT: Publish failed
I (209973) CMD_U0: waiting for pending UART response ch=8 before next command
E (209993) MQTT: Publish failed
W (209993) TRANSPORT: No transport connected for broadcast
W (209993) MSG: Broadcast failed, falling back to MQTT
E (209994) MQTT: Publish failed
I (209995) CMD_U0: waiting for pending UART response ch=8 before next command
W (209997) RX_TASK: RX timeout slot1 type=1 reqID=0 (1001ms)
E (209997) MQTT: Publish failed
W (209997) TRANSPORT: No transport connected for broadcast
W (209998) MSG: Broadcast failed, falling back to MQTT
E (209998) MQTT: Publish failed
E (210018) MQTT: Publish failed
W (210018) TRANSPORT: No transport connected for broadcast
W (210018) MSG: Broadcast failed, falling back to MQTT
E (210019) MQTT: Publish failed
I (210021) CMD_U0: waiting for pending UART response ch=8 before next command
I (210036) CMD_U1: waiting for pending UART response ch=9 before next command
E (210044) MQTT: Publish failed
W (210044) TRANSPORT: No transport connected for broadcast
W (210044) MSG: Broadcast failed, falling back to MQTT
E (210045) MQTT: Publish failed
I (210047) CMD_U0: waiting for pending UART response ch=8 before next command
E (210069) MQTT: Publish failed
W (210069) TRANSPORT: No transport connected for broadcast
W (210069) MSG: Broadcast failed, falling back to MQTT
E (210070) MQTT: Publish failed
I (210073) CMD_U0: waiting for pending UART response ch=8 before next command
E (210094) MQTT: Publish failed
W (210094) TRANSPORT: No transport connected for broadcast
W (210094) MSG: Broadcast failed, falling back to MQTT
E (210095) MQTT: Publish failed
I (210099) CMD_U0: waiting for pending UART response ch=8 before next command
I (210120) CMD_U0: waiting for pending UART response ch=8 before next command
E (210120) MQTT: Publish failed
W (210120) TRANSPORT: No transport connected for broadcast
W (210121) MSG: Broadcast failed, falling back to MQTT
E (210121) MQTT: Publish failed
E (210140) MQTT: Publish failed
W (210140) TRANSPORT: No transport connected for broadcast
W (210140) MSG: Broadcast failed, falling back to MQTT
E (210141) MQTT: Publish failed
I (210145) CMD_U0: waiting for pending UART response ch=8 before next command
E (210165) MQTT: Publish failed
W (210165) TRANSPORT: No transport connected for broadcast
W (210165) MSG: Broadcast failed, falling back to MQTT
E (210166) MQTT: Publish failed
I (210166) CMD_U0: waiting for pending UART response ch=8 before next command
E (210191) MQTT: Publish failed
W (210191) TRANSPORT: No transport connected for broadcast
W (210191) MSG: Broadcast failed, falling back to MQTT
E (210192) MQTT: Publish failed
I (210192) CMD_U0: waiting for pending UART response ch=8 before next command
E (210216) MQTT: Publish failed
W (210216) TRANSPORT: No transport connected for broadcast
W (210216) MSG: Broadcast failed, falling back to MQTT
E (210217) MQTT: Publish failed
I (210218) CMD_U0: waiting for pending UART response ch=8 before next command
E (210241) MQTT: Publish failed
W (210241) TRANSPORT: No transport connected for broadcast
W (210241) MSG: Broadcast failed, falling back to MQTT
E (210242) MQTT: Publish failed
I (210244) CMD_U0: waiting for pending UART response ch=8 before next command
E (210268) MQTT: Publish failed
W (210268) TRANSPORT: No transport connected for broadcast
W (210268) MSG: Broadcast failed, falling back to MQTT
E (210269) MQTT: Publish failed
I (210270) CMD_U0: waiting for pending UART response ch=8 before next command
E (210292) MQTT: Publish failed
W (210292) TRANSPORT: No transport connected for broadcast
W (210292) MSG: Broadcast failed, falling back to MQTT
E (210293) MQTT: Publish failed
I (210296) CMD_U0: waiting for pending UART response ch=8 before next command
E (210317) MQTT: Publish failed
W (210317) TRANSPORT: No transport connected for broadcast
W (210317) MSG: Broadcast failed, falling back to MQTT
E (210318) MQTT: Publish failed
I (210322) CMD_U0: waiting for pending UART response ch=8 before next command
E (210343) MQTT: Publish failed
W (210343) TRANSPORT: No transport connected for broadcast
W (210343) MSG: Broadcast failed, falling back to MQTT
E (210344) MQTT: Publish failed
I (210348) CMD_U0: waiting for pending UART response ch=8 before next command
E (210368) MQTT: Publish failed
W (210368) TRANSPORT: No transport connected for broadcast
W (210368) MSG: Broadcast failed, falling back to MQTT
E (210369) MQTT: Publish failed
I (210369) CMD_U0: waiting for pending UART response ch=8 before next command
E (210388) MQTT: Publish failed
W (210388) TRANSPORT: No transport connected for broadcast
W (210388) MSG: Broadcast failed, falling back to MQTT
E (210389) MQTT: Publish failed
I (210391) CMD_U0: waiting for pending UART response ch=8 before next command
E (210414) MQTT: Publish failed
W (210414) TRANSPORT: No transport connected for broadcast
W (210414) MSG: Broadcast failed, falling back to MQTT
E (210415) MQTT: Publish failed
I (210416) CMD_U0: waiting for pending UART response ch=8 before next command
E (210439) MQTT: Publish failed
W (210439) TRANSPORT: No transport connected for broadcast
W (210439) MSG: Broadcast failed, falling back to MQTT
E (210440) MQTT: Publish failed
I (210442) CMD_U0: waiting for pending UART response ch=8 before next command
E (210464) MQTT: Publish failed
W (210464) TRANSPORT: No transport connected for broadcast
W (210464) MSG: Broadcast failed, falling back to MQTT
E (210465) MQTT: Publish failed
I (210468) CMD_U0: waiting for pending UART response ch=8 before next command
E (210490) MQTT: Publish failed
W (210490) TRANSPORT: No transport connected for broadcast
W (210490) MSG: Broadcast failed, falling back to MQTT
E (210491) MQTT: Publish failed
I (210494) CMD_U0: waiting for pending UART response ch=8 before next command
I (210515) CMD_U0: waiting for pending UART response ch=8 before next command
E (210515) MQTT: Publish failed
W (210515) TRANSPORT: No transport connected for broadcast
W (210516) MSG: Broadcast failed, falling back to MQTT
E (210516) MQTT: Publish failed
E (210535) MQTT: Publish failed
W (210535) TRANSPORT: No transport connected for broadcast
W (210535) MSG: Broadcast failed, falling back to MQTT
E (210536) MQTT: Publish failed
I (210540) CMD_U0: waiting for pending UART response ch=8 before next command
E (210561) MQTT: Publish failed
W (210561) TRANSPORT: No transport connected for broadcast
W (210561) MSG: Broadcast failed, falling back to MQTT
E (210562) MQTT: Publish failed
I (210566) CMD_U0: waiting for pending UART response ch=8 before next command
E (210586) MQTT: Publish failed
W (210586) TRANSPORT: No transport connected for broadcast
W (210586) MSG: Broadcast failed, falling back to MQTT
E (210587) MQTT: Publish failed
I (210587) CMD_U0: waiting for pending UART response ch=8 before next command
E (210611) MQTT: Publish failed
W (210611) TRANSPORT: No transport connected for broadcast
W (210611) MSG: Broadcast failed, falling back to MQTT
E (210612) MQTT: Publish failed
I (210613) CMD_U0: waiting for pending UART response ch=8 before next command
E (210636) MQTT: Publish failed
W (210636) TRANSPORT: No transport connected for broadcast
W (210636) MSG: Broadcast failed, falling back to MQTT
E (210637) MQTT: Publish failed
I (210639) CMD_U0: waiting for pending UART response ch=8 before next command
E (210662) MQTT: Publish failed
W (210662) TRANSPORT: No transport connected for broadcast
W (210662) MSG: Broadcast failed, falling back to MQTT
E (210663) MQTT: Publish failed
I (210665) CMD_U0: waiting for pending UART response ch=8 before next command
E (210687) MQTT: Publish failed
W (210687) TRANSPORT: No transport connected for broadcast
W (210687) MSG: Broadcast failed, falling back to MQTT
E (210688) MQTT: Publish failed
I (210692) CMD_U0: waiting for pending UART response ch=8 before next command
E (210712) MQTT: Publish failed
W (210712) TRANSPORT: No transport connected for broadcast
W (210712) MSG: Broadcast failed, falling back to MQTT
E (210713) MQTT: Publish failed
I (210717) CMD_U0: waiting for pending UART response ch=8 before next command
E (210738) MQTT: Publish failed
W (210738) TRANSPORT: No transport connected for broadcast
W (210738) MSG: Broadcast failed, falling back to MQTT
E (210739) MQTT: Publish failed
I (210743) CMD_U0: waiting for pending UART response ch=8 before next command
E (210764) MQTT: Publish failed
W (210764) TRANSPORT: No transport connected for broadcast
W (210764) MSG: Broadcast failed, falling back to MQTT
E (210765) MQTT: Publish failed
I (210769) CMD_U0: waiting for pending UART response ch=8 before next command
E (210788) MQTT: Publish failed
W (210788) TRANSPORT: No transport connected for broadcast
W (210788) MSG: Broadcast failed, falling back to MQTT
E (210789) MQTT: Publish failed
I (210790) CMD_U0: waiting for pending UART response ch=8 before next command
E (210809) MQTT: Publish failed
W (210810) TRANSPORT: No transport connected for broadcast
W (210810) MSG: Broadcast failed, falling back to MQTT
E (210810) MQTT: Publish failed
I (210817) CMD_U0: waiting for pending UART response ch=8 before next command
I (210842) CMD_U0: waiting for pending UART response ch=8 before next command
I (210868) CMD_U0: waiting for pending UART response ch=8 before next command
I (210894) CMD_U0: waiting for pending UART response ch=8 before next command
I (210915) CMD_U0: waiting for pending UART response ch=8 before next command
I (210936) CMD_U0: waiting for pending UART response ch=8 before next command
I (210957) CMD_U0: waiting for pending UART response ch=8 before next command
I (210984) CMD_U0: waiting for pending UART response ch=8 before next command
I (211010) CMD_U0: waiting for pending UART response ch=8 before next command
I (211015) SCHEDULER: Stats: samples=424 full=581 min_free=3
W (211022) RX_TASK: RX timeout slot1 type=1 reqID=0 (1002ms)
I (211036) CMD_U0: waiting for pending UART response ch=8 before next command
I (211057) CMD_U0: waiting for pending UART response ch=8 before next command
I (211064) CMD_U1: waiting for pending UART response ch=9 before next command
I (211078) CMD_U0: waiting for pending UART response ch=8 before next command
I (211105) CMD_U0: waiting for pending UART response ch=8 before next command
I (211130) CMD_U0: waiting for pending UART response ch=8 before next command
I (211157) CMD_U0: waiting for pending UART response ch=8 before next command
I (211182) CMD_U0: waiting for pending UART response ch=8 before next command
I (211208) CMD_U0: waiting for pending UART response ch=8 before next command
I (211234) CMD_U0: waiting for pending UART response ch=8 before next command
I (211260) CMD_U0: waiting for pending UART response ch=8 before next command
I (211281) CMD_U0: waiting for pending UART response ch=8 before next command
I (211307) CMD_U0: waiting for pending UART response ch=8 before next command
I (211333) CMD_U0: waiting for pending UART response ch=8 before next command
I (211359) CMD_U0: waiting for pending UART response ch=8 before next command
I (211385) CMD_U0: waiting for pending UART response ch=8 before next command
I (211411) CMD_U0: waiting for pending UART response ch=8 before next command
I (211437) CMD_U0: waiting for pending UART response ch=8 before next command
I (211458) CMD_U0: waiting for pending UART response ch=8 before next command
I (211484) CMD_U0: waiting for pending UART response ch=8 before next command
I (211510) CMD_U0: waiting for pending UART response ch=8 before next command
I (211536) CMD_U0: waiting for pending UART response ch=8 before next command
I (211562) CMD_U0: waiting for pending UART response ch=8 before next command
I (211588) CMD_U0: waiting for pending UART response ch=8 before next command
I (211614) CMD_U0: waiting for pending UART response ch=8 before next command
I (211640) CMD_U0: waiting for pending UART response ch=8 before next command
I (211661) CMD_U0: waiting for pending UART response ch=8 before next command
E (211685) MQTT: Publish failed
W (211685) TRANSPORT: No transport connected for broadcast
W (211685) MSG: Broadcast failed, falling back to MQTT
E (211686) MQTT: Publish failed
I (211687) CMD_U0: waiting for pending UART response ch=8 before next command
E (211711) MQTT: Publish failed
W (211711) TRANSPORT: No transport connected for broadcast
W (211711) MSG: Broadcast failed, falling back to MQTT
E (211712) MQTT: Publish failed
I (211713) CMD_U0: waiting for pending UART response ch=8 before next command
E (211736) MQTT: Publish failed
W (211736) TRANSPORT: No transport connected for broadcast
W (211736) MSG: Broadcast failed, falling back to MQTT
E (211737) MQTT: Publish failed
I (211739) CMD_U0: waiting for pending UART response ch=8 before next command
E (211761) MQTT: Publish failed
W (211761) TRANSPORT: No transport connected for broadcast
W (211761) MSG: Broadcast failed, falling back to MQTT
E (211762) MQTT: Publish failed
I (211765) CMD_U0: waiting for pending UART response ch=8 before next command
E (211787) MQTT: Publish failed
W (211787) TRANSPORT: No transport connected for broadcast
W (211787) MSG: Broadcast failed, falling back to MQTT
E (211788) MQTT: Publish failed
I (211791) CMD_U0: waiting for pending UART response ch=8 before next command
E (211809) MQTT: Publish failed
W (211809) TRANSPORT: No transport connected for broadcast
W (211809) MSG: Broadcast failed, falling back to MQTT
E (211809) MQTT: Publish failed
I (211812) CMD_U0: waiting for pending UART response ch=8 before next command
E (211812) MQTT: Publish failed
W (211813) TRANSPORT: No transport connected for broadcast
W (211813) MSG: Broadcast failed, falling back to MQTT
E (211813) MQTT: Publish failed
E (211832) MQTT: Publish failed
W (211832) TRANSPORT: No transport connected for broadcast
W (211832) MSG: Broadcast failed, falling back to MQTT
E (211833) MQTT: Publish failed
I (211833) CMD_U0: waiting for pending UART response ch=8 before next command
E (211853) MQTT: Publish failed
W (211853) TRANSPORT: No transport connected for broadcast
W (211853) MSG: Broadcast failed, falling back to MQTT
E (211854) MQTT: Publish failed
I (211854) CMD_U0: waiting for pending UART response ch=8 before next command
E (211878) MQTT: Publish failed
W (211878) TRANSPORT: No transport connected for broadcast
W (211878) MSG: Broadcast failed, falling back to MQTT
E (211879) MQTT: Publish failed
I (211880) CMD_U0: waiting for pending UART response ch=8 before next command
E (211903) MQTT: Publish failed
W (211903) TRANSPORT: No transport connected for broadcast
W (211903) MSG: Broadcast failed, falling back to MQTT
E (211904) MQTT: Publish failed
I (211906) CMD_U0: waiting for pending UART response ch=8 before next command
E (211929) MQTT: Publish failed
W (211929) TRANSPORT: No transport connected for broadcast
W (211929) MSG: Broadcast failed, falling back to MQTT
E (211930) MQTT: Publish failed
I (211932) CMD_U0: waiting for pending UART response ch=8 before next command
E (211954) MQTT: Publish failed
W (211954) TRANSPORT: No transport connected for broadcast
W (211954) MSG: Broadcast failed, falling back to MQTT
E (211955) MQTT: Publish failed
I (211958) CMD_U0: waiting for pending UART response ch=8 before next command
E (211968) MQTT: Publish failed
W (211968) TRANSPORT: No transport connected for broadcast
W (211969) MSG: Broadcast failed, falling back to MQTT
E (211969) MQTT: Publish failed
E (211980) MQTT: Publish failed
W (211980) TRANSPORT: No transport connected for broadcast
W (211980) MSG: Broadcast failed, falling back to MQTT
E (211981) MQTT: Publish failed
I (211984) CMD_U0: waiting for pending UART response ch=8 before next command
E (212005) MQTT: Publish failed
W (212005) TRANSPORT: No transport connected for broadcast
W (212005) MSG: Broadcast failed, falling back to MQTT
E (212006) MQTT: Publish failed
I (212010) CMD_U0: waiting for pending UART response ch=8 before next command
E (212031) MQTT: Publish failed
W (212031) TRANSPORT: No transport connected for broadcast
W (212031) MSG: Broadcast failed, falling back to MQTT
E (212032) MQTT: Publish failed
I (212036) CMD_U0: waiting for pending UART response ch=8 before next command
W (212048) RX_TASK: RX timeout slot1 type=1 reqID=0 (1001ms)
E (212048) MQTT: Publish failed
W (212049) TRANSPORT: No transport connected for broadcast
W (212049) MSG: Broadcast failed, falling back to MQTT
E (212049) MQTT: Publish failed
E (212061) MQTT: Publish failed
W (212061) TRANSPORT: No transport connected for broadcast
W (212061) MSG: Broadcast failed, falling back to MQTT
E (212062) MQTT: Publish failed
I (212062) CMD_U0: waiting for pending UART response ch=8 before next command
E (212086) MQTT: Publish failed
W (212086) TRANSPORT: No transport connected for broadcast
W (212086) MSG: Broadcast failed, falling back to MQTT
I (212087) CMD_U1: waiting for pending UART response ch=9 before next command
E (212087) MQTT: Publish failed
I (212088) CMD_U0: waiting for pending UART response ch=8 before next command
E (212111) MQTT: Publish failed
W (212111) TRANSPORT: No transport connected for broadcast
W (212111) MSG: Broadcast failed, falling back to MQTT
E (212112) MQTT: Publish failed
I (212114) CMD_U0: waiting for pending UART response ch=8 before next command
E (212137) MQTT: Publish failed
W (212137) TRANSPORT: No transport connected for broadcast
W (212137) MSG: Broadcast failed, falling back to MQTT
E (212138) MQTT: Publish failed
I (212140) CMD_U0: waiting for pending UART response ch=8 before next command
E (212162) MQTT: Publish failed
W (212162) TRANSPORT: No transport connected for broadcast
W (212162) MSG: Broadcast failed, falling back to MQTT
E (212163) MQTT: Publish failed
I (212166) CMD_U0: waiting for pending UART response ch=8 before next command
I (212188) CMD_U0: waiting for pending UART response ch=8 before next command
E (212188) MQTT: Publish failed
W (212189) TRANSPORT: No transport connected for broadcast
W (212189) MSG: Broadcast failed, falling back to MQTT
E (212189) MQTT: Publish failed
I (212213) CMD_U0: waiting for pending UART response ch=8 before next command
I (212235) CMD_U0: waiting for pending UART response ch=8 before next command
I (212260) CMD_U0: waiting for pending UART response ch=8 before next command
I (212286) CMD_U0: waiting for pending UART response ch=8 before next command
I (212312) CMD_U0: waiting for pending UART response ch=8 before next command
I (212338) CMD_U0: waiting for pending UART response ch=8 before next command
I (212364) CMD_U0: waiting for pending UART response ch=8 before next command
I (212390) CMD_U0: waiting for pending UART response ch=8 before next command
I (212411) CMD_U0: waiting for pending UART response ch=8 before next command
I (212432) CMD_U0: waiting for pending UART response ch=8 before next command
I (212458) CMD_U0: waiting for pending UART response ch=8 before next command
I (212484) CMD_U0: waiting for pending UART response ch=8 before next command
I (212510) CMD_U0: waiting for pending UART response ch=8 before next command
I (212536) CMD_U0: waiting for pending UART response ch=8 before next command
I (212557) CMD_U0: waiting for pending UART response ch=8 before next command
I (212583) CMD_U0: waiting for pending UART response ch=8 before next command
I (212609) CMD_U0: waiting for pending UART response ch=8 before next command
I (212635) CMD_U0: waiting for pending UART response ch=8 before next command
I (212661) CMD_U0: waiting for pending UART response ch=8 before next command
I (212687) CMD_U0: waiting for pending UART response ch=8 before next command
I (212713) CMD_U0: waiting for pending UART response ch=8 before next command
I (212739) CMD_U0: waiting for pending UART response ch=8 before next command
I (212765) CMD_U0: waiting for pending UART response ch=8 before next command
I (212787) CMD_U0: waiting for pending UART response ch=8 before next command
I (212812) CMD_U0: waiting for pending UART response ch=8 before next command
I (212838) CMD_U0: waiting for pending UART response ch=8 before next command
I (212864) CMD_U0: waiting for pending UART response ch=8 before next command
I (212890) CMD_U0: waiting for pending UART response ch=8 before next command
I (212916) CMD_U0: waiting for pending UART response ch=8 before next command
I (212942) CMD_U0: waiting for pending UART response ch=8 before next command
I (212963) CMD_U0: waiting for pending UART response ch=8 before next command
I (212984) CMD_U0: waiting for pending UART response ch=8 before next command
I (213005) CMD_U0: waiting for pending UART response ch=8 before next command
I (213031) CMD_U0: waiting for pending UART response ch=8 before next command
I (213057) CMD_U0: waiting for pending UART response ch=8 before next command
W (213071) RX_TASK: RX timeout slot1 type=1 reqID=0 (1001ms)
I (213083) CMD_U0: waiting for pending UART response ch=8 before next command
I (213109) CMD_U0: waiting for pending UART response ch=8 before next command
I (213110) CMD_U1: waiting for pending UART response ch=9 before next command
I (213135) CMD_U0: waiting for pending UART response ch=8 before next command
I (213161) CMD_U0: waiting for pending UART response ch=8 before next command
I (213187) CMD_U0: waiting for pending UART response ch=8 before next command
I (213208) CMD_U0: waiting for pending UART response ch=8 before next command
I (213234) CMD_U0: waiting for pending UART response ch=8 before next command
I (213260) CMD_U0: waiting for pending UART response ch=8 before next command
I (213286) CMD_U0: waiting for pending UART response ch=8 before next command
I (213312) CMD_U0: waiting for pending UART response ch=8 before next command
I (213338) CMD_U0: waiting for pending UART response ch=8 before next command
I (213364) CMD_U0: waiting for pending UART response ch=8 before next command
I (213385) CMD_U0: waiting for pending UART response ch=8 before next command
I (213406) CMD_U0: waiting for pending UART response ch=8 before next command
I (213432) CMD_U0: waiting for pending UART response ch=8 before next command
I (213458) CMD_U0: waiting for pending UART response ch=8 before next command
I (213484) CMD_U0: waiting for pending UART response ch=8 before next command
I (213510) CMD_U0: waiting for pending UART response ch=8 before next command
I (213531) CMD_U0: waiting for pending UART response ch=8 before next command
I (213556) CMD_U0: waiting for pending UART response ch=8 before next command
I (213582) CMD_U0: waiting for pending UART response ch=8 before next command
I (213603) CMD_U0: waiting for pending UART response ch=8 before next command
I (213629) CMD_U0: waiting for pending UART response ch=8 before next command
I (213655) CMD_U0: waiting for pending UART response ch=8 before next command
I (213681) CMD_U0: waiting for pending UART response ch=8 before next command
E (213704) MQTT: Publish failed
W (213704) TRANSPORT: No transport connected for broadcast
W (213704) MSG: Broadcast failed, falling back to MQTT
E (213705) MQTT: Publish failed
I (213707) CMD_U0: waiting for pending UART response ch=8 before next command
E (213729) MQTT: Publish failed
W (213729) TRANSPORT: No transport connected for broadcast
W (213729) MSG: Broadcast failed, falling back to MQTT
E (213730) MQTT: Publish failed
I (213733) CMD_U0: waiting for pending UART response ch=8 before next command
E (213754) MQTT: Publish failed
W (213754) TRANSPORT: No transport connected for broadcast
W (213754) MSG: Broadcast failed, falling back to MQTT
E (213755) MQTT: Publish failed
I (213759) CMD_U0: waiting for pending UART response ch=8 before next command
E (213780) MQTT: Publish failed
W (213780) TRANSPORT: No transport connected for broadcast
W (213780) MSG: Broadcast failed, falling back to MQTT
E (213781) MQTT: Publish failed
I (213785) CMD_U0: waiting for pending UART response ch=8 before next command
E (213805) MQTT: Publish failed
W (213805) TRANSPORT: No transport connected for broadcast
W (213805) MSG: Broadcast failed, falling back to MQTT
E (213806) MQTT: Publish failed
I (213806) CMD_U0: waiting for pending UART response ch=8 before next command
E (213810) MQTT: Publish failed
W (213810) TRANSPORT: No transport connected for broadcast
W (213810) MSG: Broadcast failed, falling back to MQTT
E (213810) MQTT: Publish failed
E (213830) MQTT: Publish failed
W (213830) TRANSPORT: No transport connected for broadcast
W (213830) MSG: Broadcast failed, falling back to MQTT
E (213831) MQTT: Publish failed
I (213832) CMD_U0: waiting for pending UART response ch=8 before next command
E (213857) MQTT: Publish failed
I (213859) CMD_U0: waiting for pending UART response ch=8 before next command
W (213860) TRANSPORT: No transport connected for broadcast
W (213860) MSG: Broadcast failed, falling back to MQTT
E (213861) MQTT: Publish failed
I (213886) CMD_U0: waiting for pending UART response ch=8 before next command
I (213907) CMD_U0: waiting for pending UART response ch=8 before next command
I (213932) CMD_U0: waiting for pending UART response ch=8 before next command
I (213954) CMD_U0: waiting for pending UART response ch=8 before next command
I (213979) CMD_U0: waiting for pending UART response ch=8 before next command
I (214006) CMD_U0: waiting for pending UART response ch=8 before next command
I (214032) CMD_U0: waiting for pending UART response ch=8 before next command
I (214053) CMD_U0: waiting for pending UART response ch=8 before next command
I (214075) CMD_U0: waiting for pending UART response ch=8 before next command
W (214094) RX_TASK: RX timeout slot1 type=1 reqID=0 (1001ms)
I (214095) CMD_U0: waiting for pending UART response ch=8 before next command
I (214112) CMD_U1: waiting for pending UART response ch=9 before next command
I (214121) CMD_U0: waiting for pending UART response ch=8 before next command
I (214147) CMD_U0: waiting for pending UART response ch=8 before next command
I (214174) CMD_U0: waiting for pending UART response ch=8 before next command
I (214199) CMD_U0: waiting for pending UART response ch=8 before next command
I (214220) CMD_U0: waiting for pending UART response ch=8 before next command
I (214246) CMD_U0: waiting for pending UART response ch=8 before next command
I (214268) CMD_U0: waiting for pending UART response ch=8 before next command
I (214293) CMD_U0: waiting for pending UART response ch=8 before next command
I (214320) CMD_U0: waiting for pending UART response ch=8 before next command
I (214345) CMD_U0: waiting for pending UART response ch=8 before next command
I (214372) CMD_U0: waiting for pending UART response ch=8 before next command
I (214393) CMD_U0: waiting for pending UART response ch=8 before next command
I (214414) CMD_U0: waiting for pending UART response ch=8 before next command
I (214440) CMD_U0: waiting for pending UART response ch=8 before next command
I (214466) CMD_U0: waiting for pending UART response ch=8 before next command
I (214492) CMD_U0: waiting for pending UART response ch=8 before next command
I (214518) CMD_U0: waiting for pending UART response ch=8 before next command
I (214544) CMD_U0: waiting for pending UART response ch=8 before next command
I (214565) CMD_U0: waiting for pending UART response ch=8 before next command
I (214586) CMD_U0: waiting for pending UART response ch=8 before next command
I (214607) CMD_U0: waiting for pending UART response ch=8 before next command
I (214633) CMD_U0: waiting for pending UART response ch=8 before next command
I (214659) CMD_U0: waiting for pending UART response ch=8 before next command
I (214685) CMD_U0: waiting for pending UART response ch=8 before next command
I (214711) CMD_U0: waiting for pending UART response ch=8 before next command
I (214737) CMD_U0: waiting for pending UART response ch=8 before next command
I (214763) CMD_U0: waiting for pending UART response ch=8 before next command
I (214784) CMD_U0: waiting for pending UART response ch=8 before next command
I (214809) RX_TASK: Stats: events=410 completions=421 report_drop=0 report_q_high=2
I (214810) CMD_U0: waiting for pending UART response ch=8 before next command
I (214836) CMD_U0: waiting for pending UART response ch=8 before next command
I (214862) CMD_U0: waiting for pending UART response ch=8 before next command
I (214888) CMD_U0: waiting for pending UART response ch=8 before next command
I (214914) CMD_U0: waiting for pending UART response ch=8 before next command
I (214940) CMD_U0: waiting for pending UART response ch=8 before next command
I (214961) CMD_U0: waiting for pending UART response ch=8 before next command
I (214987) CMD_U0: waiting for pending UART response ch=8 before next command
I (215012) CMD_U0: waiting for pending UART response ch=8 before next command
I (215038) CMD_U0: waiting for pending UART response ch=8 before next command
I (215064) CMD_U0: waiting for pending UART response ch=8 before next command
I (215090) CMD_U0: waiting for pending UART response ch=8 before next command
W (215096) RX_TASK: RX timeout slot1 type=1 reqID=0 (1001ms)
I (215116) CMD_U0: waiting for pending UART response ch=8 before next command
I (215135) CMD_U1: waiting for pending UART response ch=9 before next command
I (215142) CMD_U0: waiting for pending UART response ch=8 before next command
I (215168) CMD_U0: waiting for pending UART response ch=8 before next command
I (215189) CMD_U0: waiting for pending UART response ch=8 before next command
I (215215) CMD_U0: waiting for pending UART response ch=8 before next command
I (215241) CMD_U0: waiting for pending UART response ch=8 before next command
I (215267) CMD_U0: waiting for pending UART response ch=8 before next command
I (215293) CMD_U0: waiting for pending UART response ch=8 before next command
I (215319) CMD_U0: waiting for pending UART response ch=8 before next command
I (215345) CMD_U0: waiting for pending UART response ch=8 before next command
I (215371) CMD_U0: waiting for pending UART response ch=8 before next command
I (215392) CMD_U0: waiting for pending UART response ch=8 before next command
I (215418) CMD_U0: waiting for pending UART response ch=8 before next command
E (215442) MQTT: Publish failed
W (215442) TRANSPORT: No transport connected for broadcast
W (215442) MSG: Broadcast failed, falling back to MQTT
E (215443) MQTT: Publish failed
I (215444) CMD_U0: waiting for pending UART response ch=8 before next command
E (215467) MQTT: Publish failed
W (215467) TRANSPORT: No transport connected for broadcast
W (215467) MSG: Broadcast failed, falling back to MQTT
E (215468) MQTT: Publish failed
I (215470) CMD_U0: waiting for pending UART response ch=8 before next command
E (215492) MQTT: Publish failed
W (215492) TRANSPORT: No transport connected for broadcast
W (215492) MSG: Broadcast failed, falling back to MQTT
E (215493) MQTT: Publish failed
I (215496) CMD_U0: waiting for pending UART response ch=8 before next command
E (215518) MQTT: Publish failed
W (215518) TRANSPORT: No transport connected for broadcast
W (215518) MSG: Broadcast failed, falling back to MQTT
E (215519) MQTT: Publish failed
I (215522) CMD_U0: waiting for pending UART response ch=8 before next command
I (215543) CMD_U0: waiting for pending UART response ch=8 before next command
E (215543) MQTT: Publish failed
W (215544) TRANSPORT: No transport connected for broadcast
W (215544) MSG: Broadcast failed, falling back to MQTT
E (215544) MQTT: Publish failed
I (215563) CMD_U0: waiting for pending UART response ch=8 before next command
E (215563) MQTT: Publish failed
W (215564) TRANSPORT: No transport connected for broadcast
W (215564) MSG: Broadcast failed, falling back to MQTT
E (215564) MQTT: Publish failed
E (215584) MQTT: Publish failed
W (215584) TRANSPORT: No transport connected for broadcast
W (215584) MSG: Broadcast failed, falling back to MQTT
E (215585) MQTT: Publish failed
I (215588) CMD_U0: waiting for pending UART response ch=8 before next command
I (215615) CMD_U0: waiting for pending UART response ch=8 before next command
I (215636) CMD_U0: waiting for pending UART response ch=8 before next command
I (215656) CMD_U0: waiting for pending UART response ch=8 before next command
I (215682) CMD_U0: waiting for pending UART response ch=8 before next command
I (215708) CMD_U0: waiting for pending UART response ch=8 before next command
I (215734) CMD_U0: waiting for pending UART response ch=8 before next command
I (215760) CMD_U0: waiting for pending UART response ch=8 before next command
I (215786) CMD_U0: waiting for pending UART response ch=8 before next command
I (215812) CMD_U0: waiting for pending UART response ch=8 before next command
I (215833) CMD_U0: waiting for pending UART response ch=8 before next command
E (215857) MQTT: Publish failed
W (215857) TRANSPORT: No transport connected for broadcast
W (215857) MSG: Broadcast failed, falling back to MQTT
E (215858) MQTT: Publish failed
I (215859) CMD_U0: waiting for pending UART response ch=8 before next command
E (215883) MQTT: Publish failed
W (215883) TRANSPORT: No transport connected for broadcast
W (215883) MSG: Broadcast failed, falling back to MQTT
E (215884) MQTT: Publish failed
I (215885) CMD_U0: waiting for pending UART response ch=8 before next command
E (215908) MQTT: Publish failed
W (215908) TRANSPORT: No transport connected for broadcast
W (215908) MSG: Broadcast failed, falling back to MQTT
E (215909) MQTT: Publish failed
I (215911) CMD_U0: waiting for pending UART response ch=8 before next command
E (215933) MQTT: Publish failed
W (215933) TRANSPORT: No transport connected for broadcast
W (215933) MSG: Broadcast failed, falling back to MQTT
E (215934) MQTT: Publish failed
I (215937) CMD_U0: waiting for pending UART response ch=8 before next command
E (215959) MQTT: Publish failed
W (215959) TRANSPORT: No transport connected for broadcast
W (215959) MSG: Broadcast failed, falling back to MQTT
E (215960) MQTT: Publish failed
I (215963) CMD_U0: waiting for pending UART response ch=8 before next command
E (215979) MQTT: Publish failed
W (215980) TRANSPORT: No transport connected for broadcast
W (215980) MSG: Broadcast failed, falling back to MQTT
E (215980) MQTT: Publish failed
E (215984) MQTT: Publish failed
W (215984) TRANSPORT: No transport connected for broadcast
W (215984) MSG: Broadcast failed, falling back to MQTT
E (215985) MQTT: Publish failed
I (215989) CMD_U0: waiting for pending UART response ch=8 before next command
E (216009) MQTT: Publish failed
W (216009) TRANSPORT: No transport connected for broadcast
W (216009) MSG: Broadcast failed, falling back to MQTT
E (216010) MQTT: Publish failed
I (216010) CMD_U0: waiting for pending UART response ch=8 before next command
E (216030) MQTT: Publish failed
W (216030) TRANSPORT: No transport connected for broadcast
W (216030) MSG: Broadcast failed, falling back to MQTT
E (216031) MQTT: Publish failed
I (216031) CMD_U0: waiting for pending UART response ch=8 before next command
E (216055) MQTT: Publish failed
W (216055) TRANSPORT: No transport connected for broadcast
W (216055) MSG: Broadcast failed, falling back to MQTT
E (216056) MQTT: Publish failed
I (216057) CMD_U0: waiting for pending UART response ch=8 before next command
E (216080) MQTT: Publish failed
W (216080) TRANSPORT: No transport connected for broadcast
W (216080) MSG: Broadcast failed, falling back to MQTT
E (216081) MQTT: Publish failed
I (216083) CMD_U0: waiting for pending UART response ch=8 before next command
E (216106) MQTT: Publish failed
W (216106) TRANSPORT: No transport connected for broadcast
W (216106) MSG: Broadcast failed, falling back to MQTT
E (216107) MQTT: Publish failed
I (216109) CMD_U0: waiting for pending UART response ch=8 before next command
W (216119) RX_TASK: RX timeout slot1 type=1 reqID=0 (1001ms)
E (216119) MQTT: Publish failed
W (216120) TRANSPORT: No transport connected for broadcast
W (216120) MSG: Broadcast failed, falling back to MQTT
E (216121) MQTT: Publish failed
E (216131) MQTT: Publish failed
W (216131) TRANSPORT: No transport connected for broadcast
W (216131) MSG: Broadcast failed, falling back to MQTT
E (216132) MQTT: Publish failed
I (216135) CMD_U0: waiting for pending UART response ch=8 before next command
E (216156) MQTT: Publish failed
W (216156) TRANSPORT: No transport connected for broadcast
W (216156) MSG: Broadcast failed, falling back to MQTT
E (216157) MQTT: Publish failed
I (216158) CMD_U1: waiting for pending UART response ch=9 before next command
I (216161) CMD_U0: Stats: txn=408 err=0 (100%) no_ctx=0
I (216162) CMD_U0: waiting for pending UART response ch=8 before next command
E (216182) MQTT: Publish failed
W (216182) TRANSPORT: No transport connected for broadcast
W (216182) MSG: Broadcast failed, falling back to MQTT
E (216183) MQTT: Publish failed
I (216187) CMD_U0: waiting for pending UART response ch=8 before next command
E (216207) MQTT: Publish failed
W (216207) TRANSPORT: No transport connected for broadcast
W (216207) MSG: Broadcast failed, falling back to MQTT
E (216208) MQTT: Publish failed
I (216208) CMD_U0: waiting for pending UART response ch=8 before next command
E (216232) MQTT: Publish failed
W (216232) TRANSPORT: No transport connected for broadcast
W (216232) MSG: Broadcast failed, falling back to MQTT
E (216233) MQTT: Publish failed
I (216234) CMD_U0: waiting for pending UART response ch=8 before next command
E (216258) MQTT: Publish failed
W (216258) TRANSPORT: No transport connected for broadcast
W (216258) MSG: Broadcast failed, falling back to MQTT
E (216259) MQTT: Publish failed
I (216260) CMD_U0: waiting for pending UART response ch=8 before next command
E (216283) MQTT: Publish failed
W (216283) TRANSPORT: No transport connected for broadcast
W (216283) MSG: Broadcast failed, falling back to MQTT
E (216284) MQTT: Publish failed
I (216286) CMD_U0: waiting for pending UART response ch=8 before next command
E (216309) MQTT: Publish failed
W (216309) TRANSPORT: No transport connected for broadcast
W (216309) MSG: Broadcast failed, falling back to MQTT
E (216310) MQTT: Publish failed
I (216312) CMD_U0: waiting for pending UART response ch=8 before next command
E (216334) MQTT: Publish failed
W (216334) TRANSPORT: No transport connected for broadcast
W (216334) MSG: Broadcast failed, falling back to MQTT
E (216335) MQTT: Publish failed
I (216338) CMD_U0: waiting for pending UART response ch=8 before next command
I (216359) CMD_U0: waiting for pending UART response ch=8 before next command
E (216359) MQTT: Publish failed
W (216359) TRANSPORT: No transport connected for broadcast
W (216360) MSG: Broadcast failed, falling back to MQTT
E (216360) MQTT: Publish failed
E (216379) MQTT: Publish failed
W (216379) TRANSPORT: No transport connected for broadcast
W (216379) MSG: Broadcast failed, falling back to MQTT
E (216380) MQTT: Publish failed
I (216384) CMD_U0: waiting for pending UART response ch=8 before next command
E (216405) MQTT: Publish failed
W (216405) TRANSPORT: No transport connected for broadcast
W (216405) MSG: Broadcast failed, falling back to MQTT
E (216406) MQTT: Publish failed
I (216410) CMD_U0: waiting for pending UART response ch=8 before next command
E (216430) MQTT: Publish failed
W (216430) TRANSPORT: No transport connected for broadcast
W (216430) MSG: Broadcast failed, falling back to MQTT
E (216431) MQTT: Publish failed
I (216431) CMD_U0: waiting for pending UART response ch=8 before next command
E (216455) MQTT: Publish failed
W (216455) TRANSPORT: No transport connected for broadcast
W (216455) MSG: Broadcast failed, falling back to MQTT
E (216456) MQTT: Publish failed
I (216457) CMD_U0: waiting for pending UART response ch=8 before next command
E (216481) MQTT: Publish failed
W (216481) TRANSPORT: No transport connected for broadcast
W (216481) MSG: Broadcast failed, falling back to MQTT
E (216482) MQTT: Publish failed
I (216483) CMD_U0: waiting for pending UART response ch=8 before next command
E (216506) MQTT: Publish failed
W (216506) TRANSPORT: No transport connected for broadcast
W (216506) MSG: Broadcast failed, falling back to MQTT
E (216507) MQTT: Publish failed
I (216509) CMD_U0: waiting for pending UART response ch=8 before next command
E (216531) MQTT: Publish failed
W (216531) TRANSPORT: No transport connected for broadcast
W (216531) MSG: Broadcast failed, falling back to MQTT
E (216532) MQTT: Publish failed
I (216535) CMD_U0: waiting for pending UART response ch=8 before next command
E (216557) MQTT: Publish failed
W (216557) TRANSPORT: No transport connected for broadcast
W (216557) MSG: Broadcast failed, falling back to MQTT
E (216558) MQTT: Publish failed
I (216561) CMD_U0: waiting for pending UART response ch=8 before next command
E (216582) MQTT: Publish failed
W (216582) TRANSPORT: No transport connected for broadcast
W (216582) MSG: Broadcast failed, falling back to MQTT
E (216583) MQTT: Publish failed
I (216587) CMD_U0: waiting for pending UART response ch=8 before next command
E (216607) MQTT: Publish failed
W (216607) TRANSPORT: No transport connected for broadcast
W (216607) MSG: Broadcast failed, falling back to MQTT
E (216608) MQTT: Publish failed
I (216608) CMD_U0: waiting for pending UART response ch=8 before next command
E (216633) MQTT: Publish failed
W (216633) TRANSPORT: No transport connected for broadcast
W (216633) MSG: Broadcast failed, falling back to MQTT
E (216634) MQTT: Publish failed
I (216634) CMD_U0: waiting for pending UART response ch=8 before next command
E (216658) MQTT: Publish failed
W (216658) TRANSPORT: No transport connected for broadcast
W (216658) MSG: Broadcast failed, falling back to MQTT
E (216659) MQTT: Publish failed
I (216660) CMD_U0: waiting for pending UART response ch=8 before next command
E (216683) MQTT: Publish failed
W (216683) TRANSPORT: No transport connected for broadcast
W (216683) MSG: Broadcast failed, falling back to MQTT
E (216684) MQTT: Publish failed
I (216686) CMD_U0: waiting for pending UART response ch=8 before next command
E (216709) MQTT: Publish failed
W (216710) TRANSPORT: No transport connected for broadcast
W (216710) MSG: Broadcast failed, falling back to MQTT
E (216710) MQTT: Publish failed
I (216712) CMD_U0: waiting for pending UART response ch=8 before next command
I (216739) CMD_U0: waiting for pending UART response ch=8 before next command
I (216759) CMD_U0: waiting for pending UART response ch=8 before next command
I (216781) CMD_U0: waiting for pending UART response ch=8 before next command
I (216801) CMD_U0: waiting for pending UART response ch=8 before next command
I (216828) CMD_U0: waiting for pending UART response ch=8 before next command
I (216853) CMD_U0: waiting for pending UART response ch=8 before next command
I (216880) CMD_U0: waiting for pending UART response ch=8 before next command
I (216905) CMD_U0: waiting for pending UART response ch=8 before next command
I (216926) CMD_U0: waiting for pending UART response ch=8 before next command
I (216947) CMD_U0: waiting for pending UART response ch=8 before next command
I (216968) CMD_U0: waiting for pending UART response ch=8 before next command
I (216994) CMD_U0: waiting for pending UART response ch=8 before next command
I (217020) CMD_U0: waiting for pending UART response ch=8 before next command
I (217047) CMD_U0: waiting for pending UART response ch=8 before next command
I (217073) CMD_U0: waiting for pending UART response ch=8 before next command
I (217099) CMD_U0: waiting for pending UART response ch=8 before next command
I (217120) CMD_U0: waiting for pending UART response ch=8 before next command
W (217142) RX_TASK: RX timeout slot1 type=1 reqID=0 (1001ms)
I (217146) CMD_U0: waiting for pending UART response ch=8 before next command
I (217172) CMD_U0: waiting for pending UART response ch=8 before next command
I (217181) CMD_U1: Stats: txn=10 err=0 (100%) no_ctx=0
I (217181) CMD_U1: waiting for pending UART response ch=9 before next command
I (217198) CMD_U0: waiting for pending UART response ch=8 before next command
I (217224) CMD_U0: waiting for pending UART response ch=8 before next command
I (217251) CMD_U0: waiting for pending UART response ch=8 before next command
I (217276) CMD_U0: waiting for pending UART response ch=8 before next command
I (217297) CMD_U0: waiting for pending UART response ch=8 before next command
I (217322) CMD_U0: waiting for pending UART response ch=8 before next command
I (217348) CMD_U0: waiting for pending UART response ch=8 before next command
I (217369) CMD_U0: waiting for pending UART response ch=8 before next command
I (217395) CMD_U0: waiting for pending UART response ch=8 before next command
I (217421) CMD_U0: waiting for pending UART response ch=8 before next command
I (217447) CMD_U0: waiting for pending UART response ch=8 before next command
I (217473) CMD_U0: waiting for pending UART response ch=8 before next command
I (217499) CMD_U0: waiting for pending UART response ch=8 before next command
I (217525) CMD_U0: waiting for pending UART response ch=8 before next command
E (217546) MQTT: Publish failed
W (217546) TRANSPORT: No transport connected for broadcast
W (217546) MSG: Broadcast failed, falling back to MQTT
E (217547) MQTT: Publish failed
I (217551) CMD_U0: waiting for pending UART response ch=8 before next command
E (217571) MQTT: Publish failed
W (217571) TRANSPORT: No transport connected for broadcast
W (217571) MSG: Broadcast failed, falling back to MQTT
E (217572) MQTT: Publish failed
I (217572) CMD_U0: waiting for pending UART response ch=8 before next command
E (217596) MQTT: Publish failed
W (217596) TRANSPORT: No transport connected for broadcast
W (217596) MSG: Broadcast failed, falling back to MQTT
E (217597) MQTT: Publish failed
I (217598) CMD_U0: waiting for pending UART response ch=8 before next command
E (217622) MQTT: Publish failed
W (217622) TRANSPORT: No transport connected for broadcast
W (217622) MSG: Broadcast failed, falling back to MQTT
E (217623) MQTT: Publish failed
I (217624) CMD_U0: waiting for pending UART response ch=8 before next command
E (217647) MQTT: Publish failed
W (217647) TRANSPORT: No transport connected for broadcast
W (217647) MSG: Broadcast failed, falling back to MQTT
E (217648) MQTT: Publish failed
I (217650) CMD_U0: waiting for pending UART response ch=8 before next command
E (217672) MQTT: Publish failed
W (217672) TRANSPORT: No transport connected for broadcast
W (217672) MSG: Broadcast failed, falling back to MQTT
E (217673) MQTT: Publish failed
I (217676) CMD_U0: waiting for pending UART response ch=8 before next command
E (217698) MQTT: Publish failed
W (217698) TRANSPORT: No transport connected for broadcast
W (217698) MSG: Broadcast failed, falling back to MQTT
E (217699) MQTT: Publish failed
I (217702) CMD_U0: waiting for pending UART response ch=8 before next command
E (217723) MQTT: Publish failed
W (217723) TRANSPORT: No transport connected for broadcast
I (217724) CMD_U0: waiting for pending UART response ch=8 before next command
W (217724) MSG: Broadcast failed, falling back to MQTT
E (217724) MQTT: Publish failed
I (217744) CMD_U0: waiting for pending UART response ch=8 before next command
E (217744) MQTT: Publish failed
W (217745) TRANSPORT: No transport connected for broadcast
W (217745) MSG: Broadcast failed, falling back to MQTT
E (217745) MQTT: Publish failed
I (217764) CMD_U0: waiting for pending UART response ch=8 before next command
E (217764) MQTT: Publish failed
W (217765) TRANSPORT: No transport connected for broadcast
W (217765) MSG: Broadcast failed, falling back to MQTT
E (217765) MQTT: Publish failed
E (217785) MQTT: Publish failed
W (217785) TRANSPORT: No transport connected for broadcast
W (217785) MSG: Broadcast failed, falling back to MQTT
E (217786) MQTT: Publish failed
I (217790) CMD_U0: waiting for pending UART response ch=8 before next command
E (217810) MQTT: Publish failed
W (217810) TRANSPORT: No transport connected for broadcast
W (217810) MSG: Broadcast failed, falling back to MQTT
E (217810) MQTT: Publish failedI (217811) CMD_U0: waiting for pending UART response ch=8 before next command
E (217811) MQTT: Publish failed

W (217812) TRANSPORT: No transport connected for broadcast
W (217812) MSG: Broadcast failed, falling back to MQTT
E (217812) MQTT: Publish failed
E (217831) MQTT: Publish failed
W (217831) TRANSPORT: No transport connected for broadcast
W (217831) MSG: Broadcast failed, falling back to MQTT
E (217832) MQTT: Publish failed
I (217832) CMD_U0: waiting for pending UART response ch=8 before next command
E (217857) MQTT: Publish failed
W (217857) TRANSPORT: No transport connected for broadcast
W (217857) MSG: Broadcast failed, falling back to MQTT
E (217858) MQTT: Publish failed
I (217858) CMD_U0: waiting for pending UART response ch=8 before next command
E (217882) MQTT: Publish failed
W (217882) TRANSPORT: No transport connected for broadcast
W (217882) MSG: Broadcast failed, falling back to MQTT
E (217883) MQTT: Publish failed
I (217884) CMD_U0: waiting for pending UART response ch=8 before next command
E (217907) MQTT: Publish failed
W (217907) TRANSPORT: No transport connected for broadcast
W (217907) MSG: Broadcast failed, falling back to MQTT
E (217908) MQTT: Publish failed
I (217910) CMD_U0: waiting for pending UART response ch=8 before next command
E (217933) MQTT: Publish failed
W (217933) TRANSPORT: No transport connected for broadcast
W (217933) MSG: Broadcast failed, falling back to MQTT
E (217934) MQTT: Publish failed
I (217936) CMD_U0: waiting for pending UART response ch=8 before next command
E (217958) MQTT: Publish failed
W (217958) TRANSPORT: No transport connected for broadcast
W (217958) MSG: Broadcast failed, falling back to MQTT
E (217959) MQTT: Publish failed
I (217962) CMD_U0: waiting for pending UART response ch=8 before next command
I (217983) CMD_U0: waiting for pending UART response ch=8 before next command
E (217983) MQTT: Publish failed
W (217984) TRANSPORT: No transport connected for broadcast
W (217984) MSG: Broadcast failed, falling back to MQTT
E (217984) MQTT: Publish failed
E (217987) MQTT: Publish failed
W (217988) TRANSPORT: No transport connected for broadcast
W (217988) MSG: Broadcast failed, falling back to MQTT
E (217988) MQTT: Publish failed
E (218004) MQTT: Publish failed
W (218004) TRANSPORT: No transport connected for broadcast
W (218004) MSG: Broadcast failed, falling back to MQTT
E (218005) MQTT: Publish failed
I (218008) CMD_U0: waiting for pending UART response ch=8 before next command
E (218029) MQTT: Publish failed
W (218029) TRANSPORT: No transport connected for broadcast
W (218029) MSG: Broadcast failed, falling back to MQTT
E (218030) MQTT: Publish failed
I (218034) CMD_U0: waiting for pending UART response ch=8 before next command
I (218055) CMD_U0: waiting for pending UART response ch=8 before next command
E (218055) MQTT: Publish failed
W (218056) TRANSPORT: No transport connected for broadcast
W (218056) MSG: Broadcast failed, falling back to MQTT
E (218056) MQTT: Publish failed
E (218075) MQTT: Publish failed
W (218075) TRANSPORT: No transport connected for broadcast
W (218075) MSG: Broadcast failed, falling back to MQTT
E (218076) MQTT: Publish failed
I (218080) CMD_U0: waiting for pending UART response ch=8 before next command
I (218101) CMD_U0: waiting for pending UART response ch=8 before next command
I (218128) CMD_U0: waiting for pending UART response ch=8 before next command
I (218153) CMD_U0: waiting for pending UART response ch=8 before next command
W (218166) RX_TASK: RX timeout slot1 type=1 reqID=0 (1001ms)
I (218179) CMD_U0: waiting for pending UART response ch=8 before next command
I (218183) CMD_U1: waiting for pending UART response ch=9 before next command
I (218205) CMD_U0: waiting for pending UART response ch=8 before next command
I (218231) CMD_U0: waiting for pending UART response ch=8 before next command
E (218252) MQTT: Publish failed
W (218252) TRANSPORT: No transport connected for broadcast
W (218252) MSG: Broadcast failed, falling back to MQTT
E (218253) MQTT: Publish failed
I (218257) CMD_U0: waiting for pending UART response ch=8 before next command
E (218277) MQTT: Publish failed
W (218277) TRANSPORT: No transport connected for broadcast
W (218277) MSG: Broadcast failed, falling back to MQTT
E (218278) MQTT: Publish failed
I (218278) CMD_U0: waiting for pending UART response ch=8 before next command
E (218297) MQTT: Publish failed
W (218297) TRANSPORT: No transport connected for broadcast
W (218297) MSG: Broadcast failed, falling back to MQTT
E (218298) MQTT: Publish failed
I (218299) CMD_U0: waiting for pending UART response ch=8 before next command
E (218323) MQTT: Publish failed
W (218323) TRANSPORT: No transport connected for broadcast
W (218323) MSG: Broadcast failed, falling back to MQTT
E (218324) MQTT: Publish failed
I (218325) CMD_U0: waiting for pending UART response ch=8 before next command
E (218348) MQTT: Publish failed
W (218348) TRANSPORT: No transport connected for broadcast
W (218348) MSG: Broadcast failed, falling back to MQTT
E (218349) MQTT: Publish failed
I (218351) CMD_U0: waiting for pending UART response ch=8 before next command
E (218373) MQTT: Publish failed
W (218373) TRANSPORT: No transport connected for broadcast
W (218373) MSG: Broadcast failed, falling back to MQTT
E (218374) MQTT: Publish failed
I (218377) CMD_U0: waiting for pending UART response ch=8 before next command
E (218399) MQTT: Publish failed
W (218399) TRANSPORT: No transport connected for broadcast
W (218399) MSG: Broadcast failed, falling back to MQTT
E (218400) MQTT: Publish failed
I (218403) CMD_U0: waiting for pending UART response ch=8 before next command
I (218424) CMD_U0: waiting for pending UART response ch=8 before next command
E (218424) MQTT: Publish failed
W (218424) TRANSPORT: No transport connected for broadcast
W (218425) MSG: Broadcast failed, falling back to MQTT
E (218425) MQTT: Publish failed
E (218444) MQTT: Publish failed
W (218444) TRANSPORT: No transport connected for broadcast
W (218444) MSG: Broadcast failed, falling back to MQTT
E (218445) MQTT: Publish failed
I (218449) CMD_U0: waiting for pending UART response ch=8 before next command
E (218469) MQTT: Publish failed
W (218469) TRANSPORT: No transport connected for broadcast
W (218469) MSG: Broadcast failed, falling back to MQTT
E (218470) MQTT: Publish failed
I (218470) CMD_U0: waiting for pending UART response ch=8 before next command
E (218490) MQTT: Publish failed
W (218490) TRANSPORT: No transport connected for broadcast
W (218490) MSG: Broadcast failed, falling back to MQTT
E (218491) MQTT: Publish failed
I (218491) CMD_U0: waiting for pending UART response ch=8 before next command
E (218515) MQTT: Publish failed
W (218515) TRANSPORT: No transport connected for broadcast
W (218515) MSG: Broadcast failed, falling back to MQTT
E (218516) MQTT: Publish failed
I (218517) CMD_U0: waiting for pending UART response ch=8 before next command
E (218540) MQTT: Publish failed
W (218540) TRANSPORT: No transport connected for broadcast
W (218540) MSG: Broadcast failed, falling back to MQTT
E (218541) MQTT: Publish failed
I (218543) CMD_U0: waiting for pending UART response ch=8 before next command
E (218566) MQTT: Publish failed
W (218566) TRANSPORT: No transport connected for broadcast
W (218566) MSG: Broadcast failed, falling back to MQTT
E (218567) MQTT: Publish failed
I (218569) CMD_U0: waiting for pending UART response ch=8 before next command
E (218592) MQTT: Publish failed
W (218592) TRANSPORT: No transport connected for broadcast
W (218592) MSG: Broadcast failed, falling back to MQTT
E (218593) MQTT: Publish failed
I (218595) CMD_U0: waiting for pending UART response ch=8 before next command
I (218616) CMD_U0: waiting for pending UART response ch=8 before next command
E (218616) MQTT: Publish failed
W (218616) TRANSPORT: No transport connected for broadcast
W (218617) MSG: Broadcast failed, falling back to MQTT
E (218617) MQTT: Publish failed
E (218637) MQTT: Publish failed
W (218637) TRANSPORT: No transport connected for broadcast
W (218637) MSG: Broadcast failed, falling back to MQTT
E (218638) MQTT: Publish failed
I (218641) CMD_U0: waiting for pending UART response ch=8 before next command
I (218662) CMD_U0: waiting for pending UART response ch=8 before next command
E (218662) MQTT: Publish failed
W (218662) TRANSPORT: No transport connected for broadcast
W (218663) MSG: Broadcast failed, falling back to MQTT
E (218663) MQTT: Publish failed
E (218682) MQTT: Publish failed
W (218682) TRANSPORT: No transport connected for broadcast
W (218682) MSG: Broadcast failed, falling back to MQTT
E (218683) MQTT: Publish failed
I (218687) CMD_U0: waiting for pending UART response ch=8 before next command
E (218708) MQTT: Publish failed
W (218708) TRANSPORT: No transport connected for broadcast
W (218708) MSG: Broadcast failed, falling back to MQTT
E (218709) MQTT: Publish failed
I (218713) CMD_U0: waiting for pending UART response ch=8 before next command
E (218733) MQTT: Publish failed
W (218733) TRANSPORT: No transport connected for broadcast
W (218733) MSG: Broadcast failed, falling back to MQTT
E (218734) MQTT: Publish failed
I (218734) CMD_U0: waiting for pending UART response ch=8 before next command
E (218753) MQTT: Publish failed
W (218753) TRANSPORT: No transport connected for broadcast
W (218753) MSG: Broadcast failed, falling back to MQTT
E (218754) MQTT: Publish failed
I (218755) CMD_U0: waiting for pending UART response ch=8 before next command
E (218779) MQTT: Publish failed
W (218779) TRANSPORT: No transport connected for broadcast
W (218779) MSG: Broadcast failed, falling back to MQTT
E (218780) MQTT: Publish failed
I (218781) CMD_U0: waiting for pending UART response ch=8 before next command
E (218804) MQTT: Publish failed
W (218804) TRANSPORT: No transport connected for broadcast
W (218804) MSG: Broadcast failed, falling back to MQTT
E (218805) MQTT: Publish failed
I (218807) CMD_U0: waiting for pending UART response ch=8 before next command
E (218810) MQTT: Publish failed
W (218810) TRANSPORT: No transport connected for broadcast
W (218810) MSG: Broadcast failed, falling back to MQTT
E (218810) MQTT: Publish failed
E (218830) MQTT: Publish failed
W (218830) TRANSPORT: No transport connected for broadcast
W (218830) MSG: Broadcast failed, falling back to MQTT
E (218831) MQTT: Publish failed
I (218833) CMD_U0: waiting for pending UART response ch=8 before next command
E (218855) MQTT: Publish failed
W (218855) TRANSPORT: No transport connected for broadcast
W (218855) MSG: Broadcast failed, falling back to MQTT
E (218856) MQTT: Publish failed
I (218859) CMD_U0: waiting for pending UART response ch=8 before next command
E (218880) MQTT: Publish failed
W (218880) TRANSPORT: No transport connected for broadcast
W (218880) MSG: Broadcast failed, falling back to MQTT
E (218881) MQTT: Publish failed
I (218885) CMD_U0: waiting for pending UART response ch=8 before next command
E (218906) MQTT: Publish failed
W (218906) TRANSPORT: No transport connected for broadcast
W (218906) MSG: Broadcast failed, falling back to MQTT
E (218907) MQTT: Publish failed
I (218911) CMD_U0: waiting for pending UART response ch=8 before next command
E (218931) MQTT: Publish failed
W (218931) TRANSPORT: No transport connected for broadcast
W (218931) MSG: Broadcast failed, falling back to MQTT
E (218932) MQTT: Publish failed
I (218932) CMD_U0: waiting for pending UART response ch=8 before next command
E (218951) MQTT: Publish failed
W (218951) TRANSPORT: No transport connected for broadcast
W (218951) MSG: Broadcast failed, falling back to MQTT
E (218952) MQTT: Publish failed
I (218953) CMD_U0: waiting for pending UART response ch=8 before next command
E (218977) MQTT: Publish failed
W (218977) TRANSPORT: No transport connected for broadcast
W (218977) MSG: Broadcast failed, falling back to MQTT
E (218978) MQTT: Publish failed
I (218979) CMD_U0: waiting for pending UART response ch=8 before next command
E (218990) MQTT: Publish failed
W (218990) TRANSPORT: No transport connected for broadcast
W (218990) MSG: Broadcast failed, falling back to MQTT
E (218991) MQTT: Publish failed
E (219003) MQTT: Publish failed
W (219003) TRANSPORT: No transport connected for broadcast
W (219003) MSG: Broadcast failed, falling back to MQTT
E (219004) MQTT: Publish failed
I (219005) CMD_U0: waiting for pending UART response ch=8 before next command
E (219027) MQTT: Publish failed
W (219027) TRANSPORT: No transport connected for broadcast
W (219027) MSG: Broadcast failed, falling back to MQTT
E (219028) MQTT: Publish failed
I (219031) CMD_U0: waiting for pending UART response ch=8 before next command
E (219053) MQTT: Publish failed
W (219053) TRANSPORT: No transport connected for broadcast
W (219053) MSG: Broadcast failed, falling back to MQTT
E (219054) MQTT: Publish failed
I (219057) CMD_U0: waiting for pending UART response ch=8 before next command
E (219078) MQTT: Publish failed
W (219078) TRANSPORT: No transport connected for broadcast
W (219078) MSG: Broadcast failed, falling back to MQTT
E (219079) MQTT: Publish failed
I (219083) CMD_U0: waiting for pending UART response ch=8 before next command
E (219103) MQTT: Publish failed
W (219103) TRANSPORT: No transport connected for broadcast
W (219103) MSG: Broadcast failed, falling back to MQTT
E (219104) MQTT: Publish failed
I (219104) CMD_U0: waiting for pending UART response ch=8 before next command
E (219123) MQTT: Publish failed
W (219123) TRANSPORT: No transport connected for broadcast
W (219123) MSG: Broadcast failed, falling back to MQTT
E (219124) MQTT: Publish failed
I (219125) CMD_U0: waiting for pending UART response ch=8 before next command
E (219149) MQTT: Publish failed
W (219150) TRANSPORT: No transport connected for broadcast
W (219150) MSG: Broadcast failed, falling back to MQTT
I (219151) CMD_U0: waiting for pending UART response ch=8 before next command
W (219167) RX_TASK: RX timeout slot1 type=1 reqID=0 (1001ms)
I (219177) CMD_U0: waiting for pending UART response ch=8 before next command
I (219203) CMD_U0: waiting for pending UART response ch=8 before next command
I (219206) CMD_U1: waiting for pending UART response ch=9 before next command
I (219230) CMD_U0: waiting for pending UART response ch=8 before next command
I (219255) CMD_U0: waiting for pending UART response ch=8 before next command
I (219281) CMD_U0: waiting for pending UART response ch=8 before next command
I (219308) CMD_U0: waiting for pending UART response ch=8 before next command
I (219328) CMD_U0: waiting for pending UART response ch=8 before next command
I (219354) CMD_U0: waiting for pending UART response ch=8 before next command
I (219381) CMD_U0: waiting for pending UART response ch=8 before next command
I (219407) CMD_U0: waiting for pending UART response ch=8 before next command
I (219429) CMD_U0: waiting for pending UART response ch=8 before next command
I (219449) CMD_U0: waiting for pending UART response ch=8 before next command
I (219470) CMD_U0: waiting for pending UART response ch=8 before next command
I (219496) CMD_U0: waiting for pending UART response ch=8 before next command
I (219523) CMD_U0: waiting for pending UART response ch=8 before next command
I (219549) CMD_U0: waiting for pending UART response ch=8 before next command
I (219574) CMD_U0: waiting for pending UART response ch=8 before next command
I (219595) CMD_U0: waiting for pending UART response ch=8 before next command
I (219616) CMD_U0: waiting for pending UART response ch=8 before next command
I (219637) CMD_U0: waiting for pending UART response ch=8 before next command
I (219664) CMD_U0: waiting for pending UART response ch=8 before next command
I (219691) CMD_U0: waiting for pending UART response ch=8 before next command
I (219712) CMD_U0: waiting for pending UART response ch=8 before next command
I (219733) CMD_U0: waiting for pending UART response ch=8 before next command
I (219759) CMD_U0: waiting for pending UART response ch=8 before next command
I (219785) CMD_U0: waiting for pending UART response ch=8 before next command
I (219811) CMD_U0: waiting for pending UART response ch=8 before next command
I (219837) CMD_U0: waiting for pending UART response ch=8 before next command
I (219863) CMD_U0: waiting for pending UART response ch=8 before next command
I (219889) CMD_U0: waiting for pending UART response ch=8 before next command
I (219910) CMD_U0: waiting for pending UART response ch=8 before next command
I (219936) CMD_U0: waiting for pending UART response ch=8 before next command
I (219962) CMD_U0: waiting for pending UART response ch=8 before next command
I (219988) CMD_U0: waiting for pending UART response ch=8 before next command
I (220014) CMD_U0: waiting for pending UART response ch=8 before next command
I (220040) CMD_U0: waiting for pending UART response ch=8 before next command
I (220061) CMD_U0: waiting for pending UART response ch=8 before next command
I (220081) CMD_U0: waiting for pending UART response ch=8 before next command
I (220106) CMD_U0: waiting for pending UART response ch=8 before next command
I (220132) CMD_U0: waiting for pending UART response ch=8 before next command
I (220153) CMD_U0: waiting for pending UART response ch=8 before next command
I (220174) CMD_U0: waiting for pending UART response ch=8 before next command
W (220190) RX_TASK: RX timeout slot1 type=1 reqID=0 (1001ms)
I (220200) CMD_U0: waiting for pending UART response ch=8 before next command
I (220226) CMD_U0: waiting for pending UART response ch=8 before next command
I (220230) CMD_U1: waiting for pending UART response ch=9 before next command
I (220252) CMD_U0: waiting for pending UART response ch=8 before next command
I (220278) CMD_U0: waiting for pending UART response ch=8 before next command
I (220304) CMD_U0: waiting for pending UART response ch=8 before next command
I (220330) CMD_U0: waiting for pending UART response ch=8 before next command
I (220351) CMD_U0: waiting for pending UART response ch=8 before next command
I (220372) CMD_U0: waiting for pending UART response ch=8 before next command
I (220393) CMD_U0: waiting for pending UART response ch=8 before next command
I (220420) CMD_U0: waiting for pending UART response ch=8 before next command
I (220445) CMD_U0: waiting for pending UART response ch=8 before next command
I (220471) CMD_U0: waiting for pending UART response ch=8 before next command
I (220497) CMD_U0: waiting for pending UART response ch=8 before next command
I (220523) CMD_U0: waiting for pending UART response ch=8 before next command
I (220549) CMD_U0: waiting for pending UART response ch=8 before next command
E (220569) MQTT: Publish failed
W (220569) TRANSPORT: No transport connected for broadcast
W (220569) MSG: Broadcast failed, falling back to MQTT
E (220570) MQTT: Publish failed
I (220570) CMD_U0: waiting for pending UART response ch=8 before next command
E (220589) MQTT: Publish failed
W (220589) TRANSPORT: No transport connected for broadcast
W (220589) MSG: Broadcast failed, falling back to MQTT
E (220590) MQTT: Publish failed
I (220591) CMD_U0: waiting for pending UART response ch=8 before next command
E (220615) MQTT: Publish failed
W (220615) TRANSPORT: No transport connected for broadcast
W (220615) MSG: Broadcast failed, falling back to MQTT
E (220616) MQTT: Publish failed
I (220617) CMD_U0: waiting for pending UART response ch=8 before next command
E (220640) MQTT: Publish failed
W (220640) TRANSPORT: No transport connected for broadcast
W (220640) MSG: Broadcast failed, falling back to MQTT
E (220641) MQTT: Publish failed
I (220643) CMD_U0: waiting for pending UART response ch=8 before next command
E (220666) MQTT: Publish failed
W (220666) TRANSPORT: No transport connected for broadcast
W (220666) MSG: Broadcast failed, falling back to MQTT
E (220667) MQTT: Publish failed
I (220669) CMD_U0: waiting for pending UART response ch=8 before next command
E (220691) MQTT: Publish failed
W (220691) TRANSPORT: No transport connected for broadcast
W (220691) MSG: Broadcast failed, falling back to MQTT
E (220692) MQTT: Publish failed
I (220695) CMD_U0: waiting for pending UART response ch=8 before next command
E (220717) MQTT: Publish failed
W (220717) TRANSPORT: No transport connected for broadcast
W (220717) MSG: Broadcast failed, falling back to MQTT
E (220718) MQTT: Publish failed
I (220721) CMD_U0: waiting for pending UART response ch=8 before next command
E (220742) MQTT: Publish failed
W (220742) TRANSPORT: No transport connected for broadcast
W (220742) MSG: Broadcast failed, falling back to MQTT
E (220743) MQTT: Publish failed
I (220747) CMD_U0: waiting for pending UART response ch=8 before next command
I (220768) CMD_U0: waiting for pending UART response ch=8 before next command
I (220790) CMD_U0: waiting for pending UART response ch=8 before next command
I (220815) CMD_U0: waiting for pending UART response ch=8 before next command
I (220841) CMD_U0: waiting for pending UART response ch=8 before next command
E (220863) MQTT: Publish failed
W (220863) TRANSPORT: No transport connected for broadcast
W (220863) MSG: Broadcast failed, falling back to MQTT
E (220864) MQTT: Publish failed
I (220867) CMD_U0: waiting for pending UART response ch=8 before next command
E (220889) MQTT: Publish failed
W (220889) TRANSPORT: No transport connected for broadcast
W (220889) MSG: Broadcast failed, falling back to MQTT
E (220890) MQTT: Publish failed
I (220893) CMD_U0: waiting for pending UART response ch=8 before next command
E (220914) MQTT: Publish failed
W (220914) TRANSPORT: No transport connected for broadcast
W (220914) MSG: Broadcast failed, falling back to MQTT
E (220915) MQTT: Publish failed
I (220919) CMD_U0: waiting for pending UART response ch=8 before next command
E (220939) MQTT: Publish failed
W (220939) TRANSPORT: No transport connected for broadcast
W (220939) MSG: Broadcast failed, falling back to MQTT
E (220940) MQTT: Publish failed
I (220940) CMD_U0: waiting for pending UART response ch=8 before next command
E (220960) MQTT: Publish failed
W (220960) TRANSPORT: No transport connected for broadcast
W (220960) MSG: Broadcast failed, falling back to MQTT
E (220961) MQTT: Publish failed
I (220961) CMD_U0: waiting for pending UART response ch=8 before next command
E (220985) MQTT: Publish failed
W (220985) TRANSPORT: No transport connected for broadcast
W (220985) MSG: Broadcast failed, falling back to MQTT
E (220986) MQTT: Publish failed
I (220987) CMD_U0: waiting for pending UART response ch=8 before next command
E (220995) MQTT: Publish failed
W (220995) TRANSPORT: No transport connected for broadcast
W (220996) MSG: Broadcast failed, falling back to MQTT
E (220996) MQTT: Publish failed
E (221010) MQTT: Publish failed
W (221010) TRANSPORT: No transport connected for broadcast
W (221010) MSG: Broadcast failed, falling back to MQTT
E (221011) MQTT: Publish failed
I (221013) CMD_U0: waiting for pending UART response ch=8 before next command
I (221016) SCHEDULER: Stats: samples=415 full=589 min_free=3
E (221036) MQTT: Publish failed
W (221036) TRANSPORT: No transport connected for broadcast
W (221036) MSG: Broadcast failed, falling back to MQTT
E (221037) MQTT: Publish failed
I (221040) CMD_U0: waiting for pending UART response ch=8 before next command
E (221061) MQTT: Publish failed
W (221061) TRANSPORT: No transport connected for broadcast
W (221061) MSG: Broadcast failed, falling back to MQTT
E (221062) MQTT: Publish failed
I (221065) CMD_U0: waiting for pending UART response ch=8 before next command
E (221086) MQTT: Publish failed
W (221086) TRANSPORT: No transport connected for broadcast
W (221086) MSG: Broadcast failed, falling back to MQTT
E (221087) MQTT: Publish failed
I (221091) CMD_U0: waiting for pending UART response ch=8 before next command
E (221112) MQTT: Publish failed
W (221112) TRANSPORT: No transport connected for broadcast
W (221112) MSG: Broadcast failed, falling back to MQTT
E (221113) MQTT: Publish failed
I (221117) CMD_U0: waiting for pending UART response ch=8 before next command
E (221137) MQTT: Publish failed
W (221137) TRANSPORT: No transport connected for broadcast
W (221137) MSG: Broadcast failed, falling back to MQTT
E (221138) MQTT: Publish failed
I (221138) CMD_U0: waiting for pending UART response ch=8 before next command
E (221157) MQTT: Publish failed
W (221157) TRANSPORT: No transport connected for broadcast
W (221157) MSG: Broadcast failed, falling back to MQTT
E (221158) MQTT: Publish failed
I (221159) CMD_U0: waiting for pending UART response ch=8 before next command
E (221184) MQTT: Publish failed
W (221184) TRANSPORT: No transport connected for broadcast
W (221184) MSG: Broadcast failed, falling back to MQTT
E (221185) MQTT: Publish failed
I (221185) CMD_U0: waiting for pending UART response ch=8 before next command
E (221208) MQTT: Publish failed
W (221208) TRANSPORT: No transport connected for broadcast
W (221208) MSG: Broadcast failed, falling back to MQTT
E (221209) MQTT: Publish failed
I (221211) CMD_U0: waiting for pending UART response ch=8 before next command
W (221214) RX_TASK: RX timeout slot1 type=1 reqID=0 (1001ms)
E (221214) MQTT: Publish failed
W (221214) TRANSPORT: No transport connected for broadcast
W (221215) MSG: Broadcast failed, falling back to MQTT
E (221215) MQTT: Publish failed
E (221234) MQTT: Publish failed
W (221234) TRANSPORT: No transport connected for broadcast
W (221234) MSG: Broadcast failed, falling back to MQTT
E (221235) MQTT: Publish failed
I (221237) CMD_U0: waiting for pending UART response ch=8 before next command
I (221253) CMD_U1: waiting for pending UART response ch=9 before next command
E (221259) MQTT: Publish failed
W (221259) TRANSPORT: No transport connected for broadcast
W (221259) MSG: Broadcast failed, falling back to MQTT
E (221260) MQTT: Publish failed
I (221263) CMD_U0: waiting for pending UART response ch=8 before next command
E (221284) MQTT: Publish failed
W (221284) TRANSPORT: No transport connected for broadcast
W (221284) MSG: Broadcast failed, falling back to MQTT
E (221285) MQTT: Publish failed
I (221289) CMD_U0: waiting for pending UART response ch=8 before next command
E (221309) MQTT: Publish failed
W (221309) TRANSPORT: No transport connected for broadcast
W (221309) MSG: Broadcast failed, falling back to MQTT
E (221310) MQTT: Publish failed
I (221310) CMD_U0: waiting for pending UART response ch=8 before next command
E (221330) MQTT: Publish failed
W (221330) TRANSPORT: No transport connected for broadcast
W (221330) MSG: Broadcast failed, falling back to MQTT
E (221331) MQTT: Publish failed
I (221331) CMD_U0: waiting for pending UART response ch=8 before next command
E (221355) MQTT: Publish failed
W (221355) TRANSPORT: No transport connected for broadcast
W (221355) MSG: Broadcast failed, falling back to MQTT
E (221356) MQTT: Publish failed
I (221357) CMD_U0: waiting for pending UART response ch=8 before next command
E (221380) MQTT: Publish failed
W (221380) TRANSPORT: No transport connected for broadcast
W (221380) MSG: Broadcast failed, falling back to MQTT
E (221381) MQTT: Publish failed
I (221383) CMD_U0: waiting for pending UART response ch=8 before next command
E (221406) MQTT: Publish failed
W (221406) TRANSPORT: No transport connected for broadcast
W (221406) MSG: Broadcast failed, falling back to MQTT
E (221407) MQTT: Publish failed
I (221409) CMD_U0: waiting for pending UART response ch=8 before next command
E (221431) MQTT: Publish failed
W (221431) TRANSPORT: No transport connected for broadcast
W (221431) MSG: Broadcast failed, falling back to MQTT
E (221432) MQTT: Publish failed
I (221435) CMD_U0: waiting for pending UART response ch=8 before next command
E (221456) MQTT: Publish failed
W (221456) TRANSPORT: No transport connected for broadcast
W (221456) MSG: Broadcast failed, falling back to MQTT
E (221457) MQTT: Publish failed
I (221461) CMD_U0: waiting for pending UART response ch=8 before next command
E (221481) MQTT: Publish failed
W (221481) TRANSPORT: No transport connected for broadcast
W (221481) MSG: Broadcast failed, falling back to MQTT
E (221482) MQTT: Publish failed
I (221482) CMD_U0: waiting for pending UART response ch=8 before next command
E (221502) MQTT: Publish failed
W (221502) TRANSPORT: No transport connected for broadcast
W (221502) MSG: Broadcast failed, falling back to MQTT
E (221503) MQTT: Publish failed
I (221503) CMD_U0: waiting for pending UART response ch=8 before next command
E (221527) MQTT: Publish failed
W (221527) TRANSPORT: No transport connected for broadcast
W (221527) MSG: Broadcast failed, falling back to MQTT
E (221528) MQTT: Publish failed
I (221529) CMD_U0: waiting for pending UART response ch=8 before next command
E (221552) MQTT: Publish failed
W (221552) TRANSPORT: No transport connected for broadcast
W (221552) MSG: Broadcast failed, falling back to MQTT
E (221553) MQTT: Publish failed
I (221555) CMD_U0: waiting for pending UART response ch=8 before next command
E (221578) MQTT: Publish failed
W (221578) TRANSPORT: No transport connected for broadcast
W (221578) MSG: Broadcast failed, falling back to MQTT
E (221579) MQTT: Publish failed
I (221581) CMD_U0: waiting for pending UART response ch=8 before next command
E (221603) MQTT: Publish failed
W (221603) TRANSPORT: No transport connected for broadcast
W (221603) MSG: Broadcast failed, falling back to MQTT
E (221604) MQTT: Publish failed
I (221607) CMD_U0: waiting for pending UART response ch=8 before next command
E (221628) MQTT: Publish failed
W (221628) TRANSPORT: No transport connected for broadcast
W (221628) MSG: Broadcast failed, falling back to MQTT
E (221629) MQTT: Publish failed
I (221633) CMD_U0: waiting for pending UART response ch=8 before next command
I (221654) CMD_U0: waiting for pending UART response ch=8 before next command
E (221655) MQTT: Publish failed
W (221655) TRANSPORT: No transport connected for broadcast
W (221655) MSG: Broadcast failed, falling back to MQTT
E (221655) MQTT: Publish failed
E (221674) MQTT: Publish failed
W (221674) TRANSPORT: No transport connected for broadcast
W (221674) MSG: Broadcast failed, falling back to MQTT
E (221675) MQTT: Publish failed
I (221675) CMD_U0: waiting for pending UART response ch=8 before next command
E (221694) MQTT: Publish failed
W (221694) TRANSPORT: No transport connected for broadcast
W (221694) MSG: Broadcast failed, falling back to MQTT
E (221695) MQTT: Publish failed
I (221696) CMD_U0: waiting for pending UART response ch=8 before next command
E (221719) MQTT: Publish failed
W (221719) TRANSPORT: No transport connected for broadcast
W (221719) MSG: Broadcast failed, falling back to MQTT
E (221720) MQTT: Publish failed
I (221722) CMD_U0: waiting for pending UART response ch=8 before next command
E (221745) MQTT: Publish failed
W (221745) TRANSPORT: No transport connected for broadcast
W (221745) MSG: Broadcast failed, falling back to MQTT
E (221746) MQTT: Publish failed
I (221748) CMD_U0: waiting for pending UART response ch=8 before next command
E (221770) MQTT: Publish failed
W (221770) TRANSPORT: No transport connected for broadcast
W (221770) MSG: Broadcast failed, falling back to MQTT
E (221771) MQTT: Publish failed
I (221774) CMD_U0: waiting for pending UART response ch=8 before next command
E (221795) MQTT: Publish failed
W (221796) TRANSPORT: No transport connected for broadcast
W (221797) MSG: Broadcast failed, falling back to MQTT
E (221797) MQTT: Publish failed
I (221800) CMD_U0: waiting for pending UART response ch=8 before next command
E (221810) MQTT: Publish failed
W (221810) TRANSPORT: No transport connected for broadcast
W (221810) MSG: Broadcast failed, falling back to MQTT
E (221811) MQTT: Publish failed
I (221821) CMD_U0: waiting for pending UART response ch=8 before next command
I (221842) CMD_U0: waiting for pending UART response ch=8 before next command
I (221863) CMD_U0: waiting for pending UART response ch=8 before next command
I (221891) CMD_U0: waiting for pending UART response ch=8 before next command
I (221916) CMD_U0: waiting for pending UART response ch=8 before next command
I (221937) CMD_U0: waiting for pending UART response ch=8 before next command
I (221958) CMD_U0: waiting for pending UART response ch=8 before next command
I (221979) CMD_U0: waiting for pending UART response ch=8 before next command
I (222005) CMD_U0: waiting for pending UART response ch=8 before next command
I (222031) CMD_U0: waiting for pending UART response ch=8 before next command
I (222057) CMD_U0: waiting for pending UART response ch=8 before next command
I (222084) CMD_U0: waiting for pending UART response ch=8 before next command
I (222109) CMD_U0: waiting for pending UART response ch=8 before next command
I (222130) CMD_U0: waiting for pending UART response ch=8 before next command
I (222151) CMD_U0: waiting for pending UART response ch=8 before next command
I (222172) CMD_U0: waiting for pending UART response ch=8 before next command
I (222198) CMD_U0: waiting for pending UART response ch=8 before next command
I (222224) CMD_U0: waiting for pending UART response ch=8 before next command
W (222237) RX_TASK: RX timeout slot1 type=1 reqID=0 (1001ms)
I (222250) CMD_U0: waiting for pending UART response ch=8 before next command
I (222276) CMD_U1: waiting for pending UART response ch=9 before next command
I (222277) CMD_U0: waiting for pending UART response ch=8 before next command
I (222302) CMD_U0: waiting for pending UART response ch=8 before next command
I (222324) CMD_U0: waiting for pending UART response ch=8 before next command
I (222344) CMD_U0: waiting for pending UART response ch=8 before next command
I (222365) CMD_U0: waiting for pending UART response ch=8 before next command
I (222391) CMD_U0: waiting for pending UART response ch=8 before next command
I (222417) CMD_U0: waiting for pending UART response ch=8 before next command
I (222443) CMD_U0: waiting for pending UART response ch=8 before next command
I (222469) CMD_U0: waiting for pending UART response ch=8 before next command
I (222495) CMD_U0: waiting for pending UART response ch=8 before next command
I (222516) CMD_U0: waiting for pending UART response ch=8 before next command
I (222537) CMD_U0: waiting for pending UART response ch=8 before next command
I (222563) CMD_U0: waiting for pending UART response ch=8 before next command
I (222589) CMD_U0: waiting for pending UART response ch=8 before next command
I (222615) CMD_U0: waiting for pending UART response ch=8 before next command
E (222637) MQTT: Publish failed
W (222637) TRANSPORT: No transport connected for broadcast
W (222637) MSG: Broadcast failed, falling back to MQTT
E (222638) MQTT: Publish failed
I (222641) CMD_U0: waiting for pending UART response ch=8 before next command
E (222662) MQTT: Publish failed
W (222662) TRANSPORT: No transport connected for broadcast
W (222662) MSG: Broadcast failed, falling back to MQTT
E (222663) MQTT: Publish failed
I (222667) CMD_U0: waiting for pending UART response ch=8 before next command
E (222688) MQTT: Publish failed
W (222688) TRANSPORT: No transport connected for broadcast
W (222688) MSG: Broadcast failed, falling back to MQTT
E (222689) MQTT: Publish failed
I (222693) CMD_U0: waiting for pending UART response ch=8 before next command
E (222713) MQTT: Publish failed
W (222713) TRANSPORT: No transport connected for broadcast
W (222713) MSG: Broadcast failed, falling back to MQTT
E (222714) MQTT: Publish failed
I (222714) CMD_U0: waiting for pending UART response ch=8 before next command
E (222733) MQTT: Publish failed
W (222733) TRANSPORT: No transport connected for broadcast
W (222733) MSG: Broadcast failed, falling back to MQTT
E (222734) MQTT: Publish failed
I (222735) CMD_U0: waiting for pending UART response ch=8 before next command
E (222759) MQTT: Publish failed
W (222759) TRANSPORT: No transport connected for broadcast
W (222759) MSG: Broadcast failed, falling back to MQTT
E (222760) MQTT: Publish failed
I (222761) CMD_U0: waiting for pending UART response ch=8 before next command
E (222784) MQTT: Publish failed
W (222784) TRANSPORT: No transport connected for broadcast
W (222784) MSG: Broadcast failed, falling back to MQTT
E (222785) MQTT: Publish failed
I (222787) CMD_U0: waiting for pending UART response ch=8 before next command
E (222809) MQTT: Publish failed
W (222809) TRANSPORT: No transport connected for broadcast
W (222809) MSG: Broadcast failed, falling back to MQTT
E (222810) MQTT: Publish failed
E (222810) MQTT: Publish failed
W (222810) TRANSPORT: No transport connected for broadcast
W (222810) MSG: Broadcast failed, falling back to MQTT
E (222810) MQTT: Publish failed
I (222813) CMD_U0: waiting for pending UART response ch=8 before next command
E (222835) MQTT: Publish failed
W (222835) TRANSPORT: No transport connected for broadcast
W (222835) MSG: Broadcast failed, falling back to MQTT
E (222836) MQTT: Publish failed
I (222839) CMD_U0: waiting for pending UART response ch=8 before next command
E (222860) MQTT: Publish failed
W (222860) TRANSPORT: No transport connected for broadcast
W (222860) MSG: Broadcast failed, falling back to MQTT
E (222861) MQTT: Publish failed
I (222865) CMD_U0: waiting for pending UART response ch=8 before next command
E (222885) MQTT: Publish failed
W (222885) TRANSPORT: No transport connected for broadcast
W (222885) MSG: Broadcast failed, falling back to MQTT
E (222886) MQTT: Publish failed
I (222886) CMD_U0: waiting for pending UART response ch=8 before next command
E (222906) MQTT: Publish failed
W (222906) TRANSPORT: No transport connected for broadcast
W (222906) MSG: Broadcast failed, falling back to MQTT
E (222907) MQTT: Publish failed
I (222907) CMD_U0: waiting for pending UART response ch=8 before next command
E (222931) MQTT: Publish failed
W (222931) TRANSPORT: No transport connected for broadcast
W (222931) MSG: Broadcast failed, falling back to MQTT
E (222932) MQTT: Publish failed
I (222933) CMD_U0: waiting for pending UART response ch=8 before next command
E (222956) MQTT: Publish failed
W (222956) TRANSPORT: No transport connected for broadcast
W (222956) MSG: Broadcast failed, falling back to MQTT
E (222957) MQTT: Publish failed
I (222959) CMD_U0: waiting for pending UART response ch=8 before next command
E (222982) MQTT: Publish failed
W (222982) TRANSPORT: No transport connected for broadcast
W (222982) MSG: Broadcast failed, falling back to MQTT
E (222983) MQTT: Publish failed
I (222985) CMD_U0: waiting for pending UART response ch=8 before next command
E (223005) MQTT: Publish failed
W (223005) TRANSPORT: No transport connected for broadcast
W (223006) MSG: Broadcast failed, falling back to MQTT
E (223006) MQTT: Publish failed
E (223007) MQTT: Publish failed
W (223007) TRANSPORT: No transport connected for broadcast
W (223007) MSG: Broadcast failed, falling back to MQTT
E (223008) MQTT: Publish failed
I (223011) CMD_U0: waiting for pending UART response ch=8 before next command
I (223032) CMD_U0: waiting for pending UART response ch=8 before next command
E (223032) MQTT: Publish failed
W (223032) TRANSPORT: No transport connected for broadcast
W (223033) MSG: Broadcast failed, falling back to MQTT
E (223033) MQTT: Publish failed
E (223053) MQTT: Publish failed
W (223053) TRANSPORT: No transport connected for broadcast
W (223053) MSG: Broadcast failed, falling back to MQTT
E (223054) MQTT: Publish failed
I (223057) CMD_U0: waiting for pending UART response ch=8 before next command
I (223078) CMD_U0: waiting for pending UART response ch=8 before next command
E (223078) MQTT: Publish failed
W (223078) TRANSPORT: No transport connected for broadcast
W (223079) MSG: Broadcast failed, falling back to MQTT
E (223079) MQTT: Publish failed
E (223098) MQTT: Publish failed
W (223098) TRANSPORT: No transport connected for broadcast
W (223099) MSG: I (223099) CMD_U0: waiting for pending UART response ch=8 before next command
Broadcast failed, falling back to MQTT
E (223099) MQTT: Publish failed
E (223119) MQTT: Publish failed
W (223119) TRANSPORT: No transport connected for broadcast
W (223119) MSG: Broadcast failed, falling back to MQTT
E (223120) MQTT: Publish failed
I (223124) CMD_U0: waiting for pending UART response ch=8 before next command
E (223144) MQTT: Publish failed
W (223144) TRANSPORT: No transport connected for broadcast
W (223144) MSG: Broadcast failed, falling back to MQTT
E (223145) MQTT: Publish failed
I (223145) CMD_U0: waiting for pending UART response ch=8 before next command
E (223164) MQTT: Publish failed
W (223164) TRANSPORT: No transport connected for broadcast
W (223165) MSG: Broadcast failed, falling back to MQTT
E (223165) MQTT: Publish failed
I (223166) CMD_U0: waiting for pending UART response ch=8 before next command
I (223193) CMD_U0: waiting for pending UART response ch=8 before next command
I (223218) CMD_U0: waiting for pending UART response ch=8 before next command
I (223244) CMD_U0: waiting for pending UART response ch=8 before next command
W (223260) RX_TASK: RX timeout slot1 type=1 reqID=0 (1001ms)
I (223270) CMD_U0: waiting for pending UART response ch=8 before next command
I (223278) CMD_U1: waiting for pending UART response ch=9 before next command
I (223291) CMD_U0: waiting for pending UART response ch=8 before next command
I (223313) CMD_U0: waiting for pending UART response ch=8 before next command
I (223334) CMD_U0: waiting for pending UART response ch=8 before next command
I (223360) CMD_U0: waiting for pending UART response ch=8 before next command
I (223386) CMD_U0: waiting for pending UART response ch=8 before next command
I (223411) CMD_U0: waiting for pending UART response ch=8 before next command
I (223438) CMD_U0: waiting for pending UART response ch=8 before next command
I (223464) CMD_U0: waiting for pending UART response ch=8 before next command
I (223489) CMD_U0: waiting for pending UART response ch=8 before next command
I (223515) CMD_U0: waiting for pending UART response ch=8 before next command
I (223536) CMD_U0: waiting for pending UART response ch=8 before next command
I (223558) CMD_U0: waiting for pending UART response ch=8 before next command
I (223584) CMD_U0: waiting for pending UART response ch=8 before next command
I (223610) CMD_U0: waiting for pending UART response ch=8 before next command
I (223636) CMD_U0: waiting for pending UART response ch=8 before next command
I (223657) CMD_U0: waiting for pending UART response ch=8 before next command
I (223678) CMD_U0: waiting for pending UART response ch=8 before next command
I (223700) CMD_U0: waiting for pending UART response ch=8 before next command
I (223726) CMD_U0: waiting for pending UART response ch=8 before next command
I (223753) CMD_U0: waiting for pending UART response ch=8 before next command
I (223775) CMD_U0: waiting for pending UART response ch=8 before next command
I (223801) CMD_U0: waiting for pending UART response ch=8 before next command
I (223827) CMD_U0: waiting for pending UART response ch=8 before next command
I (223853) CMD_U0: waiting for pending UART response ch=8 before next command
I (223879) CMD_U0: waiting for pending UART response ch=8 before next command
I (223905) CMD_U0: waiting for pending UART response ch=8 before next command
I (223931) CMD_U0: waiting for pending UART response ch=8 before next command
I (223957) CMD_U0: waiting for pending UART response ch=8 before next command
I (223978) CMD_U0: waiting for pending UART response ch=8 before next command
I (223998) CMD_U0: waiting for pending UART response ch=8 before next command
I (224019) CMD_U0: waiting for pending UART response ch=8 before next command
I (224040) CMD_U0: waiting for pending UART response ch=8 before next command
I (224066) CMD_U0: waiting for pending UART response ch=8 before next command
I (224092) CMD_U0: waiting for pending UART response ch=8 before next command
I (224118) CMD_U0: waiting for pending UART response ch=8 before next command
I (224144) CMD_U0: waiting for pending UART response ch=8 before next command
I (224170) CMD_U0: waiting for pending UART response ch=8 before next command
I (224191) CMD_U0: waiting for pending UART response ch=8 before next command
I (224216) CMD_U0: waiting for pending UART response ch=8 before next command
I (224237) CMD_U0: waiting for pending UART response ch=8 before next command
I (224258) CMD_U0: waiting for pending UART response ch=8 before next command
W (224262) RX_TASK: RX timeout slot1 type=1 reqID=0 (1001ms)
I (224284) CMD_U0: waiting for pending UART response ch=8 before next command
I (224301) CMD_U1: waiting for pending UART response ch=9 before next command
I (224310) CMD_U0: waiting for pending UART response ch=8 before next command
I (224336) CMD_U0: waiting for pending UART response ch=8 before next command
I (224362) CMD_U0: waiting for pending UART response ch=8 before next command
I (224388) CMD_U0: waiting for pending UART response ch=8 before next command
I (224414) CMD_U0: waiting for pending UART response ch=8 before next command
I (224435) CMD_U0: waiting for pending UART response ch=8 before next command
I (224456) CMD_U0: waiting for pending UART response ch=8 before next command
I (224482) CMD_U0: waiting for pending UART response ch=8 before next command
I (224508) CMD_U0: waiting for pending UART response ch=8 before next command
I (224534) CMD_U0: waiting for pending UART response ch=8 before next command
I (224560) CMD_U0: waiting for pending UART response ch=8 before next command
I (224586) CMD_U0: waiting for pending UART response ch=8 before next command
I (224607) CMD_U0: waiting for pending UART response ch=8 before next command
I (224628) CMD_U0: waiting for pending UART response ch=8 before next command
I (224654) CMD_U0: waiting for pending UART response ch=8 before next command
I (224680) CMD_U0: waiting for pending UART response ch=8 before next command
E (224703) MQTT: Publish failed
W (224703) TRANSPORT: No transport connected for broadcast
W (224703) MSG: Broadcast failed, falling back to MQTT
E (224704) MQTT: Publish failed
I (224706) CMD_U0: waiting for pending UART response ch=8 before next command
E (224728) MQTT: Publish failed
W (224728) TRANSPORT: No transport connected for broadcast
W (224728) MSG: Broadcast failed, falling back to MQTT
E (224729) MQTT: Publish failed
I (224732) CMD_U0: waiting for pending UART response ch=8 before next command
E (224753) MQTT: Publish failed
W (224753) TRANSPORT: No transport connected for broadcast
W (224753) MSG: Broadcast failed, falling back to MQTT
E (224754) MQTT: Publish failed
I (224758) CMD_U0: waiting for pending UART response ch=8 before next command
E (224779) MQTT: Publish failed
W (224779) TRANSPORT: No transport connected for broadcast
W (224779) MSG: Broadcast failed, falling back to MQTT
E (224780) MQTT: Publish failed
I (224784) CMD_U0: waiting for pending UART response ch=8 before next command
E (224804) MQTT: Publish failed
W (224804) TRANSPORT: No transport connected for broadcast
W (224804) MSG: Broadcast failed, falling back to MQTT
E (224805) MQTT: Publish failed
I (224805) CMD_U0: waiting for pending UART response ch=8 before next command
E (224810) MQTT: Publish failed
W (224810) TRANSPORT: No transport connected for broadcast
W (224810) MSG: Broadcast failed, falling back to MQTT
E (224811) MQTT: Publish failed
I (224819) RX_TASK: Stats: events=409 completions=418 report_drop=0 report_q_high=2
E (224830) MQTT: Publish failed
W (224831) TRANSPORT: No transport connected for broadcast
W (224831) MSG: Broadcast failed, falling back to MQTT
E (224832) MQTT: I (224832) CMD_U0: waiting for pending UART response ch=8 before next command
Publish failed
I (224858) CMD_U0: waiting for pending UART response ch=8 before next command
I (224885) CMD_U0: waiting for pending UART response ch=8 before next command
I (224911) CMD_U0: waiting for pending UART response ch=8 before next command
I (224936) CMD_U0: waiting for pending UART response ch=8 before next command
I (224962) CMD_U0: waiting for pending UART response ch=8 before next command
I (224983) CMD_U0: waiting for pending UART response ch=8 before next command
I (225004) CMD_U0: waiting for pending UART response ch=8 before next command
I (225030) CMD_U0: waiting for pending UART response ch=8 before next command
I (225056) CMD_U0: waiting for pending UART response ch=8 before next command
I (225083) CMD_U0: waiting for pending UART response ch=8 before next command
I (225105) CMD_U0: waiting for pending UART response ch=8 before next command
I (225132) CMD_U0: waiting for pending UART response ch=8 before next command
I (225157) CMD_U0: waiting for pending UART response ch=8 before next command
I (225183) CMD_U0: waiting for pending UART response ch=8 before next command
I (225209) CMD_U0: waiting for pending UART response ch=8 before next command
I (225231) CMD_U0: waiting for pending UART response ch=8 before next command
I (225251) CMD_U0: waiting for pending UART response ch=8 before next command
I (225272) CMD_U0: waiting for pending UART response ch=8 before next command
W (225285) RX_TASK: RX timeout slot1 type=1 reqID=0 (1001ms)
I (225293) CMD_U0: waiting for pending UART response ch=8 before next command
I (225319) CMD_U0: waiting for pending UART response ch=8 before next command
I (225324) CMD_U1: waiting for pending UART response ch=9 before next command
I (225345) CMD_U0: waiting for pending UART response ch=8 before next command
I (225372) CMD_U0: waiting for pending UART response ch=8 before next command
I (225397) CMD_U0: waiting for pending UART response ch=8 before next command
I (225418) CMD_U0: waiting for pending UART response ch=8 before next command
I (225440) CMD_U0: waiting for pending UART response ch=8 before next command
I (225460) CMD_U0: waiting for pending UART response ch=8 before next command
I (225487) CMD_U0: waiting for pending UART response ch=8 before next command
I (225514) CMD_U0: waiting for pending UART response ch=8 before next command
I (225540) CMD_U0: waiting for pending UART response ch=8 before next command
I (225565) CMD_U0: waiting for pending UART response ch=8 before next command
I (225586) CMD_U0: waiting for pending UART response ch=8 before next command
I (225607) CMD_U0: waiting for pending UART response ch=8 before next command
I (225633) CMD_U0: waiting for pending UART response ch=8 before next command
I (225659) CMD_U0: waiting for pending UART response ch=8 before next command
I (225685) CMD_U0: waiting for pending UART response ch=8 before next command
I (225711) CMD_U0: waiting for pending UART response ch=8 before next command
I (225737) CMD_U0: waiting for pending UART response ch=8 before next command
I (225758) CMD_U0: waiting for pending UART response ch=8 before next command
I (225779) CMD_U0: waiting for pending UART response ch=8 before next command
I (225805) CMD_U0: waiting for pending UART response ch=8 before next command
I (225831) CMD_U0: waiting for pending UART response ch=8 before next command
I (225857) CMD_U0: waiting for pending UART response ch=8 before next command
I (225883) CMD_U0: waiting for pending UART response ch=8 before next command
I (225909) CMD_U0: waiting for pending UART response ch=8 before next command
I (225935) CMD_U0: waiting for pending UART response ch=8 before next command
I (225956) CMD_U0: waiting for pending UART response ch=8 before next command
I (225977) CMD_U0: waiting for pending UART response ch=8 before next command
I (226003) CMD_U0: waiting for pending UART response ch=8 before next command
I (226029) CMD_U0: waiting for pending UART response ch=8 before next command
I (226055) CMD_U0: waiting for pending UART response ch=8 before next command
I (226081) CMD_U0: waiting for pending UART response ch=8 before next command
I (226107) CMD_U0: waiting for pending UART response ch=8 before next command
I (226133) CMD_U0: waiting for pending UART response ch=8 before next command
I (226154) CMD_U0: waiting for pending UART response ch=8 before next command
I (226175) CMD_U0: Stats: txn=410 err=0 (100%) no_ctx=0
I (226176) CMD_U0: waiting for pending UART response ch=8 before next command
I (226201) CMD_U0: waiting for pending UART response ch=8 before next command
I (226227) CMD_U0: waiting for pending UART response ch=8 before next command
I (226253) CMD_U0: waiting for pending UART response ch=8 before next command
I (226279) CMD_U0: waiting for pending UART response ch=8 before next command
I (226305) CMD_U0: waiting for pending UART response ch=8 before next command
W (226308) RX_TASK: RX timeout slot1 type=1 reqID=0 (1001ms)
I (226326) CMD_U0: waiting for pending UART response ch=8 before next command
E (226346) MQTT: Publish failed
W (226346) TRANSPORT: No transport connected for broadcast
W (226346) MSG: Broadcast failed, falling back to MQTT
I (226347) CMD_U1: E (226347) MQTT: waiting for pending UART response ch=9 before next command
Publish failed
I (226348) CMD_U0: waiting for pending UART response ch=8 before next command
E (226371) MQTT: Publish failed
W (226371) TRANSPORT: No transport connected for broadcast
W (226371) MSG: Broadcast failed, falling back to MQTT
E (226372) MQTT: Publish failed
I (226373) CMD_U0: waiting for pending UART response ch=8 before next command
E (226396) MQTT: Publish failed
W (226396) TRANSPORT: No transport connected for broadcast
W (226396) MSG: Broadcast failed, falling back to MQTT
E (226397) MQTT: Publish failed
I (226399) CMD_U0: waiting for pending UART response ch=8 before next command
E (226422) MQTT: Publish failed
W (226422) TRANSPORT: No transport connected for broadcast
W (226422) MSG: Broadcast failed, falling back to MQTT
E (226423) MQTT: Publish failed
I (226425) CMD_U0: waiting for pending UART response ch=8 before next command
E (226447) MQTT: Publish failed
W (226447) TRANSPORT: No transport connected for broadcast
W (226447) MSG: Broadcast failed, falling back to MQTT
E (226448) MQTT: Publish failed
I (226451) CMD_U0: waiting for pending UART response ch=8 before next command
E (226472) MQTT: Publish failed
W (226472) TRANSPORT: No transport connected for broadcast
W (226472) MSG: Broadcast failed, falling back to MQTT
E (226473) MQTT: Publish failed
I (226477) CMD_U0: waiting for pending UART response ch=8 before next command
E (226498) MQTT: Publish failed
W (226498) TRANSPORT: No transport connected for broadcast
W (226499) MSG: Broadcast failed, falling back to MQTTI (226499) CMD_U0: 
waiting for pending UART response ch=8 before next command
E (226499) MQTT: Publish failed
E (226518) MQTT: Publish failed
W (226518) TRANSPORT: No transport connected for broadcast
W (226518) MSG: Broadcast failed, falling back to MQTT
E (226519) MQTT: Publish failed
I (226519) CMD_U0: waiting for pending UART response ch=8 before next command
E (226543) MQTT: Publish failed
W (226543) TRANSPORT: No transport connected for broadcast
W (226544) MSG: Broadcast failed, falling back to MQTT
E (226544) MQTT: Publish failed
I (226545) CMD_U0: waiting for pending UART response ch=8 before next command
I (226571) CMD_U0: waiting for pending UART response ch=8 before next command
I (226597) CMD_U0: waiting for pending UART response ch=8 before next command
I (226624) CMD_U0: waiting for pending UART response ch=8 before next command
I (226650) CMD_U0: waiting for pending UART response ch=8 before next command
I (226671) CMD_U0: waiting for pending UART response ch=8 before next command
I (226697) CMD_U0: waiting for pending UART response ch=8 before next command
I (226723) CMD_U0: waiting for pending UART response ch=8 before next command
I (226749) CMD_U0: waiting for pending UART response ch=8 before next command
I (226775) CMD_U0: waiting for pending UART response ch=8 before next command
I (226801) CMD_U0: waiting for pending UART response ch=8 before next command
I (226822) CMD_U0: waiting for pending UART response ch=8 before next command
I (226847) CMD_U0: waiting for pending UART response ch=8 before next command
I (226868) CMD_U0: waiting for pending UART response ch=8 before next command
E (226888) MQTT: Publish failed
W (226888) TRANSPORT: No transport connected for broadcast
W (226888) MSG: Broadcast failed, falling back to MQTT
E (226889) MQTT: Publish failed
I (226893) CMD_U0: waiting for pending UART response ch=8 before next command
E (226914) MQTT: Publish failed
W (226914) TRANSPORT: No transport connected for broadcast
W (226914) MSG: Broadcast failed, falling back to MQTT
E (226915) MQTT: Publish failed
I (226919) CMD_U0: waiting for pending UART response ch=8 before next command
E (226939) MQTT: Publish failed
W (226939) TRANSPORT: No transport connected for broadcast
W (226939) MSG: Broadcast failed, falling back to MQTT
E (226940) MQTT: Publish failed
I (226940) CMD_U0: waiting for pending UART response ch=8 before next command
E (226964) MQTT: Publish failed
W (226964) TRANSPORT: No transport connected for broadcast
W (226964) MSG: Broadcast failed, falling back to MQTT
E (226965) MQTT: Publish failed
I (226966) CMD_U0: waiting for pending UART response ch=8 before next command
E (226990) MQTT: Publish failed
W (226990) TRANSPORT: No transport connected for broadcast
W (226990) MSG: Broadcast failed, falling back to MQTT
E (226991) MQTT: Publish failed
I (226992) CMD_U0: waiting for pending UART response ch=8 before next command
E (227015) MQTT: Publish failed
W (227015) TRANSPORT: No transport connected for broadcast
W (227015) MSG: Broadcast failed, falling back to MQTT
E (227016) MQTT: Publish failed
I (227018) CMD_U0: waiting for pending UART response ch=8 before next command
E (227020) MQTT: Publish failed
W (227021) TRANSPORT: No transport connected for broadcast
W (227021) MSG: Broadcast failed, falling back to MQTT
E (227021) MQTT: Publish failed
E (227040) MQTT: Publish failed
W (227040) TRANSPORT: No transport connected for broadcast
W (227040) MSG: Broadcast failed, falling back to MQTT
E (227041) MQTT: Publish failed
I (227044) CMD_U0: waiting for pending UART response ch=8 before next command
E (227065) MQTT: Publish failed
W (227065) TRANSPORT: No transport connected for broadcast
W (227065) MSG: Broadcast failed, falling back to MQTT
E (227066) MQTT: Publish failed
I (227070) CMD_U0: waiting for pending UART response ch=8 before next command
E (227091) MQTT: Publish failed
W (227091) TRANSPORT: No transport connected for broadcast
W (227091) MSG: Broadcast failed, falling back to MQTT
E (227092) MQTT: Publish failed
I (227096) CMD_U0: waiting for pending UART response ch=8 before next command
E (227116) MQTT: Publish failed
W (227116) TRANSPORT: No transport connected for broadcast
W (227116) MSG: Broadcast failed, falling back to MQTT
E (227117) MQTT: Publish failed
I (227117) CMD_U0: waiting for pending UART response ch=8 before next command
E (227136) MQTT: Publish failed
W (227136) TRANSPORT: No transport connected for broadcast
W (227136) MSG: Broadcast failed, falling back to MQTT
E (227137) MQTT: Publish failed
I (227138) CMD_U0: waiting for pending UART response ch=8 before next command
E (227162) MQTT: Publish failed
W (227162) TRANSPORT: No transport connected for broadcast
W (227162) MSG: Broadcast failed, falling back to MQTT
E (227163) MQTT: Publish failed
I (227164) CMD_U0: waiting for pending UART response ch=8 before next command
E (227187) MQTT: Publish failed
W (227187) TRANSPORT: No transport connected for broadcast
W (227187) MSG: Broadcast failed, falling back to MQTT
E (227188) MQTT: Publish failed
I (227190) CMD_U0: waiting for pending UART response ch=8 before next command
E (227212) MQTT: Publish failed
W (227212) TRANSPORT: No transport connected for broadcast
W (227212) MSG: Broadcast failed, falling back to MQTT
E (227213) MQTT: Publish failed
I (227216) CMD_U0: waiting for pending UART response ch=8 before next command
E (227238) MQTT: Publish failed
W (227238) TRANSPORT: No transport connected for broadcast
W (227238) MSG: Broadcast failed, falling back to MQTT
E (227239) MQTT: Publish failed
I (227242) CMD_U0: waiting for pending UART response ch=8 before next command
E (227263) MQTT: Publish failed
W (227263) TRANSPORT: No transport connected for broadcast
W (227263) MSG: Broadcast failed, falling back to MQTT
E (227264) MQTT: Publish failed
I (227268) CMD_U0: waiting for pending UART response ch=8 before next command
E (227288) MQTT: Publish failed
W (227288) TRANSPORT: No transport connected for broadcast
W (227288) MSG: Broadcast failed, falling back to MQTT
E (227289) MQTT: Publish failed
I (227290) CMD_U0: waiting for pending UART response ch=8 before next command
E (227309) MQTT: Publish failed
W (227309) TRANSPORT: No transport connected for broadcast
W (227309) MSG: Broadcast failed, falling back to MQTT
E (227310) MQTT: Publish failed
I (227310) CMD_U0: waiting for pending UART response ch=8 before next command
W (227331) RX_TASK: RX timeout slot1 type=1 reqID=0 (1001ms)
E (227331) MQTT: Publish failed
W (227331) TRANSPORT: No transport connected for broadcast
W (227332) MSG: Broadcast failed, falling back to MQTT
E (227332) MQTT: Publish failed
E (227334) MQTT: Publish failed
W (227334) TRANSPORT: No transport connected for broadcast
W (227334) MSG: Broadcast failed, falling back to MQTT
E (227334) MQTT: Publish failed
I (227336) CMD_U0: waiting for pending UART response ch=8 before next command
E (227360) MQTT: Publish failed
W (227360) TRANSPORT: No transport connected for broadcast
W (227360) MSG: Broadcast failed, falling back to MQTT
E (227361) MQTT: Publish failed
I (227362) CMD_U0: waiting for pending UART response ch=8 before next command
I (227370) CMD_U1: Stats: txn=10 err=0 (100%) no_ctx=0
I (227370) CMD_U1: waiting for pending UART response ch=9 before next command
E (227385) MQTT: Publish failed
W (227385) TRANSPORT: No transport connected for broadcast
W (227385) MSG: Broadcast failed, falling back to MQTT
E (227386) MQTT: Publish failed
I (227388) CMD_U0: waiting for pending UART response ch=8 before next command
E (227410) MQTT: Publish failed
W (227410) TRANSPORT: No transport connected for broadcast
W (227410) MSG: Broadcast failed, falling back to MQTT
E (227411) MQTT: Publish failed
I (227414) CMD_U0: waiting for pending UART response ch=8 before next command
E (227436) MQTT: Publish failed
W (227436) TRANSPORT: No transport connected for broadcast
W (227436) MSG: Broadcast failed, falling back to MQTT
E (227437) MQTT: Publish failed
I (227440) CMD_U0: waiting for pending UART response ch=8 before next command
I (227461) CMD_U0: waiting for pending UART response ch=8 before next command
E (227461) MQTT: Publish failed
W (227461) TRANSPORT: No transport connected for broadcast
W (227462) MSG: Broadcast failed, falling back to MQTT
E (227462) MQTT: Publish failed
I (227481) CMD_U0: waiting for pending UART response ch=8 before next command
E (227481) MQTT: Publish failed
W (227482) TRANSPORT: No transport connected for broadcast
W (227482) MSG: Broadcast failed, falling back to MQTT
E (227482) MQTT: Publish failed
E (227502) MQTT: Publish failed
W (227502) TRANSPORT: No transport connected for broadcast
W (227502) MSG: Broadcast failed, falling back to MQTT
E (227503) MQTT: Publish failed
I (227506) CMD_U0: waiting for pending UART response ch=8 before next command
E (227527) MQTT: Publish failed
W (227527) TRANSPORT: No transport connected for broadcast
W (227527) MSG: Broadcast failed, falling back to MQTT
E (227528) MQTT: Publish failed
I (227532) CMD_U0: waiting for pending UART response ch=8 before next command
E (227552) MQTT: Publish failed
W (227552) TRANSPORT: No transport connected for broadcast
W (227552) MSG: Broadcast failed, falling back to MQTT
E (227553) MQTT: Publish failed
I (227553) CMD_U0: waiting for pending UART response ch=8 before next command
E (227572) MQTT: Publish failed
W (227572) TRANSPORT: No transport connected for broadcast
W (227572) MSG: Broadcast failed, falling back to MQTT
E (227573) MQTT: Publish failed
I (227574) CMD_U0: waiting for pending UART response ch=8 before next command
E (227598) MQTT: Publish failed
W (227598) TRANSPORT: No transport connected for broadcast
W (227598) MSG: Broadcast failed, falling back to MQTT
E (227599) MQTT: Publish failed
I (227600) CMD_U0: waiting for pending UART response ch=8 before next command
E (227623) MQTT: Publish failed
W (227623) TRANSPORT: No transport connected for broadcast
W (227623) MSG: Broadcast failed, falling back to MQTT
E (227624) MQTT: Publish failed
I (227626) CMD_U0: waiting for pending UART response ch=8 before next command
E (227648) MQTT: Publish failed
W (227648) TRANSPORT: No transport connected for broadcast
W (227648) MSG: Broadcast failed, falling back to MQTT
E (227649) MQTT: Publish failed
I (227652) CMD_U0: waiting for pending UART response ch=8 before next command
E (227675) MQTT: Publish failed
W (227675) TRANSPORT: No transport connected for broadcast
W (227676) MSG: Broadcast failed, falling back to MQTT
E (227676) MQTT: Publish failed
I (227678) CMD_U0: waiting for pending UART response ch=8 before next command
I (227699) CMD_U0: waiting for pending UART response ch=8 before next command
I (227720) CMD_U0: waiting for pending UART response ch=8 before next command
I (227741) CMD_U0: waiting for pending UART response ch=8 before next command
I (227767) CMD_U0: waiting for pending UART response ch=8 before next command
I (227794) CMD_U0: waiting for pending UART response ch=8 before next command
I (227819) CMD_U0: waiting for pending UART response ch=8 before next command
I (227845) CMD_U0: waiting for pending UART response ch=8 before next command
I (227871) CMD_U0: waiting for pending UART response ch=8 before next command
I (227897) CMD_U0: waiting for pending UART response ch=8 before next command
I (227918) CMD_U0: waiting for pending UART response ch=8 before next command
I (227939) CMD_U0: waiting for pending UART response ch=8 before next command
I (227965) CMD_U0: waiting for pending UART response ch=8 before next command
I (227992) CMD_U0: waiting for pending UART response ch=8 before next command
I (228017) CMD_U0: waiting for pending UART response ch=8 before next command
I (228043) CMD_U0: waiting for pending UART response ch=8 before next command
I (228064) CMD_U0: waiting for pending UART response ch=8 before next command
I (228085) CMD_U0: waiting for pending UART response ch=8 before next command
I (228106) CMD_U0: waiting for pending UART response ch=8 before next command
I (228132) CMD_U0: waiting for pending UART response ch=8 before next command
I (228158) CMD_U0: waiting for pending UART response ch=8 before next command
I (228184) CMD_U0: waiting for pending UART response ch=8 before next command
I (228210) CMD_U0: waiting for pending UART response ch=8 before next command
I (228236) CMD_U0: waiting for pending UART response ch=8 before next command
I (228257) CMD_U0: waiting for pending UART response ch=8 before next command
I (228282) CMD_U0: waiting for pending UART response ch=8 before next command
I (228308) CMD_U0: waiting for pending UART response ch=8 before next command
I (228329) CMD_U0: waiting for pending UART response ch=8 before next command
I (228350) CMD_U0: waiting for pending UART response ch=8 before next command
W (228354) RX_TASK: RX timeout slot1 type=1 reqID=0 (1001ms)
I (228376) CMD_U0: waiting for pending UART response ch=8 before next command
I (228394) CMD_U1: waiting for pending UART response ch=9 before next command
I (228402) CMD_U0: waiting for pending UART response ch=8 before next command
I (228428) CMD_U0: waiting for pending UART response ch=8 before next command
E (228450) MQTT: Publish failed
W (228450) TRANSPORT: No transport connected for broadcast
W (228450) MSG: Broadcast failed, falling back to MQTT
E (228451) MQTT: Publish failed
I (228454) CMD_U0: waiting for pending UART response ch=8 before next command
E (228475) MQTT: Publish failed
W (228475) TRANSPORT: No transport connected for broadcast
W (228475) MSG: Broadcast failed, falling back to MQTT
E (228476) MQTT: Publish failed
I (228480) CMD_U0: waiting for pending UART response ch=8 before next command
E (228500) MQTT: Publish failed
W (228500) TRANSPORT: No transport connected for broadcast
W (228500) MSG: Broadcast failed, falling back to MQTT
E (228501) MQTT: Publish failed
I (228501) CMD_U0: waiting for pending UART response ch=8 before next command
E (228521) MQTT: Publish failed
W (228521) TRANSPORT: No transport connected for broadcast
W (228521) MSG: Broadcast failed, falling back to MQTT
E (228522) MQTT: Publish failed
I (228522) CMD_U0: waiting for pending UART response ch=8 before next command
E (228546) MQTT: Publish failed
W (228546) TRANSPORT: No transport connected for broadcast
W (228546) MSG: Broadcast failed, falling back to MQTT
E (228547) MQTT: Publish failed
I (228548) CMD_U0: waiting for pending UART response ch=8 before next command
E (228571) MQTT: Publish failed
W (228571) TRANSPORT: No transport connected for broadcast
W (228571) MSG: Broadcast failed, falling back to MQTT
E (228572) MQTT: Publish failed
I (228574) CMD_U0: waiting for pending UART response ch=8 before next command
E (228598) MQTT: Publish failed
W (228598) TRANSPORT: No transport connected for broadcast
W (228598) MSG: Broadcast failed, falling back to MQTT
E (228599) MQTT: Publish failed
I (228600) CMD_U0: waiting for pending UART response ch=8 before next command
E (228622) MQTT: Publish failed
W (228622) TRANSPORT: No transport connected for broadcast
W (228622) MSG: Broadcast failed, falling back to MQTT
E (228623) MQTT: Publish failed
I (228626) CMD_U0: waiting for pending UART response ch=8 before next command
E (228647) MQTT: Publish failed
W (228647) TRANSPORT: No transport connected for broadcast
W (228647) MSG: Broadcast failed, falling back to MQTT
E (228648) MQTT: Publish failed
I (228652) CMD_U0: waiting for pending UART response ch=8 before next command
E (228673) MQTT: Publish failed
W (228673) TRANSPORT: No transport connected for broadcast
W (228674) MSG: I (228674) CMD_U0: waiting for pending UART response ch=8 before next command
Broadcast failed, falling back to MQTT
E (228674) MQTT: Publish failed
E (228693) MQTT: Publish failed
W (228693) TRANSPORT: No transport connected for broadcast
W (228693) MSG: Broadcast failed, falling back to MQTT
E (228694) MQTT: Publish failed
I (228694) CMD_U0: waiting for pending UART response ch=8 before next command
E (228713) MQTT: Publish failed
W (228713) TRANSPORT: No transport connected for broadcast
W (228714) MSG: Broadcast failed, falling back to MQTT
E (228714) MQTT: Publish failed
I (228715) CMD_U0: waiting for pending UART response ch=8 before next command
E (228739) MQTT: Publish failed
W (228739) TRANSPORT: No transport connected for broadcast
W (228739) MSG: Broadcast failed, falling back to MQTT
E (228740) MQTT: Publish failed
I (228741) CMD_U0: waiting for pending UART response ch=8 before next command
E (228764) MQTT: Publish failed
W (228764) TRANSPORT: No transport connected for broadcast
W (228764) MSG: Broadcast failed, falling back to MQTT
E (228765) MQTT: Publish failed
I (228767) CMD_U0: waiting for pending UART response ch=8 before next command
E (228789) MQTT: Publish failed
W (228789) TRANSPORT: No transport connected for broadcast
W (228789) MSG: Broadcast failed, falling back to MQTT
E (228790) MQTT: Publish failed
I (228793) CMD_U0: waiting for pending UART response ch=8 before next command
E (228810) MQTT: Publish failed
W (228810) TRANSPORT: No transport connected for broadcast
W (228810) MSG: Broadcast failed, falling back to MQTT
E (228810) MQTT: Publish failed
E (228815) MQTT: Publish failed
W (228815) TRANSPORT: No transport connected for broadcast
W (228815) MSG: Broadcast failed, falling back to MQTT
E (228816) MQTT: Publish failed
I (228819) CMD_U0: waiting for pending UART response ch=8 before next command
E (228840) MQTT: Publish failed
W (228840) TRANSPORT: No transport connected for broadcast
W (228840) MSG: Broadcast failed, falling back to MQTT
E (228841) MQTT: Publish failed
I (228845) CMD_U0: waiting for pending UART response ch=8 before next command
E (228865) MQTT: Publish failed
W (228865) TRANSPORT: No transport connected for broadcast
W (228865) MSG: Broadcast failed, falling back to MQTT
E (228866) MQTT: Publish failed
I (228866) CMD_U0: waiting for pending UART response ch=8 before next command
E (228886) MQTT: Publish failed
W (228886) TRANSPORT: No transport connected for broadcast
W (228886) MSG: Broadcast failed, falling back to MQTT
E (228887) MQTT: Publish failed
I (228887) CMD_U0: waiting for pending UART response ch=8 before next command
E (228911) MQTT: Publish failed
W (228911) TRANSPORT: No transport connected for broadcast
W (228911) MSG: Broadcast failed, falling back to MQTT
E (228912) MQTT: Publish failed
I (228913) CMD_U0: waiting for pending UART response ch=8 before next command
E (228937) MQTT: Publish failed
W (228937) TRANSPORT: No transport connected for broadcast
W (228937) MSG: Broadcast failed, falling back to MQTT
E (228938) MQTT: Publish failed
I (228939) CMD_U0: waiting for pending UART response ch=8 before next command
E (228962) MQTT: Publish failed
W (228962) TRANSPORT: No transport connected for broadcast
W (228962) MSG: Broadcast failed, falling back to MQTT
E (228963) MQTT: Publish failed
I (228965) CMD_U0: waiting for pending UART response ch=8 before next command
E (228987) MQTT: Publish failed
W (228987) TRANSPORT: No transport connected for broadcast
W (228987) MSG: Broadcast failed, falling back to MQTT
E (228988) MQTT: Publish failed
I (228991) CMD_U0: waiting for pending UART response ch=8 before next command
E (229012) MQTT: Publish failed
W (229012) TRANSPORT: No transport connected for broadcast
W (229012) MSG: Broadcast failed, falling back to MQTT
E (229013) MQTT: Publish failed
I (229017) CMD_U0: waiting for pending UART response ch=8 before next command
E (229026) MQTT: Publish failed
W (229027) TRANSPORT: No transport connected for broadcast
W (229027) MSG: Broadcast failed, falling back to MQTT
E (229027) MQTT: Publish failed
I (229038) CMD_U0: waiting for pending UART response ch=8 before next command
I (229059) CMD_U0: waiting for pending UART response ch=8 before next command
I (229081) CMD_U0: waiting for pending UART response ch=8 before next command
I (229106) CMD_U0: waiting for pending UART response ch=8 before next command
I (229132) CMD_U0: waiting for pending UART response ch=8 before next command
I (229158) CMD_U0: waiting for pending UART response ch=8 before next command
I (229184) CMD_U0: waiting for pending UART response ch=8 before next command
I (229210) CMD_U0: waiting for pending UART response ch=8 before next command
I (229231) CMD_U0: waiting for pending UART response ch=8 before next command
I (229252) CMD_U0: waiting for pending UART response ch=8 before next command
I (229278) CMD_U0: waiting for pending UART response ch=8 before next command
E (229301) MQTT: Publish failed
W (229301) TRANSPORT: No transport connected for broadcast
W (229301) MSG: Broadcast failed, falling back to MQTT
E (229302) MQTT: Publish failed
I (229304) CMD_U0: waiting for pending UART response ch=8 before next command
E (229326) MQTT: Publish failed
W (229326) TRANSPORT: No transport connected for broadcast
W (229326) MSG: Broadcast failed, falling back to MQTT
E (229327) MQTT: Publish failed
I (229330) CMD_U0: waiting for pending UART response ch=8 before next command
E (229352) MQTT: Publish failed
W (229352) TRANSPORT: No transport connected for broadcast
W (229352) MSG: Broadcast failed, falling back to MQTT
E (229353) MQTT: Publish failed
I (229356) CMD_U0: waiting for pending UART response ch=8 before next command
I (229377) CMD_U0: waiting for pending UART response ch=8 before next command
E (229377) MQTT: Publish failed
W (229378) RX_TASK: RX timeout slot1 type=1 reqID=0 (1001ms)
W (229378) TRANSPORT: No transport connected for broadcast
W (229378) MSG: Broadcast failed, falling back to MQTT
E (229378) MQTT: Publish failed
E (229379) MQTT: Publish failed
W (229379) TRANSPORT: No transport connected for broadcast
W (229379) MSG: Broadcast failed, falling back to MQTT
E (229380) MQTT: Publish failed
E (229397) MQTT: Publish failed
W (229397) TRANSPORT: No transport connected for broadcast
W (229397) MSG: Broadcast failed, falling back to MQTT
E (229398) MQTT: Publish failed
I (229402) CMD_U0: waiting for pending UART response ch=8 before next command
I (229417) CMD_U1: waiting for pending UART response ch=9 before next command
E (229423) MQTT: Publish failed
W (229423) TRANSPORT: No transport connected for broadcast
W (229424) MSG: I (229424) CMD_U0: waiting for pending UART response ch=8 before next commandBroadcast failed, falling back to MQTT

E (229424) MQTT: Publish failed
E (229443) MQTT: Publish failed
W (229443) TRANSPORT: No transport connected for broadcast
W (229443) MSG: Broadcast failed, falling back to MQTT
E (229444) MQTT: Publish failed
I (229444) CMD_U0: waiting for pending UART response ch=8 before next command
E (229463) MQTT: Publish failed
W (229463) TRANSPORT: No transport connected for broadcast
W (229463) MSG: Broadcast failed, falling back to MQTT
E (229464) MQTT: Publish failed
I (229465) CMD_U0: waiting for pending UART response ch=8 before next command
E (229489) MQTT: Publish failed
W (229489) TRANSPORT: No transport connected for broadcast
W (229489) MSG: Broadcast failed, falling back to MQTT
E (229490) MQTT: Publish failed
I (229491) CMD_U0: waiting for pending UART response ch=8 before next command
E (229514) MQTT: Publish failed
W (229514) TRANSPORT: No transport connected for broadcast
W (229514) MSG: Broadcast failed, falling back to MQTT
E (229515) MQTT: Publish failed
I (229517) CMD_U0: waiting for pending UART response ch=8 before next command
E (229539) MQTT: Publish failed
W (229540) TRANSPORT: No transport connected for broadcast
W (229540) MSG: Broadcast failed, falling back to MQTT
E (229540) MQTT: Publish failed
I (229543) CMD_U0: waiting for pending UART response ch=8 before next command
E (229565) MQTT: Publish failed
W (229565) TRANSPORT: No transport connected for broadcast
W (229565) MSG: Broadcast failed, falling back to MQTT
E (229566) MQTT: Publish failed
I (229569) CMD_U0: waiting for pending UART response ch=8 before next command
E (229590) MQTT: Publish failed
W (229590) TRANSPORT: No transport connected for broadcast
W (229590) MSG: Broadcast failed, falling back to MQTT
E (229591) MQTT: Publish failed
I (229595) CMD_U0: waiting for pending UART response ch=8 before next command
E (229615) MQTT: Publish failed
W (229615) TRANSPORT: No transport connected for broadcast
W (229615) MSG: Broadcast failed, falling back to MQTT
E (229616) MQTT: Publish failed
I (229616) CMD_U0: waiting for pending UART response ch=8 before next command
E (229635) MQTT: Publish failed
W (229636) TRANSPORT: No transport connected for broadcast
W (229636) MSG: Broadcast failed, falling back to MQTT
E (229636) MQTT: Publish failed
I (229637) CMD_U0: waiting for pending UART response ch=8 before next command
E (229661) MQTT: Publish failed
W (229661) TRANSPORT: No transport connected for broadcast
W (229661) MSG: Broadcast failed, falling back to MQTT
E (229662) MQTT: Publish failed
I (229663) CMD_U0: waiting for pending UART response ch=8 before next command
E (229686) MQTT: Publish failed
W (229686) TRANSPORT: No transport connected for broadcast
W (229686) MSG: Broadcast failed, falling back to MQTT
E (229687) MQTT: Publish failed
I (229689) CMD_U0: waiting for pending UART response ch=8 before next command
E (229711) MQTT: Publish failed
W (229711) TRANSPORT: No transport connected for broadcast
W (229711) MSG: Broadcast failed, falling back to MQTT
E (229712) MQTT: Publish failed
I (229715) CMD_U0: waiting for pending UART response ch=8 before next command
E (229737) MQTT: Publish failed
W (229737) TRANSPORT: No transport connected for broadcast
W (229738) MSG: Broadcast failed, falling back to MQTT
E (229738) MQTT: Publish failed
I (229741) CMD_U0: waiting for pending UART response ch=8 before next command
E (229762) MQTT: Publish failed
W (229762) TRANSPORT: No transport connected for broadcast
W (229762) MSG: Broadcast failed, falling back to MQTT
E (229763) MQTT: Publish failed
I (229767) CMD_U0: waiting for pending UART response ch=8 before next command
E (229787) MQTT: Publish failed
W (229787) TRANSPORT: No transport connected for broadcast
W (229787) MSG: Broadcast failed, falling back to MQTT
E (229788) MQTT: Publish failed
I (229788) CMD_U0: waiting for pending UART response ch=8 before next command
I (229809) CMD_U0: waiting for pending UART response ch=8 before next command
E (229809) MQTT: Publish failed
W (229809) TRANSPORT: No transport connected for broadcast
W (229810) MSG: Broadcast failed, falling back to MQTT
E (229810) MQTT: Publish failed
E (229810) MQTT: Publish failed
W (229810) TRANSPORT: No transport connected for broadcast
W (229811) MSG: Broadcast failed, falling back to MQTT
E (229811) MQTT: Publish failed
E (229833) MQTT: Publish failed
W (229833) TRANSPORT: No transport connected for broadcast
W (229833) MSG: Broadcast failed, falling back to MQTT
E (229834) MQTT: Publish failed
I (229834) CMD_U0: waiting for pending UART response ch=8 before next command
E (229853) MQTT: Publish failed
W (229853) TRANSPORT: No transport connected for broadcast
W (229853) MSG: Broadcast failed, falling back to MQTT
E (229854) MQTT: Publish failed
I (229855) CMD_U0: waiting for pending UART response ch=8 before next command
E (229879) MQTT: Publish failed
W (229879) TRANSPORT: No transport connected for broadcast
W (229879) MSG: Broadcast failed, falling back to MQTT
E (229880) MQTT: Publish failed
I (229881) CMD_U0: waiting for pending UART response ch=8 before next command
E (229904) MQTT: Publish failed
W (229904) TRANSPORT: No transport connected for broadcast
W (229904) MSG: Broadcast failed, falling back to MQTT
E (229905) MQTT: Publish failed
I (229907) CMD_U0: waiting for pending UART response ch=8 before next command
E (229929) MQTT: Publish failed
W (229929) TRANSPORT: No transport connected for broadcast
W (229929) MSG: Broadcast failed, falling back to MQTT
E (229930) MQTT: Publish failed
I (229933) CMD_U0: waiting for pending UART response ch=8 before next command
E (229955) MQTT: Publish failed
W (229955) TRANSPORT: No transport connected for broadcast
W (229955) MSG: Broadcast failed, falling back to MQTT
E (229956) MQTT: Publish failed
I (229959) CMD_U0: waiting for pending UART response ch=8 before next command
E (229980) MQTT: Publish failed
W (229980) TRANSPORT: No transport connected for broadcast
W (229980) MSG: Broadcast failed, falling back to MQTT
E (229981) MQTT: Publish failed
I (229985) CMD_U0: waiting for pending UART response ch=8 before next command
E (230005) MQTT: Publish failed
W (230005) TRANSPORT: No transport connected for broadcast
W (230005) MSG: Broadcast failed, falling back to MQTT
E (230006) MQTT: Publish failed
I (230006) CMD_U0: waiting for pending UART response ch=8 before next command
E (230025) MQTT: Publish failed
W (230025) TRANSPORT: No transport connected for broadcast
W (230025) MSG: Broadcast failed, falling back to MQTT
E (230026) MQTT: Publish failed
I (230027) CMD_U0: waiting for pending UART response ch=8 before next command
E (230030) MQTT: Publish failed
W (230030) TRANSPORT: No transport connected for broadcast
W (230030) MSG: Broadcast failed, falling back to MQTT
E (230031) MQTT: Publish failed
E (230051) MQTT: Publish failed
W (230051) TRANSPORT: No transport connected for broadcast
W (230052) MSG: Broadcast failed, falling back to MQTT
E (230052) MQTT: Publish failed
I (230053) CMD_U0: waiting for pending UART response ch=8 before next command
E (230076) MQTT: Publish failed
W (230076) TRANSPORT: No transport connected for broadcast
W (230076) MSG: Broadcast failed, falling back to MQTT
E (230077) MQTT: Publish failed
I (230079) CMD_U0: waiting for pending UART response ch=8 before next command
E (230102) MQTT: Publish failed
W (230102) TRANSPORT: No transport connected for broadcast
W (230102) MSG: Broadcast failed, falling back to MQTT
E (230103) MQTT: Publish failed
I (230105) CMD_U0: waiting for pending UART response ch=8 before next command
E (230127) MQTT: Publish failed
W (230127) TRANSPORT: No transport connected for broadcast
W (230128) MSG: Broadcast failed, falling back to MQTT
E (230128) MQTT: Publish failed
I (230131) CMD_U0: waiting for pending UART response ch=8 before next command
I (230152) CMD_U0: waiting for pending UART response ch=8 before next command
I (230177) CMD_U0: waiting for pending UART response ch=8 before next command
I (230199) CMD_U0: waiting for pending UART response ch=8 before next command
I (230219) CMD_U0: waiting for pending UART response ch=8 before next command
I (230240) CMD_U0: waiting for pending UART response ch=8 before next command
I (230266) CMD_U0: waiting for pending UART response ch=8 before next command
I (230292) CMD_U0: waiting for pending UART response ch=8 before next command
I (230318) CMD_U0: waiting for pending UART response ch=8 before next command
I (230344) CMD_U0: waiting for pending UART response ch=8 before next command
I (230370) CMD_U0: waiting for pending UART response ch=8 before next command
I (230391) CMD_U0: waiting for pending UART response ch=8 before next command
W (230401) RX_TASK: RX timeout slot1 type=1 reqID=0 (1001ms)
I (230412) CMD_U0: waiting for pending UART response ch=8 before next command
I (230438) CMD_U0: waiting for pending UART response ch=8 before next command
I (230441) CMD_U1: waiting for pending UART response ch=9 before next command
I (230464) CMD_U0: waiting for pending UART response ch=8 before next command
I (230490) CMD_U0: waiting for pending UART response ch=8 before next command
I (230516) CMD_U0: waiting for pending UART response ch=8 before next command
I (230542) CMD_U0: waiting for pending UART response ch=8 before next command
I (230568) CMD_U0: waiting for pending UART response ch=8 before next command
I (230589) CMD_U0: waiting for pending UART response ch=8 before next command
I (230610) CMD_U0: waiting for pending UART response ch=8 before next command
I (230636) CMD_U0: waiting for pending UART response ch=8 before next command
I (230662) CMD_U0: waiting for pending UART response ch=8 before next command
I (230688) CMD_U0: waiting for pending UART response ch=8 before next command
I (230714) CMD_U0: waiting for pending UART response ch=8 before next command
I (230740) CMD_U0: waiting for pending UART response ch=8 before next command
I (230761) CMD_U0: waiting for pending UART response ch=8 before next command
I (230782) CMD_U0: waiting for pending UART response ch=8 before next command
I (230803) CMD_U0: waiting for pending UART response ch=8 before next command
I (230829) CMD_U0: waiting for pending UART response ch=8 before next command
I (230855) CMD_U0: waiting for pending UART response ch=8 before next command
I (230881) CMD_U0: waiting for pending UART response ch=8 before next command
I (230907) CMD_U0: waiting for pending UART response ch=8 before next command
I (230928) CMD_U0: waiting for pending UART response ch=8 before next command
I (230949) CMD_U0: waiting for pending UART response ch=8 before next command
I (230974) CMD_U0: waiting for pending UART response ch=8 before next command
I (230995) CMD_U0: waiting for pending UART response ch=8 before next command
I (231016) CMD_U0: waiting for pending UART response ch=8 before next command
I (231017) SCHEDULER: Stats: samples=421 full=584 min_free=3
I (231042) CMD_U0: waiting for pending UART response ch=8 before next command
I (231068) CMD_U0: waiting for pending UART response ch=8 before next command
I (231094) CMD_U0: waiting for pending UART response ch=8 before next command
I (231120) CMD_U0: waiting for pending UART response ch=8 before next command
I (231146) CMD_U0: waiting for pending UART response ch=8 before next command
I (231172) CMD_U0: waiting for pending UART response ch=8 before next command
I (231193) CMD_U0: waiting for pending UART response ch=8 before next command
I (231219) CMD_U0: waiting for pending UART response ch=8 before next command
I (231245) CMD_U0: waiting for pending UART response ch=8 before next command
I (231271) CMD_U0: waiting for pending UART response ch=8 before next command
I (231297) CMD_U0: waiting for pending UART response ch=8 before next command
I (231323) CMD_U0: waiting for pending UART response ch=8 before next command
I (231349) CMD_U0: waiting for pending UART response ch=8 before next command
I (231370) CMD_U0: waiting for pending UART response ch=8 before next command
I (231391) CMD_U0: waiting for pending UART response ch=8 before next command
I (231417) CMD_U0: waiting for pending UART response ch=8 before next command
W (231424) RX_TASK: RX timeout slot1 type=1 reqID=0 (1001ms)
I (231443) CMD_U0: waiting for pending UART response ch=8 before next command
I (231464) CMD_U1: waiting for pending UART response ch=9 before next command
I (231469) CMD_U0: waiting for pending UART response ch=8 before next command
I (231495) CMD_U0: waiting for pending UART response ch=8 before next command
I (231521) CMD_U0: waiting for pending UART response ch=8 before next command
I (231547) CMD_U0: waiting for pending UART response ch=8 before next command
I (231568) CMD_U0: waiting for pending UART response ch=8 before next command
I (231594) CMD_U0: waiting for pending UART response ch=8 before next command
I (231620) CMD_U0: waiting for pending UART response ch=8 before next command
I (231646) CMD_U0: waiting for pending UART response ch=8 before next command
I (231672) CMD_U0: waiting for pending UART response ch=8 before next command
I (231698) CMD_U0: waiting for pending UART response ch=8 before next command
E (231719) MQTT: Publish failed
W (231719) TRANSPORT: No transport connected for broadcast
W (231719) MSG: Broadcast failed, falling back to MQTT
E (231720) MQTT: Publish failed
I (231724) CMD_U0: waiting for pending UART response ch=8 before next command
E (231744) MQTT: Publish failed
W (231744) TRANSPORT: No transport connected for broadcast
W (231744) MSG: Broadcast failed, falling back to MQTT
E (231745) MQTT: Publish failed
I (231745) CMD_U0: waiting for pending UART response ch=8 before next command
E (231764) MQTT: Publish failed
W (231764) TRANSPORT: No transport connected for broadcast
W (231764) MSG: Broadcast failed, falling back to MQTT
E (231765) MQTT: Publish failed
I (231766) CMD_U0: waiting for pending UART response ch=8 before next command
E (231790) MQTT: Publish failed
W (231790) TRANSPORT: No transport connected for broadcast
W (231790) MSG: Broadcast failed, falling back to MQTT
E (231791) MQTT: Publish failed
I (231792) CMD_U0: waiting for pending UART response ch=8 before next command
E (231810) MQTT: Publish failed
W (231810) TRANSPORT: No transport connected for broadcast
W (231810) MSG: Broadcast failed, falling back to MQTT
E (231810) MQTT: Publish failed
E (231815) MQTT: Publish failed
W (231815) TRANSPORT: No transport connected for broadcast
W (231815) MSG: Broadcast failed, falling back to MQTT
E (231816) MQTT: Publish failed
I (231818) CMD_U0: waiting for pending UART response ch=8 before next command
E (231841) MQTT: Publish failed
W (231841) TRANSPORT: No transport connected for broadcast
W (231841) MSG: Broadcast failed, falling back to MQTT
E (231842) MQTT: Publish failed
I (231844) CMD_U0: waiting for pending UART response ch=8 before next command
I (231870) CMD_U0: waiting for pending UART response ch=8 before next command
I (231896) CMD_U0: waiting for pending UART response ch=8 before next command
I (231922) CMD_U0: waiting for pending UART response ch=8 before next command
I (231944) CMD_U0: waiting for pending UART response ch=8 before next command
I (231965) CMD_U0: waiting for pending UART response ch=8 before next command
I (231986) CMD_U0: waiting for pending UART response ch=8 before next command
I (232012) CMD_U0: waiting for pending UART response ch=8 before next command
I (232038) CMD_U0: waiting for pending UART response ch=8 before next command
I (232060) CMD_U0: waiting for pending UART response ch=8 before next command
I (232080) CMD_U0: waiting for pending UART response ch=8 before next command
I (232101) CMD_U0: waiting for pending UART response ch=8 before next command
I (232122) CMD_U0: waiting for pending UART response ch=8 before next command
I (232149) CMD_U0: waiting for pending UART response ch=8 before next command
I (232174) CMD_U0: waiting for pending UART response ch=8 before next command
I (232200) CMD_U0: waiting for pending UART response ch=8 before next command
I (232223) CMD_U0: waiting for pending UART response ch=8 before next command
I (232244) CMD_U0: waiting for pending UART response ch=8 before next command
I (232270) CMD_U0: waiting for pending UART response ch=8 before next command
I (232296) CMD_U0: waiting for pending UART response ch=8 before next command
I (232322) CMD_U0: waiting for pending UART response ch=8 before next command
I (232344) CMD_U0: waiting for pending UART response ch=8 before next command
I (232364) CMD_U0: waiting for pending UART response ch=8 before next command
I (232386) CMD_U0: waiting for pending UART response ch=8 before next command
I (232411) CMD_U0: waiting for pending UART response ch=8 before next command
I (232438) CMD_U0: waiting for pending UART response ch=8 before next command
W (232448) RX_TASK: RX timeout slot1 type=1 reqID=0 (1001ms)
I (232463) CMD_U0: waiting for pending UART response ch=8 before next command
I (232488) CMD_U1: waiting for pending UART response ch=9 before next command
I (232489) CMD_U0: waiting for pending UART response ch=8 before next command
I (232515) CMD_U0: waiting for pending UART response ch=8 before next command
I (232537) CMD_U0: waiting for pending UART response ch=8 before next command
I (232557) CMD_U0: waiting for pending UART response ch=8 before next command
I (232583) CMD_U0: waiting for pending UART response ch=8 before next command
I (232609) CMD_U0: waiting for pending UART response ch=8 before next command
I (232635) CMD_U0: waiting for pending UART response ch=8 before next command
I (232661) CMD_U0: waiting for pending UART response ch=8 before next command
I (232687) CMD_U0: waiting for pending UART response ch=8 before next command
I (232713) CMD_U0: waiting for pending UART response ch=8 before next command
I (232734) CMD_U0: waiting for pending UART response ch=8 before next command
I (232755) CMD_U0: waiting for pending UART response ch=8 before next command
I (232781) CMD_U0: waiting for pending UART response ch=8 before next command
I (232807) CMD_U0: waiting for pending UART response ch=8 before next command
I (232833) CMD_U0: waiting for pending UART response ch=8 before next command
I (232859) CMD_U0: waiting for pending UART response ch=8 before next command
I (232885) CMD_U0: waiting for pending UART response ch=8 before next command
I (232912) CMD_U0: waiting for pending UART response ch=8 before next command
I (232932) CMD_U0: waiting for pending UART response ch=8 before next command
I (232953) CMD_U0: waiting for pending UART response ch=8 before next command
I (232979) CMD_U0: waiting for pending UART response ch=8 before next command
I (233005) CMD_U0: waiting for pending UART response ch=8 before next command
I (233031) CMD_U0: waiting for pending UART response ch=8 before next command
I (233057) CMD_U0: waiting for pending UART response ch=8 before next command
I (233083) CMD_U0: waiting for pending UART response ch=8 before next command
I (233104) CMD_U0: waiting for pending UART response ch=8 before next command
I (233125) CMD_U0: waiting for pending UART response ch=8 before next command
I (233151) CMD_U0: waiting for pending UART response ch=8 before next command
I (233178) CMD_U0: waiting for pending UART response ch=8 before next command
I (233204) CMD_U0: waiting for pending UART response ch=8 before next command
I (233230) CMD_U0: waiting for pending UART response ch=8 before next command
I (233251) CMD_U0: waiting for pending UART response ch=8 before next command
I (233272) CMD_U0: waiting for pending UART response ch=8 before next command
I (233298) CMD_U0: waiting for pending UART response ch=8 before next command
I (233324) CMD_U0: waiting for pending UART response ch=8 before next command
I (233350) CMD_U0: waiting for pending UART response ch=8 before next command
I (233376) CMD_U0: waiting for pending UART response ch=8 before next command
E (233397) MQTT: Publish failed
W (233397) TRANSPORT: No transport connected for broadcast
W (233397) MSG: Broadcast failed, falling back to MQTT
E (233398) MQTT: Publish failed
I (233402) CMD_U0: waiting for pending UART response ch=8 before next command
E (233423) MQTT: Publish failed
W (233423) TRANSPORT: No transport connected for broadcast
I (233424) CMD_U0: waiting for pending UART response ch=8 before next command
W (233424) MSG: Broadcast failed, falling back to MQTT
E (233425) MQTT: Publish failed
E (233443) MQTT: Publish failed
W (233443) TRANSPORT: No transport connected for broadcast
W (233443) MSG: Broadcast failed, falling back to MQTT
E (233444) MQTT: Publish failed
I (233444) CMD_U0: waiting for pending UART response ch=8 before next command
E (233463) MQTT: Publish failed
W (233463) TRANSPORT: No transport connected for broadcast
W (233463) MSG: Broadcast failed, falling back to MQTT
E (233464) MQTT: Publish failed
I (233465) CMD_U0: waiting for pending UART response ch=8 before next command
W (233472) RX_TASK: RX timeout slot1 type=1 reqID=0 (1001ms)
E (233472) MQTT: Publish failed
W (233473) TRANSPORT: No transport connected for broadcast
W (233473) MSG: Broadcast failed, falling back to MQTT
E (233473) MQTT: Publish failed
E (233489) MQTT: Publish failed
W (233489) TRANSPORT: No transport connected for broadcast
W (233489) MSG: Broadcast failed, falling back to MQTT
E (233490) MQTT: Publish failed
I (233491) CMD_U0: waiting for pending UART response ch=8 before next command
I (233511) CMD_U1: waiting for pending UART response ch=9 before next command
E (233514) MQTT: Publish failed
W (233514) TRANSPORT: No transport connected for broadcast
W (233514) MSG: Broadcast failed, falling back to MQTT
E (233515) MQTT: Publish failed
I (233517) CMD_U0: waiting for pending UART response ch=8 before next command
E (233539) MQTT: Publish failed
W (233539) TRANSPORT: No transport connected for broadcast
W (233540) MSG: Broadcast failed, falling back to MQTT
E (233540) MQTT: Publish failed
I (233543) CMD_U0: waiting for pending UART response ch=8 before next command
E (233565) MQTT: Publish failed
W (233565) TRANSPORT: No transport connected for broadcast
W (233566) MSG: Broadcast failed, falling back to MQTT
E (233566) MQTT: Publish failed
I (233569) CMD_U0: waiting for pending UART response ch=8 before next command
I (233590) CMD_U0: waiting for pending UART response ch=8 before next command
I (233612) CMD_U0: waiting for pending UART response ch=8 before next command
I (233638) CMD_U0: waiting for pending UART response ch=8 before next command
I (233664) CMD_U0: waiting for pending UART response ch=8 before next command
I (233690) CMD_U0: waiting for pending UART response ch=8 before next command
I (233716) CMD_U0: waiting for pending UART response ch=8 before next command
I (233742) CMD_U0: waiting for pending UART response ch=8 before next command
I (233763) CMD_U0: waiting for pending UART response ch=8 before next command
I (233784) CMD_U0: waiting for pending UART response ch=8 before next command
I (233810) CMD_U0: waiting for pending UART response ch=8 before next command
I (233836) CMD_U0: waiting for pending UART response ch=8 before next command
E (233859) MQTT: Publish failed
W (233859) TRANSPORT: No transport connected for broadcast
W (233859) MSG: Broadcast failed, falling back to MQTT
E (233860) MQTT: Publish failed
I (233862) CMD_U0: waiting for pending UART response ch=8 before next command
E (233884) MQTT: Publish failed
W (233884) TRANSPORT: No transport connected for broadcast
W (233884) MSG: Broadcast failed, falling back to MQTT
E (233885) MQTT: Publish failed
I (233888) CMD_U0: waiting for pending UART response ch=8 before next command
E (233910) MQTT: Publish failed
W (233910) TRANSPORT: No transport connected for broadcast
W (233910) MSG: Broadcast failed, falling back to MQTT
E (233911) MQTT: Publish failed
I (233914) CMD_U0: waiting for pending UART response ch=8 before next command
E (233935) MQTT: Publish failed
W (233935) TRANSPORT: No transport connected for broadcast
W (233935) MSG: Broadcast failed, falling back to MQTT
E (233936) MQTT: Publish failed
I (233940) CMD_U0: waiting for pending UART response ch=8 before next command
E (233961) MQTT: Publish failed
W (233961) TRANSPORT: No transport connected for broadcast
I (233961) CMD_U0: waiting for pending UART response ch=8 before next command
W (233962) MSG: Broadcast failed, falling back to MQTT
E (233962) MQTT: Publish failed
E (233981) MQTT: Publish failed
W (233981) TRANSPORT: No transport connected for broadcast
W (233981) MSG: Broadcast failed, falling back to MQTT
E (233982) MQTT: Publish failed
I (233982) CMD_U0: waiting for pending UART response ch=8 before next command
E (234001) MQTT: Publish failed
W (234001) TRANSPORT: No transport connected for broadcast
W (234001) MSG: Broadcast failed, falling back to MQTT
E (234002) MQTT: Publish failed
I (234003) CMD_U0: waiting for pending UART response ch=8 before next command
E (234027) MQTT: Publish failed
W (234027) TRANSPORT: No transport connected for broadcast
W (234027) MSG: Broadcast failed, falling back to MQTT
E (234028) MQTT: Publish failed
I (234029) CMD_U0: waiting for pending UART response ch=8 before next command
E (234052) MQTT: Publish failed
W (234053) TRANSPORT: No transport connected for broadcast
E (234053) MQTT: Publish failedW (234053) MSG: Broadcast failed, falling back to MQTT

E (234053) MQTT: Publish failed
W (234053) TRANSPORT: No transport connected for broadcast
W (234054) MSG: Broadcast failed, falling back to MQTT
E (234054) MQTT: Publish failed
I (234055) CMD_U0: waiting for pending UART response ch=8 before next command
E (234077) MQTT: Publish failed
W (234077) TRANSPORT: No transport connected for broadcast
W (234077) MSG: Broadcast failed, falling back to MQTT
E (234078) MQTT: Publish failed
I (234081) CMD_U0: waiting for pending UART response ch=8 before next command
E (234103) MQTT: Publish failed
W (234103) TRANSPORT: No transport connected for broadcast
W (234103) MSG: Broadcast failed, falling back to MQTT
E (234104) MQTT: Publish failed
I (234107) CMD_U0: waiting for pending UART response ch=8 before next command
I (234128) CMD_U0: waiting for pending UART response ch=8 before next command
E (234128) MQTT: Publish failed
W (234129) TRANSPORT: No transport connected for broadcast
W (234129) MSG: Broadcast failed, falling back to MQTT
E (234129) MQTT: Publish failed
E (234148) MQTT: Publish failed
W (234148) TRANSPORT: No transport connected for broadcast
W (234148) MSG: Broadcast failed, falling back to MQTT
E (234149) MQTT: Publish failed
I (234149) CMD_U0: waiting for pending UART response ch=8 before next command
E (234169) MQTT: Publish failed
W (234169) TRANSPORT: No transport connected for broadcast
W (234169) MSG: Broadcast failed, falling back to MQTT
E (234170) MQTT: Publish failed
I (234170) CMD_U0: waiting for pending UART response ch=8 before next command
E (234195) MQTT: Publish failed
W (234195) TRANSPORT: No transport connected for broadcast
W (234195) MSG: Broadcast failed, falling back to MQTT
E (234196) MQTT: Publish failed
I (234196) CMD_U0: waiting for pending UART response ch=8 before next command
E (234219) MQTT: Publish failed
W (234219) TRANSPORT: No transport connected for broadcast
W (234219) MSG: Broadcast failed, falling back to MQTT
E (234220) MQTT: Publish failed
I (234222) CMD_U0: waiting for pending UART response ch=8 before next command
E (234245) MQTT: Publish failed
W (234245) TRANSPORT: No transport connected for broadcast
W (234245) MSG: Broadcast failed, falling back to MQTT
E (234246) MQTT: Publish failed
I (234248) CMD_U0: waiting for pending UART response ch=8 before next command
E (234270) MQTT: Publish failed
W (234270) TRANSPORT: No transport connected for broadcast
W (234270) MSG: Broadcast failed, falling back to MQTT
E (234271) MQTT: Publish failed
I (234274) CMD_U0: waiting for pending UART response ch=8 before next command
E (234295) MQTT: Publish failed
W (234295) TRANSPORT: No transport connected for broadcast
W (234295) MSG: Broadcast failed, falling back to MQTT
E (234296) MQTT: Publish failed
I (234300) CMD_U0: waiting for pending UART response ch=8 before next command
I (234321) CMD_U0: waiting for pending UART response ch=8 before next command
E (234321) MQTT: Publish failed
W (234321) TRANSPORT: No transport connected for broadcast
W (234322) MSG: Broadcast failed, falling back to MQTT
E (234322) MQTT: Publish failed
I (234341) CMD_U0: waiting for pending UART response ch=8 before next command
E (234341) MQTT: Publish failed
W (234342) TRANSPORT: No transport connected for broadcast
W (234342) MSG: Broadcast failed, falling back to MQTT
E (234342) MQTT: Publish failed
I (234361) CMD_U0: waiting for pending UART response ch=8 before next command
E (234361) MQTT: Publish failed
W (234362) TRANSPORT: No transport connected for broadcast
W (234362) MSG: Broadcast failed, falling back to MQTT
E (234362) MQTT: Publish failed
I (234381) CMD_U0: waiting for pending UART response ch=8 before next command
E (234381) MQTT: Publish failed
W (234382) TRANSPORT: No transport connected for broadcast
W (234382) MSG: Broadcast failed, falling back to MQTT
E (234382) MQTT: Publish failed
E (234402) MQTT: Publish failed
W (234402) TRANSPORT: No transport connected for broadcast
W (234402) MSG: Broadcast failed, falling back to MQTT
E (234403) MQTT: Publish failed
I (234406) CMD_U0: waiting for pending UART response ch=8 before next command
E (234427) MQTT: Publish failed
W (234427) TRANSPORT: No transport connected for broadcast
W (234427) MSG: Broadcast failed, falling back to MQTT
E (234428) MQTT: Publish failed
I (234432) CMD_U0: waiting for pending UART response ch=8 before next command
E (234453) MQTT: Publish failed
W (234453) TRANSPORT: No transport connected for broadcast
W (234453) MSG: Broadcast failed, falling back to MQTT
E (234454) MQTT: Publish failed
I (234458) CMD_U0: waiting for pending UART response ch=8 before next command
E (234478) MQTT: Publish failed
W (234478) TRANSPORT: No transport connected for broadcast
W (234478) MSG: Broadcast failed, falling back to MQTT
E (234479) MQTT: Publish failed
I (234479) CMD_U0: waiting for pending UART response ch=8 before next command
W (234495) RX_TASK: RX timeout slot1 type=1 reqID=0 (1001ms)
E (234498) MQTT: Publish failed
W (234498) TRANSPORT: No transport connected for broadcast
W (234498) MSG: Broadcast failed, falling back to MQTT
E (234499) MQTT: Publish failed
I (234500) CMD_U0: waiting for pending UART response ch=8 before next command
E (234524) MQTT: Publish failed
W (234524) TRANSPORT: No transport connected for broadcast
W (234524) MSG: Broadcast failed, falling back to MQTT
E (234525) MQTT: Publish failed
I (234526) CMD_U0: waiting for pending UART response ch=8 before next command
I (234534) CMD_U1: waiting for pending UART response ch=9 before next command
E (234550) MQTT: Publish failed
W (234550) TRANSPORT: No transport connected for broadcast
W (234551) MSG: Broadcast failed, falling back to MQTT
E (234551) MQTT: Publish failed
I (234552) CMD_U0: waiting for pending UART response ch=8 before next command
E (234574) MQTT: Publish failed
W (234574) TRANSPORT: No transport connected for broadcast
W (234574) MSG: Broadcast failed, falling back to MQTT
E (234575) MQTT: Publish failed
I (234578) CMD_U0: waiting for pending UART response ch=8 before next command
E (234600) MQTT: Publish failed
W (234600) TRANSPORT: No transport connected for broadcast
W (234600) MSG: Broadcast failed, falling back to MQTT
E (234601) MQTT: Publish failed
I (234604) CMD_U0: waiting for pending UART response ch=8 before next command
E (234625) MQTT: Publish failed
W (234625) TRANSPORT: No transport connected for broadcast
W (234625) MSG: Broadcast failed, falling back to MQTT
E (234626) MQTT: Publish failed
I (234630) CMD_U0: waiting for pending UART response ch=8 before next command
E (234650) MQTT: Publish failed
W (234650) TRANSPORT: No transport connected for broadcast
W (234650) MSG: Broadcast failed, falling back to MQTT
E (234651) MQTT: Publish failed
I (234651) CMD_U0: waiting for pending UART response ch=8 before next command
E (234671) MQTT: Publish failed
W (234671) TRANSPORT: No transport connected for broadcast
W (234671) MSG: Broadcast failed, falling back to MQTT
E (234672) MQTT: Publish failed
I (234672) CMD_U0: waiting for pending UART response ch=8 before next command
E (234696) MQTT: Publish failed
W (234697) TRANSPORT: No transport connected for broadcast
W (234697) MSG: Broadcast failed, falling back to MQTT
E (234697) MQTT: Publish failed
I (234699) CMD_U0: waiting for pending UART response ch=8 before next command
I (234724) CMD_U0: waiting for pending UART response ch=8 before next command
I (234751) CMD_U0: waiting for pending UART response ch=8 before next command
I (234776) CMD_U0: waiting for pending UART response ch=8 before next command
I (234798) CMD_U0: waiting for pending UART response ch=8 before next command
I (234819) CMD_U0: waiting for pending UART response ch=8 before next command
I (234833) RX_TASK: Stats: events=411 completions=421 report_drop=0 report_q_high=2
I (234846) CMD_U0: waiting for pending UART response ch=8 before next command
I (234872) CMD_U0: waiting for pending UART response ch=8 before next command
I (234899) CMD_U0: waiting for pending UART response ch=8 before next command
I (234919) CMD_U0: waiting for pending UART response ch=8 before next command
I (234946) CMD_U0: waiting for pending UART response ch=8 before next command
I (234968) CMD_U0: waiting for pending UART response ch=8 before next command
I (234993) CMD_U0: waiting for pending UART response ch=8 before next command
I (235019) CMD_U0: waiting for pending UART response ch=8 before next command
I (235045) CMD_U0: waiting for pending UART response ch=8 before next command
I (235071) CMD_U0: waiting for pending UART response ch=8 before next command
I (235092) CMD_U0: waiting for pending UART response ch=8 before next command
I (235113) CMD_U0: waiting for pending UART response ch=8 before next command
I (235139) CMD_U0: waiting for pending UART response ch=8 before next command
I (235165) CMD_U0: waiting for pending UART response ch=8 before next command
I (235191) CMD_U0: waiting for pending UART response ch=8 before next command
I (235217) CMD_U0: waiting for pending UART response ch=8 before next command
I (235238) CMD_U0: waiting for pending UART response ch=8 before next command
I (235263) CMD_U0: waiting for pending UART response ch=8 before next command
I (235290) CMD_U0: waiting for pending UART response ch=8 before next command
I (235310) CMD_U0: waiting for pending UART response ch=8 before next command
I (235331) CMD_U0: waiting for pending UART response ch=8 before next command
I (235357) CMD_U0: waiting for pending UART response ch=8 before next command
I (235383) CMD_U0: waiting for pending UART response ch=8 before next command
I (235409) CMD_U0: waiting for pending UART response ch=8 before next command
I (235435) CMD_U0: waiting for pending UART response ch=8 before next command
I (235461) CMD_U0: waiting for pending UART response ch=8 before next command
I (235482) CMD_U0: waiting for pending UART response ch=8 before next command
I (235503) CMD_U0: waiting for pending UART response ch=8 before next command
W (235518) RX_TASK: RX timeout slot1 type=1 reqID=0 (1001ms)
I (235529) CMD_U0: waiting for pending UART response ch=8 before next command
I (235555) CMD_U0: waiting for pending UART response ch=8 before next command
I (235557) CMD_U1: waiting for pending UART response ch=9 before next command
I (235581) CMD_U0: waiting for pending UART response ch=8 before next command
I (235607) CMD_U0: waiting for pending UART response ch=8 before next command
I (235633) CMD_U0: waiting for pending UART response ch=8 before next command
I (235654) CMD_U0: waiting for pending UART response ch=8 before next command
I (235675) CMD_U0: waiting for pending UART response ch=8 before next command
E (235699) MQTT: Publish failed
W (235699) TRANSPORT: No transport connected for broadcast
W (235699) MSG: Broadcast failed, falling back to MQTT
E (235700) MQTT: Publish failed
I (235701) CMD_U0: waiting for pending UART response ch=8 before next command
E (235724) MQTT: Publish failed
W (235724) TRANSPORT: No transport connected for broadcast
W (235724) MSG: Broadcast failed, falling back to MQTT
E (235725) MQTT: Publish failed
I (235727) CMD_U0: waiting for pending UART response ch=8 before next command
E (235750) MQTT: Publish failed
W (235750) TRANSPORT: No transport connected for broadcast
W (235750) MSG: Broadcast failed, falling back to MQTT
E (235751) MQTT: Publish failed
I (235753) CMD_U0: waiting for pending UART response ch=8 before next command
E (235775) MQTT: Publish failed
W (235775) TRANSPORT: No transport connected for broadcast
W (235775) MSG: Broadcast failed, falling back to MQTT
E (235776) MQTT: Publish failed
I (235779) CMD_U0: waiting for pending UART response ch=8 before next command
E (235800) MQTT: Publish failed
W (235800) TRANSPORT: No transport connected for broadcast
W (235800) MSG: Broadcast failed, falling back to MQTT
E (235801) MQTT: Publish failed
I (235805) CMD_U0: waiting for pending UART response ch=8 before next command
E (235810) MQTT: Publish failed
W (235810) TRANSPORT: No transport connected for broadcast
W (235810) MSG: Broadcast failed, falling back to MQTT
E (235811) MQTT: Publish failed
E (235826) MQTT: Publish failed
W (235826) TRANSPORT: No transport connected for broadcast
W (235826) MSG: Broadcast failed, falling back to MQTT
E (235827) MQTT: Publish failed
I (235831) CMD_U0: waiting for pending UART response ch=8 before next command
E (235851) MQTT: Publish failed
W (235851) TRANSPORT: No transport connected for broadcast
W (235851) MSG: Broadcast failed, falling back to MQTT
E (235852) MQTT: Publish failed
I (235852) CMD_U0: waiting for pending UART response ch=8 before next command
E (235871) MQTT: Publish failed
W (235871) TRANSPORT: No transport connected for broadcast
W (235871) MSG: Broadcast failed, falling back to MQTT
E (235872) MQTT: Publish failed
I (235873) CMD_U0: waiting for pending UART response ch=8 before next command
E (235897) MQTT: Publish failed
W (235897) TRANSPORT: No transport connected for broadcast
W (235897) MSG: Broadcast failed, falling back to MQTT
E (235898) MQTT: Publish failed
I (235899) CMD_U0: waiting for pending UART response ch=8 before next command
E (235923) MQTT: Publish failed
W (235923) TRANSPORT: No transport connected for broadcast
W (235923) MSG: Broadcast failed, falling back to MQTT
E (235924) MQTT: Publish failed
I (235925) CMD_U0: waiting for pending UART response ch=8 before next command
E (235948) MQTT: Publish failed
W (235948) TRANSPORT: No transport connected for broadcast
W (235948) MSG: Broadcast failed, falling back to MQTT
E (235949) MQTT: Publish failed
I (235951) CMD_U0: waiting for pending UART response ch=8 before next command
E (235974) MQTT: Publish failed
W (235974) TRANSPORT: No transport connected for broadcast
W (235974) MSG: Broadcast failed, falling back to MQTT
E (235975) MQTT: Publish failed
I (235977) CMD_U0: waiting for pending UART response ch=8 before next command
E (235999) MQTT: Publish failed
W (235999) TRANSPORT: No transport connected for broadcast
W (235999) MSG: Broadcast failed, falling back to MQTT
E (236000) MQTT: Publish failed
I (236003) CMD_U0: waiting for pending UART response ch=8 before next command
I (236024) CMD_U0: waiting for pending UART response ch=8 before next command
E (236024) MQTT: Publish failed
W (236024) TRANSPORT: No transport connected for broadcast
W (236025) MSG: Broadcast failed, falling back to MQTT
E (236025) MQTT: Publish failed
E (236044) MQTT: Publish failed
W (236044) TRANSPORT: No transport connected for broadcast
W (236044) MSG: Broadcast failed, falling back to MQTT
E (236045) MQTT: Publish failed
I (236049) CMD_U0: waiting for pending UART response ch=8 before next command
E (236061) MQTT: Publish failed
W (236061) TRANSPORT: No transport connected for broadcast
W (236061) MSG: Broadcast failed, falling back to MQTT
E (236061) MQTT: Publish failed
E (236071) MQTT: Publish failed
W (236071) TRANSPORT: No transport connected for broadcast
W (236071) MSG: Broadcast failed, falling back to MQTT
E (236072) MQTT: Publish failed
I (236075) CMD_U0: waiting for pending UART response ch=8 before next command
E (236096) MQTT: Publish failed
W (236096) TRANSPORT: No transport connected for broadcast
W (236096) MSG: Broadcast failed, falling back to MQTT
E (236097) MQTT: Publish failed
I (236101) CMD_U0: waiting for pending UART response ch=8 before next command
I (236122) CMD_U0: waiting for pending UART response ch=8 before next command
E (236122) MQTT: Publish failed
W (236123) TRANSPORT: No transport connected for broadcast
W (236123) MSG: Broadcast failed, falling back to MQTT
E (236123) MQTT: Publish failed
I (236142) CMD_U0: waiting for pending UART response ch=8 before next command
I (236163) CMD_U0: waiting for pending UART response ch=8 before next command
I (236184) CMD_U0: Stats: txn=411 err=0 (100%) no_ctx=0
I (236185) CMD_U0: waiting for pending UART response ch=8 before next command
I (236210) CMD_U0: waiting for pending UART response ch=8 before next command
I (236237) CMD_U0: waiting for pending UART response ch=8 before next command
I (236262) CMD_U0: waiting for pending UART response ch=8 before next command
I (236288) CMD_U0: waiting for pending UART response ch=8 before next command
I (236311) CMD_U0: waiting for pending UART response ch=8 before next command
I (236338) CMD_U0: waiting for pending UART response ch=8 before next command
I (236363) CMD_U0: waiting for pending UART response ch=8 before next command
I (236389) CMD_U0: waiting for pending UART response ch=8 before next command
I (236415) CMD_U0: waiting for pending UART response ch=8 before next command
I (236441) CMD_U0: waiting for pending UART response ch=8 before next command
I (236462) CMD_U0: waiting for pending UART response ch=8 before next command
I (236483) CMD_U0: waiting for pending UART response ch=8 before next command
I (236504) CMD_U0: waiting for pending UART response ch=8 before next command
I (236530) CMD_U0: waiting for pending UART response ch=8 before next command
W (236541) RX_TASK: RX timeout slot1 type=1 reqID=0 (1001ms)
I (236556) CMD_U0: waiting for pending UART response ch=8 before next command
I (236580) CMD_U1: waiting for pending UART response ch=9 before next command
I (236582) CMD_U0: waiting for pending UART response ch=8 before next command
I (236608) CMD_U0: waiting for pending UART response ch=8 before next command
I (236630) CMD_U0: waiting for pending UART response ch=8 before next command
I (236651) CMD_U0: waiting for pending UART response ch=8 before next command
I (236672) CMD_U0: waiting for pending UART response ch=8 before next command
I (236697) CMD_U0: waiting for pending UART response ch=8 before next command
I (236723) CMD_U0: waiting for pending UART response ch=8 before next command
I (236750) CMD_U0: waiting for pending UART response ch=8 before next command
I (236776) CMD_U0: waiting for pending UART response ch=8 before next command
I (236797) CMD_U0: waiting for pending UART response ch=8 before next command
I (236818) CMD_U0: waiting for pending UART response ch=8 before next command
I (236844) CMD_U0: waiting for pending UART response ch=8 before next command
I (236870) CMD_U0: waiting for pending UART response ch=8 before next command
I (236896) CMD_U0: waiting for pending UART response ch=8 before next command
I (236922) CMD_U0: waiting for pending UART response ch=8 before next command
I (236948) CMD_U0: waiting for pending UART response ch=8 before next command
I (236969) CMD_U0: waiting for pending UART response ch=8 before next command
I (236990) CMD_U0: waiting for pending UART response ch=8 before next command
I (237016) CMD_U0: waiting for pending UART response ch=8 before next command
I (237042) CMD_U0: waiting for pending UART response ch=8 before next command
I (237068) CMD_U0: waiting for pending UART response ch=8 before next command
I (237094) CMD_U0: waiting for pending UART response ch=8 before next command
I (237115) CMD_U0: waiting for pending UART response ch=8 before next command
I (237141) CMD_U0: waiting for pending UART response ch=8 before next command
I (237162) CMD_U0: waiting for pending UART response ch=8 before next command
I (237188) CMD_U0: waiting for pending UART response ch=8 before next command
I (237214) CMD_U0: waiting for pending UART response ch=8 before next command
I (237240) CMD_U0: waiting for pending UART response ch=8 before next command
I (237266) CMD_U0: waiting for pending UART response ch=8 before next command
I (237292) CMD_U0: waiting for pending UART response ch=8 before next command
I (237318) CMD_U0: waiting for pending UART response ch=8 before next command
I (237339) CMD_U0: waiting for pending UART response ch=8 before next command
I (237360) CMD_U0: waiting for pending UART response ch=8 before next command
I (237386) CMD_U0: waiting for pending UART response ch=8 before next command
I (237412) CMD_U0: waiting for pending UART response ch=8 before next command
I (237438) CMD_U0: waiting for pending UART response ch=8 before next command
I (237464) CMD_U0: waiting for pending UART response ch=8 before next command
I (237490) CMD_U0: waiting for pending UART response ch=8 before next command
I (237516) CMD_U0: waiting for pending UART response ch=8 before next command
I (237537) CMD_U0: waiting for pending UART response ch=8 before next command
I (237558) CMD_U0: waiting for pending UART response ch=8 before next command
W (237564) RX_TASK: RX timeout slot1 type=1 reqID=0 (1001ms)
I (237584) CMD_U0: waiting for pending UART response ch=8 before next command
I (237603) CMD_U1: Stats: txn=10 err=0 (100%) no_ctx=0
I (237603) CMD_U1: waiting for pending UART response ch=9 before next command
I (237610) CMD_U0: waiting for pending UART response ch=8 before next command
I (237636) CMD_U0: waiting for pending UART response ch=8 before next command
I (237662) CMD_U0: waiting for pending UART response ch=8 before next command
I (237688) CMD_U0: waiting for pending UART response ch=8 before next command
E (237708) MQTT: Publish failed
W (237708) TRANSPORT: No transport connected for broadcast
W (237708) MSG: Broadcast failed, falling back to MQTT
E (237709) MQTT: Publish failed
I (237709) CMD_U0: waiting for pending UART response ch=8 before next command
E (237729) MQTT: Publish failed
W (237729) TRANSPORT: No transport connected for broadcast
W (237729) MSG: Broadcast failed, falling back to MQTT
E (237730) MQTT: Publish failed
I (237730) CMD_U0: waiting for pending UART response ch=8 before next command
E (237754) MQTT: Publish failed
W (237754) TRANSPORT: No transport connected for broadcast
W (237754) MSG: Broadcast failed, falling back to MQTT
E (237755) MQTT: Publish failed
I (237756) CMD_U0: waiting for pending UART response ch=8 before next command
E (237779) MQTT: Publish failed
W (237779) TRANSPORT: No transport connected for broadcast
W (237779) MSG: Broadcast failed, falling back to MQTT
E (237780) MQTT: Publish failed
I (237782) CMD_U0: waiting for pending UART response ch=8 before next command
E (237804) MQTT: Publish failed
W (237804) TRANSPORT: No transport connected for broadcast
W (237804) MSG: Broadcast failed, falling back to MQTT
E (237805) MQTT: Publish failed
I (237808) CMD_U0: waiting for pending UART response ch=8 before next command
E (237810) MQTT: Publish failed
W (237810) TRANSPORT: No transport connected for broadcast
W (237810) MSG: Broadcast failed, falling back to MQTT
E (237810) MQTT: Publish failed
E (237830) MQTT: Publish failed
W (237830) TRANSPORT: No transport connected for broadcast
W (237830) MSG: Broadcast failed, falling back to MQTT
E (237831) MQTT: Publish failed
I (237834) CMD_U0: waiting for pending UART response ch=8 before next command
I (237855) CMD_U0: waiting for pending UART response ch=8 before next command
E (237856) MQTT: Publish failed
W (237856) TRANSPORT: No transport connected for broadcast
W (237856) MSG: Broadcast failed, falling back to MQTT
E (237856) MQTT: Publish failed
I (237876) CMD_U0: waiting for pending UART response ch=8 before next command
I (237896) CMD_U0: waiting for pending UART response ch=8 before next command
I (237916) CMD_U0: waiting for pending UART response ch=8 before next command
I (237937) CMD_U0: waiting for pending UART response ch=8 before next command
I (237958) CMD_U0: waiting for pending UART response ch=8 before next command
I (237984) CMD_U0: waiting for pending UART response ch=8 before next command
I (238010) CMD_U0: waiting for pending UART response ch=8 before next command
I (238037) CMD_U0: waiting for pending UART response ch=8 before next command
I (238062) CMD_U0: waiting for pending UART response ch=8 before next command
I (238083) CMD_U0: waiting for pending UART response ch=8 before next command
I (238104) CMD_U0: waiting for pending UART response ch=8 before next command
I (238125) CMD_U0: waiting for pending UART response ch=8 before next command
I (238152) CMD_U0: waiting for pending UART response ch=8 before next command
I (238177) CMD_U0: waiting for pending UART response ch=8 before next command
I (238203) CMD_U0: waiting for pending UART response ch=8 before next command
I (238229) CMD_U0: waiting for pending UART response ch=8 before next command
I (238255) CMD_U0: waiting for pending UART response ch=8 before next command
I (238282) CMD_U0: waiting for pending UART response ch=8 before next command
I (238303) CMD_U0: waiting for pending UART response ch=8 before next command
I (238324) CMD_U0: waiting for pending UART response ch=8 before next command
I (238349) CMD_U0: waiting for pending UART response ch=8 before next command
I (238375) CMD_U0: waiting for pending UART response ch=8 before next command
I (238402) CMD_U0: waiting for pending UART response ch=8 before next command
I (238427) CMD_U0: waiting for pending UART response ch=8 before next command
I (238449) CMD_U0: waiting for pending UART response ch=8 before next command
I (238470) CMD_U0: waiting for pending UART response ch=8 before next command
I (238490) CMD_U0: waiting for pending UART response ch=8 before next command
I (238516) CMD_U0: waiting for pending UART response ch=8 before next command
I (238542) CMD_U0: waiting for pending UART response ch=8 before next command
I (238568) CMD_U0: waiting for pending UART response ch=8 before next command
W (238587) RX_TASK: RX timeout slot1 type=1 reqID=0 (1001ms)
I (238594) CMD_U0: waiting for pending UART response ch=8 before next command
I (238615) CMD_U0: waiting for pending UART response ch=8 before next command
I (238626) CMD_U1: waiting for pending UART response ch=9 before next command
I (238636) CMD_U0: waiting for pending UART response ch=8 before next command
I (238657) CMD_U0: waiting for pending UART response ch=8 before next command
I (238683) CMD_U0: waiting for pending UART response ch=8 before next command
I (238709) CMD_U0: waiting for pending UART response ch=8 before next command
I (238735) CMD_U0: waiting for pending UART response ch=8 before next command
I (238761) CMD_U0: waiting for pending UART response ch=8 before next command
I (238787) CMD_U0: waiting for pending UART response ch=8 before next command
I (238813) CMD_U0: waiting for pending UART response ch=8 before next command
I (238839) CMD_U0: waiting for pending UART response ch=8 before next command
I (238860) CMD_U0: waiting for pending UART response ch=8 before next command
I (238881) CMD_U0: waiting for pending UART response ch=8 before next command
I (238901) CMD_U0: waiting for pending UART response ch=8 before next command
I (238926) CMD_U0: waiting for pending UART response ch=8 before next command
I (238947) CMD_U0: waiting for pending UART response ch=8 before next command
I (238972) CMD_U0: waiting for pending UART response ch=8 before next command
I (238998) CMD_U0: waiting for pending UART response ch=8 before next command
I (239019) CMD_U0: waiting for pending UART response ch=8 before next command
I (239041) CMD_U0: waiting for pending UART response ch=8 before next command
I (239066) CMD_U0: waiting for pending UART response ch=8 before next command
I (239092) CMD_U0: waiting for pending UART response ch=8 before next command
I (239118) CMD_U0: waiting for pending UART response ch=8 before next command
I (239144) CMD_U0: waiting for pending UART response ch=8 before next command
I (239170) CMD_U0: waiting for pending UART response ch=8 before next command
I (239196) CMD_U0: waiting for pending UART response ch=8 before next command
I (239222) CMD_U0: waiting for pending UART response ch=8 before next command
I (239243) CMD_U0: waiting for pending UART response ch=8 before next command
I (239269) CMD_U0: waiting for pending UART response ch=8 before next command
I (239295) CMD_U0: waiting for pending UART response ch=8 before next command
I (239321) CMD_U0: waiting for pending UART response ch=8 before next command
I (239347) CMD_U0: waiting for pending UART response ch=8 before next command
I (239373) CMD_U0: waiting for pending UART response ch=8 before next command
I (239394) CMD_U0: waiting for pending UART response ch=8 before next command
E (239394) MQTT: Publish failed
W (239394) TRANSPORT: No transport connected for broadcast
W (239395) MSG: Broadcast failed, falling back to MQTT
E (239395) MQTT: Publish failed
E (239414) MQTT: Publish failed
W (239414) TRANSPORT: No transport connected for broadcast
W (239414) MSG: Broadcast failed, falling back to MQTT
E (239415) MQTT: Publish failed
I (239419) CMD_U0: waiting for pending UART response ch=8 before next command
E (239440) MQTT: Publish failed
W (239440) TRANSPORT: No transport connected for broadcast
W (239440) MSG: Broadcast failed, falling back to MQTT
E (239441) MQTT: Publish failed
I (239445) CMD_U0: waiting for pending UART response ch=8 before next command
E (239465) MQTT: Publish failed
W (239465) TRANSPORT: No transport connected for broadcast
W (239466) MSG: Broadcast failed, falling back to MQTT
E (239466) MQTT: Publish failed
I (239466) CMD_U0: waiting for pending UART response ch=8 before next command
E (239485) MQTT: Publish failed
W (239485) TRANSPORT: No transport connected for broadcast
W (239485) MSG: Broadcast failed, falling back to MQTT
E (239486) MQTT: Publish failed
I (239487) CMD_U0: waiting for pending UART response ch=8 before next command
E (239511) MQTT: Publish failed
W (239511) TRANSPORT: No transport connected for broadcast
W (239511) MSG: Broadcast failed, falling back to MQTT
E (239512) MQTT: Publish failed
I (239513) CMD_U0: waiting for pending UART response ch=8 before next command
E (239536) MQTT: Publish failed
W (239536) TRANSPORT: No transport connected for broadcast
W (239536) MSG: Broadcast failed, falling back to MQTT
E (239537) MQTT: Publish failed
I (239539) CMD_U0: waiting for pending UART response ch=8 before next command
E (239561) MQTT: Publish failed
W (239561) TRANSPORT: No transport connected for broadcast
W (239561) MSG: Broadcast failed, falling back to MQTT
E (239562) MQTT: Publish failed
I (239565) CMD_U0: waiting for pending UART response ch=8 before next command
I (239591) CMD_U0: waiting for pending UART response ch=8 before next command
W (239610) RX_TASK: RX timeout slot1 type=1 reqID=0 (1001ms)
I (239613) CMD_U0: waiting for pending UART response ch=8 before next command
I (239633) CMD_U0: waiting for pending UART response ch=8 before next command
I (239649) CMD_U1: waiting for pending UART response ch=9 before next command
I (239654) CMD_U0: waiting for pending UART response ch=8 before next command
I (239681) CMD_U0: waiting for pending UART response ch=8 before next command
I (239707) CMD_U0: waiting for pending UART response ch=8 before next command
I (239733) CMD_U0: waiting for pending UART response ch=8 before next command
I (239759) CMD_U0: waiting for pending UART response ch=8 before next command
I (239780) CMD_U0: waiting for pending UART response ch=8 before next command
I (239806) CMD_U0: waiting for pending UART response ch=8 before next command
I (239832) CMD_U0: waiting for pending UART response ch=8 before next command
E (239855) MQTT: Publish failed
W (239855) TRANSPORT: No transport connected for broadcast
W (239855) MSG: Broadcast failed, falling back to MQTT
E (239856) MQTT: Publish failed
I (239858) CMD_U0: waiting for pending UART response ch=8 before next command
E (239881) MQTT: Publish failed
W (239881) TRANSPORT: No transport connected for broadcast
W (239882) MSG: Broadcast failed, falling back to MQTT
E (239882) MQTT: Publish failed
I (239884) CMD_U0: waiting for pending UART response ch=8 before next command
E (239906) MQTT: Publish failed
W (239906) TRANSPORT: No transport connected for broadcast
W (239906) MSG: Broadcast failed, falling back to MQTT
E (239907) MQTT: Publish failed
I (239910) CMD_U0: waiting for pending UART response ch=8 before next command
I (239931) CMD_U0: waiting for pending UART response ch=8 before next command
E (239931) MQTT: Publish failed
W (239931) TRANSPORT: No transport connected for broadcast
W (239932) MSG: Broadcast failed, falling back to MQTT
E (239932) MQTT: Publish failed
E (239952) MQTT: Publish failed
W (239952) TRANSPORT: No transport connected for broadcast
W (239952) MSG: Broadcast failed, falling back to MQTT
E (239953) MQTT: Publish failed
I (239956) CMD_U0: waiting for pending UART response ch=8 before next command
E (239977) MQTT: Publish failed
W (239977) TRANSPORT: No transport connected for broadcast
W (239978) MSG: Broadcast failed, falling back to MQTT
E (239978) MQTT: Publish failed
I (239982) CMD_U0: waiting for pending UART response ch=8 before next command
E (240003) MQTT: Publish failed
W (240003) TRANSPORT: No transport connected for broadcast
W (240003) MSG: Broadcast failed, falling back to MQTT
E (240004) MQTT: Publish failed
I (240008) CMD_U0: waiting for pending UART response ch=8 before next command
E (240028) MQTT: Publish failed
W (240028) TRANSPORT: No transport connected for broadcast
W (240028) MSG: Broadcast failed, falling back to MQTT
E (240029) MQTT: Publish failed
I (240029) CMD_U0: waiting for pending UART response ch=8 before next command
E (240048) MQTT: Publish failed
W (240048) TRANSPORT: No transport connected for broadcast
W (240048) MSG: Broadcast failed, falling back to MQTT
E (240049) MQTT: Publish failed
I (240050) CMD_U0: waiting for pending UART response ch=8 before next command
E (240073) MQTT: Publish failed
W (240074) TRANSPORT: No transport connected for broadcast
E (240074) MQTT: Publish failed
W (240074) TRANSPORT: No transport connected for broadcast
W (240074) MSG: Broadcast failed, falling back to MQTT
E (240075) MQTT: Publish failed
W (240075) MSG: Broadcast failed, falling back to MQTT
E (240075) MQTT: Publish failed
I (240076) CMD_U0: waiting for pending UART response ch=8 before next command
E (240099) MQTT: Publish failed
W (240099) TRANSPORT: No transport connected for broadcast
W (240099) MSG: Broadcast failed, falling back to MQTT
E (240100) MQTT: Publish failed
I (240102) CMD_U0: waiting for pending UART response ch=8 before next command
E (240124) MQTT: Publish failed
W (240124) TRANSPORT: No transport connected for broadcast
W (240124) MSG: Broadcast failed, falling back to MQTT
E (240125) MQTT: Publish failed
I (240129) CMD_U0: waiting for pending UART response ch=8 before next command
E (240150) MQTT: Publish failed
W (240150) TRANSPORT: No transport connected for broadcast
W (240150) MSG: Broadcast failed, falling back to MQTT
E (240151) MQTT: Publish failed
I (240154) CMD_U0: waiting for pending UART response ch=8 before next command
E (240175) MQTT: Publish failed
W (240175) TRANSPORT: No transport connected for broadcast
W (240175) MSG: Broadcast failed, falling back to MQTT
E (240176) MQTT: Publish failed
I (240180) CMD_U0: waiting for pending UART response ch=8 before next command
E (240200) MQTT: Publish failed
W (240200) TRANSPORT: No transport connected for broadcast
W (240200) MSG: Broadcast failed, falling back to MQTT
E (240201) MQTT: Publish failed
I (240201) CMD_U0: waiting for pending UART response ch=8 before next command
E (240221) MQTT: Publish failed
W (240221) TRANSPORT: No transport connected for broadcast
W (240221) MSG: Broadcast failed, falling back to MQTT
E (240222) MQTT: Publish failed
I (240222) CMD_U0: waiting for pending UART response ch=8 before next command
E (240246) MQTT: Publish failed
W (240246) TRANSPORT: No transport connected for broadcast
W (240246) MSG: Broadcast failed, falling back to MQTT
E (240247) MQTT: Publish failed
I (240248) CMD_U0: waiting for pending UART response ch=8 before next command
E (240271) MQTT: Publish failed
W (240271) TRANSPORT: No transport connected for broadcast
W (240271) MSG: Broadcast failed, falling back to MQTT
E (240272) MQTT: Publish failed
I (240274) CMD_U0: waiting for pending UART response ch=8 before next command
E (240297) MQTT: Publish failed
W (240297) TRANSPORT: No transport connected for broadcast
W (240297) MSG: Broadcast failed, falling back to MQTT
E (240298) MQTT: Publish failed
I (240300) CMD_U0: waiting for pending UART response ch=8 before next command
E (240322) MQTT: Publish failed
W (240322) TRANSPORT: No transport connected for broadcast
W (240322) MSG: Broadcast failed, falling back to MQTT
E (240323) MQTT: Publish failed
I (240326) CMD_U0: waiting for pending UART response ch=8 before next command
E (240347) MQTT: Publish failed
W (240347) TRANSPORT: No transport connected for broadcast
W (240347) MSG: Broadcast failed, falling back to MQTT
E (240348) MQTT: Publish failed
I (240352) CMD_U0: waiting for pending UART response ch=8 before next command
E (240373) MQTT: Publish failed
W (240373) TRANSPORT: No transport connected for broadcast
W (240374) MSG: I (240374) CMD_U0: Broadcast failed, falling back to MQTTwaiting for pending UART response ch=8 before next command

E (240374) MQTT: Publish failed
E (240393) MQTT: Publish failed
W (240393) TRANSPORT: No transport connected for broadcast
W (240394) MSG: Broadcast failed, falling back to MQTT
E (240394) MQTT: Publish failed
I (240394) CMD_U0: waiting for pending UART response ch=8 before next command
E (240413) MQTT: Publish failed
W (240413) TRANSPORT: No transport connected for broadcast
W (240413) MSG: Broadcast failed, falling back to MQTT
E (240414) MQTT: Publish failed
I (240415) CMD_U0: waiting for pending UART response ch=8 before next command
E (240439) MQTT: Publish failed
W (240439) TRANSPORT: No transport connected for broadcast
W (240439) MSG: Broadcast failed, falling back to MQTT
E (240440) MQTT: Publish failed
I (240441) CMD_U0: waiting for pending UART response ch=8 before next command
E (240464) MQTT: Publish failed
W (240464) TRANSPORT: No transport connected for broadcast
W (240464) MSG: Broadcast failed, falling back to MQTT
E (240465) MQTT: Publish failed
I (240467) CMD_U0: waiting for pending UART response ch=8 before next command
E (240489) MQTT: Publish failed
W (240489) TRANSPORT: No transport connected for broadcast
W (240490) MSG: Broadcast failed, falling back to MQTT
E (240490) MQTT: Publish failed
I (240493) CMD_U0: waiting for pending UART response ch=8 before next command
E (240515) MQTT: Publish failed
W (240515) TRANSPORT: No transport connected for broadcast
W (240515) MSG: Broadcast failed, falling back to MQTT
E (240516) MQTT: Publish failed
I (240519) CMD_U0: waiting for pending UART response ch=8 before next command
E (240540) MQTT: Publish failed
W (240540) TRANSPORT: No transport connected for broadcast
W (240541) MSG: Broadcast failed, falling back to MQTT
E (240541) MQTT: Publish failed
I (240545) CMD_U0: waiting for pending UART response ch=8 before next command
E (240565) MQTT: Publish failed
W (240565) TRANSPORT: No transport connected for broadcast
W (240565) MSG: Broadcast failed, falling back to MQTT
E (240566) MQTT: Publish failed
I (240566) CMD_U0: waiting for pending UART response ch=8 before next command
E (240585) MQTT: Publish failed
W (240585) TRANSPORT: No transport connected for broadcast
W (240585) MSG: Broadcast failed, falling back to MQTT
E (240586) MQTT: Publish failed
I (240587) CMD_U0: waiting for pending UART response ch=8 before next command
E (240611) MQTT: Publish failed
W (240611) TRANSPORT: No transport connected for broadcast
W (240611) MSG: Broadcast failed, falling back to MQTT
E (240612) MQTT: Publish failed
I (240613) CMD_U0: waiting for pending UART response ch=8 before next command
W (240633) RX_TASK: RX timeout slot1 type=1 reqID=0 (1001ms)
E (240633) MQTT: Publish failed
W (240634) TRANSPORT: No transport connected for broadcast
W (240634) MSG: Broadcast failed, falling back to MQTT
E (240634) MQTT: Publish failed
E (240636) MQTT: Publish failed
W (240636) TRANSPORT: No transport connected for broadcast
W (240636) MSG: Broadcast failed, falling back to MQTT
E (240637) MQTT: Publish failed
I (240639) CMD_U0: waiting for pending UART response ch=8 before next command
E (240661) MQTT: Publish failed
W (240661) TRANSPORT: No transport connected for broadcast
W (240661) MSG: Broadcast failed, falling back to MQTT
E (240662) MQTT: Publish failed
I (240665) CMD_U0: waiting for pending UART response ch=8 before next command
I (240673) CMD_U1: waiting for pending UART response ch=9 before next command
E (240687) MQTT: Publish failed
W (240687) TRANSPORT: No transport connected for broadcast
W (240687) MSG: Broadcast failed, falling back to MQTT
E (240688) MQTT: Publish failed
I (240691) CMD_U0: waiting for pending UART response ch=8 before next command
I (240712) CMD_U0: waiting for pending UART response ch=8 before next command
E (240713) MQTT: Publish failed
W (240713) TRANSPORT: No transport connected for broadcast
W (240713) MSG: Broadcast failed, falling back to MQTT
I (240733) CMD_U0: waiting for pending UART response ch=8 before next command
I (240753) CMD_U0: waiting for pending UART response ch=8 before next command
I (240774) CMD_U0: waiting for pending UART response ch=8 before next command
I (240795) CMD_U0: waiting for pending UART response ch=8 before next command
I (240821) CMD_U0: waiting for pending UART response ch=8 before next command
I (240847) CMD_U0: waiting for pending UART response ch=8 before next command
I (240873) CMD_U0: waiting for pending UART response ch=8 before next command
I (240900) CMD_U0: waiting for pending UART response ch=8 before next command
I (240921) CMD_U0: waiting for pending UART response ch=8 before next command
I (240941) CMD_U0: waiting for pending UART response ch=8 before next command
I (240962) CMD_U0: waiting for pending UART response ch=8 before next command
I (240988) CMD_U0: waiting for pending UART response ch=8 before next command
I (241014) CMD_U0: waiting for pending UART response ch=8 before next command
I (241018) SCHEDULER: Stats: samples=422 full=582 min_free=2
I (241041) CMD_U0: waiting for pending UART response ch=8 before next command
I (241066) CMD_U0: waiting for pending UART response ch=8 before next command
I (241092) CMD_U0: waiting for pending UART response ch=8 before next command
I (241118) CMD_U0: waiting for pending UART response ch=8 before next command
I (241144) CMD_U0: waiting for pending UART response ch=8 before next command
I (241165) CMD_U0: waiting for pending UART response ch=8 before next command
I (241191) CMD_U0: waiting for pending UART response ch=8 before next command
I (241217) CMD_U0: waiting for pending UART response ch=8 before next command
I (241243) CMD_U0: waiting for pending UART response ch=8 before next command
I (241269) CMD_U0: waiting for pending UART response ch=8 before next command
I (241290) CMD_U0: waiting for pending UART response ch=8 before next command
I (241310) CMD_U0: waiting for pending UART response ch=8 before next command
I (241335) CMD_U0: waiting for pending UART response ch=8 before next command
I (241361) CMD_U0: waiting for pending UART response ch=8 before next command
I (241382) CMD_U0: waiting for pending UART response ch=8 before next command
I (241403) CMD_U0: waiting for pending UART response ch=8 before next command
I (241429) CMD_U0: waiting for pending UART response ch=8 before next command
I (241455) CMD_U0: waiting for pending UART response ch=8 before next command
I (241481) CMD_U0: waiting for pending UART response ch=8 before next command
E (241503) MQTT: Publish failed
W (241503) TRANSPORT: No transport connected for broadcast
W (241503) MSG: Broadcast failed, falling back to MQTT
E (241504) MQTT: Publish failed
I (241507) CMD_U0: waiting for pending UART response ch=8 before next command
E (241528) MQTT: Publish failed
W (241528) TRANSPORT: No transport connected for broadcast
W (241528) MSG: Broadcast failed, falling back to MQTT
E (241529) MQTT: Publish failed
I (241533) CMD_U0: waiting for pending UART response ch=8 before next command
E (241554) MQTT: Publish failed
W (241554) TRANSPORT: No transport connected for broadcast
W (241554) MSG: Broadcast failed, falling back to MQTT
E (241555) MQTT: Publish failed
I (241559) CMD_U0: waiting for pending UART response ch=8 before next command
E (241579) MQTT: Publish failed
W (241579) TRANSPORT: No transport connected for broadcast
W (241579) MSG: Broadcast failed, falling back to MQTT
E (241580) MQTT: Publish failed
I (241580) CMD_U0: waiting for pending UART response ch=8 before next command
E (241599) MQTT: Publish failed
W (241599) TRANSPORT: No transport connected for broadcast
W (241599) MSG: Broadcast failed, falling back to MQTT
E (241600) MQTT: Publish failed
I (241601) CMD_U0: waiting for pending UART response ch=8 before next command
E (241625) MQTT: Publish failed
W (241625) TRANSPORT: No transport connected for broadcast
W (241625) MSG: Broadcast failed, falling back to MQTT
E (241626) MQTT: Publish failed
I (241627) CMD_U0: waiting for pending UART response ch=8 before next command
E (241650) MQTT: Publish failed
W (241650) TRANSPORT: No transport connected for broadcast
W (241650) MSG: Broadcast failed, falling back to MQTT
E (241651) MQTT: Publish failed
I (241653) CMD_U0: waiting for pending UART response ch=8 before next command
W (241657) RX_TASK: RX timeout slot1 type=1 reqID=0 (1001ms)
E (241675) MQTT: Publish failed
W (241675) TRANSPORT: No transport connected for broadcast
W (241675) MSG: Broadcast failed, falling back to MQTT
E (241676) MQTT: Publish failed
I (241679) CMD_U0: waiting for pending UART response ch=8 before next command
I (241696) CMD_U1: waiting for pending UART response ch=9 before next command
E (241701) MQTT: Publish failed
W (241701) TRANSPORT: No transport connected for broadcast
W (241701) MSG: Broadcast failed, falling back to MQTT
E (241702) MQTT: Publish failed
I (241705) CMD_U0: waiting for pending UART response ch=8 before next command
E (241726) MQTT: Publish failed
W (241726) TRANSPORT: No transport connected for broadcast
W (241726) MSG: Broadcast failed, falling back to MQTT
E (241727) MQTT: Publish failed
I (241731) CMD_U0: waiting for pending UART response ch=8 before next command
E (241751) MQTT: Publish failed
W (241751) TRANSPORT: No transport connected for broadcast
W (241751) MSG: Broadcast failed, falling back to MQTT
E (241752) MQTT: Publish failed
I (241752) CMD_U0: waiting for pending UART response ch=8 before next command
E (241772) MQTT: Publish failed
W (241772) TRANSPORT: No transport connected for broadcast
W (241772) MSG: Broadcast failed, falling back to MQTT
E (241773) MQTT: Publish failed
I (241773) CMD_U0: waiting for pending UART response ch=8 before next command
E (241797) MQTT: Publish failed
W (241797) TRANSPORT: No transport connected for broadcast
W (241797) MSG: Broadcast failed, falling back to MQTT
E (241798) MQTT: Publish failed
I (241799) CMD_U0: waiting for pending UART response ch=8 before next command
E (241810) MQTT: Publish failed
W (241810) TRANSPORT: No transport connected for broadcast
W (241810) MSG: Broadcast failed, falling back to MQTT
E (241811) MQTT: Publish failed
E (241822) MQTT: Publish failed
W (241822) TRANSPORT: No transport connected for broadcast
W (241822) MSG: Broadcast failed, falling back to MQTT
E (241823) MQTT: Publish failed
I (241825) CMD_U0: waiting for pending UART response ch=8 before next command
E (241848) MQTT: Publish failed
W (241848) TRANSPORT: No transport connected for broadcast
W (241848) MSG: Broadcast failed, falling back to MQTT
E (241849) MQTT: Publish failed
I (241851) CMD_U0: waiting for pending UART response ch=8 before next command
E (241873) MQTT: Publish failed
W (241873) TRANSPORT: No transport connected for broadcast
W (241873) MSG: Broadcast failed, falling back to MQTT
E (241874) MQTT: Publish failed
I (241877) CMD_U0: waiting for pending UART response ch=8 before next command
E (241898) MQTT: Publish failed
W (241898) TRANSPORT: No transport connected for broadcast
W (241899) MSG: I (241899) CMD_U0: Broadcast failed, falling back to MQTTwaiting for pending UART response ch=8 before next command

E (241899) MQTT: Publish failed
E (241919) MQTT: Publish failed
W (241919) TRANSPORT: No transport connected for broadcast
W (241919) MSG: Broadcast failed, falling back to MQTT
E (241920) MQTT: Publish failed
I (241924) CMD_U0: waiting for pending UART response ch=8 before next command
E (241944) MQTT: Publish failed
W (241944) TRANSPORT: No transport connected for broadcast
W (241944) MSG: Broadcast failed, falling back to MQTT
E (241945) MQTT: Publish failed
I (241945) CMD_U0: waiting for pending UART response ch=8 before next command
E (241969) MQTT: Publish failed
W (241969) TRANSPORT: No transport connected for broadcast
W (241969) MSG: Broadcast failed, falling back to MQTT
E (241970) MQTT: Publish failed
I (241971) CMD_U0: waiting for pending UART response ch=8 before next command
E (241995) MQTT: Publish failed
W (241995) TRANSPORT: No transport connected for broadcast
W (241995) MSG: Broadcast failed, falling back to MQTT
E (241996) MQTT: Publish failed
I (241997) CMD_U0: waiting for pending UART response ch=8 before next command
E (242020) MQTT: Publish failed
W (242020) TRANSPORT: No transport connected for broadcast
W (242020) MSG: Broadcast failed, falling back to MQTT
E (242021) MQTT: Publish failed
I (242023) CMD_U0: waiting for pending UART response ch=8 before next command
E (242045) MQTT: Publish failed
W (242045) TRANSPORT: No transport connected for broadcast
W (242045) MSG: Broadcast failed, falling back to MQTT
E (242046) MQTT: Publish failed
I (242049) CMD_U0: waiting for pending UART response ch=8 before next command
E (242071) MQTT: Publish failed
W (242071) TRANSPORT: No transport connected for broadcast
W (242071) MSG: Broadcast failed, falling back to MQTT
E (242072) MQTT: Publish failed
I (242075) CMD_U0: waiting for pending UART response ch=8 before next command
E (242080) MQTT: Publish failed
W (242081) TRANSPORT: No transport connected for broadcast
W (242081) MSG: Broadcast failed, falling back to MQTT
E (242082) MQTT: Publish failed
E (242087) MQTT: Publish failed
W (242087) TRANSPORT: No transport connected for broadcast
W (242088) MSG: Broadcast failed, falling back to MQTT
E (242088) MQTT: Publish failed
I (242102) CMD_U0: waiting for pending UART response ch=8 before next command
I (242123) CMD_U0: waiting for pending UART response ch=8 before next command
I (242149) CMD_U0: waiting for pending UART response ch=8 before next command
I (242175) CMD_U0: waiting for pending UART response ch=8 before next command
I (242201) CMD_U0: waiting for pending UART response ch=8 before next command
I (242227) CMD_U0: waiting for pending UART response ch=8 before next command
I (242249) CMD_U0: waiting for pending UART response ch=8 before next command
I (242269) CMD_U0: waiting for pending UART response ch=8 before next command
E (242288) MQTT: Publish failed
W (242288) TRANSPORT: No transport connected for broadcast
W (242288) MSG: Broadcast failed, falling back to MQTT
E (242289) MQTT: Publish failed
I (242290) CMD_U0: waiting for pending UART response ch=8 before next command
E (242314) MQTT: Publish failed
W (242314) TRANSPORT: No transport connected for broadcast
W (242314) MSG: Broadcast failed, falling back to MQTT
E (242315) MQTT: Publish failed
I (242316) CMD_U0: waiting for pending UART response ch=8 before next command
E (242340) MQTT: Publish failed
W (242340) TRANSPORT: No transport connected for broadcast
W (242340) MSG: Broadcast failed, falling back to MQTT
E (242341) MQTT: Publish failed
I (242342) CMD_U0: waiting for pending UART response ch=8 before next command
E (242364) MQTT: Publish failed
W (242364) TRANSPORT: No transport connected for broadcast
W (242364) MSG: Broadcast failed, falling back to MQTT
E (242365) MQTT: Publish failed
I (242368) CMD_U0: waiting for pending UART response ch=8 before next command
E (242390) MQTT: Publish failed
W (242390) TRANSPORT: No transport connected for broadcast
W (242390) MSG: Broadcast failed, falling back to MQTT
E (242391) MQTT: Publish failed
I (242394) CMD_U0: waiting for pending UART response ch=8 before next command
E (242415) MQTT: Publish failed
W (242415) TRANSPORT: No transport connected for broadcast
W (242415) MSG: Broadcast failed, falling back to MQTT
E (242416) MQTT: Publish failed
I (242420) CMD_U0: waiting for pending UART response ch=8 before next command
E (242441) MQTT: Publish failed
W (242441) TRANSPORT: No transport connected for broadcast
W (242442) MSG: Broadcast failed, falling back to MQTT
E (242442) MQTT: Publish failed
I (242446) CMD_U0: waiting for pending UART response ch=8 before next command
E (242466) MQTT: Publish failed
W (242466) TRANSPORT: No transport connected for broadcast
W (242466) MSG: Broadcast failed, falling back to MQTT
E (242467) MQTT: Publish failed
I (242467) CMD_U0: waiting for pending UART response ch=8 before next command
E (242491) MQTT: Publish failed
W (242491) TRANSPORT: No transport connected for broadcast
W (242491) MSG: Broadcast failed, falling back to MQTT
E (242492) MQTT: Publish failed
I (242493) CMD_U0: waiting for pending UART response ch=8 before next command
E (242517) MQTT: Publish failed
W (242517) TRANSPORT: No transport connected for broadcast
W (242517) MSG: Broadcast failed, falling back to MQTT
E (242518) MQTT: Publish failed
I (242519) CMD_U0: waiting for pending UART response ch=8 before next command
E (242542) MQTT: Publish failed
W (242542) TRANSPORT: No transport connected for broadcast
W (242542) MSG: Broadcast failed, falling back to MQTT
E (242543) MQTT: Publish failed
I (242545) CMD_U0: waiting for pending UART response ch=8 before next command
E (242567) MQTT: Publish failed
W (242567) TRANSPORT: No transport connected for broadcast
W (242567) MSG: Broadcast failed, falling back to MQTT
E (242568) MQTT: Publish failed
I (242571) CMD_U0: waiting for pending UART response ch=8 before next command
E (242593) MQTT: Publish failed
W (242593) TRANSPORT: No transport connected for broadcast
W (242593) MSG: Broadcast failed, falling back to MQTT
E (242594) MQTT: Publish failed
I (242597) CMD_U0: waiting for pending UART response ch=8 before next command
E (242618) MQTT: Publish failed
W (242618) TRANSPORT: No transport connected for broadcast
W (242618) MSG: Broadcast failed, falling back to MQTT
E (242619) MQTT: Publish failed
I (242623) CMD_U0: waiting for pending UART response ch=8 before next command
E (242643) MQTT: Publish failed
W (242643) TRANSPORT: No transport connected for broadcast
W (242643) MSG: Broadcast failed, falling back to MQTT
E (242644) MQTT: Publish failed
I (242644) CMD_U0: waiting for pending UART response ch=8 before next command
E (242663) MQTT: Publish failed
W (242663) TRANSPORT: No transport connected for broadcast
W (242663) MSG: Broadcast failed, falling back to MQTT
E (242664) MQTT: Publish failed
I (242665) CMD_U0: waiting for pending UART response ch=8 before next command
W (242680) RX_TASK: RX timeout slot1 type=1 reqID=0 (1001ms)
E (242680) MQTT: Publish failed
W (242680) TRANSPORT: No transport connected for broadcast
W (242681) MSG: Broadcast failed, falling back to MQTT
E (242681) MQTT: Publish failed
E (242689) MQTT: Publish failed
W (242689) TRANSPORT: No transport connected for broadcast
W (242689) MSG: Broadcast failed, falling back to MQTT
E (242690) MQTT: Publish failed
I (242691) CMD_U0: waiting for pending UART response ch=8 before next command
E (242714) MQTT: Publish failed
W (242714) TRANSPORT: No transport connected for broadcast
W (242714) MSG: Broadcast failed, falling back to MQTT
E (242715) MQTT: Publish failed
I (242717) CMD_U0: waiting for pending UART response ch=8 before next command
I (242719) CMD_U1: waiting for pending UART response ch=9 before next command
E (242739) MQTT: Publish failed
W (242739) TRANSPORT: No transport connected for broadcast
W (242739) MSG: Broadcast failed, falling back to MQTT
E (242740) MQTT: Publish failed
I (242743) CMD_U0: waiting for pending UART response ch=8 before next command
E (242765) MQTT: Publish failed
W (242765) TRANSPORT: No transport connected for broadcast
W (242765) MSG: Broadcast failed, falling back to MQTT
E (242766) MQTT: Publish failed
I (242769) CMD_U0: waiting for pending UART response ch=8 before next command
E (242790) MQTT: Publish failed
W (242790) TRANSPORT: No transport connected for broadcast
W (242791) MSG: Broadcast failed, falling back to MQTT
E (242791) MQTT: Publish failed
I (242795) CMD_U0: waiting for pending UART response ch=8 before next command
E (242810) MQTT: Publish failed
W (242810) TRANSPORT: No transport connected for broadcast
W (242810) MSG: Broadcast failed, falling back to MQTT
E (242810) MQTT: Publish failed
E (242815) MQTT: Publish failed
W (242815) TRANSPORT: No transport connected for broadcast
W (242815) MSG: Broadcast failed, falling back to MQTT
E (242815) MQTT: Publish failed
I (242816) CMD_U0: waiting for pending UART response ch=8 before next command
E (242836) MQTT: Publish failed
W (242836) TRANSPORT: No transport connected for broadcast
W (242836) MSG: Broadcast failed, falling back to MQTT
E (242837) MQTT: Publish failed
I (242837) CMD_U0: waiting for pending UART response ch=8 before next command
E (242862) MQTT: Publish failed
W (242862) TRANSPORT: No transport connected for broadcast
W (242862) MSG: Broadcast failed, falling back to MQTT
E (242863) MQTT: Publish failed
I (242863) CMD_U0: waiting for pending UART response ch=8 before next command
E (242886) MQTT: Publish failed
W (242886) TRANSPORT: No transport connected for broadcast
W (242886) MSG: Broadcast failed, falling back to MQTT
E (242887) MQTT: Publish failed
I (242889) CMD_U0: waiting for pending UART response ch=8 before next command
E (242912) MQTT: Publish failed
W (242912) TRANSPORT: No transport connected for broadcast
W (242912) MSG: Broadcast failed, falling back to MQTT
E (242913) MQTT: Publish failed
I (242915) CMD_U0: waiting for pending UART response ch=8 before next command
E (242938) MQTT: Publish failed
W (242938) TRANSPORT: No transport connected for broadcast
W (242938) MSG: Broadcast failed, falling back to MQTT
E (242939) MQTT: Publish failed
I (242941) CMD_U0: waiting for pending UART response ch=8 before next command
E (242962) MQTT: Publish failed
W (242962) TRANSPORT: No transport connected for broadcast
W (242962) MSG: Broadcast failed, falling back to MQTT
E (242963) MQTT: Publish failed
I (242967) CMD_U0: waiting for pending UART response ch=8 before next command
E (242988) MQTT: Publish failed
W (242988) TRANSPORT: No transport connected for broadcast
W (242988) MSG: Broadcast failed, falling back to MQTT
E (242989) MQTT: Publish failed
I (242993) CMD_U0: waiting for pending UART response ch=8 before next command
E (243013) MQTT: Publish failed
W (243013) TRANSPORT: No transport connected for broadcast
W (243013) MSG: Broadcast failed, falling back to MQTT
E (243014) MQTT: Publish failed
I (243014) CMD_U0: waiting for pending UART response ch=8 before next command
E (243034) MQTT: Publish failed
W (243034) TRANSPORT: No transport connected for broadcast
W (243034) MSG: Broadcast failed, falling back to MQTT
E (243035) MQTT: Publish failed
I (243035) CMD_U0: waiting for pending UART response ch=8 before next command
E (243059) MQTT: Publish failed
W (243059) TRANSPORT: No transport connected for broadcast
W (243059) MSG: Broadcast failed, falling back to MQTT
E (243060) MQTT: Publish failed
I (243061) CMD_U0: waiting for pending UART response ch=8 before next command
E (243084) MQTT: Publish failed
W (243084) TRANSPORT: No transport connected for broadcast
W (243084) MSG: Broadcast failed, falling back to MQTT
E (243085) MQTT: Publish failed
I (243087) CMD_U0: waiting for pending UART response ch=8 before next command
E (243091) MQTT: Publish failed
W (243091) TRANSPORT: No transport connected for broadcast
W (243091) MSG: Broadcast failed, falling back to MQTT
E (243091) MQTT: Publish failed
E (243109) MQTT: Publish failed
W (243109) TRANSPORT: No transport connected for broadcast
W (243109) MSG: Broadcast failed, falling back to MQTT
E (243110) MQTT: Publish failed
I (243113) CMD_U0: waiting for pending UART response ch=8 before next command
E (243135) MQTT: Publish failed
W (243135) TRANSPORT: No transport connected for broadcast
W (243135) MSG: Broadcast failed, falling back to MQTT
E (243136) MQTT: Publish failed
I (243139) CMD_U0: waiting for pending UART response ch=8 before next command
I (243165) CMD_U0: waiting for pending UART response ch=8 before next command
I (243186) CMD_U0: waiting for pending UART response ch=8 before next command
I (243207) CMD_U0: waiting for pending UART response ch=8 before next command
I (243233) CMD_U0: waiting for pending UART response ch=8 before next command
I (243259) CMD_U0: waiting for pending UART response ch=8 before next command
I (243285) CMD_U0: waiting for pending UART response ch=8 before next command
I (243312) CMD_U0: waiting for pending UART response ch=8 before next command
I (243334) CMD_U0: waiting for pending UART response ch=8 before next command
I (243355) CMD_U0: waiting for pending UART response ch=8 before next command
I (243380) CMD_U0: waiting for pending UART response ch=8 before next command
I (243406) CMD_U0: waiting for pending UART response ch=8 before next command
I (243432) CMD_U0: waiting for pending UART response ch=8 before next command
I (243458) CMD_U0: waiting for pending UART response ch=8 before next command
I (243485) CMD_U0: waiting for pending UART response ch=8 before next command
I (243506) CMD_U0: waiting for pending UART response ch=8 before next command
I (243527) CMD_U0: waiting for pending UART response ch=8 before next command
I (243553) CMD_U0: waiting for pending UART response ch=8 before next command
I (243580) CMD_U0: waiting for pending UART response ch=8 before next command
I (243605) CMD_U0: waiting for pending UART response ch=8 before next command
I (243631) CMD_U0: waiting for pending UART response ch=8 before next command
I (243657) CMD_U0: waiting for pending UART response ch=8 before next command
I (243678) CMD_U0: waiting for pending UART response ch=8 before next command
I (243700) CMD_U0: waiting for pending UART response ch=8 before next command
W (243703) RX_TASK: RX timeout slot1 type=1 reqID=0 (1001ms)
I (243725) CMD_U0: waiting for pending UART response ch=8 before next command
I (243742) CMD_U1: waiting for pending UART response ch=9 before next command
I (243752) CMD_U0: waiting for pending UART response ch=8 before next command
I (243777) CMD_U0: waiting for pending UART response ch=8 before next command
I (243804) CMD_U0: waiting for pending UART response ch=8 before next command
I (243808) SCHEDULER: sched: ch=8 edge_device_count=1, choosing v2 path
I (243808) SCHEDULER: sched: ch=9 edge_device_count=1, choosing v2 path
I (243829) CMD_U0: waiting for pending UART response ch=8 before next command
I (243855) CMD_U0: waiting for pending UART response ch=8 before next command
I (243876) CMD_U0: waiting for pending UART response ch=8 before next command
I (243902) CMD_U0: waiting for pending UART response ch=8 before next command
I (243928) CMD_U0: waiting for pending UART response ch=8 before next command
I (243954) CMD_U0: waiting for pending UART response ch=8 before next command
I (243980) CMD_U0: waiting for pending UART response ch=8 before next command
I (244006) CMD_U0: waiting for pending UART response ch=8 before next command
I (244032) CMD_U0: waiting for pending UART response ch=8 before next command
I (244053) CMD_U0: waiting for pending UART response ch=8 before next command
I (244074) CMD_U0: waiting for pending UART response ch=8 before next command
I (244100) CMD_U0: waiting for pending UART response ch=8 before next command
I (244126) CMD_U0: waiting for pending UART response ch=8 before next command
I (244152) CMD_U0: waiting for pending UART response ch=8 before next command
I (244178) CMD_U0: waiting for pending UART response ch=8 before next command
I (244199) CMD_U0: waiting for pending UART response ch=8 before next command
I (244224) CMD_U0: waiting for pending UART response ch=8 before next command
I (244250) CMD_U0: waiting for pending UART response ch=8 before next command
I (244271) CMD_U0: waiting for pending UART response ch=8 before next command
I (244292) CMD_U0: waiting for pending UART response ch=8 before next command
I (244318) CMD_U0: waiting for pending UART response ch=8 before next command
I (244344) CMD_U0: waiting for pending UART response ch=8 before next command
I (244370) CMD_U0: waiting for pending UART response ch=8 before next command
I (244396) CMD_U0: waiting for pending UART response ch=8 before next command
I (244422) CMD_U0: waiting for pending UART response ch=8 before next command
I (244448) CMD_U0: waiting for pending UART response ch=8 before next command
I (244469) CMD_U0: waiting for pending UART response ch=8 before next command
I (244490) CMD_U0: waiting for pending UART response ch=8 before next command
I (244516) CMD_U0: waiting for pending UART response ch=8 before next command
I (244542) CMD_U0: waiting for pending UART response ch=8 before next command
I (244568) CMD_U0: waiting for pending UART response ch=8 before next command
I (244594) CMD_U0: waiting for pending UART response ch=8 before next command
I (244620) CMD_U0: waiting for pending UART response ch=8 before next command
I (244646) CMD_U0: waiting for pending UART response ch=8 before next command
I (244667) CMD_U0: waiting for pending UART response ch=8 before next command
I (244688) CMD_U0: waiting for pending UART response ch=8 before next command
E (244712) MQTT: Publish failed
W (244712) TRANSPORT: No transport connected for broadcast
W (244712) MSG: Broadcast failed, falling back to MQTT
E (244713) MQTT: Publish failed
I (244714) CMD_U0: waiting for pending UART response ch=8 before next command
W (244727) RX_TASK: RX timeout slot1 type=1 reqID=0 (1001ms)
E (244737) MQTT: Publish failed
W (244737) TRANSPORT: No transport connected for broadcast
W (244737) MSG: Broadcast failed, falling back to MQTT
E (244738) MQTT: Publish failed
I (244740) CMD_U0: waiting for pending UART response ch=8 before next command
I (244744) CMD_U1: waiting for pending UART response ch=9 before next command
E (244762) MQTT: Publish failed
W (244762) TRANSPORT: No transport connected for broadcast
W (244762) MSG: Broadcast failed, falling back to MQTT
E (244763) MQTT: Publish failed
I (244766) CMD_U0: waiting for pending UART response ch=8 before next command
E (244788) MQTT: Publish failed
W (244788) TRANSPORT: No transport connected for broadcast
W (244788) MSG: Broadcast failed, falling back to MQTT
E (244789) MQTT: Publish failed
I (244792) CMD_U0: waiting for pending UART response ch=8 before next command
E (244810) MQTT: Publish failed
W (244810) TRANSPORT: No transport connected for broadcast
W (244810) MSG: Broadcast failed, falling back to MQTT
E (244810) MQTT: Publish failed
E (244813) MQTT: Publish failed
W (244813) TRANSPORT: No transport connected for broadcast
W (244813) MSG: Broadcast failed, falling back to MQTT
E (244814) MQTT: Publish failed
I (244818) CMD_U0: waiting for pending UART response ch=8 before next command
I (244838) RX_TASK: Stats: events=409 completions=419 report_drop=0 report_q_high=2
I (244839) CMD_U0: waiting for pending UART response ch=8 before next command
I (244866) CMD_U0: waiting for pending UART response ch=8 before next command
I (244891) CMD_U0: waiting for pending UART response ch=8 before next command
I (244917) CMD_U0: waiting for pending UART response ch=8 before next command
I (244943) CMD_U0: waiting for pending UART response ch=8 before next command
I (244970) CMD_U0: waiting for pending UART response ch=8 before next command
I (244991) CMD_U0: waiting for pending UART response ch=8 before next command
I (245013) CMD_U0: waiting for pending UART response ch=8 before next command
I (245038) CMD_U0: waiting for pending UART response ch=8 before next command
I (245064) CMD_U0: waiting for pending UART response ch=8 before next command
I (245090) CMD_U0: waiting for pending UART response ch=8 before next command
I (245116) CMD_U0: waiting for pending UART response ch=8 before next command
I (245142) CMD_U0: waiting for pending UART response ch=8 before next command
I (245168) CMD_U0: waiting for pending UART response ch=8 before next command
I (245189) CMD_U0: waiting for pending UART response ch=8 before next command
I (245210) CMD_U0: waiting for pending UART response ch=8 before next command
I (245237) CMD_U0: waiting for pending UART response ch=8 before next command
I (245263) CMD_U0: waiting for pending UART response ch=8 before next command
I (245289) CMD_U0: waiting for pending UART response ch=8 before next command
I (245311) CMD_U0: waiting for pending UART response ch=8 before next command
I (245338) CMD_U0: waiting for pending UART response ch=8 before next command
I (245363) CMD_U0: waiting for pending UART response ch=8 before next command
I (245390) CMD_U0: waiting for pending UART response ch=8 before next command
I (245416) CMD_U0: waiting for pending UART response ch=8 before next command
I (245436) CMD_U0: waiting for pending UART response ch=8 before next command
I (245462) CMD_U0: waiting for pending UART response ch=8 before next command
I (245483) CMD_U0: waiting for pending UART response ch=8 before next command
I (245504) CMD_U0: waiting for pending UART response ch=8 before next command
I (245530) CMD_U0: waiting for pending UART response ch=8 before next command
I (245556) CMD_U0: waiting for pending UART response ch=8 before next command
I (245582) CMD_U0: waiting for pending UART response ch=8 before next command
I (245608) CMD_U0: waiting for pending UART response ch=8 before next command
I (245634) CMD_U0: waiting for pending UART response ch=8 before next command
I (245655) CMD_U0: waiting for pending UART response ch=8 before next command
I (245680) CMD_U0: waiting for pending UART response ch=8 before next command
I (245706) CMD_U0: waiting for pending UART response ch=8 before next command
I (245727) CMD_U0: waiting for pending UART response ch=8 before next command
W (245728) RX_TASK: RX timeout slot1 type=1 reqID=0 (1001ms)
I (245752) CMD_U0: waiting for pending UART response ch=8 before next command
I (245767) CMD_U1: waiting for pending UART response ch=9 before next command
I (245773) CMD_U0: waiting for pending UART response ch=8 before next command
I (245794) CMD_U0: waiting for pending UART response ch=8 before next command
I (245820) CMD_U0: waiting for pending UART response ch=8 before next command
I (245846) CMD_U0: waiting for pending UART response ch=8 before next command
I (245872) CMD_U0: waiting for pending UART response ch=8 before next command
I (245898) CMD_U0: waiting for pending UART response ch=8 before next command
I (245924) CMD_U0: waiting for pending UART response ch=8 before next command
I (245945) CMD_U0: waiting for pending UART response ch=8 before next command
I (245970) CMD_U0: waiting for pending UART response ch=8 before next command
I (245991) CMD_U0: waiting for pending UART response ch=8 before next command
I (246012) CMD_U0: waiting for pending UART response ch=8 before next command
I (246038) CMD_U0: waiting for pending UART response ch=8 before next command
I (246064) CMD_U0: waiting for pending UART response ch=8 before next command
I (246090) CMD_U0: waiting for pending UART response ch=8 before next command
I (246116) CMD_U0: waiting for pending UART response ch=8 before next command
I (246142) CMD_U0: waiting for pending UART response ch=8 before next command
I (246163) CMD_U0: waiting for pending UART response ch=8 before next command
I (246188) CMD_U0: Stats: txn=409 err=0 (100%) no_ctx=0
I (246189) CMD_U0: waiting for pending UART response ch=8 before next command
I (246214) CMD_U0: waiting for pending UART response ch=8 before next command
I (246240) CMD_U0: waiting for pending UART response ch=8 before next command
I (246261) CMD_U0: waiting for pending UART response ch=8 before next command
I (246287) CMD_U0: waiting for pending UART response ch=8 before next command
I (246313) CMD_U0: waiting for pending UART response ch=8 before next command
I (246339) CMD_U0: waiting for pending UART response ch=8 before next command
E (246361) MQTT: Publish failed
W (246361) TRANSPORT: No transport connected for broadcast
W (246361) MSG: Broadcast failed, falling back to MQTT
E (246362) MQTT: Publish failed
I (246365) CMD_U0: waiting for pending UART response ch=8 before next command
E (246386) MQTT: Publish failed
W (246386) TRANSPORT: No transport connected for broadcast
W (246386) MSG: Broadcast failed, falling back to MQTT
E (246387) MQTT: Publish failed
I (246391) CMD_U0: waiting for pending UART response ch=8 before next command
E (246412) MQTT: Publish failed
W (246412) TRANSPORT: No transport connected for broadcast
W (246412) MSG: Broadcast failed, falling back to MQTT
E (246413) MQTT: Publish failed
I (246417) CMD_U0: waiting for pending UART response ch=8 before next command
E (246437) MQTT: Publish failed
W (246437) TRANSPORT: No transport connected for broadcast
W (246437) MSG: Broadcast failed, falling back to MQTT
E (246438) MQTT: Publish failed
I (246438) CMD_U0: waiting for pending UART response ch=8 before next command
E (246462) MQTT: Publish failed
W (246462) TRANSPORT: No transport connected for broadcast
W (246462) MSG: Broadcast failed, falling back to MQTT
E (246463) MQTT: Publish failed
I (246464) CMD_U0: waiting for pending UART response ch=8 before next command
E (246488) MQTT: Publish failed
W (246488) TRANSPORT: No transport connected for broadcast
W (246488) MSG: Broadcast failed, falling back to MQTT
E (246489) MQTT: Publish failed
I (246490) CMD_U0: waiting for pending UART response ch=8 before next command
E (246513) MQTT: Publish failed
W (246513) TRANSPORT: No transport connected for broadcast
W (246513) MSG: Broadcast failed, falling back to MQTT
E (246514) MQTT: Publish failed
I (246516) CMD_U0: waiting for pending UART response ch=8 before next command
E (246538) MQTT: Publish failed
W (246539) TRANSPORT: No transport connected for broadcast
W (246539) MSG: Broadcast failed, falling back to MQTT
E (246540) MQTT: Publish failed
I (246542) CMD_U0: waiting for pending UART response ch=8 before next command
I (246569) CMD_U0: waiting for pending UART response ch=8 before next command
I (246594) CMD_U0: waiting for pending UART response ch=8 before next command
I (246615) CMD_U0: waiting for pending UART response ch=8 before next command
I (246636) CMD_U0: waiting for pending UART response ch=8 before next command
I (246663) CMD_U0: waiting for pending UART response ch=8 before next command
I (246688) CMD_U0: waiting for pending UART response ch=8 before next command
I (246715) CMD_U0: waiting for pending UART response ch=8 before next command
I (246740) CMD_U0: waiting for pending UART response ch=8 before next command
W (246751) RX_TASK: RX timeout slot1 type=1 reqID=0 (1001ms)
I (246766) CMD_U0: waiting for pending UART response ch=8 before next command
I (246790) CMD_U1: waiting for pending UART response ch=9 before next command
I (246792) CMD_U0: waiting for pending UART response ch=8 before next command
I (246813) CMD_U0: waiting for pending UART response ch=8 before next command
I (246834) CMD_U0: waiting for pending UART response ch=8 before next command
E (246858) MQTT: Publish failed
W (246858) TRANSPORT: No transport connected for broadcast
W (246858) MSG: Broadcast failed, falling back to MQTT
E (246859) MQTT: Publish failed
I (246860) CMD_U0: waiting for pending UART response ch=8 before next command
E (246883) MQTT: Publish failed
W (246883) TRANSPORT: No transport connected for broadcast
W (246883) MSG: Broadcast failed, falling back to MQTT
E (246884) MQTT: Publish failed
I (246886) CMD_U0: waiting for pending UART response ch=8 before next command
E (246908) MQTT: Publish failed
W (246908) TRANSPORT: No transport connected for broadcast
W (246908) MSG: Broadcast failed, falling back to MQTT
E (246909) MQTT: Publish failed
I (246912) CMD_U0: waiting for pending UART response ch=8 before next command
E (246934) MQTT: Publish failed
W (246934) TRANSPORT: No transport connected for broadcast
W (246934) MSG: Broadcast failed, falling back to MQTT
E (246935) MQTT: Publish failed
I (246938) CMD_U0: waiting for pending UART response ch=8 before next command
E (246960) MQTT: Publish failed
W (246960) TRANSPORT: No transport connected for broadcast
W (246960) MSG: Broadcast failed, falling back to MQTT
E (246961) MQTT: Publish failed
I (246964) CMD_U0: waiting for pending UART response ch=8 before next command
E (246984) MQTT: Publish failed
W (246984) TRANSPORT: No transport connected for broadcast
W (246984) MSG: Broadcast failed, falling back to MQTT
E (246985) MQTT: Publish failed
I (246985) CMD_U0: waiting for pending UART response ch=8 before next command
E (247005) MQTT: Publish failed
W (247005) TRANSPORT: No transport connected for broadcast
W (247005) MSG: Broadcast failed, falling back to MQTT
E (247006) MQTT: Publish failed
I (247006) CMD_U0: waiting for pending UART response ch=8 before next command
E (247030) MQTT: Publish failed
W (247030) TRANSPORT: No transport connected for broadcast
W (247030) MSG: Broadcast failed, falling back to MQTT
E (247031) MQTT: Publish failed
I (247032) CMD_U0: waiting for pending UART response ch=8 before next command
E (247055) MQTT: Publish failed
W (247055) TRANSPORT: No transport connected for broadcast
W (247055) MSG: Broadcast failed, falling back to MQTT
E (247056) MQTT: Publish failed
I (247058) CMD_U0: waiting for pending UART response ch=8 before next command
E (247081) MQTT: Publish failed
W (247081) TRANSPORT: No transport connected for broadcast
W (247081) MSG: Broadcast failed, falling back to MQTT
E (247082) MQTT: Publish failed
I (247084) CMD_U0: waiting for pending UART response ch=8 before next command
E (247106) MQTT: Publish failed
W (247106) TRANSPORT: No transport connected for broadcast
W (247107) MSG: Broadcast failed, falling back to MQTT
E (247107) MQTT: Publish failed
E (247108) MQTT: Publish failed
W (247109) TRANSPORT: No transport connected for broadcast
W (247109) MSG: Broadcast failed, falling back to MQTT
E (247109) MQTT: Publish failed
I (247110) CMD_U0: waiting for pending UART response ch=8 before next command
I (247131) CMD_U0: waiting for pending UART response ch=8 before next command
E (247131) MQTT: Publish failed
W (247132) TRANSPORT: No transport connected for broadcast
W (247132) MSG: Broadcast failed, falling back to MQTT
E (247132) MQTT: Publish failed
E (247152) MQTT: Publish failed
W (247152) TRANSPORT: No transport connected for broadcast
W (247152) MSG: Broadcast failed, falling back to MQTT
E (247153) MQTT: Publish failed
I (247156) CMD_U0: waiting for pending UART response ch=8 before next command
E (247177) MQTT: Publish failed
W (247177) TRANSPORT: No transport connected for broadcast
W (247177) MSG: Broadcast failed, falling back to MQTT
E (247178) MQTT: Publish failed
I (247182) CMD_U0: waiting for pending UART response ch=8 before next command
E (247202) MQTT: Publish failed
W (247202) TRANSPORT: No transport connected for broadcast
W (247202) MSG: Broadcast failed, falling back to MQTT
E (247203) MQTT: Publish failed
I (247203) CMD_U0: waiting for pending UART response ch=8 before next command
E (247223) MQTT: Publish failed
W (247223) TRANSPORT: No transport connected for broadcast
W (247223) MSG: Broadcast failed, falling back to MQTT
E (247224) MQTT: Publish failed
I (247224) CMD_U0: waiting for pending UART response ch=8 before next command
E (247248) MQTT: Publish failed
W (247249) TRANSPORT: No transport connected for broadcast
W (247249) MSG: Broadcast failed, falling back to MQTT
E (247249) MQTT: Publish failed
I (247250) CMD_U0: waiting for pending UART response ch=8 before next command
E (247273) MQTT: Publish failed
W (247273) TRANSPORT: No transport connected for broadcast
W (247273) MSG: Broadcast failed, falling back to MQTT
E (247274) MQTT: Publish failed
I (247276) CMD_U0: waiting for pending UART response ch=8 before next command
E (247299) MQTT: Publish failed
W (247299) TRANSPORT: No transport connected for broadcast
W (247299) MSG: Broadcast failed, falling back to MQTT
E (247300) MQTT: Publish failed
I (247302) CMD_U0: waiting for pending UART response ch=8 before next command
E (247324) MQTT: Publish failed
W (247324) TRANSPORT: No transport connected for broadcast
W (247324) MSG: Broadcast failed, falling back to MQTT
E (247325) MQTT: Publish failed
I (247328) CMD_U0: waiting for pending UART response ch=8 before next command
I (247349) CMD_U0: waiting for pending UART response ch=8 before next command
E (247349) MQTT: Publish failed
W (247350) TRANSPORT: No transport connected for broadcast
W (247350) MSG: Broadcast failed, falling back to MQTT
E (247351) MQTT: Publish failed
E (247370) MQTT: Publish failed
W (247370) TRANSPORT: No transport connected for broadcast
W (247370) MSG: Broadcast failed, falling back to MQTT
E (247371) MQTT: Publish failed
I (247374) CMD_U0: waiting for pending UART response ch=8 before next command
E (247395) MQTT: Publish failed
W (247395) TRANSPORT: No transport connected for broadcast
W (247395) MSG: Broadcast failed, falling back to MQTT
E (247396) MQTT: Publish failed
I (247400) CMD_U0: waiting for pending UART response ch=8 before next command
E (247421) MQTT: Publish failed
W (247421) TRANSPORT: No transport connected for broadcast
W (247421) MSG: Broadcast failed, falling back to MQTT
E (247422) MQTT: Publish failed
I (247426) CMD_U0: waiting for pending UART response ch=8 before next command
E (247446) MQTT: Publish failed
W (247446) TRANSPORT: No transport connected for broadcast
W (247446) MSG: Broadcast failed, falling back to MQTT
E (247447) MQTT: Publish failed
I (247447) CMD_U0: waiting for pending UART response ch=8 before next command
E (247466) MQTT: Publish failed
W (247466) TRANSPORT: No transport connected for broadcast
W (247466) MSG: Broadcast failed, falling back to MQTT
E (247467) MQTT: Publish failed
I (247468) CMD_U0: waiting for pending UART response ch=8 before next command
E (247492) MQTT: Publish failed
W (247492) TRANSPORT: No transport connected for broadcast
W (247492) MSG: Broadcast failed, falling back to MQTT
E (247493) MQTT: Publish failed
I (247494) CMD_U0: waiting for pending UART response ch=8 before next command
E (247517) MQTT: Publish failed
W (247517) TRANSPORT: No transport connected for broadcast
W (247517) MSG: Broadcast failed, falling back to MQTT
E (247518) MQTT: Publish failed
I (247520) CMD_U0: waiting for pending UART response ch=8 before next command
E (247542) MQTT: Publish failed
W (247542) TRANSPORT: No transport connected for broadcast
W (247542) MSG: Broadcast failed, falling back to MQTT
E (247543) MQTT: Publish failed
I (247546) CMD_U0: waiting for pending UART response ch=8 before next command
E (247568) MQTT: Publish failed
W (247568) TRANSPORT: No transport connected for broadcast
W (247568) MSG: Broadcast failed, falling back to MQTT
E (247569) MQTT: Publish failed
I (247572) CMD_U0: waiting for pending UART response ch=8 before next command
E (247593) MQTT: Publish failed
W (247593) TRANSPORT: No transport connected for broadcast
W (247593) MSG: Broadcast failed, falling back to MQTT
E (247594) MQTT: Publish failed
I (247598) CMD_U0: waiting for pending UART response ch=8 before next command
